source_type,raw_text,language,event_date,label_gpt,label_germini,label
GITHUB,animation,Swift,2016-01-01T10:03:22Z,mobile,mobile,mobile
GITHUB,python,Python,2016-01-01T17:28:59Z,other,other,other
GITHUB,id,Go,2016-01-03T17:17:10Z,other,other,other
GITHUB,android,Java,2016-01-04T15:51:36Z,mobile,mobile,mobile
GITHUB,webpack-loader,TypeScript,2016-01-05T00:52:50Z,developer tools,developer tools,developer tools
GITHUB,download-manager,Go,2016-01-05T04:46:35Z,other,other,other
GITHUB,android,Kotlin,2016-01-06T04:32:04Z,mobile,mobile,mobile
GITHUB,desktop,Kotlin,2016-01-06T07:38:14Z,other,other,other
GITHUB,android,Java,2016-01-07T09:24:12Z,mobile,mobile,mobile
GITHUB,activedirectory,C#,2016-01-07T13:36:00Z,enterprise,enterprise,enterprise
GITHUB,optimistic-ui,JavaScript,2016-01-07T16:15:47Z,web frontend,web frontend,web frontend
GITHUB,ios,Swift,2016-01-07T20:19:55Z,mobile,mobile,mobile
GITHUB,css-assets,JavaScript,2016-01-08T16:52:16Z,web frontend,web frontend,web frontend
GITHUB,android,Kotlin,2016-01-10T04:21:23Z,mobile,mobile,mobile
GITHUB,boltdb,Go,2016-01-10T04:55:59Z,developer tools,developer tools,developer tools
GITHUB,1-wire,Swift,2016-01-10T09:05:48Z,iot,iot,iot
GITHUB,carthage,Swift,2016-01-10T11:14:36Z,mobile,mobile,mobile
GITHUB,plugin,C#,2016-01-10T23:40:06Z,developer tools,developer tools,developer tools
GITHUB,assembly,C++,2016-01-12T04:57:40Z,embedded,embedded,embedded
GITHUB,c-sharp,C#,2016-01-12T14:31:19Z,other,other,other
GITHUB,crdt,Go,2016-01-13T01:10:24Z,developer tools,developer tools,developer tools
GITHUB,cli,TypeScript,2016-01-14T02:27:18Z,developer tools,developer tools,developer tools
GITHUB,decorators,TypeScript,2016-01-14T05:16:49Z,developer tools,developer tools,developer tools
GITHUB,http,Java,2016-01-15T02:35:24Z,web backend,web backend,web backend
GITHUB,animation,Swift,2016-01-15T04:26:07Z,mobile,mobile,mobile
GITHUB,amperage,Swift,2016-01-15T07:01:20Z,mobile,mobile,mobile
GITHUB,auto-api-doc,Go,2016-01-15T08:21:00Z,developer tools,developer tools,developer tools
GITHUB,arduino,JavaScript,2016-01-15T14:55:36Z,embedded,embedded,embedded
GITHUB,ios,Swift,2016-01-16T06:47:53Z,mobile,mobile,mobile
GITHUB,android,Java,2016-01-16T21:23:22Z,mobile,mobile,mobile
GITHUB,countdown,Swift,2016-01-19T01:48:36Z,mobile,mobile,mobile
GITHUB,armor,Go,2016-01-19T17:27:27Z,security,security,security
GITHUB,andriod-country-spinner,Java,2016-01-20T02:28:34Z,mobile,mobile,mobile
GITHUB,csharp,Go,2016-01-21T00:28:18Z,other,other,other
GITHUB,bootstrap,JavaScript,2016-01-22T10:38:16Z,web frontend,web frontend,web frontend
GITHUB,artificial-intelligence,Go,2016-01-22T11:22:16Z,data_ai,data_ai,data_ai
GITHUB,async,TypeScript,2016-01-22T21:17:00Z,developer tools,developer tools,developer tools
GITHUB,distributed,Go,2016-01-23T19:25:53Z,devops_cloud,devops_cloud,devops_cloud
GITHUB,apache-kafka,Go,2016-01-23T21:33:29Z,devops_cloud,devops_cloud,devops_cloud
GITHUB,algorithm,Swift,2016-01-24T10:42:08Z,mobile,mobile,mobile
GITHUB,hacktoberfest,JavaScript,2016-01-25T00:49:05Z,other,other,other
GITHUB,cli,Go,2016-01-25T10:11:34Z,developer tools,developer tools,developer tools
GITHUB,atomic,C++,2016-01-26T02:49:47Z,developer tools,developer tools,developer tools
GITHUB,audio,C#,2016-01-26T03:11:01Z,other,other,other
GITHUB,algorithms,Swift,2016-01-26T09:56:12Z,mobile,mobile,mobile
GITHUB,censorship-circumvention,Rust,2016-01-26T12:50:14Z,security,security,security
GITHUB,android,Kotlin,2016-01-26T13:02:54Z,mobile,mobile,mobile
GITHUB,android,Java,2016-01-26T14:29:00Z,mobile,mobile,mobile
GITHUB,anti-debug,C++,2016-01-26T21:26:30Z,security,security,security
GITHUB,component,Swift,2016-01-26T23:27:09Z,mobile,mobile,mobile
GITHUB,image-picker,Java,2016-01-27T09:05:03Z,mobile,mobile,mobile
GITHUB,hololens,C#,2016-01-28T10:54:58Z,game,game,game
GITHUB,chrome,C#,2016-01-30T00:27:21Z,testing_qa,testing_qa,testing_qa
GITHUB,apple,Swift,2016-01-30T02:14:48Z,mobile,mobile,mobile
GITHUB,city,Java,2016-01-30T05:42:30Z,other,other,other
GITHUB,characters,Swift,2016-02-01T03:12:17Z,mobile,mobile,mobile
GITHUB,abstraction,Swift,2016-02-01T05:02:33Z,mobile,mobile,mobile
GITHUB,cpu-temperature,Swift,2016-02-02T09:46:30Z,mobile,mobile,mobile
GITHUB,cms,JavaScript,2016-02-03T06:18:02Z,web backend,web backend,web backend
GITHUB,natural-language-processing,Python,2016-02-03T08:52:45Z,data_ai,data_ai,data_ai
GITHUB,apple-swift,Swift,2016-02-04T05:00:50Z,mobile,mobile,mobile
GITHUB,linux,Swift,2016-02-05T06:35:32Z,other,other,other
GITHUB,font,Rust,2016-02-05T08:59:21Z,developer tools,developer tools,developer tools
GITHUB,android,Java,2016-02-05T12:57:07Z,mobile,mobile,mobile
GITHUB,project,Java,2016-02-06T03:04:24Z,other,other,other
GITHUB,async,Swift,2016-02-06T11:57:52Z,mobile,mobile,mobile
GITHUB,deeplink,Swift,2016-02-07T01:14:17Z,mobile,mobile,mobile
GITHUB,book,C#,2016-02-07T08:35:37Z,other,other,other
GITHUB,adapter,Java,2016-02-07T11:27:52Z,other,other,other
GITHUB,android-library,Kotlin,2016-02-07T16:04:38Z,mobile,mobile,mobile
GITHUB,lisp,Rust,2016-02-07T23:03:34Z,developer tools,developer tools,developer tools
GITHUB,bft,Python,2016-02-08T02:12:58Z,blockchain,blockchain,blockchain
GITHUB,kitura,Swift,2016-02-08T08:12:21Z,web backend,web backend,web backend
GITHUB,fluent-assertions,Kotlin,2016-02-08T10:27:53Z,testing_qa,testing_qa,testing_qa
GITHUB,java,Java,2016-02-08T21:20:58Z,other,other,other
GITHUB,babel,JavaScript,2016-02-10T02:32:10Z,developer tools,developer tools,developer tools
GITHUB,ios,Swift,2016-02-11T14:09:23Z,mobile,mobile,mobile
GITHUB,animation-library,Swift,2016-02-11T17:50:32Z,mobile,mobile,mobile
GITHUB,android,Java,2016-02-12T00:35:25Z,mobile,mobile,mobile
GITHUB,distributed-transaction,Java,2016-02-12T03:51:14Z,enterprise,enterprise,enterprise
GITHUB,android,Kotlin,2016-02-12T10:27:46Z,mobile,mobile,mobile
GITHUB,computer-vision,Python,2016-02-12T14:14:40Z,data_ai,data_ai,data_ai
GITHUB,go,Go,2016-02-12T14:17:59Z,other,other,other
GITHUB,animation,Swift,2016-02-12T14:20:07Z,mobile,mobile,mobile
GITHUB,api,TypeScript,2016-02-13T10:09:44Z,web backend,web backend,web backend
GITHUB,android,Kotlin,2016-02-13T12:00:54Z,mobile,mobile,mobile
GITHUB,eslint,JavaScript,2016-02-14T05:32:34Z,developer tools,developer tools,developer tools
GITHUB,code,Swift,2016-02-14T08:08:40Z,mobile,mobile,mobile
GITHUB,cocoa-touch,Swift,2016-02-14T12:14:21Z,mobile,mobile,mobile
GITHUB,android,Kotlin,2016-02-14T12:55:43Z,mobile,mobile,mobile
GITHUB,awesome,JavaScript,2016-02-14T20:58:54Z,other,other,other
GITHUB,chat,TypeScript,2016-02-15T06:47:58Z,web frontend,web frontend,web frontend
GITHUB,statistics,Python,2016-02-16T12:12:02Z,data_ai,data_ai,data_ai
GITHUB,android,Kotlin,2016-02-16T13:17:13Z,mobile,mobile,mobile
GITHUB,chat,Swift,2016-02-16T19:17:55Z,mobile,mobile,mobile
GITHUB,android,C#,2016-02-17T03:33:17Z,mobile,mobile,mobile
GITHUB,2d,Go,2016-02-18T13:05:08Z,game,game,game
GITHUB,eclipseiot,Java,2016-02-19T07:44:50Z,iot,iot,iot
GITHUB,eventstream,Go,2016-02-19T09:52:22Z,web backend,web backend,web backend
GITHUB,avro,Rust,2016-02-20T14:45:34Z,developer tools,developer tools,developer tools
GITHUB,application-coordinator,Swift,2016-02-21T12:20:38Z,mobile,mobile,mobile
GITHUB,client,Go,2016-02-21T15:00:24Z,developer tools,developer tools,developer tools
GITHUB,android,Kotlin,2016-02-22T13:42:55Z,mobile,mobile,mobile
GITHUB,activity-fragment,Java,2016-02-23T00:54:55Z,mobile,mobile,mobile
GITHUB,alarms,Java,2016-02-23T20:23:38Z,mobile,mobile,mobile
GITHUB,rust,Rust,2016-02-24T00:11:01Z,other,other,other
GITHUB,apple-tv,Swift,2016-02-24T09:41:09Z,mobile,mobile,mobile
GITHUB,chrome-extension,TypeScript,2016-02-24T22:15:36Z,web frontend,web frontend,web frontend
GITHUB,component,Swift,2016-02-25T07:15:21Z,mobile,mobile,mobile
GITHUB,generator,Python,2016-02-26T02:47:27Z,developer tools,developer tools,developer tools
GITHUB,driver,C++,2016-02-26T06:52:35Z,embedded,embedded,embedded
GITHUB,2wd,C++,2016-02-28T08:56:47Z,embedded,embedded,embedded
GITHUB,bep0003,Go,2016-02-28T09:45:05Z,other,other,other
GITHUB,csharp,C#,2016-02-28T10:19:15Z,other,other,other
GITHUB,accessibility,JavaScript,2016-02-28T13:23:16Z,web frontend,web frontend,web frontend
GITHUB,android-application,Java,2016-02-28T14:59:51Z,mobile,mobile,mobile
GITHUB,ansi,C++,2016-02-28T21:31:20Z,developer tools,developer tools,developer tools
GITHUB,media-manager,JavaScript,2016-02-29T03:02:47Z,web frontend,web frontend,web frontend
GITHUB,collection-view,Swift,2016-02-29T15:20:17Z,mobile,mobile,mobile
GITHUB,angular,TypeScript,2016-03-01T04:46:58Z,web frontend,web frontend,web frontend
GITHUB,actionsheet,JavaScript,2016-03-01T06:11:31Z,mobile,mobile,mobile
GITHUB,api,Go,2016-03-02T08:20:26Z,web backend,web backend,web backend
GITHUB,binary,C#,2016-03-04T04:22:00Z,developer tools,developer tools,developer tools
GITHUB,audio,Kotlin,2016-03-04T04:51:03Z,mobile,mobile,mobile
GITHUB,character-styles,Swift,2016-03-05T01:09:08Z,mobile,mobile,mobile
GITHUB,component,C#,2016-03-05T05:31:59Z,developer tools,developer tools,developer tools
GITHUB,deep-learning,Python,2016-03-05T15:35:18Z,data_ai,data_ai,data_ai
GITHUB,shici,JavaScript,2016-03-05T19:03:23Z,web frontend,web frontend,web frontend
GITHUB,game,Go,2016-03-05T19:15:11Z,game,game,game
GITHUB,carthage,Swift,2016-03-05T19:45:39Z,mobile,mobile,mobile
GITHUB,ingress,Go,2016-03-06T11:22:29Z,devops_cloud,devops_cloud,devops_cloud
GITHUB,fast,Go,2016-03-06T13:42:01Z,developer tools,developer tools,developer tools
GITHUB,gui,Rust,2016-03-07T00:02:47Z,other,other,other
GITHUB,backend,Go,2016-03-08T01:01:40Z,web backend,web backend,web backend
GITHUB,azure-devops,C#,2016-03-08T08:42:21Z,devops_cloud,devops_cloud,devops_cloud
GITHUB,image-analysis,Python,2016-03-08T10:16:45Z,data_ai,data_ai,data_ai
GITHUB,adapter,Kotlin,2016-03-09T01:26:08Z,mobile,mobile,mobile
GITHUB,drag-and-drop,TypeScript,2016-03-09T23:18:39Z,web frontend,web frontend,web frontend
GITHUB,mybatis,Java,2016-03-09T23:29:31Z,web backend,web backend,web backend
GITHUB,browser,C#,2016-03-10T03:30:37Z,web frontend,web frontend,web frontend
GITHUB,gpu,Rust,2016-03-10T06:27:03Z,data_ai,data_ai,data_ai
GITHUB,angular,TypeScript,2016-03-10T13:29:15Z,web frontend,web frontend,web frontend
GITHUB,classname,JavaScript,2016-03-10T16:18:20Z,web frontend,web frontend,web frontend
GITHUB,cpp,C++,2016-03-11T14:37:59Z,other,other,other
GITHUB,elasticsearch,Python,2016-03-11T15:48:52Z,web backend,web backend,web backend
GITHUB,exploitation,Python,2016-03-12T04:00:46Z,security,security,security
GITHUB,android,Java,2016-03-12T21:16:32Z,mobile,mobile,mobile
GITHUB,netty,Java,2016-03-12T21:24:45Z,web backend,web backend,web backend
GITHUB,ios,Swift,2016-03-13T08:04:27Z,mobile,mobile,mobile
GITHUB,react-native,Swift,2016-03-13T20:12:34Z,mobile,mobile,mobile
GITHUB,dhcp,Go,2016-03-14T20:15:47Z,devops_cloud,devops_cloud,devops_cloud
GITHUB,dark-mode,Swift,2016-03-14T22:44:49Z,mobile,mobile,mobile
GITHUB,barcode,JavaScript,2016-03-15T02:48:59Z,web frontend,web frontend,web frontend
GITHUB,k8s-sig-cluster-lifecycle,Go,2016-03-15T14:58:22Z,devops_cloud,devops_cloud,devops_cloud
GITHUB,calendar,Swift,2016-03-16T04:48:23Z,mobile,mobile,mobile
GITHUB,docker,Java,2016-03-16T05:42:37Z,devops_cloud,devops_cloud,devops_cloud
GITHUB,anim,C#,2016-03-16T10:04:49Z,game,game,game
GITHUB,crdt,JavaScript,2016-03-17T02:35:56Z,developer tools,developer tools,developer tools
GITHUB,cplusplus,C++,2016-03-18T01:58:04Z,other,other,other
GITHUB,barcode-scanner,Swift,2016-03-18T06:25:19Z,mobile,mobile,mobile
GITHUB,cross-platform,C#,2016-03-18T08:52:03Z,other,other,other
GITHUB,android,Java,2016-03-18T09:22:10Z,mobile,mobile,mobile
GITHUB,crdt,Rust,2016-03-18T15:03:02Z,developer tools,developer tools,developer tools
GITHUB,infinity-mode,Swift,2016-03-18T23:55:16Z,mobile,mobile,mobile
GITHUB,flowchart,JavaScript,2016-03-19T11:28:16Z,web frontend,web frontend,web frontend
GITHUB,android,Java,2016-03-19T12:19:30Z,mobile,mobile,mobile
GITHUB,blocks,C#,2016-03-19T16:23:25Z,game,game,game
GITHUB,android,Java,2016-03-19T21:52:33Z,mobile,mobile,mobile
GITHUB,go,Go,2016-03-19T23:22:33Z,other,other,other
GITHUB,aws-s3,JavaScript,2016-03-21T10:01:52Z,devops_cloud,devops_cloud,devops_cloud
GITHUB,android,Java,2016-03-22T01:13:32Z,mobile,mobile,mobile
GITHUB,click,Swift,2016-03-22T02:54:11Z,mobile,mobile,mobile
GITHUB,android,Java,2016-03-22T03:45:34Z,mobile,mobile,mobile
GITHUB,bilibili,Python,2016-03-22T21:30:24Z,other,other,other
GITHUB,animation,Swift,2016-03-24T00:28:03Z,mobile,mobile,mobile
GITHUB,backup,Rust,2016-03-24T22:34:05Z,devops_cloud,devops_cloud,devops_cloud
GITHUB,c,C++,2016-03-24T23:06:55Z,other,other,other
GITHUB,android,Kotlin,2016-03-25T03:52:45Z,mobile,mobile,mobile
GITHUB,game-server,C#,2016-03-25T04:39:45Z,game,game,game
GITHUB,alertview,Swift,2016-03-25T07:31:43Z,mobile,mobile,mobile
GITHUB,auto,Swift,2016-03-25T10:51:31Z,mobile,mobile,mobile
GITHUB,bare-metal,Rust,2016-03-26T13:35:55Z,embedded,embedded,embedded
GITHUB,android,Kotlin,2016-03-26T16:52:32Z,mobile,mobile,mobile
GITHUB,launcher,Java,2016-03-27T01:59:19Z,mobile,mobile,mobile
GITHUB,data-analysis,Python,2016-03-27T08:18:50Z,data_ai,data_ai,data_ai
GITHUB,go,Go,2016-03-27T10:16:21Z,other,other,other
GITHUB,android,Java,2016-03-27T17:23:34Z,mobile,mobile,mobile
GITHUB,concurrency,C++,2016-03-28T18:30:58Z,developer tools,developer tools,developer tools
GITHUB,concurrency,C++,2016-03-28T19:04:50Z,developer tools,developer tools,developer tools
GITHUB,angularjs,Java,2016-03-28T19:50:04Z,web frontend,web frontend,web frontend
GITHUB,excel,C#,2016-03-28T22:57:51Z,developer tools,developer tools,developer tools
GITHUB,fed,JavaScript,2016-03-29T06:38:23Z,web frontend,web frontend,web frontend
GITHUB,algorithm,C#,2016-03-29T10:27:08Z,other,other,other
GITHUB,2d,C++,2016-03-29T14:06:21Z,game,game,game
GITHUB,ethereum,Go,2016-03-30T07:16:03Z,blockchain,blockchain,blockchain
GITHUB,aws-ecs,Go,2016-03-30T08:45:11Z,devops_cloud,devops_cloud,devops_cloud
GITHUB,algorithm,Swift,2016-03-30T22:42:24Z,mobile,mobile,mobile
GITHUB,app,Swift,2016-03-30T23:31:48Z,mobile,mobile,mobile
GITHUB,freemarker,Java,2016-04-01T20:47:39Z,web backend,web backend,web backend
GITHUB,apple,Swift,2016-04-02T15:12:49Z,mobile,mobile,mobile
GITHUB,carthage,Swift,2016-04-03T00:10:24Z,mobile,mobile,mobile
GITHUB,algorithms,Kotlin,2016-04-03T13:58:24Z,other,other,other
GITHUB,aurora,C#,2016-04-03T22:18:18Z,devops_cloud,devops_cloud,devops_cloud
GITHUB,android,Java,2016-04-04T00:13:51Z,mobile,mobile,mobile
GITHUB,ios,Swift,2016-04-04T05:28:00Z,mobile,mobile,mobile
GITHUB,android,Kotlin,2016-04-04T12:34:04Z,mobile,mobile,mobile
GITHUB,bedrock,C#,2016-04-04T15:03:05Z,data_ai,data_ai,data_ai
GITHUB,react-native,JavaScript,2016-04-05T00:35:40Z,mobile,mobile,mobile
GITHUB,bluelight,Python,2016-04-05T09:42:49Z,other,other,other
GITHUB,ecs,Rust,2016-04-05T18:06:31Z,game,game,game
GITHUB,async,JavaScript,2016-04-06T09:37:06Z,other,other,other
GITHUB,cypher,TypeScript,2016-04-06T10:56:25Z,data_ai,data_ai,data_ai
GITHUB,android,Java,2016-04-07T01:14:27Z,mobile,mobile,mobile
GITHUB,reactive-programming,Swift,2016-04-07T04:12:37Z,mobile,mobile,mobile
GITHUB,applescript,Swift,2016-04-08T01:31:40Z,developer tools,developer tools,developer tools
GITHUB,ble,Swift,2016-04-08T07:57:55Z,mobile,mobile,mobile
GITHUB,bitcoin,Go,2016-04-08T09:52:40Z,blockchain,blockchain,blockchain
GITHUB,backup,C#,2016-04-08T14:36:35Z,devops_cloud,devops_cloud,devops_cloud
GITHUB,7zip,Go,2016-04-08T15:46:55Z,developer tools,developer tools,developer tools
GITHUB,falcon,Go,2016-04-09T08:06:29Z,web backend,web backend,web backend
GITHUB,baidu,Kotlin,2016-04-09T08:47:45Z,mobile,mobile,mobile
GITHUB,compression,Python,2016-04-09T20:12:10Z,developer tools,developer tools,developer tools
GITHUB,blockchain,JavaScript,2016-04-11T02:05:03Z,blockchain,blockchain,blockchain
GITHUB,animation,Swift,2016-04-11T02:27:42Z,mobile,mobile,mobile
GITHUB,oculus,C++,2016-04-11T06:12:23Z,game,game,game
GITHUB,calendar,Swift,2016-04-11T06:47:07Z,mobile,mobile,mobile
GITHUB,es6,JavaScript,2016-04-11T13:50:35Z,web frontend,web frontend,web frontend
GITHUB,animation,Swift,2016-04-11T13:52:23Z,mobile,mobile,mobile
GITHUB,3d-models,C++,2016-04-11T14:02:16Z,game,game,game
GITHUB,aes,Swift,2016-04-11T18:03:32Z,security,security,security
GITHUB,android,JavaScript,2016-04-12T09:16:18Z,mobile,mobile,mobile
GITHUB,arduino,C++,2016-04-12T12:16:25Z,embedded,embedded,embedded
GITHUB,android,Kotlin,2016-04-12T13:26:05Z,mobile,mobile,mobile
GITHUB,mapping,C++,2016-04-13T02:07:07Z,other,other,other
GITHUB,cluster,Python,2016-04-13T13:31:58Z,devops_cloud,devops_cloud,devops_cloud
GITHUB,3d-graphics,C++,2016-04-14T01:07:57Z,game,game,game
GITHUB,cuda,C++,2016-04-14T03:27:41Z,data_ai,data_ai,data_ai
GITHUB,cobra,Python,2016-04-15T01:41:15Z,data_ai,data_ai,data_ai
GITHUB,android,TypeScript,2016-04-15T04:37:23Z,mobile,mobile,mobile
GITHUB,map,TypeScript,2016-04-16T01:23:57Z,web frontend,web frontend,web frontend
GITHUB,collaborative-filtering,Python,2016-04-16T20:45:23Z,data_ai,data_ai,data_ai
GITHUB,android,Java,2016-04-17T10:49:16Z,mobile,mobile,mobile
GITHUB,android,Java,2016-04-18T01:12:04Z,mobile,mobile,mobile
GITHUB,distributed-tracing,Go,2016-04-18T17:09:28Z,devops_cloud,devops_cloud,devops_cloud
GITHUB,datatable,JavaScript,2016-04-19T07:44:20Z,web frontend,web frontend,web frontend
GITHUB,android,Kotlin,2016-04-19T16:48:39Z,mobile,mobile,mobile
GITHUB,autonomous-driving,C++,2016-04-19T20:30:14Z,embedded,embedded,embedded
GITHUB,ast,Rust,2016-04-20T17:03:01Z,developer tools,developer tools,developer tools
GITHUB,microservice,Java,2016-04-20T18:08:20Z,enterprise,enterprise,enterprise
GITHUB,golang,Go,2016-04-20T18:57:07Z,other,other,other
GITHUB,deprecated,Swift,2016-04-22T01:39:02Z,mobile,mobile,mobile
GITHUB,cyclejs,TypeScript,2016-04-22T12:25:41Z,web frontend,web frontend,web frontend
GITHUB,c-plus-plus,C++,2016-04-23T02:02:29Z,other,other,other
GITHUB,beta,C#,2016-04-23T13:55:19Z,other,other,other
GITHUB,extensions,Swift,2016-04-24T08:39:02Z,mobile,mobile,mobile
GITHUB,swift,Swift,2016-04-24T20:21:39Z,mobile,mobile,mobile
GITHUB,api,Go,2016-04-25T02:17:37Z,web backend,web backend,web backend
GITHUB,component,Swift,2016-04-25T02:30:38Z,mobile,mobile,mobile
GITHUB,android,Java,2016-04-25T02:31:20Z,mobile,mobile,mobile
GITHUB,go,Go,2016-04-26T08:19:27Z,other,other,other
GITHUB,command-line,Go,2016-04-26T12:16:52Z,developer tools,developer tools,developer tools
GITHUB,integration-testing,JavaScript,2016-04-26T15:38:22Z,testing_qa,testing_qa,testing_qa
GITHUB,console,TypeScript,2016-04-26T20:33:45Z,developer tools,developer tools,developer tools
GITHUB,deep-learning,Python,2016-04-26T21:13:03Z,data_ai,data_ai,data_ai
GITHUB,carthage,Swift,2016-04-26T22:53:44Z,mobile,mobile,mobile
GITHUB,doujinshi,C#,2016-04-27T01:40:05Z,other,other,other
GITHUB,cachegrind,Rust,2016-04-27T06:07:52Z,developer tools,developer tools,developer tools
GITHUB,angular,TypeScript,2016-04-27T12:11:10Z,web frontend,web frontend,web frontend
GITHUB,android,Java,2016-04-27T18:43:19Z,mobile,mobile,mobile
GITHUB,anychart,JavaScript,2016-04-27T19:30:13Z,web frontend,web frontend,web frontend
GITHUB,avplayer,Swift,2016-04-28T03:13:42Z,mobile,mobile,mobile
GITHUB,cpp,Rust,2016-04-28T11:15:59Z,developer tools,developer tools,developer tools
GITHUB,camera-roll,JavaScript,2016-04-28T14:20:37Z,mobile,mobile,mobile
GITHUB,autocomplete,Swift,2016-04-29T04:45:17Z,mobile,mobile,mobile
GITHUB,android,Java,2016-05-01T22:43:21Z,mobile,mobile,mobile
GITHUB,abi,Rust,2016-05-02T15:27:15Z,developer tools,developer tools,developer tools
GITHUB,java,Java,2016-05-03T07:32:20Z,other,other,other
GITHUB,dynamic,Swift,2016-05-03T08:37:57Z,mobile,mobile,mobile
GITHUB,android,Kotlin,2016-05-04T01:11:22Z,mobile,mobile,mobile
GITHUB,analyzer,Swift,2016-05-04T09:34:00Z,developer tools,developer tools,developer tools
GITHUB,android,Kotlin,2016-05-04T10:26:30Z,mobile,mobile,mobile
GITHUB,collectionview,Swift,2016-05-05T08:04:35Z,mobile,mobile,mobile
GITHUB,animation,C++,2016-05-07T23:05:38Z,game,game,game
GITHUB,attributedstring,Swift,2016-05-08T14:46:22Z,mobile,mobile,mobile
GITHUB,cocoa-touch,Swift,2016-05-09T02:49:27Z,mobile,mobile,mobile
GITHUB,crawler,Python,2016-05-09T04:43:25Z,data_ai,data_ai,data_ai
GITHUB,code-generation,C++,2016-05-09T06:33:51Z,developer tools,developer tools,developer tools
GITHUB,alert,Swift,2016-05-09T10:47:17Z,mobile,mobile,mobile
GITHUB,axe,TypeScript,2016-05-09T18:00:06Z,testing_qa,testing_qa,testing_qa
GITHUB,algorithm,C#,2016-05-10T13:28:38Z,other,other,other
GITHUB,javascript,TypeScript,2016-05-10T20:02:41Z,web frontend,web frontend,web frontend
GITHUB,downloader,Kotlin,2016-05-11T00:52:42Z,mobile,mobile,mobile
GITHUB,arduino,C++,2016-05-11T03:06:12Z,embedded,embedded,embedded
GITHUB,android,Java,2016-05-11T13:50:11Z,mobile,mobile,mobile
GITHUB,alert,Swift,2016-05-11T20:32:00Z,mobile,mobile,mobile
GITHUB,artifacts,Rust,2016-05-11T23:42:17Z,devops_cloud,devops_cloud,devops_cloud
GITHUB,analyzer,Rust,2016-05-12T09:25:49Z,developer tools,developer tools,developer tools
GITHUB,csharp,C#,2016-05-12T20:48:26Z,other,other,other
GITHUB,golang,Go,2016-05-13T05:45:02Z,other,other,other
GITHUB,javascript,TypeScript,2016-05-14T01:12:28Z,web frontend,web frontend,web frontend
GITHUB,broadcasting,TypeScript,2016-05-14T16:52:18Z,web frontend,web frontend,web frontend
GITHUB,android,Java,2016-05-15T09:17:24Z,mobile,mobile,mobile
GITHUB,knowledge-embedding,C++,2016-05-16T01:41:00Z,data_ai,data_ai,data_ai
GITHUB,data-mining,Kotlin,2016-05-16T02:55:34Z,data_ai,data_ai,data_ai
GITHUB,async,Swift,2016-05-16T08:26:12Z,mobile,mobile,mobile
GITHUB,c,Kotlin,2016-05-16T11:40:45Z,mobile,mobile,mobile
GITHUB,database,Rust,2016-05-16T11:41:24Z,web backend,web backend,web backend
GITHUB,chinese-nlp,Python,2016-05-16T22:05:05Z,data_ai,data_ai,data_ai
GITHUB,aspnet-core,C#,2016-05-17T00:54:00Z,web backend,web backend,web backend
GITHUB,javascript,JavaScript,2016-05-18T19:04:55Z,other,other,other
GITHUB,animation,Swift,2016-05-19T08:06:39Z,mobile,mobile,mobile
GITHUB,backend,Go,2016-05-20T06:57:25Z,web backend,web backend,web backend
GITHUB,isomorphic,JavaScript,2016-05-20T12:57:56Z,web frontend,web frontend,web frontend
GITHUB,android,Kotlin,2016-05-22T04:17:35Z,mobile,mobile,mobile
GITHUB,adafruit-neopixel-library,C++,2016-05-22T04:27:21Z,embedded,embedded,embedded
GITHUB,iptables,Go,2016-05-22T11:55:16Z,security,security,security
GITHUB,dear-imgui,Kotlin,2016-05-23T02:30:48Z,game,game,game
GITHUB,docker,Python,2016-05-23T08:14:02Z,devops_cloud,devops_cloud,devops_cloud
GITHUB,appsec,Java,2016-05-23T13:30:34Z,security,security,security
GITHUB,ethernet,Go,2016-05-23T20:49:53Z,embedded,embedded,embedded
GITHUB,android,Java,2016-05-24T19:30:51Z,mobile,mobile,mobile
GITHUB,animation,Swift,2016-05-25T01:01:40Z,mobile,mobile,mobile
GITHUB,admin,TypeScript,2016-05-25T03:09:03Z,web frontend,web frontend,web frontend
GITHUB,download-songs,Swift,2016-05-25T04:59:15Z,mobile,mobile,mobile
GITHUB,go,Go,2016-05-25T12:55:49Z,other,other,other
GITHUB,hiapp,JavaScript,2016-05-25T23:11:28Z,web frontend,web frontend,web frontend
GITHUB,android-library,Java,2016-05-26T09:39:21Z,mobile,mobile,mobile
GITHUB,bruteforce,Python,2016-05-26T13:49:20Z,security,security,security
GITHUB,google-sheets,JavaScript,2016-05-28T12:56:28Z,other,other,other
GITHUB,android,Java,2016-05-28T20:53:22Z,mobile,mobile,mobile
GITHUB,offline,JavaScript,2016-05-28T21:49:36Z,web frontend,web frontend,web frontend
GITHUB,machine-learning,Python,2016-05-29T06:29:44Z,data_ai,data_ai,data_ai
GITHUB,assert,Go,2016-05-29T14:40:58Z,testing_qa,testing_qa,testing_qa
GITHUB,build-tool,JavaScript,2016-05-30T02:09:51Z,developer tools,developer tools,developer tools
GITHUB,autosize,Swift,2016-05-30T10:05:54Z,mobile,mobile,mobile
GITHUB,asp-net-core,C#,2016-05-31T05:36:33Z,web backend,web backend,web backend
GITHUB,broadcast,Rust,2016-05-31T17:38:04Z,other,other,other
GITHUB,android,Java,2016-05-31T21:36:01Z,mobile,mobile,mobile
GITHUB,marquee,Java,2016-05-31T23:50:46Z,mobile,mobile,mobile
GITHUB,data-binding,JavaScript,2016-06-01T03:14:43Z,web frontend,web frontend,web frontend
GITHUB,angular,TypeScript,2016-06-01T13:26:33Z,web frontend,web frontend,web frontend
GITHUB,bazel,Swift,2016-06-02T08:41:39Z,developer tools,developer tools,developer tools
GITHUB,awless,Go,2016-06-03T06:46:18Z,devops_cloud,devops_cloud,devops_cloud
GITHUB,angular,C#,2016-06-03T10:49:56Z,web backend,web backend,web backend
GITHUB,android,Kotlin,2016-06-03T15:29:29Z,mobile,mobile,mobile
GITHUB,cron-jobs,Go,2016-06-04T01:02:22Z,devops_cloud,devops_cloud,devops_cloud
GITHUB,actor-model,Rust,2016-06-04T12:44:11Z,developer tools,developer tools,developer tools
GITHUB,android,Java,2016-06-05T09:24:53Z,mobile,mobile,mobile
GITHUB,alias,Swift,2016-06-05T15:07:33Z,mobile,mobile,mobile
GITHUB,boilerplate,JavaScript,2016-06-06T14:41:13Z,developer tools,developer tools,developer tools
GITHUB,relation-extraction,C++,2016-06-07T03:37:52Z,data_ai,data_ai,data_ai
GITHUB,amazon-cognito,TypeScript,2016-06-07T09:35:22Z,devops_cloud,devops_cloud,devops_cloud
GITHUB,grid,TypeScript,2016-06-07T12:19:29Z,web frontend,web frontend,web frontend
GITHUB,dependency-injection,Swift,2016-06-07T17:24:36Z,mobile,mobile,mobile
GITHUB,battery,Swift,2016-06-08T04:37:30Z,mobile,mobile,mobile
GITHUB,extract,Swift,2016-06-08T06:20:48Z,mobile,mobile,mobile
GITHUB,game,Rust,2016-06-08T13:57:32Z,game,game,game
GITHUB,angular,JavaScript,2016-06-09T01:23:52Z,web frontend,web frontend,web frontend
GITHUB,dwm,C#,2016-06-09T01:49:41Z,other,other,other
GITHUB,instagram,TypeScript,2016-06-09T05:14:48Z,web frontend,web frontend,web frontend
GITHUB,kcptun,Swift,2016-06-10T04:49:00Z,mobile,mobile,mobile
GITHUB,csv,Swift,2016-06-10T10:10:57Z,mobile,mobile,mobile
GITHUB,linux,Python,2016-06-11T13:27:09Z,other,other,other
GITHUB,code-generator,Swift,2016-06-11T19:03:36Z,developer tools,developer tools,developer tools
GITHUB,android,Java,2016-06-12T02:02:44Z,mobile,mobile,mobile
GITHUB,decoder,Rust,2016-06-12T03:39:47Z,other,other,other
GITHUB,android,Java,2016-06-12T11:51:06Z,mobile,mobile,mobile
GITHUB,g213,C++,2016-06-12T13:10:12Z,embedded,embedded,embedded
GITHUB,equine-science,Swift,2016-06-12T14:46:34Z,mobile,mobile,mobile
GITHUB,analytics,Rust,2016-06-12T22:00:24Z,data_ai,data_ai,data_ai
GITHUB,android-server,Java,2016-06-13T17:52:52Z,mobile,mobile,mobile
GITHUB,automatic-api,JavaScript,2016-06-13T20:14:26Z,web backend,web backend,web backend
GITHUB,mongodb,JavaScript,2016-06-15T11:10:42Z,web backend,web backend,web backend
GITHUB,ios,Swift,2016-06-15T13:15:11Z,mobile,mobile,mobile
GITHUB,hacktoberfest,TypeScript,2016-06-15T14:38:19Z,web frontend,web frontend,web frontend
GITHUB,computer-vision,C++,2016-06-16T02:07:21Z,data_ai,data_ai,data_ai
GITHUB,distributed-systems,Go,2016-06-16T07:09:53Z,devops_cloud,devops_cloud,devops_cloud
GITHUB,blog,JavaScript,2016-06-16T08:20:34Z,web frontend,web frontend,web frontend
GITHUB,carthage,Swift,2016-06-17T07:53:42Z,mobile,mobile,mobile
GITHUB,apple,Swift,2016-06-17T12:47:55Z,mobile,mobile,mobile
GITHUB,csharp,C#,2016-06-17T14:29:46Z,other,other,other
GITHUB,algorithm,C++,2016-06-18T02:38:35Z,other,other,other
GITHUB,android,Kotlin,2016-06-18T06:54:59Z,mobile,mobile,mobile
GITHUB,java,Java,2016-06-18T10:58:56Z,other,other,other
GITHUB,andriod,C#,2016-06-19T01:31:18Z,mobile,mobile,mobile
GITHUB,git,Go,2016-06-19T14:17:04Z,developer tools,developer tools,developer tools
GITHUB,angular,TypeScript,2016-06-19T14:25:14Z,web frontend,web frontend,web frontend
GITHUB,context-menu,TypeScript,2016-06-19T23:32:23Z,web frontend,web frontend,web frontend
GITHUB,hacktoberfest,Kotlin,2016-06-20T06:34:50Z,mobile,mobile,mobile
GITHUB,adb,Kotlin,2016-06-20T09:35:07Z,mobile,mobile,mobile
GITHUB,bgp,Go,2016-06-21T12:39:58Z,devops_cloud,devops_cloud,devops_cloud
GITHUB,animation,Swift,2016-06-21T15:35:53Z,mobile,mobile,mobile
GITHUB,go,Go,2016-06-21T20:47:43Z,other,other,other
GITHUB,excel,JavaScript,2016-06-22T04:34:24Z,developer tools,developer tools,developer tools
GITHUB,alert,Swift,2016-06-22T11:56:17Z,mobile,mobile,mobile
GITHUB,docker,Go,2016-06-22T15:19:22Z,devops_cloud,devops_cloud,devops_cloud
GITHUB,date-format,TypeScript,2016-06-22T19:06:23Z,developer tools,developer tools,developer tools
GITHUB,android,Kotlin,2016-06-23T07:38:59Z,mobile,mobile,mobile
GITHUB,hacktoberfest,Go,2016-06-23T14:36:43Z,other,other,other
GITHUB,androidx,Java,2016-06-23T21:05:29Z,mobile,mobile,mobile
GITHUB,artificial-intelligence,Python,2016-06-24T15:49:56Z,data_ai,data_ai,data_ai
GITHUB,browser,JavaScript,2016-06-25T01:52:12Z,web frontend,web frontend,web frontend
GITHUB,node,JavaScript,2016-06-25T17:18:13Z,web backend,web backend,web backend
GITHUB,indicator,Java,2016-06-26T01:20:43Z,other,other,other
GITHUB,engine,C++,2016-06-26T03:58:59Z,game,game,game
GITHUB,slam,C++,2016-06-26T23:19:11Z,data_ai,data_ai,data_ai
GITHUB,data-analysis,Python,2016-06-27T00:02:06Z,data_ai,data_ai,data_ai
GITHUB,gtk,Rust,2016-06-27T07:43:24Z,other,other,other
GITHUB,artificial-intelligence,Python,2016-06-27T13:55:11Z,data_ai,data_ai,data_ai
GITHUB,golang,Go,2016-06-27T18:16:46Z,other,other,other
GITHUB,12-factor,Rust,2016-06-27T21:49:18Z,web backend,web backend,web backend
GITHUB,amce,C#,2016-06-27T22:36:03Z,other,other,other
GITHUB,hololens,C#,2016-06-28T12:59:44Z,game,game,game
GITHUB,geopandas,Python,2016-06-28T17:11:33Z,data_ai,data_ai,data_ai
GITHUB,accesscheck,C++,2016-06-29T00:49:09Z,security,security,security
GITHUB,android,Kotlin,2016-06-29T01:51:56Z,mobile,mobile,mobile
GITHUB,high-performance,C++,2016-06-29T07:35:45Z,other,other,other
GITHUB,android,Java,2016-06-29T18:41:30Z,mobile,mobile,mobile
GITHUB,asyncio,Python,2016-06-29T18:48:05Z,developer tools,developer tools,developer tools
GITHUB,concurrency,Go,2016-06-30T01:48:30Z,developer tools,developer tools,developer tools
GITHUB,daemon,Go,2016-06-30T10:02:27Z,other,other,other
GITHUB,css,TypeScript,2016-06-30T23:01:21Z,web frontend,web frontend,web frontend
GITHUB,bitbucket,Go,2016-07-01T10:13:03Z,developer tools,developer tools,developer tools
GITHUB,ios,Swift,2016-07-01T11:31:50Z,mobile,mobile,mobile
GITHUB,backup,Kotlin,2016-07-02T05:12:28Z,mobile,mobile,mobile
GITHUB,angular,TypeScript,2016-07-02T11:58:48Z,web frontend,web frontend,web frontend
GITHUB,android,Java,2016-07-04T00:28:36Z,mobile,mobile,mobile
GITHUB,animation,Swift,2016-07-04T01:54:51Z,mobile,mobile,mobile
GITHUB,carthage,Swift,2016-07-04T02:56:23Z,mobile,mobile,mobile
GITHUB,30,Java,2016-07-04T03:12:52Z,other,other,other
GITHUB,android,Swift,2016-07-04T09:48:51Z,mobile,mobile,mobile
GITHUB,algorithms,Java,2016-07-05T11:16:22Z,other,other,other
GITHUB,git,Python,2016-07-05T19:42:24Z,developer tools,developer tools,developer tools
GITHUB,containers,Go,2016-07-06T07:37:20Z,devops_cloud,devops_cloud,devops_cloud
GITHUB,cargo,Rust,2016-07-07T02:24:03Z,developer tools,developer tools,developer tools
GITHUB,gitops,Go,2016-07-07T03:55:13Z,devops_cloud,devops_cloud,devops_cloud
GITHUB,ios,Swift,2016-07-07T04:54:31Z,mobile,mobile,mobile
GITHUB,chatbot,Python,2016-07-07T10:17:20Z,data_ai,data_ai,data_ai
GITHUB,chart,Go,2016-07-07T17:14:58Z,developer tools,developer tools,developer tools
GITHUB,android,Java,2016-07-07T20:18:40Z,mobile,mobile,mobile
GITHUB,manifest,JavaScript,2016-07-08T00:31:22Z,web frontend,web frontend,web frontend
GITHUB,curated-list,TypeScript,2016-07-08T06:13:08Z,other,other,other
GITHUB,grafana,Go,2016-07-08T06:38:16Z,devops_cloud,devops_cloud,devops_cloud
GITHUB,gitops,Python,2016-07-08T06:56:37Z,devops_cloud,devops_cloud,devops_cloud
GITHUB,applemaps,Swift,2016-07-08T14:57:00Z,mobile,mobile,mobile
GITHUB,paper,Python,2016-07-08T17:44:56Z,other,other,other
GITHUB,android,Kotlin,2016-07-08T22:34:37Z,mobile,mobile,mobile
GITHUB,opencv,Python,2016-07-09T12:15:21Z,data_ai,data_ai,data_ai
GITHUB,hdrhistogram,Rust,2016-07-09T15:47:57Z,developer tools,developer tools,developer tools
GITHUB,draft,JavaScript,2016-07-09T21:08:10Z,other,other,other
GITHUB,algorithm,C++,2016-07-10T09:33:17Z,other,other,other
GITHUB,api,Go,2016-07-11T05:54:21Z,web backend,web backend,web backend
GITHUB,component,TypeScript,2016-07-11T11:23:47Z,web frontend,web frontend,web frontend
GITHUB,golang,Go,2016-07-12T00:14:12Z,other,other,other
GITHUB,build-system,Go,2016-07-12T01:07:25Z,developer tools,developer tools,developer tools
GITHUB,android,Kotlin,2016-07-12T13:06:21Z,mobile,mobile,mobile
GITHUB,compression,C++,2016-07-13T09:27:29Z,developer tools,developer tools,developer tools
GITHUB,ebook,JavaScript,2016-07-14T05:11:19Z,other,other,other
GITHUB,executor,TypeScript,2016-07-14T08:52:10Z,developer tools,developer tools,developer tools
GITHUB,bitcoin,Python,2016-07-14T16:01:09Z,blockchain,blockchain,blockchain
GITHUB,applocker,C#,2016-07-14T17:08:32Z,security,security,security
GITHUB,arm,Go,2016-07-16T15:31:01Z,embedded,embedded,embedded
GITHUB,bayesian-inference,Python,2016-07-18T06:31:38Z,data_ai,data_ai,data_ai
GITHUB,amazon-web-services,Go,2016-07-19T06:27:31Z,devops_cloud,devops_cloud,devops_cloud
GITHUB,database,Go,2016-07-19T15:11:40Z,developer tools,developer tools,developer tools
GITHUB,automation,Python,2016-07-19T22:31:53Z,devops_cloud,devops_cloud,devops_cloud
GITHUB,ios,Swift,2016-07-20T00:35:28Z,mobile,mobile,mobile
GITHUB,asp-net-core,C#,2016-07-20T13:38:36Z,web backend,web backend,web backend
GITHUB,robot,C++,2016-07-20T16:21:47Z,embedded,embedded,embedded
GITHUB,bot,C#,2016-07-20T22:07:38Z,other,other,other
GITHUB,carthage,Swift,2016-07-21T12:35:31Z,mobile,mobile,mobile
GITHUB,fps,Rust,2016-07-21T18:40:12Z,game,game,game
GITHUB,dotnet-core,C#,2016-07-22T06:49:51Z,web backend,web backend,web backend
GITHUB,carthage,Swift,2016-07-22T07:15:00Z,mobile,mobile,mobile
GITHUB,navigation,JavaScript,2016-07-23T14:41:15Z,web frontend,web frontend,web frontend
GITHUB,commit-conventions,Rust,2016-07-24T02:14:56Z,developer tools,developer tools,developer tools
GITHUB,data,JavaScript,2016-07-24T05:33:35Z,data_ai,data_ai,data_ai
GITHUB,intern,Swift,2016-07-25T03:27:11Z,mobile,mobile,mobile
GITHUB,avahi,Go,2016-07-25T06:00:34Z,iot,iot,iot
GITHUB,crash-reports,Swift,2016-07-25T07:36:48Z,mobile,mobile,mobile
GITHUB,algorithms,C#,2016-07-25T18:16:24Z,other,other,other
GITHUB,android,JavaScript,2016-07-26T05:13:13Z,mobile,mobile,mobile
GITHUB,animation,Swift,2016-07-28T04:51:41Z,mobile,mobile,mobile
GITHUB,browser,TypeScript,2016-07-28T08:58:43Z,web frontend,web frontend,web frontend
GITHUB,redux,JavaScript,2016-07-28T09:51:01Z,web frontend,web frontend,web frontend
GITHUB,android,Java,2016-07-28T12:07:01Z,mobile,mobile,mobile
GITHUB,bedrock,Java,2016-07-29T03:19:05Z,game,game,game
GITHUB,cryptography,Rust,2016-07-29T04:53:27Z,security,security,security
GITHUB,chat,Python,2016-07-29T06:06:47Z,data_ai,data_ai,data_ai
GITHUB,android,Kotlin,2016-07-29T07:32:45Z,mobile,mobile,mobile
GITHUB,android,Kotlin,2016-07-30T00:41:48Z,mobile,mobile,mobile
GITHUB,android,Java,2016-07-30T11:18:32Z,mobile,mobile,mobile
GITHUB,andorid,Java,2016-07-30T13:01:56Z,mobile,mobile,mobile
GITHUB,android,Kotlin,2016-07-31T13:07:34Z,mobile,mobile,mobile
GITHUB,algorithm,Go,2016-08-01T08:54:29Z,other,other,other
GITHUB,localization,C++,2016-08-01T23:55:43Z,developer tools,developer tools,developer tools
GITHUB,unity,C#,2016-08-02T04:59:11Z,game,game,game
GITHUB,android-library,Kotlin,2016-08-03T05:55:32Z,mobile,mobile,mobile
GITHUB,footerview,Java,2016-08-03T08:43:34Z,mobile,mobile,mobile
GITHUB,android,Java,2016-08-03T12:23:43Z,mobile,mobile,mobile
GITHUB,cloudkit,Swift,2016-08-03T14:35:48Z,mobile,mobile,mobile
GITHUB,android,Java,2016-08-03T22:22:14Z,mobile,mobile,mobile
GITHUB,navigation,C#,2016-08-04T05:52:07Z,game,game,game
GITHUB,algorithms,C++,2016-08-04T06:08:16Z,other,other,other
GITHUB,etcd,Go,2016-08-04T16:54:58Z,devops_cloud,devops_cloud,devops_cloud
GITHUB,android,Java,2016-08-04T17:41:01Z,mobile,mobile,mobile
GITHUB,algorithm,C++,2016-08-04T21:08:41Z,other,other,other
GITHUB,android,Java,2016-08-05T00:54:00Z,mobile,mobile,mobile
GITHUB,android,Java,2016-08-05T02:38:22Z,mobile,mobile,mobile
GITHUB,android,Java,2016-08-05T10:56:15Z,mobile,mobile,mobile
GITHUB,android,Java,2016-08-06T01:49:56Z,mobile,mobile,mobile
GITHUB,android,Kotlin,2016-08-06T12:39:16Z,mobile,mobile,mobile
GITHUB,bittorrent-dht-protocol,Go,2016-08-06T22:35:02Z,developer tools,developer tools,developer tools
GITHUB,advertising,Python,2016-08-07T01:26:26Z,other,other,other
GITHUB,apple,Swift,2016-08-07T03:18:41Z,mobile,mobile,mobile
GITHUB,documentation,TypeScript,2016-08-08T18:33:28Z,other,other,other
GITHUB,ios,Swift,2016-08-09T01:09:22Z,mobile,mobile,mobile
GITHUB,graphql,Java,2016-08-09T09:02:55Z,web backend,web backend,web backend
GITHUB,angular-2,TypeScript,2016-08-10T03:25:51Z,web frontend,web frontend,web frontend
GITHUB,aperture,TypeScript,2016-08-10T12:37:08Z,other,other,other
GITHUB,golang,Go,2016-08-10T20:08:47Z,other,other,other
GITHUB,android,Java,2016-08-11T00:43:39Z,mobile,mobile,mobile
GITHUB,aperture,Swift,2016-08-11T10:37:09Z,mobile,mobile,mobile
GITHUB,c,C++,2016-08-11T13:01:31Z,other,other,other
GITHUB,deep-learning,Python,2016-08-12T01:02:22Z,data_ai,data_ai,data_ai
GITHUB,android,Kotlin,2016-08-12T07:22:12Z,mobile,mobile,mobile
GITHUB,administration,C#,2016-08-12T15:19:42Z,enterprise,enterprise,enterprise
GITHUB,gfw,Python,2016-08-12T18:30:46Z,security,security,security
GITHUB,redux,JavaScript,2016-08-13T00:56:37Z,web frontend,web frontend,web frontend
GITHUB,cluster,Go,2016-08-13T06:53:28Z,devops_cloud,devops_cloud,devops_cloud
GITHUB,elasticsearch,Go,2016-08-14T02:21:02Z,web backend,web backend,web backend
GITHUB,discord,Java,2016-08-14T11:46:29Z,other,other,other
GITHUB,bitcoin,Rust,2016-08-15T02:30:15Z,blockchain,blockchain,blockchain
GITHUB,android,Kotlin,2016-08-17T05:14:07Z,mobile,mobile,mobile
GITHUB,automaton,Swift,2016-08-17T05:30:05Z,mobile,mobile,mobile
GITHUB,data,Python,2016-08-17T16:32:50Z,data_ai,data_ai,data_ai
GITHUB,emulator,C++,2016-08-17T19:28:41Z,game,game,game
GITHUB,animation,C++,2016-08-18T05:44:00Z,game,game,game
GITHUB,exchange,Go,2016-08-18T08:05:13Z,blockchain,blockchain,blockchain
GITHUB,cheatsheet,C++,2016-08-18T14:51:44Z,developer tools,developer tools,developer tools
GITHUB,album,C++,2016-08-19T00:19:28Z,other,other,other
GITHUB,database-sharding,Java,2016-08-19T00:36:09Z,enterprise,enterprise,enterprise
GITHUB,high-performance,C++,2016-08-19T05:18:17Z,other,other,other
GITHUB,cpp,C++,2016-08-19T07:39:15Z,other,other,other
GITHUB,cross-device,C#,2016-08-19T10:02:20Z,mobile,mobile,mobile
GITHUB,graphql,TypeScript,2016-08-19T12:08:00Z,web backend,web backend,web backend
GITHUB,containers,Java,2016-08-20T12:15:05Z,devops_cloud,devops_cloud,devops_cloud
GITHUB,dubbo,Java,2016-08-20T20:39:06Z,web backend,web backend,web backend
GITHUB,consul,Java,2016-08-20T20:39:52Z,devops_cloud,devops_cloud,devops_cloud
GITHUB,abendigo,Kotlin,2016-08-21T20:34:53Z,mobile,mobile,mobile
GITHUB,docker,Go,2016-08-22T02:11:16Z,devops_cloud,devops_cloud,devops_cloud
GITHUB,cri,Go,2016-08-22T07:27:13Z,devops_cloud,devops_cloud,devops_cloud
GITHUB,activity,Java,2016-08-22T07:55:09Z,mobile,mobile,mobile
GITHUB,android,Kotlin,2016-08-22T14:54:03Z,mobile,mobile,mobile
GITHUB,barcode,JavaScript,2016-08-22T16:07:17Z,web frontend,web frontend,web frontend
GITHUB,android,Java,2016-08-22T19:06:33Z,mobile,mobile,mobile
GITHUB,graph,JavaScript,2016-08-23T09:11:54Z,developer tools,developer tools,developer tools
GITHUB,decoding,Rust,2016-08-23T11:53:00Z,developer tools,developer tools,developer tools
GITHUB,livecoding,C++,2016-08-23T14:30:37Z,other,other,other
GITHUB,lighthouse,TypeScript,2016-08-23T21:22:43Z,testing_qa,testing_qa,testing_qa
GITHUB,dsl,Go,2016-08-24T00:29:43Z,developer tools,developer tools,developer tools
GITHUB,chart,Go,2016-08-24T12:35:09Z,developer tools,developer tools,developer tools
GITHUB,awesome,Swift,2016-08-24T19:22:47Z,mobile,mobile,mobile
GITHUB,cashapelayer,Swift,2016-08-24T23:34:08Z,mobile,mobile,mobile
GITHUB,listview,Java,2016-08-25T01:10:45Z,mobile,mobile,mobile
GITHUB,android,Java,2016-08-25T01:43:36Z,mobile,mobile,mobile
GITHUB,amazing,Python,2016-08-25T05:51:42Z,other,other,other
GITHUB,imagepicker,Swift,2016-08-25T07:39:28Z,mobile,mobile,mobile
GITHUB,microservice,Java,2016-08-26T02:35:58Z,enterprise,enterprise,enterprise
GITHUB,babel,JavaScript,2016-08-26T04:46:23Z,developer tools,developer tools,developer tools
GITHUB,cli,Go,2016-08-28T15:17:20Z,developer tools,developer tools,developer tools
GITHUB,android,Java,2016-08-28T19:21:34Z,mobile,mobile,mobile
GITHUB,data-visualization,JavaScript,2016-08-29T02:57:28Z,web frontend,web frontend,web frontend
GITHUB,boilerplate,TypeScript,2016-08-29T03:26:56Z,web frontend,web frontend,web frontend
GITHUB,directx,C#,2016-08-29T09:45:18Z,game,game,game
GITHUB,data-binding,C#,2016-08-29T21:38:08Z,developer tools,developer tools,developer tools
GITHUB,arm,C++,2016-08-29T22:18:12Z,embedded,embedded,embedded
GITHUB,ide,Rust,2016-08-30T14:42:03Z,developer tools,developer tools,developer tools
GITHUB,alexa,JavaScript,2016-08-30T15:10:06Z,iot,iot,iot
GITHUB,trash,Rust,2016-08-30T18:12:05Z,other,other,other
GITHUB,recyclerview,Java,2016-08-31T00:25:23Z,mobile,mobile,mobile
GITHUB,rust,TypeScript,2016-09-02T15:57:33Z,developer tools,developer tools,developer tools
GITHUB,carousel,Swift,2016-09-02T17:42:11Z,mobile,mobile,mobile
GITHUB,cnn,Swift,2016-09-02T20:24:29Z,data_ai,data_ai,data_ai
GITHUB,bitcoin,C#,2016-09-02T21:32:51Z,blockchain,blockchain,blockchain
GITHUB,angular,TypeScript,2016-09-02T22:37:07Z,web frontend,web frontend,web frontend
GITHUB,check-box,JavaScript,2016-09-03T02:01:24Z,web frontend,web frontend,web frontend
GITHUB,localstorage,JavaScript,2016-09-03T04:06:14Z,web frontend,web frontend,web frontend
GITHUB,frontend,Rust,2016-09-03T11:15:27Z,web frontend,web frontend,web frontend
GITHUB,abstract-factory-pattern,C++,2016-09-04T14:14:09Z,developer tools,developer tools,developer tools
GITHUB,components,TypeScript,2016-09-04T15:44:08Z,web frontend,web frontend,web frontend
GITHUB,dataset-generation,C++,2016-09-04T22:49:38Z,data_ai,data_ai,data_ai
GITHUB,emoji,C#,2016-09-05T02:09:24Z,developer tools,developer tools,developer tools
GITHUB,android,C++,2016-09-05T03:18:44Z,mobile,mobile,mobile
GITHUB,dark-theme,Swift,2016-09-05T09:25:06Z,mobile,mobile,mobile
GITHUB,java,Java,2016-09-05T23:28:35Z,other,other,other
GITHUB,animation,TypeScript,2016-09-06T18:44:16Z,web frontend,web frontend,web frontend
GITHUB,detection,Python,2016-09-06T22:58:53Z,data_ai,data_ai,data_ai
GITHUB,generator,JavaScript,2016-09-07T16:19:39Z,developer tools,developer tools,developer tools
GITHUB,pandas,Python,2016-09-10T01:18:37Z,data_ai,data_ai,data_ai
GITHUB,iota,TypeScript,2016-09-10T01:49:13Z,blockchain,blockchain,blockchain
GITHUB,deep-learning-papers,Python,2016-09-10T03:45:07Z,data_ai,data_ai,data_ai
GITHUB,autohotkey,Java,2016-09-10T16:19:40Z,developer tools,developer tools,developer tools
GITHUB,algorithms,Java,2016-09-10T18:23:55Z,other,other,other
GITHUB,android-permission,Java,2016-09-10T22:17:34Z,mobile,mobile,mobile
GITHUB,binaryformat,C#,2016-09-11T05:18:17Z,developer tools,developer tools,developer tools
GITHUB,cli,Go,2016-09-11T08:42:42Z,developer tools,developer tools,developer tools
GITHUB,android,Java,2016-09-12T06:16:19Z,mobile,mobile,mobile
GITHUB,k8s-sig-service-catalog,Go,2016-09-12T08:58:39Z,devops_cloud,devops_cloud,devops_cloud
GITHUB,art,Go,2016-09-12T20:01:10Z,other,other,other
GITHUB,android,Java,2016-09-13T01:26:29Z,mobile,mobile,mobile
GITHUB,image-viewer,TypeScript,2016-09-13T06:43:44Z,web frontend,web frontend,web frontend
GITHUB,animation,Swift,2016-09-13T17:11:48Z,mobile,mobile,mobile
GITHUB,android,Java,2016-09-14T03:43:55Z,mobile,mobile,mobile
GITHUB,artificial-intelligence,Go,2016-09-14T16:19:43Z,data_ai,data_ai,data_ai
GITHUB,carousel,JavaScript,2016-09-16T09:09:58Z,web frontend,web frontend,web frontend
GITHUB,audio,JavaScript,2016-09-17T19:10:18Z,web frontend,web frontend,web frontend
GITHUB,csharp,C#,2016-09-18T04:43:03Z,other,other,other
GITHUB,ast,Go,2016-09-19T03:14:13Z,developer tools,developer tools,developer tools
GITHUB,es6,JavaScript,2016-09-19T10:44:03Z,web frontend,web frontend,web frontend
GITHUB,deserialization,Swift,2016-09-19T19:31:15Z,mobile,mobile,mobile
GITHUB,algorithm,Python,2016-09-19T20:01:51Z,other,other,other
GITHUB,editor,TypeScript,2016-09-20T04:57:51Z,developer tools,developer tools,developer tools
GITHUB,dungeon,C#,2016-09-20T08:02:58Z,game,game,game
GITHUB,android,Kotlin,2016-09-20T21:57:39Z,mobile,mobile,mobile
GITHUB,cli,Go,2016-09-20T23:28:40Z,developer tools,developer tools,developer tools
GITHUB,computer-graphics,Python,2016-09-20T23:44:49Z,game,game,game
GITHUB,android,Java,2016-09-21T08:59:51Z,mobile,mobile,mobile
GITHUB,carousel,Swift,2016-09-21T09:25:48Z,mobile,mobile,mobile
GITHUB,gui,Rust,2016-09-21T09:41:38Z,other,other,other
GITHUB,code-editor,TypeScript,2016-09-22T05:33:12Z,developer tools,developer tools,developer tools
GITHUB,android,Java,2016-09-22T21:47:25Z,mobile,mobile,mobile
GITHUB,alertdialog,Java,2016-09-22T23:01:21Z,mobile,mobile,mobile
GITHUB,android,JavaScript,2016-09-23T07:31:33Z,mobile,mobile,mobile
GITHUB,navi,TypeScript,2016-09-24T00:44:26Z,web frontend,web frontend,web frontend
GITHUB,alipay,Kotlin,2016-09-24T02:30:45Z,mobile,mobile,mobile
GITHUB,android-studio-plugin,Kotlin,2016-09-24T03:40:53Z,developer tools,developer tools,developer tools
GITHUB,analysis,Go,2016-09-24T08:39:34Z,data_ai,data_ai,data_ai
GITHUB,ansible,C#,2016-09-24T11:58:04Z,devops_cloud,devops_cloud,devops_cloud
GITHUB,event-callback,Swift,2016-09-26T02:52:04Z,mobile,mobile,mobile
GITHUB,animated,Swift,2016-09-26T07:13:34Z,mobile,mobile,mobile
GITHUB,android,Java,2016-09-26T09:36:28Z,mobile,mobile,mobile
GITHUB,design,Kotlin,2016-09-26T13:47:03Z,mobile,mobile,mobile
GITHUB,cross-platform,Go,2016-09-27T03:01:12Z,other,other,other
GITHUB,backup,Swift,2016-09-27T04:46:37Z,mobile,mobile,mobile
GITHUB,dash-player,TypeScript,2016-09-28T07:11:18Z,web frontend,web frontend,web frontend
GITHUB,altbeacon,Kotlin,2016-09-28T11:49:13Z,mobile,mobile,mobile
GITHUB,range-slider,TypeScript,2016-09-28T21:23:25Z,web frontend,web frontend,web frontend
GITHUB,android,Kotlin,2016-09-29T07:44:42Z,mobile,mobile,mobile
GITHUB,accessibility,TypeScript,2016-09-29T10:24:17Z,web frontend,web frontend,web frontend
GITHUB,c-plus-plus,Python,2016-09-29T10:56:55Z,other,other,other
GITHUB,api,TypeScript,2016-09-30T06:14:17Z,web backend,web backend,web backend
GITHUB,cpp,C++,2016-10-01T01:38:28Z,other,other,other
GITHUB,activemq,Java,2016-10-04T03:07:06Z,enterprise,enterprise,enterprise
GITHUB,browserstack,Java,2016-10-04T04:23:35Z,testing_qa,testing_qa,testing_qa
GITHUB,android,Kotlin,2016-10-04T16:37:42Z,mobile,mobile,mobile
GITHUB,macos,Swift,2016-10-05T06:29:07Z,other,other,other
GITHUB,home-assistant-config,Python,2016-10-05T08:40:46Z,iot,iot,iot
GITHUB,facebook,Swift,2016-10-05T13:31:49Z,mobile,mobile,mobile
GITHUB,animated,Swift,2016-10-05T14:39:39Z,mobile,mobile,mobile
GITHUB,pagingview,Swift,2016-10-05T15:15:41Z,mobile,mobile,mobile
GITHUB,ddd,C#,2016-10-05T15:35:23Z,enterprise,enterprise,enterprise
GITHUB,dependency-manager,Go,2016-10-06T17:04:51Z,developer tools,developer tools,developer tools
GITHUB,accounts,TypeScript,2016-10-06T18:43:23Z,web backend,web backend,web backend
GITHUB,internationalization-plugin,JavaScript,2016-10-07T02:33:01Z,web frontend,web frontend,web frontend
GITHUB,graphql,TypeScript,2016-10-08T03:06:22Z,web backend,web backend,web backend
GITHUB,convolutional-neural-network,Python,2016-10-08T13:42:56Z,data_ai,data_ai,data_ai
GITHUB,bigquery,JavaScript,2016-10-08T18:57:53Z,data_ai,data_ai,data_ai
GITHUB,atomic-design,JavaScript,2016-10-08T23:34:28Z,web frontend,web frontend,web frontend
GITHUB,article,Kotlin,2016-10-09T08:59:04Z,mobile,mobile,mobile
GITHUB,ios,Swift,2016-10-09T13:42:20Z,mobile,mobile,mobile
GITHUB,language,C++,2016-10-09T14:17:33Z,developer tools,developer tools,developer tools
GITHUB,effects,C#,2016-10-10T00:01:21Z,game,game,game
GITHUB,ascii-art,TypeScript,2016-10-10T04:59:07Z,other,other,other
GITHUB,enclose-io,C++,2016-10-10T05:09:49Z,developer tools,developer tools,developer tools
GITHUB,class,C#,2016-10-10T05:38:27Z,other,other,other
GITHUB,axe-cli,JavaScript,2016-10-10T11:27:20Z,testing_qa,testing_qa,testing_qa
GITHUB,android,Java,2016-10-10T11:56:44Z,mobile,mobile,mobile
GITHUB,distributed-systems,Go,2016-10-10T17:09:47Z,devops_cloud,devops_cloud,devops_cloud
GITHUB,bridge-pattern,C#,2016-10-10T21:26:01Z,other,other,other
GITHUB,aspnet-core,C#,2016-10-11T03:52:28Z,web backend,web backend,web backend
GITHUB,android,Java,2016-10-11T08:43:06Z,mobile,mobile,mobile
GITHUB,1a89010d36,Go,2016-10-11T10:20:56Z,other,other,other
GITHUB,database,Go,2016-10-11T12:41:51Z,web backend,web backend,web backend
GITHUB,aframe,JavaScript,2016-10-11T20:17:16Z,web frontend,web frontend,web frontend
GITHUB,android,Kotlin,2016-10-12T22:55:22Z,mobile,mobile,mobile
GITHUB,gpu,C++,2016-10-13T04:50:41Z,data_ai,data_ai,data_ai
GITHUB,css,TypeScript,2016-10-13T16:50:52Z,web frontend,web frontend,web frontend
GITHUB,aws,Go,2016-10-13T17:57:33Z,devops_cloud,devops_cloud,devops_cloud
GITHUB,swift,Swift,2016-10-14T00:40:32Z,mobile,mobile,mobile
GITHUB,android,Java,2016-10-14T07:59:59Z,mobile,mobile,mobile
GITHUB,android,Kotlin,2016-10-14T08:43:48Z,mobile,mobile,mobile
GITHUB,cocoapods,Swift,2016-10-14T21:30:07Z,mobile,mobile,mobile
GITHUB,api,Go,2016-10-15T01:49:01Z,web backend,web backend,web backend
GITHUB,crawler,Python,2016-10-15T02:26:35Z,developer tools,developer tools,developer tools
GITHUB,android,Kotlin,2016-10-15T05:35:19Z,mobile,mobile,mobile
GITHUB,cross-platform,C++,2016-10-16T17:49:15Z,other,other,other
GITHUB,ai-pipeline,Go,2016-10-16T21:19:35Z,data_ai,data_ai,data_ai
GITHUB,entityframeworkcore,C#,2016-10-16T23:01:48Z,web backend,web backend,web backend
GITHUB,android,Java,2016-10-17T23:03:52Z,mobile,mobile,mobile
GITHUB,android,Kotlin,2016-10-18T03:43:25Z,mobile,mobile,mobile
GITHUB,apple-music,Swift,2016-10-18T09:37:55Z,mobile,mobile,mobile
GITHUB,chashmap,Rust,2016-10-18T13:12:47Z,developer tools,developer tools,developer tools
GITHUB,machine-learning,Java,2016-10-18T18:07:26Z,data_ai,data_ai,data_ai
GITHUB,barnes-hut-tsne,C++,2016-10-18T22:46:52Z,data_ai,data_ai,data_ai
GITHUB,algorithm,Java,2016-10-19T01:23:45Z,other,other,other
GITHUB,formatter,Swift,2016-10-19T03:50:50Z,developer tools,developer tools,developer tools
GITHUB,android,Kotlin,2016-10-19T07:50:58Z,mobile,mobile,mobile
GITHUB,json,Go,2016-10-19T10:18:25Z,developer tools,developer tools,developer tools
GITHUB,composer,JavaScript,2016-10-19T13:31:41Z,developer tools,developer tools,developer tools
GITHUB,logging,Rust,2016-10-19T18:49:55Z,developer tools,developer tools,developer tools
GITHUB,efficiency,Rust,2016-10-20T06:46:36Z,other,other,other
GITHUB,jpeg-encoder,C++,2016-10-21T08:13:18Z,developer tools,developer tools,developer tools
GITHUB,infinite-scroll,JavaScript,2016-10-21T09:20:21Z,web frontend,web frontend,web frontend
GITHUB,data-science,Go,2016-10-21T15:58:23Z,data_ai,data_ai,data_ai
GITHUB,csharp,C#,2016-10-22T01:13:28Z,other,other,other
GITHUB,audio,Kotlin,2016-10-22T09:13:40Z,mobile,mobile,mobile
GITHUB,bootstrap-theme,JavaScript,2016-10-22T09:42:25Z,web frontend,web frontend,web frontend
GITHUB,cassandra,Rust,2016-10-22T11:30:53Z,data_ai,data_ai,data_ai
GITHUB,angular4,TypeScript,2016-10-22T19:52:46Z,web frontend,web frontend,web frontend
GITHUB,android,Kotlin,2016-10-23T13:58:11Z,mobile,mobile,mobile
GITHUB,automatic-api,Kotlin,2016-10-23T23:18:25Z,web backend,web backend,web backend
GITHUB,lidar,C++,2016-10-24T01:03:55Z,embedded,embedded,embedded
GITHUB,etcd,Go,2016-10-24T09:49:01Z,devops_cloud,devops_cloud,devops_cloud
GITHUB,babel,JavaScript,2016-10-24T13:26:47Z,developer tools,developer tools,developer tools
GITHUB,iota,Java,2016-10-24T15:06:06Z,blockchain,blockchain,blockchain
GITHUB,file-explorer,Java,2016-10-26T01:46:20Z,other,other,other
GITHUB,android,Kotlin,2016-10-26T03:18:48Z,mobile,mobile,mobile
GITHUB,drive,C#,2016-10-26T06:13:32Z,other,other,other
GITHUB,desktop-duplication-api,C++,2016-10-26T23:39:58Z,developer tools,developer tools,developer tools
GITHUB,card,Java,2016-10-27T00:12:49Z,game,game,game
GITHUB,android,Swift,2016-10-27T00:21:02Z,mobile,mobile,mobile
GITHUB,android,Kotlin,2016-10-27T02:29:02Z,mobile,mobile,mobile
GITHUB,import,Python,2016-10-27T15:15:59Z,other,other,other
GITHUB,disk,C#,2016-10-27T15:37:58Z,other,other,other
GITHUB,kotlin,Kotlin,2016-10-27T21:13:42Z,mobile,mobile,mobile
GITHUB,badge,JavaScript,2016-10-27T23:35:17Z,web frontend,web frontend,web frontend
GITHUB,android,Kotlin,2016-10-28T00:38:23Z,mobile,mobile,mobile
GITHUB,ai,C#,2016-10-28T12:50:16Z,data_ai,data_ai,data_ai
GITHUB,error-monitoring,JavaScript,2016-10-28T23:47:37Z,developer tools,developer tools,developer tools
GITHUB,hacktoberfest,TypeScript,2016-10-29T16:20:43Z,other,other,other
GITHUB,api,JavaScript,2016-10-29T18:21:20Z,web backend,web backend,web backend
GITHUB,android,Kotlin,2016-10-30T03:41:11Z,mobile,mobile,mobile
GITHUB,demo,TypeScript,2016-10-30T06:19:37Z,web frontend,web frontend,web frontend
GITHUB,cli,Go,2016-10-30T10:03:15Z,developer tools,developer tools,developer tools
GITHUB,alert,Swift,2016-10-30T10:40:59Z,mobile,mobile,mobile
GITHUB,html,Swift,2016-10-30T14:22:17Z,mobile,mobile,mobile
GITHUB,3d,C++,2016-10-30T18:30:19Z,game,game,game
GITHUB,arduino,C++,2016-10-31T20:30:05Z,embedded,embedded,embedded
GITHUB,fix,C#,2016-11-01T03:13:00Z,other,other,other
GITHUB,go,Go,2016-11-01T08:37:45Z,other,other,other
GITHUB,animation,Swift,2016-11-01T09:35:18Z,mobile,mobile,mobile
GITHUB,interview,Java,2016-11-01T10:13:52Z,other,other,other
GITHUB,album,Java,2016-11-01T17:49:15Z,mobile,mobile,mobile
GITHUB,analytics,JavaScript,2016-11-02T14:34:19Z,web frontend,web frontend,web frontend
GITHUB,android,Java,2016-11-03T07:31:05Z,mobile,mobile,mobile
GITHUB,android,Java,2016-11-04T07:23:35Z,mobile,mobile,mobile
GITHUB,instagram,C#,2016-11-05T08:32:17Z,web backend,web backend,web backend
GITHUB,desktop-application,C++,2016-11-06T01:48:44Z,other,other,other
GITHUB,android,C#,2016-11-06T10:29:49Z,mobile,mobile,mobile
GITHUB,android,Java,2016-11-06T17:22:42Z,mobile,mobile,mobile
GITHUB,bluetooth,Swift,2016-11-07T08:33:37Z,mobile,mobile,mobile
GITHUB,circle,Swift,2016-11-07T15:58:30Z,mobile,mobile,mobile
GITHUB,dashboard,Rust,2016-11-08T01:19:25Z,web backend,web backend,web backend
GITHUB,credit-card,Swift,2016-11-08T03:41:11Z,mobile,mobile,mobile
GITHUB,hacktoberfest,Swift,2016-11-08T14:06:38Z,mobile,mobile,mobile
GITHUB,cache,Go,2016-11-09T01:31:23Z,devops_cloud,devops_cloud,devops_cloud
GITHUB,alert,Swift,2016-11-09T01:43:47Z,mobile,mobile,mobile
GITHUB,ie,JavaScript,2016-11-09T03:46:20Z,web frontend,web frontend,web frontend
GITHUB,inputmask,TypeScript,2016-11-10T05:04:29Z,web frontend,web frontend,web frontend
GITHUB,carthage,Swift,2016-11-10T12:06:02Z,mobile,mobile,mobile
GITHUB,android,Kotlin,2016-11-10T13:37:09Z,mobile,mobile,mobile
GITHUB,caddy,Go,2016-11-11T04:11:21Z,devops_cloud,devops_cloud,devops_cloud
GITHUB,3d-touch,Swift,2016-11-11T17:58:11Z,mobile,mobile,mobile
GITHUB,ai,C++,2016-11-12T23:42:26Z,data_ai,data_ai,data_ai
GITHUB,adhan,Kotlin,2016-11-13T03:30:02Z,mobile,mobile,mobile
GITHUB,2d-animation,C++,2016-11-13T10:10:26Z,game,game,game
GITHUB,introspect,Swift,2016-11-13T12:16:31Z,mobile,mobile,mobile
GITHUB,docker,Go,2016-11-15T10:11:45Z,devops_cloud,devops_cloud,devops_cloud
GITHUB,animation,Swift,2016-11-15T11:50:59Z,mobile,mobile,mobile
GITHUB,ascii-art,JavaScript,2016-11-15T12:48:39Z,other,other,other
GITHUB,detecting-anomalous-activities,Python,2016-11-15T13:47:50Z,data_ai,data_ai,data_ai
GITHUB,faas,Go,2016-11-16T01:03:03Z,devops_cloud,devops_cloud,devops_cloud
GITHUB,editing,TypeScript,2016-11-16T06:42:55Z,developer tools,developer tools,developer tools
GITHUB,terminal,Go,2016-11-17T01:31:56Z,developer tools,developer tools,developer tools
GITHUB,gradle,Kotlin,2016-11-17T11:58:16Z,developer tools,developer tools,developer tools
GITHUB,c,C++,2016-11-18T01:36:12Z,other,other,other
GITHUB,ai,C#,2016-11-18T06:37:09Z,data_ai,data_ai,data_ai
GITHUB,api,Python,2016-11-18T12:04:41Z,web backend,web backend,web backend
GITHUB,game-engine,Go,2016-11-19T03:15:34Z,game,game,game
GITHUB,analytics,Go,2016-11-19T13:34:03Z,data_ai,data_ai,data_ai
GITHUB,chrome-devtools,TypeScript,2016-11-19T23:03:32Z,developer tools,developer tools,developer tools
GITHUB,camera,C#,2016-11-20T06:47:41Z,other,other,other
GITHUB,behavior-tree,C#,2016-11-20T21:08:08Z,game,game,game
GITHUB,catkin,C++,2016-11-21T04:16:22Z,embedded,embedded,embedded
GITHUB,lighting,C#,2016-11-21T12:08:16Z,game,game,game
GITHUB,android,Java,2016-11-22T01:45:29Z,mobile,mobile,mobile
GITHUB,testing,Swift,2016-11-22T01:58:47Z,testing_qa,testing_qa,testing_qa
GITHUB,custom-allocator,C++,2016-11-22T09:32:21Z,developer tools,developer tools,developer tools
GITHUB,chart,Go,2016-11-22T09:52:16Z,data_ai,data_ai,data_ai
GITHUB,directinput,C#,2016-11-22T13:13:16Z,game,game,game
GITHUB,linkerd,Rust,2016-11-22T14:00:35Z,devops_cloud,devops_cloud,devops_cloud
GITHUB,development,JavaScript,2016-11-23T04:49:31Z,web frontend,web frontend,web frontend
GITHUB,architecture,Swift,2016-11-23T05:07:37Z,mobile,mobile,mobile
GITHUB,boilerplate,JavaScript,2016-11-23T08:09:46Z,web frontend,web frontend,web frontend
GITHUB,android,Java,2016-11-23T10:24:38Z,mobile,mobile,mobile
GITHUB,docker,Go,2016-11-23T11:29:23Z,devops_cloud,devops_cloud,devops_cloud
GITHUB,kubernetes,Go,2016-11-24T02:44:13Z,devops_cloud,devops_cloud,devops_cloud
GITHUB,hacktoberfest,C#,2016-11-24T10:01:42Z,other,other,other
GITHUB,angular,TypeScript,2016-11-24T14:03:44Z,web frontend,web frontend,web frontend
GITHUB,aircrack,Java,2016-11-24T17:39:07Z,security,security,security
GITHUB,navigationbar,Kotlin,2016-11-25T01:43:46Z,mobile,mobile,mobile
GITHUB,android,Kotlin,2016-11-25T05:36:05Z,mobile,mobile,mobile
GITHUB,grid-layout,Swift,2016-11-25T22:45:43Z,mobile,mobile,mobile
GITHUB,android,Kotlin,2016-11-26T18:31:55Z,mobile,mobile,mobile
GITHUB,aws,Go,2016-11-27T06:02:22Z,devops_cloud,devops_cloud,devops_cloud
GITHUB,demo,JavaScript,2016-11-27T06:52:21Z,web frontend,web frontend,web frontend
GITHUB,android,TypeScript,2016-11-29T02:50:53Z,mobile,mobile,mobile
GITHUB,particles,TypeScript,2016-11-29T02:59:11Z,web frontend,web frontend,web frontend
GITHUB,blueprint,C++,2016-11-29T06:26:00Z,game,game,game
GITHUB,deserialization,Go,2016-11-29T16:30:24Z,developer tools,developer tools,developer tools
GITHUB,analysis,C#,2016-11-30T05:02:31Z,data_ai,data_ai,data_ai
GITHUB,android,TypeScript,2016-11-30T15:24:21Z,mobile,mobile,mobile
GITHUB,share,Java,2016-11-30T19:58:37Z,other,other,other
GITHUB,rdp,Python,2016-12-01T01:13:49Z,security,security,security
GITHUB,mock,JavaScript,2016-12-01T03:19:46Z,testing_qa,testing_qa,testing_qa
GITHUB,kotlin,Kotlin,2016-12-01T03:25:22Z,mobile,mobile,mobile
GITHUB,algorithm-challenges,C++,2016-12-01T09:08:20Z,other,other,other
GITHUB,arena,C#,2016-12-01T09:34:41Z,game,game,game
GITHUB,automatic,C++,2016-12-01T16:56:50Z,other,other,other
GITHUB,excel,C#,2016-12-01T23:32:48Z,developer tools,developer tools,developer tools
GITHUB,bot,Python,2016-12-02T06:23:43Z,other,other,other
GITHUB,android,Java,2016-12-02T07:53:14Z,mobile,mobile,mobile
GITHUB,bwapi,C++,2016-12-02T16:04:58Z,game,game,game
GITHUB,cli,Swift,2016-12-02T23:41:07Z,developer tools,developer tools,developer tools
GITHUB,detour,Rust,2016-12-04T04:42:31Z,developer tools,developer tools,developer tools
GITHUB,code-generation,Go,2016-12-04T12:57:38Z,developer tools,developer tools,developer tools
GITHUB,deserialization,Java,2016-12-05T04:15:21Z,developer tools,developer tools,developer tools
GITHUB,ipproxy,Python,2016-12-05T04:52:21Z,devops_cloud,devops_cloud,devops_cloud
GITHUB,artificial-intelligence,Python,2016-12-06T00:25:37Z,data_ai,data_ai,data_ai
GITHUB,graphics,Swift,2016-12-06T03:17:33Z,mobile,mobile,mobile
GITHUB,cocoapods,Swift,2016-12-06T04:08:42Z,mobile,mobile,mobile
GITHUB,golang,Go,2016-12-06T05:24:01Z,other,other,other
GITHUB,javascript,JavaScript,2016-12-06T05:50:24Z,web frontend,web frontend,web frontend
GITHUB,animation,Swift,2016-12-06T19:01:17Z,mobile,mobile,mobile
GITHUB,bitcoin,C#,2016-12-07T04:14:05Z,blockchain,blockchain,blockchain
GITHUB,distributed-systems,Java,2016-12-07T14:48:42Z,enterprise,enterprise,enterprise
GITHUB,chaos-monkey,Go,2016-12-07T17:06:28Z,devops_cloud,devops_cloud,devops_cloud
GITHUB,attributedlabel,Swift,2016-12-07T17:45:56Z,mobile,mobile,mobile
GITHUB,attributedstring,Swift,2016-12-08T03:57:24Z,mobile,mobile,mobile
GITHUB,java,Java,2016-12-08T06:01:46Z,other,other,other
GITHUB,actions-on-google-nodejs,TypeScript,2016-12-08T07:31:45Z,developer tools,developer tools,developer tools
GITHUB,android,Kotlin,2016-12-08T09:30:56Z,mobile,mobile,mobile
GITHUB,developer-tools,Swift,2016-12-08T13:46:07Z,developer tools,developer tools,developer tools
GITHUB,android,Kotlin,2016-12-08T17:31:11Z,mobile,mobile,mobile
GITHUB,android,Kotlin,2016-12-09T14:08:03Z,mobile,mobile,mobile
GITHUB,android,Java,2016-12-11T08:57:14Z,mobile,mobile,mobile
GITHUB,alfred-workflows,JavaScript,2016-12-12T06:55:04Z,developer tools,developer tools,developer tools
GITHUB,burndown,Go,2016-12-12T09:30:29Z,developer tools,developer tools,developer tools
GITHUB,improvement,Kotlin,2016-12-12T10:42:29Z,mobile,mobile,mobile
GITHUB,admin-dashboard,JavaScript,2016-12-12T13:44:28Z,web frontend,web frontend,web frontend
GITHUB,android-component,Java,2016-12-12T21:24:01Z,mobile,mobile,mobile
GITHUB,csharp,C#,2016-12-13T03:47:50Z,other,other,other
GITHUB,blockchain,JavaScript,2016-12-13T08:00:08Z,blockchain,blockchain,blockchain
GITHUB,awesome,Go,2016-12-13T09:44:11Z,developer tools,developer tools,developer tools
GITHUB,cloudformation,Go,2016-12-13T16:35:01Z,devops_cloud,devops_cloud,devops_cloud
GITHUB,android,Java,2016-12-13T17:27:49Z,mobile,mobile,mobile
GITHUB,full-stack,Kotlin,2016-12-14T07:40:53Z,web backend,web backend,web backend
GITHUB,uifont,Swift,2016-12-14T23:39:18Z,mobile,mobile,mobile
GITHUB,gallery,Java,2016-12-15T00:08:33Z,mobile,mobile,mobile
GITHUB,android,Kotlin,2016-12-15T01:19:20Z,mobile,mobile,mobile
GITHUB,unity,C#,2016-12-15T05:05:40Z,game,game,game
GITHUB,cpp,C++,2016-12-15T09:07:36Z,other,other,other
GITHUB,android,Java,2016-12-15T22:34:23Z,mobile,mobile,mobile
GITHUB,mainframer,Rust,2016-12-16T02:41:05Z,developer tools,developer tools,developer tools
GITHUB,android-things,Java,2016-12-16T05:42:28Z,iot,iot,iot
GITHUB,datatable,JavaScript,2016-12-16T18:32:14Z,web frontend,web frontend,web frontend
GITHUB,programming-language,Rust,2016-12-17T04:39:18Z,developer tools,developer tools,developer tools
GITHUB,gamedev,C#,2016-12-17T07:50:56Z,game,game,game
GITHUB,darknet,C++,2016-12-17T13:25:07Z,data_ai,data_ai,data_ai
GITHUB,apple,Swift,2016-12-17T18:34:04Z,mobile,mobile,mobile
GITHUB,analytics,TypeScript,2016-12-18T20:20:11Z,data_ai,data_ai,data_ai
GITHUB,angular,TypeScript,2016-12-19T22:34:26Z,web frontend,web frontend,web frontend
GITHUB,china,JavaScript,2016-12-20T01:02:42Z,other,other,other
GITHUB,gesture,JavaScript,2016-12-20T10:28:59Z,web frontend,web frontend,web frontend
GITHUB,flow,TypeScript,2016-12-20T14:35:36Z,developer tools,developer tools,developer tools
GITHUB,carthage,Swift,2016-12-20T21:13:47Z,mobile,mobile,mobile
GITHUB,dashboards,Java,2016-12-21T04:08:47Z,web backend,web backend,web backend
GITHUB,dataviz,TypeScript,2016-12-21T07:30:13Z,web frontend,web frontend,web frontend
GITHUB,graphics,Rust,2016-12-21T10:53:02Z,game,game,game
GITHUB,ceph,Go,2016-12-21T16:27:54Z,devops_cloud,devops_cloud,devops_cloud
GITHUB,android,Kotlin,2016-12-22T03:47:52Z,mobile,mobile,mobile
GITHUB,android,Kotlin,2016-12-22T05:39:13Z,mobile,mobile,mobile
GITHUB,android,Kotlin,2016-12-22T12:29:49Z,mobile,mobile,mobile
GITHUB,android,C#,2016-12-22T14:45:24Z,mobile,mobile,mobile
GITHUB,android-mvp,Java,2016-12-22T19:55:39Z,mobile,mobile,mobile
GITHUB,aws,Go,2016-12-23T00:12:41Z,devops_cloud,devops_cloud,devops_cloud
GITHUB,bundle,JavaScript,2016-12-23T07:28:04Z,developer tools,developer tools,developer tools
GITHUB,bluetooth,Swift,2016-12-23T14:09:54Z,mobile,mobile,mobile
GITHUB,blockchain,Go,2016-12-23T14:40:27Z,blockchain,blockchain,blockchain
GITHUB,android,TypeScript,2016-12-24T10:51:19Z,mobile,mobile,mobile
GITHUB,boilerplate,TypeScript,2016-12-24T20:10:42Z,developer tools,developer tools,developer tools
GITHUB,computer-vision,C++,2016-12-25T10:09:36Z,data_ai,data_ai,data_ai
GITHUB,android,Kotlin,2016-12-25T12:34:48Z,mobile,mobile,mobile
GITHUB,avfoundation,Swift,2016-12-25T18:58:55Z,mobile,mobile,mobile
GITHUB,android,Java,2016-12-26T02:10:03Z,mobile,mobile,mobile
GITHUB,command-line,Go,2016-12-26T18:25:57Z,developer tools,developer tools,developer tools
GITHUB,androidx,Java,2016-12-27T01:06:24Z,mobile,mobile,mobile
GITHUB,launcher-build,C#,2016-12-27T02:20:26Z,developer tools,developer tools,developer tools
GITHUB,api,Swift,2016-12-27T06:08:12Z,mobile,mobile,mobile
GITHUB,cocoapods,Swift,2016-12-27T12:26:45Z,mobile,mobile,mobile
GITHUB,android,Java,2016-12-28T02:53:50Z,mobile,mobile,mobile
GITHUB,login,JavaScript,2016-12-28T18:32:07Z,web frontend,web frontend,web frontend
GITHUB,android,Kotlin,2016-12-28T19:38:08Z,mobile,mobile,mobile
GITHUB,dns,Go,2016-12-29T04:30:33Z,devops_cloud,devops_cloud,devops_cloud
GITHUB,annotation-tool,TypeScript,2016-12-29T05:32:23Z,data_ai,data_ai,data_ai
GITHUB,go,Go,2016-12-30T10:29:30Z,other,other,other
GITHUB,il2cpp,C#,2016-12-30T10:29:45Z,game,game,game
GITHUB,javascript-bridge,Java,2017-01-02T03:58:53Z,mobile,mobile,mobile
GITHUB,android,Kotlin,2017-01-02T06:38:43Z,mobile,mobile,mobile
GITHUB,denite,Python,2017-01-02T21:07:46Z,developer tools,developer tools,developer tools
GITHUB,chart,Swift,2017-01-03T09:18:49Z,mobile,mobile,mobile
GITHUB,cocoapods,Swift,2017-01-03T16:02:53Z,mobile,mobile,mobile
GITHUB,android,Java,2017-01-03T23:47:39Z,mobile,mobile,mobile
GITHUB,cleanarchitecture,Swift,2017-01-04T04:02:59Z,mobile,mobile,mobile
GITHUB,itunes,Swift,2017-01-04T13:50:13Z,mobile,mobile,mobile
GITHUB,async,Swift,2017-01-05T01:50:26Z,mobile,mobile,mobile
GITHUB,injector,C++,2017-01-05T02:56:08Z,security,security,security
GITHUB,android,Kotlin,2017-01-05T10:17:50Z,mobile,mobile,mobile
GITHUB,amazon-api-gateway,Kotlin,2017-01-05T13:58:35Z,devops_cloud,devops_cloud,devops_cloud
GITHUB,wechat,JavaScript,2017-01-05T17:24:27Z,mobile,mobile,mobile
GITHUB,physics,C#,2017-01-05T18:51:58Z,other,other,other
GITHUB,batchinsert,Java,2017-01-05T23:35:23Z,developer tools,developer tools,developer tools
GITHUB,weex,C++,2017-01-06T00:00:06Z,mobile,mobile,mobile
GITHUB,csharp,C#,2017-01-06T01:20:02Z,other,other,other
GITHUB,io,Rust,2017-01-06T15:52:04Z,developer tools,developer tools,developer tools
GITHUB,argument-parser,Kotlin,2017-01-06T17:26:57Z,developer tools,developer tools,developer tools
GITHUB,apollo,JavaScript,2017-01-06T21:04:22Z,web backend,web backend,web backend
GITHUB,clone,C#,2017-01-07T09:31:48Z,other,other,other
GITHUB,android,Kotlin,2017-01-07T10:27:58Z,mobile,mobile,mobile
GITHUB,algorithm,Java,2017-01-07T12:33:47Z,other,other,other
GITHUB,dom,Kotlin,2017-01-07T18:18:02Z,web frontend,web frontend,web frontend
GITHUB,compiler,Swift,2017-01-07T22:10:37Z,developer tools,developer tools,developer tools
GITHUB,art,C++,2017-01-08T03:19:01Z,other,other,other
GITHUB,android,Kotlin,2017-01-08T11:56:28Z,mobile,mobile,mobile
GITHUB,airconditioning,C++,2017-01-08T12:25:38Z,embedded,embedded,embedded
GITHUB,file-browser,C#,2017-01-08T12:27:36Z,web backend,web backend,web backend
GITHUB,golang,Go,2017-01-08T13:19:13Z,other,other,other
GITHUB,fluent,TypeScript,2017-01-08T20:20:58Z,web frontend,web frontend,web frontend
GITHUB,sticky-headers,Java,2017-01-09T07:45:46Z,mobile,mobile,mobile
GITHUB,adapterdelegates,Java,2017-01-09T07:52:39Z,mobile,mobile,mobile
GITHUB,education,Python,2017-01-09T13:39:48Z,other,other,other
GITHUB,hololens,C#,2017-01-10T08:39:29Z,game,game,game
GITHUB,multiplayer,C#,2017-01-10T10:10:06Z,game,game,game
GITHUB,android,Kotlin,2017-01-11T03:10:31Z,mobile,mobile,mobile
GITHUB,database,Go,2017-01-11T09:23:57Z,developer tools,developer tools,developer tools
GITHUB,instagram,Python,2017-01-12T03:54:19Z,other,other,other
GITHUB,android,Java,2017-01-12T07:03:54Z,mobile,mobile,mobile
GITHUB,miniapp,JavaScript,2017-01-13T01:29:48Z,mobile,mobile,mobile
GITHUB,a3c,Python,2017-01-13T01:30:09Z,data_ai,data_ai,data_ai
GITHUB,codegen,Rust,2017-01-13T03:10:14Z,developer tools,developer tools,developer tools
GITHUB,easymodbus,C#,2017-01-13T04:29:53Z,iot,iot,iot
GITHUB,android,Java,2017-01-13T05:45:42Z,mobile,mobile,mobile
GITHUB,golang,Go,2017-01-13T07:26:02Z,other,other,other
GITHUB,api-wrapper,Python,2017-01-13T11:34:27Z,developer tools,developer tools,developer tools
GITHUB,command-line,C++,2017-01-13T14:13:45Z,developer tools,developer tools,developer tools
GITHUB,vue,TypeScript,2017-01-14T03:00:20Z,web frontend,web frontend,web frontend
GITHUB,star-rating-component,JavaScript,2017-01-14T06:07:54Z,web frontend,web frontend,web frontend
GITHUB,arduino,C++,2017-01-14T06:37:09Z,embedded,embedded,embedded
GITHUB,audio,C#,2017-01-14T08:38:39Z,other,other,other
GITHUB,codemirror,TypeScript,2017-01-14T08:48:39Z,web frontend,web frontend,web frontend
GITHUB,android,Java,2017-01-14T08:54:50Z,mobile,mobile,mobile
GITHUB,alert,Swift,2017-01-14T09:03:33Z,mobile,mobile,mobile
GITHUB,agnostic,Rust,2017-01-14T13:27:49Z,other,other,other
GITHUB,event,TypeScript,2017-01-14T17:10:50Z,developer tools,developer tools,developer tools
GITHUB,api,Java,2017-01-15T05:30:17Z,web backend,web backend,web backend
GITHUB,go,Go,2017-01-15T05:31:50Z,other,other,other
GITHUB,android,Java,2017-01-15T07:23:06Z,mobile,mobile,mobile
GITHUB,webpack,JavaScript,2017-01-15T13:25:33Z,developer tools,developer tools,developer tools
GITHUB,component,JavaScript,2017-01-15T19:50:24Z,web frontend,web frontend,web frontend
GITHUB,c-sharp,C#,2017-01-15T20:18:28Z,other,other,other
GITHUB,consistency,Go,2017-01-15T21:24:52Z,devops_cloud,devops_cloud,devops_cloud
GITHUB,mtproto,JavaScript,2017-01-16T01:44:01Z,security,security,security
GITHUB,css-selector,JavaScript,2017-01-16T06:14:34Z,web frontend,web frontend,web frontend
GITHUB,csharp,C#,2017-01-16T07:15:38Z,other,other,other
GITHUB,runtime,C#,2017-01-17T05:11:07Z,developer tools,developer tools,developer tools
GITHUB,elk,Swift,2017-01-17T15:23:25Z,mobile,mobile,mobile
GITHUB,high-availability,C++,2017-01-17T23:51:52Z,devops_cloud,devops_cloud,devops_cloud
GITHUB,android,Java,2017-01-18T10:52:41Z,mobile,mobile,mobile
GITHUB,ios,Swift,2017-01-18T13:18:35Z,mobile,mobile,mobile
GITHUB,android,Kotlin,2017-01-18T13:23:36Z,mobile,mobile,mobile
GITHUB,browser-extension,TypeScript,2017-01-18T18:40:27Z,web frontend,web frontend,web frontend
GITHUB,android,Java,2017-01-18T21:49:30Z,mobile,mobile,mobile
GITHUB,algorithm,Java,2017-01-19T03:36:21Z,other,other,other
GITHUB,date,JavaScript,2017-01-19T15:37:50Z,developer tools,developer tools,developer tools
GITHUB,android,Kotlin,2017-01-20T00:34:07Z,mobile,mobile,mobile
GITHUB,egg,JavaScript,2017-01-20T01:19:26Z,web backend,web backend,web backend
GITHUB,carthage,Swift,2017-01-20T02:17:09Z,mobile,mobile,mobile
GITHUB,android,Kotlin,2017-01-20T09:06:44Z,mobile,mobile,mobile
GITHUB,cluster,Python,2017-01-20T10:15:57Z,devops_cloud,devops_cloud,devops_cloud
GITHUB,dendrite,Go,2017-01-20T10:22:16Z,web backend,web backend,web backend
GITHUB,listview,TypeScript,2017-01-20T12:59:40Z,web frontend,web frontend,web frontend
GITHUB,aws,TypeScript,2017-01-20T14:09:47Z,devops_cloud,devops_cloud,devops_cloud
GITHUB,pytorch,Python,2017-01-20T21:43:20Z,data_ai,data_ai,data_ai
GITHUB,action,Kotlin,2017-01-21T05:34:12Z,mobile,mobile,mobile
GITHUB,analyser,Swift,2017-01-21T09:27:18Z,developer tools,developer tools,developer tools
GITHUB,api,Go,2017-01-21T23:21:11Z,web backend,web backend,web backend
GITHUB,analysis,Python,2017-01-24T08:56:12Z,data_ai,data_ai,data_ai
GITHUB,compiler,Go,2017-01-25T05:27:50Z,developer tools,developer tools,developer tools
GITHUB,cryptography,Swift,2017-01-25T08:55:49Z,security,security,security
GITHUB,framework,Go,2017-01-25T09:04:51Z,web backend,web backend,web backend
GITHUB,android,Java,2017-01-25T11:31:17Z,mobile,mobile,mobile
GITHUB,api,C++,2017-01-26T04:18:31Z,developer tools,developer tools,developer tools
GITHUB,coredump,C#,2017-01-26T04:46:41Z,developer tools,developer tools,developer tools
GITHUB,ajax,JavaScript,2017-01-26T11:24:37Z,web frontend,web frontend,web frontend
GITHUB,inference,TypeScript,2017-01-28T08:23:37Z,data_ai,data_ai,data_ai
GITHUB,bruteforce,Python,2017-01-29T04:34:06Z,security,security,security
GITHUB,animation,C#,2017-01-29T08:44:22Z,game,game,game
GITHUB,actor-critic,Python,2017-01-29T20:58:15Z,data_ai,data_ai,data_ai
GITHUB,nextjs,JavaScript,2017-01-30T04:44:41Z,web frontend,web frontend,web frontend
GITHUB,cellular-automata,C#,2017-01-30T07:29:44Z,game,game,game
GITHUB,oscilloscope,C++,2017-01-30T17:59:31Z,embedded,embedded,embedded
GITHUB,binding,Swift,2017-01-31T02:53:07Z,mobile,mobile,mobile
GITHUB,base64,C++,2017-01-31T04:29:39Z,developer tools,developer tools,developer tools
GITHUB,livelink,C#,2017-01-31T14:58:07Z,enterprise,enterprise,enterprise
GITHUB,android,Kotlin,2017-01-31T15:45:43Z,mobile,mobile,mobile
GITHUB,dripicons,Swift,2017-01-31T18:01:34Z,mobile,mobile,mobile
GITHUB,commonmark,JavaScript,2017-01-31T19:52:24Z,developer tools,developer tools,developer tools
GITHUB,animation,Swift,2017-02-01T08:48:06Z,mobile,mobile,mobile
GITHUB,concatenative,Rust,2017-02-01T10:09:04Z,developer tools,developer tools,developer tools
GITHUB,animation,Swift,2017-02-01T12:04:06Z,mobile,mobile,mobile
GITHUB,compression,C++,2017-02-01T15:11:16Z,developer tools,developer tools,developer tools
GITHUB,ansi,Go,2017-02-01T18:11:06Z,developer tools,developer tools,developer tools
GITHUB,ava,TypeScript,2017-02-01T22:54:51Z,testing_qa,testing_qa,testing_qa
GITHUB,alphabetindex-fastscroller,Kotlin,2017-02-02T02:08:27Z,mobile,mobile,mobile
GITHUB,bitcoin,Rust,2017-02-02T05:56:57Z,blockchain,blockchain,blockchain
GITHUB,airbnb,C#,2017-02-02T07:50:36Z,web backend,web backend,web backend
GITHUB,apollo,TypeScript,2017-02-02T09:17:17Z,web frontend,web frontend,web frontend
GITHUB,data-journalism,JavaScript,2017-02-02T16:36:33Z,data_ai,data_ai,data_ai
GITHUB,javascript,TypeScript,2017-02-02T19:22:45Z,web frontend,web frontend,web frontend
GITHUB,deno,TypeScript,2017-02-02T23:29:07Z,web backend,web backend,web backend
GITHUB,drag,Swift,2017-02-03T05:29:50Z,mobile,mobile,mobile
GITHUB,go,Go,2017-02-03T06:46:32Z,other,other,other
GITHUB,android,Kotlin,2017-02-03T06:48:34Z,mobile,mobile,mobile
GITHUB,alerting,Kotlin,2017-02-03T08:50:47Z,devops_cloud,devops_cloud,devops_cloud
GITHUB,desktop-environment,C++,2017-02-03T10:23:40Z,other,other,other
GITHUB,instagram,Java,2017-02-03T19:12:35Z,mobile,mobile,mobile
GITHUB,data-science,Python,2017-02-03T22:22:59Z,data_ai,data_ai,data_ai
GITHUB,hackerrank,Java,2017-02-03T22:41:49Z,other,other,other
GITHUB,custom-elements,JavaScript,2017-02-03T23:07:42Z,web frontend,web frontend,web frontend
GITHUB,devops,JavaScript,2017-02-04T07:18:57Z,devops_cloud,devops_cloud,devops_cloud
GITHUB,app,C#,2017-02-04T10:27:16Z,other,other,other
GITHUB,delivery,Java,2017-02-05T01:04:22Z,web backend,web backend,web backend
GITHUB,animation,Swift,2017-02-05T09:33:40Z,mobile,mobile,mobile
GITHUB,editor,C#,2017-02-05T20:07:54Z,developer tools,developer tools,developer tools
GITHUB,go,Go,2017-02-07T10:48:43Z,other,other,other
GITHUB,apollo,TypeScript,2017-02-07T10:53:12Z,web frontend,web frontend,web frontend
GITHUB,computer-vision,Python,2017-02-07T17:50:36Z,data_ai,data_ai,data_ai
GITHUB,animation,Swift,2017-02-07T22:57:03Z,mobile,mobile,mobile
GITHUB,android,Java,2017-02-07T23:40:56Z,mobile,mobile,mobile
GITHUB,cms,Java,2017-02-08T00:21:02Z,web backend,web backend,web backend
GITHUB,ios,Swift,2017-02-08T00:50:59Z,mobile,mobile,mobile
GITHUB,api-server,Go,2017-02-08T01:23:33Z,web backend,web backend,web backend
GITHUB,container,Go,2017-02-08T02:28:54Z,devops_cloud,devops_cloud,devops_cloud
GITHUB,framework,Go,2017-02-08T08:07:35Z,web backend,web backend,web backend
GITHUB,bot,Python,2017-02-08T08:16:36Z,other,other,other
GITHUB,cli,Go,2017-02-08T09:13:19Z,developer tools,developer tools,developer tools
GITHUB,argument-parser,TypeScript,2017-02-08T14:06:55Z,developer tools,developer tools,developer tools
GITHUB,data-lake,Java,2017-02-08T14:54:46Z,data_ai,data_ai,data_ai
GITHUB,cloud,Go,2017-02-08T15:40:07Z,devops_cloud,devops_cloud,devops_cloud
GITHUB,area-picker,TypeScript,2017-02-08T20:41:57Z,web frontend,web frontend,web frontend
GITHUB,distributed-computing,C#,2017-02-08T21:02:16Z,devops_cloud,devops_cloud,devops_cloud
GITHUB,animation,Swift,2017-02-09T04:59:27Z,mobile,mobile,mobile
GITHUB,pomodoro,C#,2017-02-09T07:49:29Z,other,other,other
GITHUB,command-line,Go,2017-02-09T14:09:54Z,developer tools,developer tools,developer tools
GITHUB,rust,Rust,2017-02-09T15:55:12Z,other,other,other
GITHUB,amplitude,JavaScript,2017-02-09T16:02:54Z,web frontend,web frontend,web frontend
GITHUB,jupyter,Swift,2017-02-09T16:12:05Z,data_ai,data_ai,data_ai
GITHUB,csrss,C++,2017-02-09T16:44:07Z,security,security,security
GITHUB,hacktoberfest,Rust,2017-02-09T19:45:15Z,other,other,other
GITHUB,fingerprint,Java,2017-02-09T22:47:13Z,security,security,security
GITHUB,dubbox,Java,2017-02-10T02:28:20Z,enterprise,enterprise,enterprise
GITHUB,binary-ninja,Python,2017-02-10T19:13:36Z,security,security,security
GITHUB,asmjs,Rust,2017-02-11T01:49:08Z,web frontend,web frontend,web frontend
GITHUB,attack,C++,2017-02-11T06:11:43Z,security,security,security
GITHUB,android,Java,2017-02-11T11:51:07Z,mobile,mobile,mobile
GITHUB,camera,C#,2017-02-11T14:45:15Z,iot,iot,iot
GITHUB,algorithmic-trading,Python,2017-02-11T20:50:44Z,data_ai,data_ai,data_ai
GITHUB,golang,Go,2017-02-11T21:10:39Z,other,other,other
GITHUB,async,TypeScript,2017-02-12T02:21:38Z,developer tools,developer tools,developer tools
GITHUB,about,Java,2017-02-12T08:41:05Z,other,other,other
GITHUB,xcache,Java,2017-02-12T18:12:37Z,developer tools,developer tools,developer tools
GITHUB,docker,JavaScript,2017-02-12T21:46:58Z,devops_cloud,devops_cloud,devops_cloud
GITHUB,android,Go,2017-02-14T03:18:43Z,mobile,mobile,mobile
GITHUB,koa,JavaScript,2017-02-14T05:17:20Z,web backend,web backend,web backend
GITHUB,ios-simulator,Swift,2017-02-14T17:06:15Z,mobile,mobile,mobile
GITHUB,book,Go,2017-02-14T19:21:10Z,other,other,other
GITHUB,cutout,Swift,2017-02-14T19:28:34Z,mobile,mobile,mobile
GITHUB,egg,JavaScript,2017-02-14T23:44:24Z,web backend,web backend,web backend
GITHUB,animation,Swift,2017-02-15T00:12:30Z,mobile,mobile,mobile
GITHUB,automation,Python,2017-02-15T02:25:36Z,devops_cloud,devops_cloud,devops_cloud
GITHUB,coveralls,TypeScript,2017-02-15T06:38:25Z,testing_qa,testing_qa,testing_qa
GITHUB,build-system,Go,2017-02-15T14:01:21Z,developer tools,developer tools,developer tools
GITHUB,gradients,Swift,2017-02-15T16:49:36Z,mobile,mobile,mobile
GITHUB,architecture,Swift,2017-02-16T10:06:29Z,mobile,mobile,mobile
GITHUB,a11y,TypeScript,2017-02-16T10:15:31Z,web frontend,web frontend,web frontend
GITHUB,design,Java,2017-02-17T06:04:24Z,other,other,other
GITHUB,natural-language-processing,Go,2017-02-17T09:08:22Z,data_ai,data_ai,data_ai
GITHUB,algorithm,Rust,2017-02-17T11:09:42Z,other,other,other
GITHUB,isomorphic,TypeScript,2017-02-17T16:44:04Z,web frontend,web frontend,web frontend
GITHUB,browser-extension,TypeScript,2017-02-17T23:46:14Z,web frontend,web frontend,web frontend
GITHUB,alamofire,Swift,2017-02-18T06:05:16Z,mobile,mobile,mobile
GITHUB,android,Java,2017-02-18T09:53:16Z,mobile,mobile,mobile
GITHUB,cron,Go,2017-02-19T20:00:57Z,devops_cloud,devops_cloud,devops_cloud
GITHUB,360-photo,Swift,2017-02-19T21:20:00Z,mobile,mobile,mobile
GITHUB,icon,TypeScript,2017-02-21T02:11:21Z,web frontend,web frontend,web frontend
GITHUB,android,Java,2017-02-21T03:06:23Z,mobile,mobile,mobile
GITHUB,audio,C++,2017-02-21T07:17:54Z,other,other,other
GITHUB,audio,Swift,2017-02-21T08:17:06Z,mobile,mobile,mobile
GITHUB,wpf,C#,2017-02-21T10:15:07Z,other,other,other
GITHUB,blueteam,JavaScript,2017-02-21T12:06:13Z,security,security,security
GITHUB,game-server,Go,2017-02-21T19:11:52Z,game,game,game
GITHUB,eclipse,JavaScript,2017-02-21T20:47:41Z,developer tools,developer tools,developer tools
GITHUB,anbox,C++,2017-02-21T21:59:40Z,mobile,mobile,mobile
GITHUB,autocomplete,JavaScript,2017-02-22T04:20:37Z,web frontend,web frontend,web frontend
GITHUB,apple,Swift,2017-02-22T05:17:48Z,mobile,mobile,mobile
GITHUB,android,Kotlin,2017-02-22T09:56:10Z,mobile,mobile,mobile
GITHUB,firebase,C#,2017-02-22T14:21:38Z,devops_cloud,devops_cloud,devops_cloud
GITHUB,checkout,JavaScript,2017-02-23T09:09:19Z,web frontend,web frontend,web frontend
GITHUB,cpp,C++,2017-02-23T09:14:25Z,other,other,other
GITHUB,beautifulsoup,Go,2017-02-23T11:28:58Z,developer tools,developer tools,developer tools
GITHUB,async,JavaScript,2017-02-24T12:07:48Z,developer tools,developer tools,developer tools
GITHUB,cisco,Go,2017-02-24T13:28:21Z,devops_cloud,devops_cloud,devops_cloud
GITHUB,android,Kotlin,2017-02-25T08:59:54Z,mobile,mobile,mobile
GITHUB,asm-dom,C++,2017-02-25T10:59:11Z,web frontend,web frontend,web frontend
GITHUB,app,Swift,2017-02-25T11:59:14Z,mobile,mobile,mobile
GITHUB,expansion-button,Swift,2017-02-25T16:15:49Z,mobile,mobile,mobile
GITHUB,csharp,C#,2017-02-25T18:52:04Z,other,other,other
GITHUB,activemq,Java,2017-02-25T20:19:53Z,enterprise,enterprise,enterprise
GITHUB,game-development,C#,2017-02-25T22:17:27Z,game,game,game
GITHUB,relation-extraction,Python,2017-02-25T23:37:12Z,data_ai,data_ai,data_ai
GITHUB,binary,Rust,2017-02-26T01:21:23Z,developer tools,developer tools,developer tools
GITHUB,aws,Go,2017-02-26T14:24:02Z,devops_cloud,devops_cloud,devops_cloud
GITHUB,appdelegate,Swift,2017-02-26T15:39:58Z,mobile,mobile,mobile
GITHUB,react,TypeScript,2017-02-26T20:46:57Z,web frontend,web frontend,web frontend
GITHUB,apm,Java,2017-02-26T22:56:59Z,devops_cloud,devops_cloud,devops_cloud
GITHUB,api,TypeScript,2017-02-27T03:26:55Z,web backend,web backend,web backend
GITHUB,algorithm,Kotlin,2017-02-27T11:45:00Z,other,other,other
GITHUB,cards,Swift,2017-02-27T13:05:55Z,mobile,mobile,mobile
GITHUB,doodle,Swift,2017-02-27T17:29:35Z,mobile,mobile,mobile
GITHUB,android,Java,2017-02-27T22:31:43Z,mobile,mobile,mobile
GITHUB,battle-city,TypeScript,2017-02-28T05:31:04Z,game,game,game
GITHUB,api-gateway,JavaScript,2017-02-28T11:47:48Z,devops_cloud,devops_cloud,devops_cloud
GITHUB,android,Java,2017-02-28T19:21:08Z,mobile,mobile,mobile
GITHUB,address,TypeScript,2017-02-28T22:10:33Z,other,other,other
GITHUB,extension,Swift,2017-02-28T22:10:45Z,mobile,mobile,mobile
GITHUB,data-sync,Java,2017-03-01T01:24:56Z,web backend,web backend,web backend
GITHUB,blur,TypeScript,2017-03-01T05:49:12Z,web frontend,web frontend,web frontend
GITHUB,capture,Swift,2017-03-01T15:16:21Z,mobile,mobile,mobile
GITHUB,android,Java,2017-03-01T23:35:56Z,mobile,mobile,mobile
GITHUB,antivirus,Python,2017-03-02T00:04:43Z,security,security,security
GITHUB,jvm,Kotlin,2017-03-02T14:21:41Z,other,other,other
GITHUB,alipay,Java,2017-03-02T22:57:32Z,web backend,web backend,web backend
GITHUB,chart,Java,2017-03-02T23:58:57Z,data_ai,data_ai,data_ai
GITHUB,async-functions,C++,2017-03-03T03:46:03Z,developer tools,developer tools,developer tools
GITHUB,ios,Swift,2017-03-03T05:47:23Z,mobile,mobile,mobile
GITHUB,cncf,Go,2017-03-03T08:24:16Z,devops_cloud,devops_cloud,devops_cloud
GITHUB,face-detection,Python,2017-03-03T13:52:39Z,data_ai,data_ai,data_ai
GITHUB,angular,TypeScript,2017-03-03T15:57:50Z,web frontend,web frontend,web frontend
GITHUB,cocoapods,Swift,2017-03-04T01:17:35Z,mobile,mobile,mobile
GITHUB,abendigo,Kotlin,2017-03-04T05:57:11Z,mobile,mobile,mobile
GITHUB,command-line-tool,Go,2017-03-04T07:42:23Z,developer tools,developer tools,developer tools
GITHUB,hacktoberfest,JavaScript,2017-03-04T15:33:24Z,web frontend,web frontend,web frontend
GITHUB,android-architecture,Java,2017-03-04T22:18:24Z,mobile,mobile,mobile
GITHUB,bittorrent,Go,2017-03-05T03:10:57Z,other,other,other
GITHUB,asynchronous,Go,2017-03-05T15:30:39Z,developer tools,developer tools,developer tools
GITHUB,deep-learning,Python,2017-03-05T21:47:36Z,data_ai,data_ai,data_ai
GITHUB,angular,TypeScript,2017-03-06T00:52:41Z,web frontend,web frontend,web frontend
GITHUB,clean-architecture,Swift,2017-03-06T04:59:37Z,mobile,mobile,mobile
GITHUB,cli,Go,2017-03-06T19:44:19Z,developer tools,developer tools,developer tools
GITHUB,android,Java,2017-03-07T03:11:59Z,mobile,mobile,mobile
GITHUB,bi,TypeScript,2017-03-07T07:17:55Z,data_ai,data_ai,data_ai
GITHUB,unity,C#,2017-03-07T08:11:21Z,game,game,game
GITHUB,bitcoin,Go,2017-03-07T19:04:08Z,blockchain,blockchain,blockchain
GITHUB,ios,Swift,2017-03-08T04:08:30Z,mobile,mobile,mobile
GITHUB,algorithm,Java,2017-03-08T08:49:57Z,other,other,other
GITHUB,unity,C#,2017-03-08T13:19:10Z,game,game,game
GITHUB,android,Kotlin,2017-03-08T17:35:14Z,mobile,mobile,mobile
GITHUB,android,Kotlin,2017-03-08T19:48:04Z,mobile,mobile,mobile
GITHUB,deep-learning,Python,2017-03-08T22:11:06Z,data_ai,data_ai,data_ai
GITHUB,boxplot,Rust,2017-03-09T10:57:13Z,data_ai,data_ai,data_ai
GITHUB,atx,JavaScript,2017-03-09T23:23:40Z,developer tools,developer tools,developer tools
GITHUB,android,Kotlin,2017-03-10T00:48:36Z,mobile,mobile,mobile
GITHUB,concolic,Kotlin,2017-03-10T14:47:17Z,testing_qa,testing_qa,testing_qa
GITHUB,arm,Rust,2017-03-12T08:54:13Z,embedded,embedded,embedded
GITHUB,asmjs,Rust,2017-03-12T13:07:37Z,developer tools,developer tools,developer tools
GITHUB,animation,Swift,2017-03-12T19:31:07Z,mobile,mobile,mobile
GITHUB,android,Kotlin,2017-03-13T03:18:01Z,mobile,mobile,mobile
GITHUB,cocoapods,Swift,2017-03-13T05:15:14Z,mobile,mobile,mobile
GITHUB,asp,C#,2017-03-13T07:28:01Z,web backend,web backend,web backend
GITHUB,animation,Swift,2017-03-13T08:31:36Z,mobile,mobile,mobile
GITHUB,cd,Go,2017-03-13T15:31:58Z,devops_cloud,devops_cloud,devops_cloud
GITHUB,chatbot,Python,2017-03-14T06:01:29Z,data_ai,data_ai,data_ai
GITHUB,current,Swift,2017-03-15T00:11:44Z,mobile,mobile,mobile
GITHUB,errors,Go,2017-03-15T05:25:43Z,developer tools,developer tools,developer tools
GITHUB,ios,Swift,2017-03-15T07:59:51Z,mobile,mobile,mobile
GITHUB,app,Swift,2017-03-15T11:25:37Z,mobile,mobile,mobile
GITHUB,build,Go,2017-03-15T15:24:53Z,developer tools,developer tools,developer tools
GITHUB,android,Java,2017-03-16T06:30:29Z,mobile,mobile,mobile
GITHUB,android,Kotlin,2017-03-16T11:24:41Z,mobile,mobile,mobile
GITHUB,javascript,JavaScript,2017-03-16T13:03:38Z,web frontend,web frontend,web frontend
GITHUB,android,Java,2017-03-17T01:24:05Z,mobile,mobile,mobile
GITHUB,api,JavaScript,2017-03-17T02:48:30Z,web backend,web backend,web backend
GITHUB,24projects,C#,2017-03-17T11:28:25Z,other,other,other
GITHUB,animation,Swift,2017-03-17T13:44:25Z,mobile,mobile,mobile
GITHUB,mongodb,TypeScript,2017-03-17T14:50:35Z,web backend,web backend,web backend
GITHUB,browser,JavaScript,2017-03-17T16:19:11Z,web frontend,web frontend,web frontend
GITHUB,ionic,TypeScript,2017-03-17T19:23:18Z,mobile,mobile,mobile
GITHUB,alpha,JavaScript,2017-03-18T03:32:11Z,other,other,other
GITHUB,alfred,Go,2017-03-18T19:42:56Z,developer tools,developer tools,developer tools
GITHUB,android,Kotlin,2017-03-19T05:59:43Z,mobile,mobile,mobile
GITHUB,gatsby,TypeScript,2017-03-19T08:30:26Z,web frontend,web frontend,web frontend
GITHUB,boilerplate,JavaScript,2017-03-19T17:24:20Z,developer tools,developer tools,developer tools
GITHUB,android,Java,2017-03-20T02:13:03Z,mobile,mobile,mobile
GITHUB,async,C++,2017-03-20T03:48:10Z,developer tools,developer tools,developer tools
GITHUB,cli,TypeScript,2017-03-20T13:23:31Z,developer tools,developer tools,developer tools
GITHUB,2d-map,C++,2017-03-20T14:40:53Z,game,game,game
GITHUB,aries,Rust,2017-03-21T01:28:44Z,blockchain,blockchain,blockchain
GITHUB,binding,Swift,2017-03-21T10:46:10Z,mobile,mobile,mobile
GITHUB,golang,Go,2017-03-21T23:39:53Z,other,other,other
GITHUB,android,Java,2017-03-22T05:55:01Z,mobile,mobile,mobile
GITHUB,react,TypeScript,2017-03-23T08:51:26Z,web frontend,web frontend,web frontend
GITHUB,android,Kotlin,2017-03-23T13:59:37Z,mobile,mobile,mobile
GITHUB,hacktoberfest,TypeScript,2017-03-23T15:28:37Z,other,other,other
GITHUB,inferno,JavaScript,2017-03-23T16:34:21Z,web frontend,web frontend,web frontend
GITHUB,cn,Go,2017-03-23T16:54:13Z,web backend,web backend,web backend
GITHUB,angular,TypeScript,2017-03-24T01:20:40Z,web frontend,web frontend,web frontend
GITHUB,art,TypeScript,2017-03-24T07:09:43Z,other,other,other
GITHUB,asm,Go,2017-03-24T12:30:35Z,developer tools,developer tools,developer tools
GITHUB,computer-vision,Python,2017-03-24T15:19:05Z,data_ai,data_ai,data_ai
GITHUB,adaboost,Python,2017-03-25T00:32:37Z,data_ai,data_ai,data_ai
GITHUB,algorithms,C++,2017-03-25T00:47:06Z,other,other,other
GITHUB,coco,Python,2017-03-25T08:33:21Z,data_ai,data_ai,data_ai
GITHUB,keepass,C#,2017-03-26T09:17:38Z,security,security,security
GITHUB,android,Java,2017-03-26T15:58:48Z,mobile,mobile,mobile
GITHUB,cocoapods,Swift,2017-03-26T16:02:36Z,mobile,mobile,mobile
GITHUB,android,Java,2017-03-26T20:09:47Z,mobile,mobile,mobile
GITHUB,angular,TypeScript,2017-03-27T05:19:19Z,web frontend,web frontend,web frontend
GITHUB,blockchain,TypeScript,2017-03-27T10:04:47Z,blockchain,blockchain,blockchain
GITHUB,offline,TypeScript,2017-03-27T11:21:49Z,web frontend,web frontend,web frontend
GITHUB,android,Java,2017-03-27T11:46:20Z,mobile,mobile,mobile
GITHUB,caching,JavaScript,2017-03-27T16:41:01Z,web backend,web backend,web backend
GITHUB,springboot,Java,2017-03-27T17:50:20Z,web backend,web backend,web backend
GITHUB,android,Kotlin,2017-03-28T02:13:34Z,mobile,mobile,mobile
GITHUB,base,Java,2017-03-28T03:13:48Z,other,other,other
GITHUB,android,Java,2017-03-28T03:19:51Z,mobile,mobile,mobile
GITHUB,crop,Swift,2017-03-28T08:17:24Z,mobile,mobile,mobile
GITHUB,gui,C++,2017-03-28T10:27:12Z,other,other,other
GITHUB,android,Java,2017-03-29T06:29:57Z,mobile,mobile,mobile
GITHUB,android,Java,2017-03-29T06:31:53Z,mobile,mobile,mobile
GITHUB,bi-lstm,Python,2017-03-29T08:53:29Z,data_ai,data_ai,data_ai
GITHUB,cloud,Go,2017-03-29T10:07:29Z,devops_cloud,devops_cloud,devops_cloud
GITHUB,ios,Swift,2017-03-29T17:08:49Z,mobile,mobile,mobile
GITHUB,git,JavaScript,2017-03-29T22:30:58Z,developer tools,developer tools,developer tools
GITHUB,go,Go,2017-03-29T22:39:43Z,other,other,other
GITHUB,android,Java,2017-03-29T23:45:05Z,mobile,mobile,mobile
GITHUB,atlas,JavaScript,2017-03-30T00:29:02Z,web frontend,web frontend,web frontend
GITHUB,alertdialog,Java,2017-03-30T08:00:58Z,mobile,mobile,mobile
GITHUB,computer-vision,C++,2017-03-31T10:25:58Z,data_ai,data_ai,data_ai
GITHUB,physics-2d,C#,2017-03-31T13:58:27Z,game,game,game
GITHUB,android,Kotlin,2017-04-01T04:42:29Z,mobile,mobile,mobile
GITHUB,2d,C#,2017-04-01T05:25:59Z,game,game,game
GITHUB,algorithm,Go,2017-04-02T04:24:18Z,other,other,other
GITHUB,audit,C#,2017-04-02T06:29:41Z,security,security,security
GITHUB,computer-vision,Python,2017-04-02T09:20:32Z,data_ai,data_ai,data_ai
GITHUB,bash,Swift,2017-04-02T09:29:41Z,mobile,mobile,mobile
GITHUB,command-line,C++,2017-04-02T11:29:57Z,developer tools,developer tools,developer tools
GITHUB,emacs,TypeScript,2017-04-02T14:35:11Z,developer tools,developer tools,developer tools
GITHUB,cpp,C++,2017-04-02T17:17:10Z,other,other,other
GITHUB,appsec,Go,2017-04-03T05:16:29Z,security,security,security
GITHUB,explorer-integration,C#,2017-04-03T11:30:18Z,other,other,other
GITHUB,concurrency,C++,2017-04-04T01:27:00Z,developer tools,developer tools,developer tools
GITHUB,algolia,TypeScript,2017-04-04T04:45:29Z,web frontend,web frontend,web frontend
GITHUB,android,Kotlin,2017-04-04T06:35:03Z,mobile,mobile,mobile
GITHUB,douban,JavaScript,2017-04-04T06:44:59Z,web frontend,web frontend,web frontend
GITHUB,intel-media-sdk,C++,2017-04-04T07:52:06Z,developer tools,developer tools,developer tools
GITHUB,carthage,Swift,2017-04-04T22:52:04Z,mobile,mobile,mobile
GITHUB,elements-of-programming-interviews,Java,2017-04-05T15:46:33Z,other,other,other
GITHUB,android,JavaScript,2017-04-05T20:22:47Z,mobile,mobile,mobile
GITHUB,client,C#,2017-04-06T14:22:49Z,other,other,other
GITHUB,android,Java,2017-04-06T19:48:43Z,mobile,mobile,mobile
GITHUB,aiyagirl,Kotlin,2017-04-06T22:56:35Z,mobile,mobile,mobile
GITHUB,ast,C++,2017-04-08T01:52:17Z,developer tools,developer tools,developer tools
GITHUB,arduino,C++,2017-04-08T21:01:03Z,embedded,embedded,embedded
GITHUB,cli,TypeScript,2017-04-09T04:13:57Z,developer tools,developer tools,developer tools
GITHUB,android-component,Kotlin,2017-04-09T07:35:49Z,mobile,mobile,mobile
GITHUB,formatting,TypeScript,2017-04-09T10:21:58Z,developer tools,developer tools,developer tools
GITHUB,csharp,C#,2017-04-10T00:07:10Z,other,other,other
GITHUB,i3-gaps,Python,2017-04-10T09:00:05Z,other,other,other
GITHUB,babel,JavaScript,2017-04-10T09:04:06Z,developer tools,developer tools,developer tools
GITHUB,game-development,Rust,2017-04-10T15:41:13Z,game,game,game
GITHUB,android,Java,2017-04-10T18:33:38Z,mobile,mobile,mobile
GITHUB,react,JavaScript,2017-04-11T07:27:16Z,web frontend,web frontend,web frontend
GITHUB,list,C#,2017-04-11T10:23:18Z,other,other,other
GITHUB,admin-template,TypeScript,2017-04-11T19:50:56Z,web frontend,web frontend,web frontend
GITHUB,autoupdate,C#,2017-04-12T00:44:07Z,developer tools,developer tools,developer tools
GITHUB,arduino,C++,2017-04-12T08:20:45Z,embedded,embedded,embedded
GITHUB,animated,Swift,2017-04-12T11:36:52Z,mobile,mobile,mobile
GITHUB,architecture,Go,2017-04-12T14:59:16Z,other,other,other
GITHUB,cocoapod,TypeScript,2017-04-12T21:13:44Z,mobile,mobile,mobile
GITHUB,outlook,C#,2017-04-13T03:36:53Z,enterprise,enterprise,enterprise
GITHUB,browser,TypeScript,2017-04-13T09:23:38Z,web frontend,web frontend,web frontend
GITHUB,container-runtime-interface,Go,2017-04-13T15:20:24Z,devops_cloud,devops_cloud,devops_cloud
GITHUB,android,Java,2017-04-13T15:55:48Z,mobile,mobile,mobile
GITHUB,css,TypeScript,2017-04-13T16:44:11Z,web frontend,web frontend,web frontend
GITHUB,android,Java,2017-04-14T00:49:56Z,mobile,mobile,mobile
GITHUB,animation,Swift,2017-04-14T03:55:56Z,mobile,mobile,mobile
GITHUB,gan,Python,2017-04-14T09:45:24Z,data_ai,data_ai,data_ai
GITHUB,dependencies,TypeScript,2017-04-16T17:08:27Z,developer tools,developer tools,developer tools
GITHUB,html,C#,2017-04-17T03:53:07Z,web backend,web backend,web backend
GITHUB,algorithm,Java,2017-04-17T08:51:41Z,other,other,other
GITHUB,c-plus-plus,C++,2017-04-17T16:36:06Z,other,other,other
GITHUB,cpp,C++,2017-04-17T21:15:24Z,other,other,other
GITHUB,alfred,Swift,2017-04-18T00:02:20Z,developer tools,developer tools,developer tools
GITHUB,alpha,Swift,2017-04-18T20:53:01Z,mobile,mobile,mobile
GITHUB,djvu,Rust,2017-04-19T03:37:50Z,developer tools,developer tools,developer tools
GITHUB,favicon,C#,2017-04-19T10:43:29Z,web frontend,web frontend,web frontend
GITHUB,coroutine,Kotlin,2017-04-19T15:09:10Z,mobile,mobile,mobile
GITHUB,arcmenu,Java,2017-04-19T17:40:44Z,mobile,mobile,mobile
GITHUB,architecture,Swift,2017-04-20T01:44:22Z,mobile,mobile,mobile
GITHUB,golang,Go,2017-04-20T07:46:26Z,developer tools,developer tools,developer tools
GITHUB,debugging,TypeScript,2017-04-20T11:00:37Z,developer tools,developer tools,developer tools
GITHUB,android,Java,2017-04-21T03:03:18Z,mobile,mobile,mobile
GITHUB,aggressor,C#,2017-04-21T05:14:35Z,security,security,security
GITHUB,apidocs,Java,2017-04-21T08:57:41Z,developer tools,developer tools,developer tools
GITHUB,automatic-calibration-algorithm,C++,2017-04-21T11:26:15Z,embedded,embedded,embedded
GITHUB,camera,Swift,2017-04-21T13:02:44Z,mobile,mobile,mobile
GITHUB,cross-platform,Go,2017-04-22T00:59:15Z,other,other,other
GITHUB,axios,JavaScript,2017-04-22T01:20:38Z,web frontend,web frontend,web frontend
GITHUB,certificate,Swift,2017-04-22T18:35:13Z,mobile,mobile,mobile
GITHUB,blog,TypeScript,2017-04-22T21:02:12Z,web frontend,web frontend,web frontend
GITHUB,configuration,C#,2017-04-23T00:10:26Z,developer tools,developer tools,developer tools
GITHUB,instagram,Swift,2017-04-23T03:21:16Z,mobile,mobile,mobile
GITHUB,bounce,Swift,2017-04-23T05:12:31Z,mobile,mobile,mobile
GITHUB,aphrodite,JavaScript,2017-04-23T08:19:35Z,web frontend,web frontend,web frontend
GITHUB,automation,Go,2017-04-23T19:11:39Z,devops_cloud,devops_cloud,devops_cloud
GITHUB,android,Java,2017-04-23T20:54:49Z,mobile,mobile,mobile
GITHUB,in-app-purchase,Swift,2017-04-24T03:35:20Z,mobile,mobile,mobile
GITHUB,caffe,C++,2017-04-24T07:06:31Z,data_ai,data_ai,data_ai
GITHUB,frame-semantic-parsing,C++,2017-04-25T03:47:40Z,data_ai,data_ai,data_ai
GITHUB,chainable-animations,Swift,2017-04-25T09:47:48Z,mobile,mobile,mobile
GITHUB,hacktoberfest,Java,2017-04-25T11:44:47Z,other,other,other
GITHUB,badusb,C++,2017-04-25T12:33:30Z,security,security,security
GITHUB,android,JavaScript,2017-04-26T00:57:02Z,mobile,mobile,mobile
GITHUB,cache,JavaScript,2017-04-26T01:59:47Z,web backend,web backend,web backend
GITHUB,cpp,C++,2017-04-26T03:49:47Z,other,other,other
GITHUB,qr-code,Kotlin,2017-04-26T21:18:21Z,mobile,mobile,mobile
GITHUB,caffe,Python,2017-04-27T00:29:23Z,data_ai,data_ai,data_ai
GITHUB,assistant,Swift,2017-04-27T12:40:13Z,mobile,mobile,mobile
GITHUB,apiserver-aggregation,Go,2017-04-27T13:35:24Z,devops_cloud,devops_cloud,devops_cloud
GITHUB,cocoapods,Swift,2017-04-27T14:25:39Z,mobile,mobile,mobile
GITHUB,find,Go,2017-04-27T20:04:28Z,developer tools,developer tools,developer tools
GITHUB,fuse,Go,2017-04-27T21:57:48Z,developer tools,developer tools,developer tools
GITHUB,qr-code,TypeScript,2017-04-28T03:25:00Z,web frontend,web frontend,web frontend
GITHUB,consul,Java,2017-04-28T05:08:27Z,devops_cloud,devops_cloud,devops_cloud
GITHUB,css-minify,JavaScript,2017-04-28T10:02:12Z,developer tools,developer tools,developer tools
GITHUB,android,Kotlin,2017-04-30T04:59:17Z,mobile,mobile,mobile
GITHUB,d3d11,C++,2017-04-30T10:31:32Z,game,game,game
GITHUB,programming-language,Rust,2017-04-30T23:21:14Z,developer tools,developer tools,developer tools
GITHUB,githawk,Swift,2017-05-01T05:21:48Z,mobile,mobile,mobile
GITHUB,backup,Go,2017-05-01T10:08:26Z,devops_cloud,devops_cloud,devops_cloud
GITHUB,android,Java,2017-05-01T11:02:29Z,mobile,mobile,mobile
GITHUB,android,Kotlin,2017-05-01T14:57:56Z,mobile,mobile,mobile
GITHUB,anime,Go,2017-05-02T04:07:24Z,other,other,other
GITHUB,distributed-file-system,Java,2017-05-02T04:29:58Z,devops_cloud,devops_cloud,devops_cloud
GITHUB,desktop,C#,2017-05-02T07:26:49Z,other,other,other
GITHUB,bitap,Swift,2017-05-02T16:14:25Z,mobile,mobile,mobile
GITHUB,android,TypeScript,2017-05-02T17:51:51Z,mobile,mobile,mobile
GITHUB,binary,Rust,2017-05-03T04:25:08Z,developer tools,developer tools,developer tools
GITHUB,apple,Swift,2017-05-03T13:52:12Z,mobile,mobile,mobile
GITHUB,android,Java,2017-05-04T00:35:28Z,mobile,mobile,mobile
GITHUB,mint-ui,JavaScript,2017-05-04T00:41:52Z,web frontend,web frontend,web frontend
GITHUB,asp-net-core,C#,2017-05-04T04:17:38Z,web backend,web backend,web backend
GITHUB,highlighter,Swift,2017-05-04T07:28:07Z,mobile,mobile,mobile
GITHUB,binary-analysis,Rust,2017-05-04T10:10:21Z,security,security,security
GITHUB,bulma,TypeScript,2017-05-04T18:50:52Z,web frontend,web frontend,web frontend
GITHUB,animation,Swift,2017-05-04T22:45:54Z,mobile,mobile,mobile
GITHUB,python,Python,2017-05-05T00:28:13Z,other,other,other
GITHUB,dataflow,Go,2017-05-05T08:33:42Z,data_ai,data_ai,data_ai
GITHUB,containers,Go,2017-05-05T12:47:39Z,devops_cloud,devops_cloud,devops_cloud
GITHUB,macos,Swift,2017-05-05T21:30:19Z,other,other,other
GITHUB,placeholder,TypeScript,2017-05-07T09:22:54Z,web frontend,web frontend,web frontend
GITHUB,react-native,JavaScript,2017-05-07T14:24:29Z,mobile,mobile,mobile
GITHUB,browser,Swift,2017-05-07T20:31:13Z,mobile,mobile,mobile
GITHUB,axios,JavaScript,2017-05-08T04:49:42Z,web frontend,web frontend,web frontend
GITHUB,compiled,Python,2017-05-08T13:02:42Z,developer tools,developer tools,developer tools
GITHUB,go,Go,2017-05-08T18:58:15Z,other,other,other
GITHUB,android,Java,2017-05-08T19:50:40Z,mobile,mobile,mobile
GITHUB,browser,JavaScript,2017-05-09T00:19:56Z,web frontend,web frontend,web frontend
GITHUB,cron,Go,2017-05-09T00:24:57Z,devops_cloud,devops_cloud,devops_cloud
GITHUB,ftp,TypeScript,2017-05-09T03:26:58Z,developer tools,developer tools,developer tools
GITHUB,automation,Swift,2017-05-09T13:58:15Z,mobile,mobile,mobile
GITHUB,android,Kotlin,2017-05-09T15:07:46Z,mobile,mobile,mobile
GITHUB,autoencoder,Python,2017-05-10T04:02:32Z,data_ai,data_ai,data_ai
GITHUB,api-client,TypeScript,2017-05-10T05:38:40Z,developer tools,developer tools,developer tools
GITHUB,coordination,Go,2017-05-10T18:03:01Z,developer tools,developer tools,developer tools
GITHUB,android,Java,2017-05-11T05:28:51Z,mobile,mobile,mobile
GITHUB,property-drawers,C#,2017-05-11T11:10:10Z,game,game,game
GITHUB,animation,Swift,2017-05-11T11:37:32Z,mobile,mobile,mobile
GITHUB,ai,Rust,2017-05-11T19:19:07Z,data_ai,data_ai,data_ai
GITHUB,agentweb-android-webview,Java,2017-05-12T00:45:56Z,mobile,mobile,mobile
GITHUB,android,Kotlin,2017-05-12T01:10:45Z,mobile,mobile,mobile
GITHUB,alamofire,Swift,2017-05-12T04:22:19Z,mobile,mobile,mobile
GITHUB,batchnorm,Python,2017-05-12T11:04:54Z,data_ai,data_ai,data_ai
GITHUB,compiler,JavaScript,2017-05-12T18:52:46Z,developer tools,developer tools,developer tools
GITHUB,adapton,Rust,2017-05-13T06:03:13Z,developer tools,developer tools,developer tools
GITHUB,debugging,TypeScript,2017-05-13T15:30:40Z,developer tools,developer tools,developer tools
GITHUB,android,Kotlin,2017-05-13T21:34:02Z,mobile,mobile,mobile
GITHUB,anti-revoke,C++,2017-05-14T01:02:57Z,security,security,security
GITHUB,cli,JavaScript,2017-05-14T08:22:30Z,developer tools,developer tools,developer tools
GITHUB,collector-agent,Go,2017-05-14T23:50:40Z,devops_cloud,devops_cloud,devops_cloud
GITHUB,android,Kotlin,2017-05-15T04:36:50Z,mobile,mobile,mobile
GITHUB,3d,C++,2017-05-15T12:22:34Z,game,game,game
GITHUB,speech,Python,2017-05-15T17:16:06Z,data_ai,data_ai,data_ai
GITHUB,android,Java,2017-05-16T06:00:37Z,mobile,mobile,mobile
GITHUB,astro,Rust,2017-05-16T14:41:25Z,web frontend,web frontend,web frontend
GITHUB,angular,TypeScript,2017-05-17T02:39:32Z,web frontend,web frontend,web frontend
GITHUB,broker,Go,2017-05-17T07:13:44Z,devops_cloud,devops_cloud,devops_cloud
GITHUB,elastic,Go,2017-05-17T20:38:59Z,devops_cloud,devops_cloud,devops_cloud
GITHUB,android,Java,2017-05-18T05:46:56Z,mobile,mobile,mobile
GITHUB,android,Java,2017-05-18T06:50:21Z,mobile,mobile,mobile
GITHUB,android,Java,2017-05-18T23:25:10Z,mobile,mobile,mobile
GITHUB,kotlin,Kotlin,2017-05-19T10:24:22Z,mobile,mobile,mobile
GITHUB,docker,Go,2017-05-19T16:09:47Z,devops_cloud,devops_cloud,devops_cloud
GITHUB,bot,Go,2017-05-19T18:41:20Z,other,other,other
GITHUB,state-estimation,C++,2017-05-20T01:18:38Z,embedded,embedded,embedded
GITHUB,audio-processing,Python,2017-05-20T02:46:28Z,data_ai,data_ai,data_ai
GITHUB,cross-platform,TypeScript,2017-05-20T08:42:44Z,developer tools,developer tools,developer tools
GITHUB,command-line-tool,Go,2017-05-21T17:04:51Z,developer tools,developer tools,developer tools
GITHUB,android,Java,2017-05-21T19:52:44Z,mobile,mobile,mobile
GITHUB,android,Java,2017-05-22T00:56:37Z,mobile,mobile,mobile
GITHUB,deep-learning,C++,2017-05-22T01:12:36Z,data_ai,data_ai,data_ai
GITHUB,android,Kotlin,2017-05-23T05:17:24Z,mobile,mobile,mobile
GITHUB,go,Go,2017-05-23T06:27:39Z,developer tools,developer tools,developer tools
GITHUB,amazon-certificate-manager,TypeScript,2017-05-23T13:19:06Z,devops_cloud,devops_cloud,devops_cloud
GITHUB,amanda,C#,2017-05-23T21:39:21Z,other,other,other
GITHUB,api,Kotlin,2017-05-24T06:08:46Z,web backend,web backend,web backend
GITHUB,demo,Swift,2017-05-25T09:46:09Z,mobile,mobile,mobile
GITHUB,assembler,Java,2017-05-25T17:57:20Z,developer tools,developer tools,developer tools
GITHUB,amap,TypeScript,2017-05-25T23:48:38Z,web frontend,web frontend,web frontend
GITHUB,alerts,Kotlin,2017-05-26T04:09:12Z,mobile,mobile,mobile
GITHUB,carbon-design-system,JavaScript,2017-05-26T09:01:37Z,web frontend,web frontend,web frontend
GITHUB,client,Go,2017-05-26T22:05:31Z,developer tools,developer tools,developer tools
GITHUB,clean,Rust,2017-05-27T18:09:47Z,other,other,other
GITHUB,android,Java,2017-05-28T01:56:30Z,mobile,mobile,mobile
GITHUB,convert,Python,2017-05-28T12:00:59Z,developer tools,developer tools,developer tools
GITHUB,android,Kotlin,2017-05-28T21:17:23Z,mobile,mobile,mobile
GITHUB,carousel,JavaScript,2017-05-28T23:30:50Z,web frontend,web frontend,web frontend
GITHUB,android,Kotlin,2017-05-29T12:19:22Z,mobile,mobile,mobile
GITHUB,accelerometer,Kotlin,2017-05-30T05:46:38Z,mobile,mobile,mobile
GITHUB,babel,JavaScript,2017-05-30T11:28:46Z,developer tools,developer tools,developer tools
GITHUB,enzyme,JavaScript,2017-05-30T12:11:46Z,testing_qa,testing_qa,testing_qa
GITHUB,amber,Go,2017-05-30T16:10:05Z,developer tools,developer tools,developer tools
GITHUB,bash,Go,2017-05-31T01:26:20Z,developer tools,developer tools,developer tools
GITHUB,aws-iam,Go,2017-05-31T05:55:09Z,devops_cloud,devops_cloud,devops_cloud
GITHUB,charp,C#,2017-05-31T11:04:36Z,other,other,other
GITHUB,blackbox,Go,2017-06-01T15:53:40Z,devops_cloud,devops_cloud,devops_cloud
GITHUB,android,Java,2017-06-02T01:46:10Z,mobile,mobile,mobile
GITHUB,android,Java,2017-06-02T02:52:50Z,mobile,mobile,mobile
GITHUB,opengl,Rust,2017-06-04T12:41:11Z,game,game,game
GITHUB,frontend,Go,2017-06-04T21:26:49Z,web frontend,web frontend,web frontend
GITHUB,animated,JavaScript,2017-06-04T23:43:49Z,web frontend,web frontend,web frontend
GITHUB,chinese-report,Java,2017-06-05T00:48:31Z,enterprise,enterprise,enterprise
GITHUB,arkit,Swift,2017-06-05T05:48:04Z,mobile,mobile,mobile
GITHUB,artificial-intelligence,C++,2017-06-05T17:07:35Z,data_ai,data_ai,data_ai
GITHUB,arms,Java,2017-06-06T02:55:43Z,other,other,other
GITHUB,designer,TypeScript,2017-06-06T03:12:36Z,web frontend,web frontend,web frontend
GITHUB,apollographql,TypeScript,2017-06-06T14:30:25Z,web backend,web backend,web backend
GITHUB,okhttp3,Java,2017-06-07T02:33:47Z,developer tools,developer tools,developer tools
GITHUB,apollo,TypeScript,2017-06-07T09:39:32Z,web backend,web backend,web backend
GITHUB,attention-is-all-you-need,Python,2017-06-08T00:44:30Z,data_ai,data_ai,data_ai
GITHUB,example,Swift,2017-06-08T01:20:09Z,mobile,mobile,mobile
GITHUB,rpg,C#,2017-06-08T03:28:20Z,game,game,game
GITHUB,compose,JavaScript,2017-06-08T14:49:44Z,web frontend,web frontend,web frontend
GITHUB,architecture,Go,2017-06-08T19:04:22Z,other,other,other
GITHUB,customview,Java,2017-06-09T03:27:34Z,mobile,mobile,mobile
GITHUB,analytics,Swift,2017-06-09T03:38:22Z,mobile,mobile,mobile
GITHUB,endpoints,Python,2017-06-09T04:50:56Z,web backend,web backend,web backend
GITHUB,rxjs,TypeScript,2017-06-09T22:46:12Z,web frontend,web frontend,web frontend
GITHUB,cloud,Go,2017-06-09T23:49:52Z,devops_cloud,devops_cloud,devops_cloud
GITHUB,data-analysis,C++,2017-06-10T01:09:31Z,data_ai,data_ai,data_ai
GITHUB,angular,TypeScript,2017-06-10T03:07:58Z,web frontend,web frontend,web frontend
GITHUB,alamofire,Swift,2017-06-10T05:54:10Z,mobile,mobile,mobile
GITHUB,capture,Rust,2017-06-10T09:21:13Z,other,other,other
GITHUB,asp-net-core,C#,2017-06-11T07:03:01Z,web backend,web backend,web backend
GITHUB,animations,Swift,2017-06-12T07:56:56Z,mobile,mobile,mobile
GITHUB,game-development,Kotlin,2017-06-12T09:22:16Z,game,game,game
GITHUB,cms-detector,Python,2017-06-12T11:19:58Z,security,security,security
GITHUB,binance,C++,2017-06-13T13:15:54Z,blockchain,blockchain,blockchain
GITHUB,cross-platform,C#,2017-06-13T18:16:31Z,other,other,other
GITHUB,armadillo,C++,2017-06-13T18:31:47Z,data_ai,data_ai,data_ai
GITHUB,canvas,JavaScript,2017-06-13T21:51:25Z,web frontend,web frontend,web frontend
GITHUB,lda,C++,2017-06-13T23:48:21Z,data_ai,data_ai,data_ai
GITHUB,headless-chrome,JavaScript,2017-06-14T01:57:08Z,testing_qa,testing_qa,testing_qa
GITHUB,analyzer,Kotlin,2017-06-14T08:09:33Z,developer tools,developer tools,developer tools
GITHUB,beam-search,C++,2017-06-14T13:17:41Z,data_ai,data_ai,data_ai
GITHUB,activator,Python,2017-06-14T13:56:40Z,other,other,other
GITHUB,autocomplete,Python,2017-06-14T22:30:19Z,data_ai,data_ai,data_ai
GITHUB,ansi,Rust,2017-06-15T05:02:53Z,developer tools,developer tools,developer tools
GITHUB,css,TypeScript,2017-06-15T12:48:21Z,web frontend,web frontend,web frontend
GITHUB,aes,C#,2017-06-15T20:41:36Z,security,security,security
GITHUB,changing-colorschemes,Python,2017-06-16T07:54:22Z,developer tools,developer tools,developer tools
GITHUB,orm,TypeScript,2017-06-16T11:05:37Z,web backend,web backend,web backend
GITHUB,accessibility,JavaScript,2017-06-16T18:10:58Z,web frontend,web frontend,web frontend
GITHUB,admin,JavaScript,2017-06-17T00:57:58Z,web frontend,web frontend,web frontend
GITHUB,mybatis,Java,2017-06-17T02:26:59Z,web backend,web backend,web backend
GITHUB,beautiful-buttons,Swift,2017-06-17T06:19:22Z,mobile,mobile,mobile
GITHUB,android,Kotlin,2017-06-17T17:13:05Z,mobile,mobile,mobile
GITHUB,developers,Go,2017-06-18T00:42:28Z,developer tools,developer tools,developer tools
GITHUB,go,Go,2017-06-18T07:17:40Z,other,other,other
GITHUB,chat,JavaScript,2017-06-18T21:52:11Z,web frontend,web frontend,web frontend
GITHUB,git,C#,2017-06-19T04:44:40Z,developer tools,developer tools,developer tools
GITHUB,android,Java,2017-06-19T21:07:03Z,mobile,mobile,mobile
GITHUB,marching-cubes,C#,2017-06-20T16:40:47Z,game,game,game
GITHUB,api,Go,2017-06-20T18:20:01Z,web backend,web backend,web backend
GITHUB,go,Go,2017-06-21T07:17:59Z,other,other,other
GITHUB,android,Kotlin,2017-06-22T01:08:32Z,mobile,mobile,mobile
GITHUB,dummy-data,Go,2017-06-22T02:08:40Z,testing_qa,testing_qa,testing_qa
GITHUB,cron,Go,2017-06-22T21:25:05Z,developer tools,developer tools,developer tools
GITHUB,document,Java,2017-06-23T00:11:35Z,other,other,other
GITHUB,behavior,Java,2017-06-23T02:29:41Z,testing_qa,testing_qa,testing_qa
GITHUB,cocoapods,Swift,2017-06-23T04:26:45Z,mobile,mobile,mobile
GITHUB,command-handler,JavaScript,2017-06-23T09:27:24Z,developer tools,developer tools,developer tools
GITHUB,api-service,Go,2017-06-23T10:59:36Z,web backend,web backend,web backend
GITHUB,babel,TypeScript,2017-06-24T02:30:11Z,developer tools,developer tools,developer tools
GITHUB,data-visualization,C#,2017-06-24T14:46:20Z,data_ai,data_ai,data_ai
GITHUB,bundle,TypeScript,2017-06-24T18:15:25Z,developer tools,developer tools,developer tools
GITHUB,command-line-tool,Go,2017-06-25T05:55:56Z,developer tools,developer tools,developer tools
GITHUB,instrumenta,Go,2017-06-25T07:00:38Z,devops_cloud,devops_cloud,devops_cloud
GITHUB,csharp,C#,2017-06-25T08:00:10Z,other,other,other
GITHUB,deep-learning,Python,2017-06-25T11:52:19Z,data_ai,data_ai,data_ai
GITHUB,animate,Java,2017-06-26T04:36:38Z,game,game,game
GITHUB,api-gateway,JavaScript,2017-06-26T16:34:27Z,web backend,web backend,web backend
GITHUB,idea-plugin,Java,2017-06-27T20:03:35Z,developer tools,developer tools,developer tools
GITHUB,arkit,Swift,2017-06-28T02:29:01Z,mobile,mobile,mobile
GITHUB,android,TypeScript,2017-06-28T02:29:12Z,mobile,mobile,mobile
GITHUB,blast,Go,2017-06-28T09:22:10Z,other,other,other
GITHUB,addon,C++,2017-06-28T14:19:23Z,other,other,other
GITHUB,algorithm,TypeScript,2017-06-29T01:26:56Z,other,other,other
GITHUB,bigdata,Go,2017-06-29T19:08:57Z,data_ai,data_ai,data_ai
GITHUB,dashboard,Python,2017-06-29T20:58:27Z,web backend,web backend,web backend
GITHUB,game-dev,C++,2017-06-29T22:18:43Z,game,game,game
GITHUB,animation-library,Swift,2017-06-30T01:57:31Z,mobile,mobile,mobile
GITHUB,arkit,Swift,2017-06-30T03:02:46Z,mobile,mobile,mobile
GITHUB,constexpr,C++,2017-06-30T04:29:03Z,developer tools,developer tools,developer tools
GITHUB,bitmap,Kotlin,2017-07-01T23:20:53Z,mobile,mobile,mobile
GITHUB,android,Kotlin,2017-07-01T23:42:18Z,mobile,mobile,mobile
GITHUB,c-sharp,C#,2017-07-02T05:25:11Z,other,other,other
GITHUB,ios,Swift,2017-07-02T09:16:40Z,mobile,mobile,mobile
GITHUB,android-app,Kotlin,2017-07-02T20:33:15Z,mobile,mobile,mobile
GITHUB,architecture,Swift,2017-07-03T02:07:54Z,mobile,mobile,mobile
GITHUB,cracker,Python,2017-07-03T10:28:51Z,security,security,security
GITHUB,networking,Go,2017-07-03T20:15:07Z,devops_cloud,devops_cloud,devops_cloud
GITHUB,3d-engine,C++,2017-07-03T21:07:10Z,game,game,game
GITHUB,game-development,C#,2017-07-03T23:16:35Z,game,game,game
GITHUB,game-development,C#,2017-07-04T00:02:46Z,game,game,game
GITHUB,cache,Rust,2017-07-04T01:43:20Z,developer tools,developer tools,developer tools
GITHUB,angular,C#,2017-07-05T02:00:23Z,web frontend,web frontend,web frontend
GITHUB,jest,JavaScript,2017-07-05T04:31:31Z,testing_qa,testing_qa,testing_qa
GITHUB,automation,C#,2017-07-05T04:35:50Z,developer tools,developer tools,developer tools
GITHUB,android,Java,2017-07-05T04:39:52Z,mobile,mobile,mobile
GITHUB,16-bit,JavaScript,2017-07-05T14:27:09Z,game,game,game
GITHUB,code-analysis,Kotlin,2017-07-06T02:23:22Z,developer tools,developer tools,developer tools
GITHUB,android,Kotlin,2017-07-06T08:57:31Z,mobile,mobile,mobile
GITHUB,android,Kotlin,2017-07-07T01:43:52Z,mobile,mobile,mobile
GITHUB,analytics,Kotlin,2017-07-07T02:53:22Z,mobile,mobile,mobile
GITHUB,dsl,Kotlin,2017-07-08T05:54:57Z,developer tools,developer tools,developer tools
GITHUB,machine-learning,Python,2017-07-08T10:03:31Z,data_ai,data_ai,data_ai
GITHUB,audio,Swift,2017-07-08T12:18:08Z,mobile,mobile,mobile
GITHUB,intelligence,Go,2017-07-08T13:48:06Z,data_ai,data_ai,data_ai
GITHUB,acceptance-testing,JavaScript,2017-07-09T04:01:38Z,testing_qa,testing_qa,testing_qa
GITHUB,sass,TypeScript,2017-07-09T10:04:11Z,web frontend,web frontend,web frontend
GITHUB,android,Kotlin,2017-07-09T13:38:35Z,mobile,mobile,mobile
GITHUB,arkit,Swift,2017-07-10T06:30:11Z,mobile,mobile,mobile
GITHUB,electron,TypeScript,2017-07-10T09:33:46Z,other,other,other
GITHUB,android,Kotlin,2017-07-10T09:47:17Z,mobile,mobile,mobile
GITHUB,cplusplus,C++,2017-07-10T18:34:16Z,other,other,other
GITHUB,embeddings,Python,2017-07-10T22:23:38Z,data_ai,data_ai,data_ai
GITHUB,chaos,Go,2017-07-10T23:54:56Z,devops_cloud,devops_cloud,devops_cloud
GITHUB,dotnet,C#,2017-07-11T23:59:15Z,other,other,other
GITHUB,dznemptydataset,Swift,2017-07-12T01:43:19Z,mobile,mobile,mobile
GITHUB,2d,Rust,2017-07-12T02:28:19Z,game,game,game
GITHUB,algorithms,Go,2017-07-12T05:46:22Z,other,other,other
GITHUB,arkit,Swift,2017-07-12T22:59:30Z,mobile,mobile,mobile
GITHUB,activedirectory,C#,2017-07-13T11:05:44Z,enterprise,enterprise,enterprise
GITHUB,crowdsale,JavaScript,2017-07-13T11:46:22Z,blockchain,blockchain,blockchain
GITHUB,ai,Go,2017-07-13T18:47:33Z,data_ai,data_ai,data_ai
GITHUB,arkit,Swift,2017-07-14T01:33:22Z,mobile,mobile,mobile
GITHUB,audio,Go,2017-07-14T09:29:59Z,other,other,other
GITHUB,alert,TypeScript,2017-07-15T11:27:37Z,devops_cloud,devops_cloud,devops_cloud
GITHUB,arkit,Swift,2017-07-15T11:29:21Z,mobile,mobile,mobile
GITHUB,carthage,Swift,2017-07-15T21:38:53Z,mobile,mobile,mobile
GITHUB,cli,Go,2017-07-15T22:10:41Z,developer tools,developer tools,developer tools
GITHUB,arms,Java,2017-07-16T06:37:29Z,other,other,other
GITHUB,apple,Swift,2017-07-17T10:06:56Z,mobile,mobile,mobile
GITHUB,android,Kotlin,2017-07-17T12:10:17Z,mobile,mobile,mobile
GITHUB,acm-icpc,Go,2017-07-17T17:06:14Z,other,other,other
GITHUB,color,TypeScript,2017-07-18T08:46:47Z,web frontend,web frontend,web frontend
GITHUB,wt-branch-protection-exempt,Swift,2017-07-18T10:55:24Z,mobile,mobile,mobile
GITHUB,disqus,TypeScript,2017-07-18T13:18:32Z,web frontend,web frontend,web frontend
GITHUB,javascript,C++,2017-07-18T14:41:10Z,other,other,other
GITHUB,android,Java,2017-07-18T18:44:55Z,mobile,mobile,mobile
GITHUB,game-dev,C#,2017-07-19T02:41:35Z,game,game,game
GITHUB,cyclejs,TypeScript,2017-07-19T12:10:43Z,web frontend,web frontend,web frontend
GITHUB,directshow,C++,2017-07-20T01:39:20Z,other,other,other
GITHUB,async-components,TypeScript,2017-07-20T05:49:45Z,web frontend,web frontend,web frontend
GITHUB,blockchain,Rust,2017-07-20T12:09:05Z,blockchain,blockchain,blockchain
GITHUB,babel,JavaScript,2017-07-20T21:55:37Z,developer tools,developer tools,developer tools
GITHUB,android,Java,2017-07-21T01:23:37Z,mobile,mobile,mobile
GITHUB,aac,Java,2017-07-21T03:38:40Z,other,other,other
GITHUB,appkit,Swift,2017-07-21T04:30:55Z,other,other,other
GITHUB,empty,Swift,2017-07-21T07:56:34Z,mobile,mobile,mobile
GITHUB,intralingual,Rust,2017-07-21T14:52:39Z,other,other,other
GITHUB,android,Java,2017-07-21T23:54:16Z,mobile,mobile,mobile
GITHUB,ios,Swift,2017-07-22T06:43:00Z,mobile,mobile,mobile
GITHUB,bert,Python,2017-07-22T12:02:05Z,data_ai,data_ai,data_ai
GITHUB,collectionkit,Swift,2017-07-22T14:06:01Z,mobile,mobile,mobile
GITHUB,browser-extension,TypeScript,2017-07-22T21:00:48Z,web frontend,web frontend,web frontend
GITHUB,ios,Swift,2017-07-23T06:58:42Z,mobile,mobile,mobile
GITHUB,ios,Swift,2017-07-23T09:49:45Z,mobile,mobile,mobile
GITHUB,codis,C++,2017-07-23T19:41:01Z,devops_cloud,devops_cloud,devops_cloud
GITHUB,android,Java,2017-07-23T19:41:30Z,mobile,mobile,mobile
GITHUB,architecture,JavaScript,2017-07-24T00:09:11Z,web frontend,web frontend,web frontend
GITHUB,ad-blocker,Python,2017-07-24T00:37:21Z,security,security,security
GITHUB,sketch-app,JavaScript,2017-07-24T04:34:09Z,developer tools,developer tools,developer tools
GITHUB,diffutil,Kotlin,2017-07-24T18:14:06Z,mobile,mobile,mobile
GITHUB,caffe2,C++,2017-07-24T19:02:38Z,data_ai,data_ai,data_ai
GITHUB,chat,Java,2017-07-25T06:06:54Z,web backend,web backend,web backend
GITHUB,component,JavaScript,2017-07-25T06:51:16Z,web frontend,web frontend,web frontend
GITHUB,chat,TypeScript,2017-07-26T07:04:33Z,web frontend,web frontend,web frontend
GITHUB,directinput,C#,2017-07-26T14:05:38Z,game,game,game
GITHUB,actor-model,C#,2017-07-26T23:09:05Z,developer tools,developer tools,developer tools
GITHUB,animation,Swift,2017-07-27T11:50:15Z,mobile,mobile,mobile
GITHUB,channels,Go,2017-07-27T12:20:18Z,developer tools,developer tools,developer tools
GITHUB,dubbo,Java,2017-07-27T18:49:49Z,web backend,web backend,web backend
GITHUB,guide,Java,2017-07-27T23:54:05Z,other,other,other
GITHUB,albums,Python,2017-07-28T06:35:07Z,other,other,other
GITHUB,cascaded-refinement-networks,Python,2017-07-28T10:05:53Z,data_ai,data_ai,data_ai
GITHUB,ahash,Go,2017-07-28T10:15:58Z,developer tools,developer tools,developer tools
GITHUB,intellij,Java,2017-07-28T15:09:25Z,developer tools,developer tools,developer tools
GITHUB,animate,TypeScript,2017-07-28T17:54:19Z,web frontend,web frontend,web frontend
GITHUB,animated-characters,C#,2017-07-29T22:18:17Z,game,game,game
GITHUB,android-library,Java,2017-07-29T23:42:39Z,mobile,mobile,mobile
GITHUB,bootstrap,Java,2017-07-30T06:01:46Z,web backend,web backend,web backend
GITHUB,macos,Swift,2017-07-30T10:12:19Z,other,other,other
GITHUB,android-architecture-components,Kotlin,2017-07-31T03:35:26Z,mobile,mobile,mobile
GITHUB,deep-learning,C++,2017-07-31T03:56:36Z,data_ai,data_ai,data_ai
GITHUB,3d-reconstruction,C++,2017-07-31T17:32:36Z,data_ai,data_ai,data_ai
GITHUB,csharp,C#,2017-08-01T02:09:59Z,other,other,other
GITHUB,android,Kotlin,2017-08-01T08:39:13Z,mobile,mobile,mobile
GITHUB,aws,Go,2017-08-01T09:30:58Z,devops_cloud,devops_cloud,devops_cloud
GITHUB,api,Go,2017-08-01T19:20:11Z,web backend,web backend,web backend
GITHUB,gm,Go,2017-08-02T00:02:09Z,other,other,other
GITHUB,diffutil,Kotlin,2017-08-02T01:23:53Z,mobile,mobile,mobile
GITHUB,bonsai,C++,2017-08-02T04:27:52Z,other,other,other
GITHUB,accessibilityservice,Kotlin,2017-08-02T05:23:35Z,mobile,mobile,mobile
GITHUB,android,C#,2017-08-02T13:10:18Z,mobile,mobile,mobile
GITHUB,cloudformation,JavaScript,2017-08-02T18:35:09Z,devops_cloud,devops_cloud,devops_cloud
GITHUB,generics,Swift,2017-08-02T23:36:40Z,mobile,mobile,mobile
GITHUB,emacs,JavaScript,2017-08-03T04:00:45Z,developer tools,developer tools,developer tools
GITHUB,apple,Swift,2017-08-03T06:03:32Z,mobile,mobile,mobile
GITHUB,async,Java,2017-08-03T23:58:32Z,developer tools,developer tools,developer tools
GITHUB,core-ml,Swift,2017-08-05T14:27:08Z,mobile,mobile,mobile
GITHUB,cpp,C#,2017-08-05T15:12:37Z,developer tools,developer tools,developer tools
GITHUB,design-patterns,Swift,2017-08-06T05:14:35Z,mobile,mobile,mobile
GITHUB,cell,Swift,2017-08-06T06:48:53Z,mobile,mobile,mobile
GITHUB,deep-learning,Python,2017-08-06T19:13:37Z,data_ai,data_ai,data_ai
GITHUB,aws,Go,2017-08-07T10:06:22Z,devops_cloud,devops_cloud,devops_cloud
GITHUB,collectionview,Swift,2017-08-07T11:48:18Z,mobile,mobile,mobile
GITHUB,android-library,Java,2017-08-07T20:53:59Z,mobile,mobile,mobile
GITHUB,coding-fonts,Python,2017-08-07T22:19:28Z,developer tools,developer tools,developer tools
GITHUB,richeditor,Java,2017-08-08T03:28:28Z,mobile,mobile,mobile
GITHUB,animation,Swift,2017-08-08T05:26:42Z,mobile,mobile,mobile
GITHUB,language-model,Python,2017-08-08T08:18:53Z,data_ai,data_ai,data_ai
GITHUB,ddd,C#,2017-08-08T14:11:25Z,enterprise,enterprise,enterprise
GITHUB,animation,Swift,2017-08-08T14:32:32Z,mobile,mobile,mobile
GITHUB,android,Java,2017-08-08T23:48:26Z,mobile,mobile,mobile
GITHUB,android,Kotlin,2017-08-09T06:37:46Z,mobile,mobile,mobile
GITHUB,aws-s3,JavaScript,2017-08-09T08:54:30Z,devops_cloud,devops_cloud,devops_cloud
GITHUB,joy-con,C++,2017-08-09T09:28:27Z,game,game,game
GITHUB,android,Kotlin,2017-08-09T09:54:03Z,mobile,mobile,mobile
GITHUB,image-analysis,Python,2017-08-09T13:04:28Z,data_ai,data_ai,data_ai
GITHUB,area,JavaScript,2017-08-10T01:28:03Z,web frontend,web frontend,web frontend
GITHUB,fragmentation,Kotlin,2017-08-10T07:04:52Z,mobile,mobile,mobile
GITHUB,cpp,TypeScript,2017-08-10T14:32:01Z,developer tools,developer tools,developer tools
GITHUB,3d-graphics,C++,2017-08-10T19:36:48Z,game,game,game
GITHUB,firefox,TypeScript,2017-08-11T06:26:11Z,web frontend,web frontend,web frontend
GITHUB,assert,Rust,2017-08-12T11:02:22Z,testing_qa,testing_qa,testing_qa
GITHUB,android,Java,2017-08-12T18:04:41Z,mobile,mobile,mobile
GITHUB,grid,JavaScript,2017-08-13T00:28:01Z,web frontend,web frontend,web frontend
GITHUB,audio-plugin,Rust,2017-08-13T07:46:09Z,other,other,other
GITHUB,c,C++,2017-08-13T11:49:20Z,other,other,other
GITHUB,actor-model,TypeScript,2017-08-13T22:42:05Z,developer tools,developer tools,developer tools
GITHUB,abp,C#,2017-08-14T07:54:53Z,enterprise,enterprise,enterprise
GITHUB,compiler,C++,2017-08-14T09:02:41Z,developer tools,developer tools,developer tools
GITHUB,bitcoin,Go,2017-08-15T00:03:13Z,blockchain,blockchain,blockchain
GITHUB,finite,JavaScript,2017-08-16T07:04:15Z,other,other,other
GITHUB,dashboard,JavaScript,2017-08-16T09:12:36Z,web frontend,web frontend,web frontend
GITHUB,blockchain,TypeScript,2017-08-16T09:19:27Z,blockchain,blockchain,blockchain
GITHUB,chrome,JavaScript,2017-08-16T20:11:49Z,web frontend,web frontend,web frontend
GITHUB,android-application,Kotlin,2017-08-17T09:35:58Z,mobile,mobile,mobile
GITHUB,collections,JavaScript,2017-08-17T18:28:02Z,other,other,other
GITHUB,echo,JavaScript,2017-08-18T03:00:41Z,web backend,web backend,web backend
GITHUB,concurrent,Java,2017-08-18T04:05:08Z,developer tools,developer tools,developer tools
GITHUB,databases,Rust,2017-08-18T09:29:14Z,devops_cloud,devops_cloud,devops_cloud
GITHUB,generating-mocks,Swift,2017-08-18T11:34:55Z,testing_qa,testing_qa,testing_qa
GITHUB,extension,TypeScript,2017-08-18T19:33:14Z,developer tools,developer tools,developer tools
GITHUB,ios,Swift,2017-08-19T07:51:15Z,mobile,mobile,mobile
GITHUB,animation,TypeScript,2017-08-19T13:54:03Z,web frontend,web frontend,web frontend
GITHUB,async,C++,2017-08-20T08:22:13Z,developer tools,developer tools,developer tools
GITHUB,caj,Python,2017-08-20T08:24:03Z,other,other,other
GITHUB,golang,Go,2017-08-20T08:29:12Z,other,other,other
GITHUB,spm,Swift,2017-08-20T14:32:57Z,developer tools,developer tools,developer tools
GITHUB,cidr,Go,2017-08-20T22:50:14Z,devops_cloud,devops_cloud,devops_cloud
GITHUB,floating-point,TypeScript,2017-08-21T02:03:31Z,developer tools,developer tools,developer tools
GITHUB,android-application,Java,2017-08-21T04:15:13Z,mobile,mobile,mobile
GITHUB,cqrs,C#,2017-08-21T19:54:48Z,enterprise,enterprise,enterprise
GITHUB,async,Rust,2017-08-22T05:22:19Z,developer tools,developer tools,developer tools
GITHUB,a2c,Python,2017-08-22T08:57:25Z,data_ai,data_ai,data_ai
GITHUB,book,Python,2017-08-22T21:40:24Z,other,other,other
GITHUB,android,Java,2017-08-23T18:51:43Z,mobile,mobile,mobile
GITHUB,anti-delete,C#,2017-08-24T01:21:10Z,other,other,other
GITHUB,dmskin,C#,2017-08-24T02:44:44Z,other,other,other
GITHUB,acgan,Python,2017-08-24T07:24:02Z,data_ai,data_ai,data_ai
GITHUB,canvas,Rust,2017-08-24T23:43:55Z,web frontend,web frontend,web frontend
GITHUB,consensus,C++,2017-08-25T02:00:19Z,blockchain,blockchain,blockchain
GITHUB,delaunay,Go,2017-08-25T21:24:31Z,developer tools,developer tools,developer tools
GITHUB,effect,C#,2017-08-26T08:37:41Z,game,game,game
GITHUB,gamedev,Rust,2017-08-27T05:59:07Z,game,game,game
GITHUB,chrome-extension,JavaScript,2017-08-27T16:18:33Z,web frontend,web frontend,web frontend
GITHUB,apollo,TypeScript,2017-08-27T18:47:14Z,web backend,web backend,web backend
GITHUB,chinese,Python,2017-08-27T22:41:22Z,other,other,other
GITHUB,lit-element,TypeScript,2017-08-27T23:12:03Z,web frontend,web frontend,web frontend
GITHUB,reselect,JavaScript,2017-08-28T00:08:20Z,web frontend,web frontend,web frontend
GITHUB,mybatis,Java,2017-08-28T10:43:55Z,web backend,web backend,web backend
GITHUB,dependencies,JavaScript,2017-08-28T23:04:30Z,developer tools,developer tools,developer tools
GITHUB,actionbar,Java,2017-08-28T23:15:21Z,mobile,mobile,mobile
GITHUB,authentication,JavaScript,2017-08-29T20:03:00Z,security,security,security
GITHUB,android,Kotlin,2017-08-29T20:13:06Z,mobile,mobile,mobile
GITHUB,aspnet-core,C#,2017-08-30T12:20:20Z,web backend,web backend,web backend
GITHUB,ios,Swift,2017-08-30T23:32:59Z,mobile,mobile,mobile
GITHUB,android,Kotlin,2017-09-01T01:46:46Z,mobile,mobile,mobile
GITHUB,analysis,C++,2017-09-02T08:58:54Z,data_ai,data_ai,data_ai
GITHUB,abi,TypeScript,2017-09-02T09:42:54Z,blockchain,blockchain,blockchain
GITHUB,cli,TypeScript,2017-09-02T18:51:51Z,developer tools,developer tools,developer tools
GITHUB,async,Python,2017-09-02T23:50:47Z,developer tools,developer tools,developer tools
GITHUB,3d,JavaScript,2017-09-03T14:51:38Z,web frontend,web frontend,web frontend
GITHUB,calendar,Java,2017-09-04T02:32:58Z,other,other,other
GITHUB,copy,TypeScript,2017-09-04T07:22:30Z,developer tools,developer tools,developer tools
GITHUB,bootstrap,JavaScript,2017-09-04T08:51:18Z,web frontend,web frontend,web frontend
GITHUB,app,Swift,2017-09-04T19:55:40Z,mobile,mobile,mobile
GITHUB,dashboard,TypeScript,2017-09-05T00:16:21Z,web frontend,web frontend,web frontend
GITHUB,spark-streaming,JavaScript,2017-09-05T00:18:39Z,data_ai,data_ai,data_ai
GITHUB,google-maps,JavaScript,2017-09-05T02:41:42Z,web frontend,web frontend,web frontend
GITHUB,weex,Java,2017-09-05T04:48:42Z,mobile,mobile,mobile
GITHUB,gallery,Swift,2017-09-05T07:01:32Z,mobile,mobile,mobile
GITHUB,autograd,Rust,2017-09-05T07:42:39Z,data_ai,data_ai,data_ai
GITHUB,animation,Swift,2017-09-05T07:50:57Z,mobile,mobile,mobile
GITHUB,cloud-native,Go,2017-09-05T20:01:51Z,devops_cloud,devops_cloud,devops_cloud
GITHUB,direct3d,C#,2017-09-05T20:40:54Z,game,game,game
GITHUB,batect,Kotlin,2017-09-06T12:01:32Z,developer tools,developer tools,developer tools
GITHUB,hacktoberfest,TypeScript,2017-09-06T21:00:02Z,web frontend,web frontend,web frontend
GITHUB,android,Java,2017-09-06T22:48:44Z,mobile,mobile,mobile
GITHUB,android,Kotlin,2017-09-06T23:49:30Z,mobile,mobile,mobile
GITHUB,es6,JavaScript,2017-09-07T00:58:52Z,web frontend,web frontend,web frontend
GITHUB,ai,C++,2017-09-07T09:34:37Z,data_ai,data_ai,data_ai
GITHUB,authorization,Java,2017-09-07T17:51:07Z,security,security,security
GITHUB,alfred,Go,2017-09-08T10:53:10Z,developer tools,developer tools,developer tools
GITHUB,android,Kotlin,2017-09-08T15:02:34Z,mobile,mobile,mobile
GITHUB,audit,Go,2017-09-09T21:50:35Z,security,security,security
GITHUB,angular,C#,2017-09-10T09:12:57Z,web frontend,web frontend,web frontend
GITHUB,javascript,JavaScript,2017-09-10T10:11:17Z,other,other,other
GITHUB,arduino,C++,2017-09-10T11:23:42Z,embedded,embedded,embedded
GITHUB,control-strip,Swift,2017-09-10T11:54:41Z,other,other,other
GITHUB,calendar,TypeScript,2017-09-10T17:21:04Z,web frontend,web frontend,web frontend
GITHUB,aspnet,C#,2017-09-10T20:43:01Z,web backend,web backend,web backend
GITHUB,android,Kotlin,2017-09-11T05:15:56Z,mobile,mobile,mobile
GITHUB,pytorch,Python,2017-09-12T05:26:27Z,data_ai,data_ai,data_ai
GITHUB,cryptography,Rust,2017-09-12T15:14:24Z,security,security,security
GITHUB,gan,Python,2017-09-12T20:52:31Z,data_ai,data_ai,data_ai
GITHUB,cleanup,C#,2017-09-13T00:49:36Z,other,other,other
GITHUB,mermaid,JavaScript,2017-09-13T06:14:15Z,developer tools,developer tools,developer tools
GITHUB,go-request-validation,Go,2017-09-13T09:42:20Z,web backend,web backend,web backend
GITHUB,compressor,Java,2017-09-14T02:39:10Z,developer tools,developer tools,developer tools
GITHUB,action-recognition,Python,2017-09-14T05:14:44Z,data_ai,data_ai,data_ai
GITHUB,coreml,Swift,2017-09-14T08:54:14Z,mobile,mobile,mobile
GITHUB,editor,C#,2017-09-14T12:42:24Z,developer tools,developer tools,developer tools
GITHUB,audit,Go,2017-09-14T13:37:55Z,security,security,security
GITHUB,auto,Python,2017-09-15T02:41:15Z,other,other,other
GITHUB,kubernetes,Go,2017-09-15T13:59:27Z,devops_cloud,devops_cloud,devops_cloud
GITHUB,crawler,Python,2017-09-16T00:14:27Z,developer tools,developer tools,developer tools
GITHUB,ios,Swift,2017-09-16T00:55:23Z,mobile,mobile,mobile
GITHUB,algorithm,C++,2017-09-16T05:07:05Z,other,other,other
GITHUB,guide,TypeScript,2017-09-16T08:27:20Z,other,other,other
GITHUB,cross-platform,C#,2017-09-16T08:43:47Z,other,other,other
GITHUB,blocker,JavaScript,2017-09-16T13:05:45Z,web frontend,web frontend,web frontend
GITHUB,abenezer-mamo,Python,2017-09-16T16:49:24Z,other,other,other
GITHUB,cpp,C++,2017-09-17T09:12:59Z,other,other,other
GITHUB,bash,Go,2017-09-17T18:04:55Z,developer tools,developer tools,developer tools
GITHUB,linux-pam,Rust,2017-09-17T18:05:26Z,security,security,security
GITHUB,animation,Swift,2017-09-18T05:36:46Z,mobile,mobile,mobile
GITHUB,bulma,JavaScript,2017-09-18T08:14:39Z,web frontend,web frontend,web frontend
GITHUB,bytecode,Java,2017-09-18T12:33:16Z,developer tools,developer tools,developer tools
GITHUB,analytics,Java,2017-09-18T13:37:12Z,data_ai,data_ai,data_ai
GITHUB,contentful,JavaScript,2017-09-19T04:17:10Z,web frontend,web frontend,web frontend
GITHUB,android,Go,2017-09-19T04:43:17Z,mobile,mobile,mobile
GITHUB,android,Kotlin,2017-09-19T07:02:58Z,mobile,mobile,mobile
GITHUB,arkit,Swift,2017-09-19T14:30:50Z,mobile,mobile,mobile
GITHUB,header,JavaScript,2017-09-19T23:33:24Z,web frontend,web frontend,web frontend
GITHUB,ab-testing,Go,2017-09-21T01:46:42Z,testing_qa,testing_qa,testing_qa
GITHUB,android,Kotlin,2017-09-22T00:32:30Z,mobile,mobile,mobile
GITHUB,alipay,C#,2017-09-22T01:55:17Z,web backend,web backend,web backend
GITHUB,csharp,C#,2017-09-22T07:19:36Z,other,other,other
GITHUB,android,Kotlin,2017-09-22T07:23:43Z,mobile,mobile,mobile
GITHUB,elm,Kotlin,2017-09-22T17:49:28Z,web frontend,web frontend,web frontend
GITHUB,cnn,C++,2017-09-23T23:25:27Z,data_ai,data_ai,data_ai
GITHUB,automation,Python,2017-09-24T08:49:05Z,devops_cloud,devops_cloud,devops_cloud
GITHUB,bitcoin,C#,2017-09-24T12:36:36Z,blockchain,blockchain,blockchain
GITHUB,themes,JavaScript,2017-09-24T15:08:21Z,web frontend,web frontend,web frontend
GITHUB,elasticsearch,Python,2017-09-24T20:29:01Z,devops_cloud,devops_cloud,devops_cloud
GITHUB,error-handling,Rust,2017-09-25T13:35:41Z,developer tools,developer tools,developer tools
GITHUB,erlang,Rust,2017-09-25T16:00:25Z,developer tools,developer tools,developer tools
GITHUB,closure-compiler,JavaScript,2017-09-25T16:35:16Z,developer tools,developer tools,developer tools
GITHUB,android,Kotlin,2017-09-25T21:21:50Z,mobile,mobile,mobile
GITHUB,card,Swift,2017-09-26T00:43:43Z,mobile,mobile,mobile
GITHUB,debugger,C#,2017-09-26T06:08:45Z,developer tools,developer tools,developer tools
GITHUB,2d,Kotlin,2017-09-27T06:21:11Z,game,game,game
GITHUB,dubbo,Java,2017-09-27T23:29:01Z,web backend,web backend,web backend
GITHUB,baby,Go,2017-09-28T01:54:22Z,other,other,other
GITHUB,cpp,C++,2017-09-29T03:44:51Z,other,other,other
GITHUB,cluster,Go,2017-09-29T11:52:09Z,devops_cloud,devops_cloud,devops_cloud
GITHUB,finance,Rust,2017-09-29T14:53:18Z,enterprise,enterprise,enterprise
GITHUB,densenet,Python,2017-09-30T07:30:05Z,data_ai,data_ai,data_ai
GITHUB,captive,C++,2017-09-30T08:12:25Z,security,security,security
GITHUB,game-engine,Rust,2017-09-30T08:59:53Z,game,game,game
GITHUB,angular,TypeScript,2017-09-30T18:29:27Z,web frontend,web frontend,web frontend
GITHUB,algorithms,C++,2017-10-01T00:04:48Z,other,other,other
GITHUB,hmi,C#,2017-10-01T01:43:38Z,embedded,embedded,embedded
GITHUB,containers,Go,2017-10-01T17:01:05Z,devops_cloud,devops_cloud,devops_cloud
GITHUB,computer-forensics,Python,2017-10-01T21:47:51Z,security,security,security
GITHUB,apm,TypeScript,2017-10-02T04:59:49Z,devops_cloud,devops_cloud,devops_cloud
GITHUB,animation,Swift,2017-10-02T05:26:26Z,mobile,mobile,mobile
GITHUB,api,Go,2017-10-02T11:30:41Z,web backend,web backend,web backend
GITHUB,cryptocurrency,Rust,2017-10-02T17:34:01Z,blockchain,blockchain,blockchain
GITHUB,form,Swift,2017-10-03T08:13:43Z,mobile,mobile,mobile
GITHUB,annotation,C++,2017-10-03T09:52:13Z,data_ai,data_ai,data_ai
GITHUB,commenting,JavaScript,2017-10-04T09:09:58Z,web frontend,web frontend,web frontend
GITHUB,basic,Python,2017-10-04T16:14:04Z,other,other,other
GITHUB,ai,Java,2017-10-04T16:41:07Z,data_ai,data_ai,data_ai
GITHUB,autocad,C#,2017-10-05T07:51:50Z,enterprise,enterprise,enterprise
GITHUB,adaptive-filtering,C#,2017-10-05T08:04:55Z,data_ai,data_ai,data_ai
GITHUB,data-science,Go,2017-10-05T08:29:10Z,data_ai,data_ai,data_ai
GITHUB,flux,TypeScript,2017-10-05T12:07:11Z,web frontend,web frontend,web frontend
GITHUB,api-gateway,C#,2017-10-05T15:41:38Z,web backend,web backend,web backend
GITHUB,android,Kotlin,2017-10-06T08:35:15Z,mobile,mobile,mobile
GITHUB,animations,Swift,2017-10-06T08:58:05Z,mobile,mobile,mobile
GITHUB,intro,TypeScript,2017-10-06T10:32:03Z,other,other,other
GITHUB,country,Swift,2017-10-06T13:33:06Z,mobile,mobile,mobile
GITHUB,china-dns,Rust,2017-10-06T22:27:16Z,devops_cloud,devops_cloud,devops_cloud
GITHUB,autoint,Python,2017-10-07T00:40:37Z,data_ai,data_ai,data_ai
GITHUB,ctc,C++,2017-10-07T03:18:53Z,data_ai,data_ai,data_ai
GITHUB,ijava,Java,2017-10-07T21:42:46Z,developer tools,developer tools,developer tools
GITHUB,blog,Java,2017-10-08T08:27:47Z,web backend,web backend,web backend
GITHUB,electron,TypeScript,2017-10-08T18:12:35Z,other,other,other
GITHUB,scriptableobject,C#,2017-10-08T20:25:32Z,game,game,game
GITHUB,animator,Swift,2017-10-09T02:53:46Z,mobile,mobile,mobile
GITHUB,microservices,Go,2017-10-09T23:04:39Z,web backend,web backend,web backend
GITHUB,chm,C#,2017-10-10T00:56:02Z,developer tools,developer tools,developer tools
GITHUB,cards,Swift,2017-10-10T10:37:26Z,mobile,mobile,mobile
GITHUB,2d-game-engine,Swift,2017-10-10T11:00:33Z,game,game,game
GITHUB,aspnet,C#,2017-10-10T14:52:41Z,web backend,web backend,web backend
GITHUB,bug-bounty,Go,2017-10-10T16:38:30Z,security,security,security
GITHUB,application-management,Go,2017-10-10T20:29:20Z,devops_cloud,devops_cloud,devops_cloud
GITHUB,spa,JavaScript,2017-10-11T01:12:05Z,web frontend,web frontend,web frontend
GITHUB,authentication,Java,2017-10-11T19:28:48Z,security,security,security
GITHUB,android,Java,2017-10-12T08:37:38Z,mobile,mobile,mobile
GITHUB,binarization,C++,2017-10-12T13:56:34Z,data_ai,data_ai,data_ai
GITHUB,hacktoberfest,Rust,2017-10-12T20:26:21Z,other,other,other
GITHUB,apfs,C++,2017-10-13T15:40:39Z,developer tools,developer tools,developer tools
GITHUB,api,Go,2017-10-13T17:50:41Z,web backend,web backend,web backend
GITHUB,react-native,JavaScript,2017-10-13T23:11:09Z,mobile,mobile,mobile
GITHUB,android,Kotlin,2017-10-14T02:55:24Z,mobile,mobile,mobile
GITHUB,hoc,TypeScript,2017-10-14T13:19:51Z,web frontend,web frontend,web frontend
GITHUB,aspectcore,C#,2017-10-15T05:42:52Z,developer tools,developer tools,developer tools
GITHUB,alertmanager,Go,2017-10-16T00:54:19Z,devops_cloud,devops_cloud,devops_cloud
GITHUB,bot,TypeScript,2017-10-16T02:40:49Z,web backend,web backend,web backend
GITHUB,attributes,C#,2017-10-16T06:54:46Z,developer tools,developer tools,developer tools
GITHUB,cli,Go,2017-10-16T09:35:21Z,developer tools,developer tools,developer tools
GITHUB,git,JavaScript,2017-10-16T14:14:52Z,developer tools,developer tools,developer tools
GITHUB,qt,C++,2017-10-16T23:33:55Z,other,other,other
GITHUB,apps,C#,2017-10-17T15:38:18Z,other,other,other
GITHUB,firebase,TypeScript,2017-10-18T01:33:56Z,devops_cloud,devops_cloud,devops_cloud
GITHUB,cmdline,Go,2017-10-18T02:21:17Z,developer tools,developer tools,developer tools
GITHUB,constraintlayout,Kotlin,2017-10-18T02:28:16Z,mobile,mobile,mobile
GITHUB,alipay,C#,2017-10-18T18:28:17Z,web backend,web backend,web backend
GITHUB,database,JavaScript,2017-10-19T12:39:14Z,web backend,web backend,web backend
GITHUB,aspnet,C#,2017-10-19T18:08:38Z,web backend,web backend,web backend
GITHUB,analysis-pipeline,Go,2017-10-19T20:37:20Z,data_ai,data_ai,data_ai
GITHUB,aero,C++,2017-10-19T23:11:19Z,embedded,embedded,embedded
GITHUB,ios,Swift,2017-10-20T04:46:58Z,mobile,mobile,mobile
GITHUB,ant-design-vue,TypeScript,2017-10-20T21:40:56Z,web frontend,web frontend,web frontend
GITHUB,aks,Go,2017-10-20T21:43:44Z,devops_cloud,devops_cloud,devops_cloud
GITHUB,codable,Swift,2017-10-21T03:30:55Z,mobile,mobile,mobile
GITHUB,anticensorship,C++,2017-10-21T09:07:42Z,security,security,security
GITHUB,actors,C#,2017-10-21T14:38:01Z,enterprise,enterprise,enterprise
GITHUB,acm,C++,2017-10-21T14:46:48Z,other,other,other
GITHUB,administrator,Java,2017-10-22T10:12:48Z,enterprise,enterprise,enterprise
GITHUB,ethereum,Rust,2017-10-23T01:18:23Z,blockchain,blockchain,blockchain
GITHUB,java,Java,2017-10-23T06:03:15Z,other,other,other
GITHUB,c-plus-plus,C++,2017-10-23T06:23:29Z,other,other,other
GITHUB,cncf,Go,2017-10-23T16:00:48Z,devops_cloud,devops_cloud,devops_cloud
GITHUB,golang,Rust,2017-10-24T02:23:13Z,developer tools,developer tools,developer tools
GITHUB,3d-scan,C#,2017-10-24T09:12:04Z,game,game,game
GITHUB,clock,Kotlin,2017-10-24T16:01:25Z,mobile,mobile,mobile
GITHUB,android,Kotlin,2017-10-25T01:30:24Z,mobile,mobile,mobile
GITHUB,direct3d,C++,2017-10-25T09:44:25Z,game,game,game
GITHUB,animation,Swift,2017-10-25T10:20:10Z,mobile,mobile,mobile
GITHUB,generics,Kotlin,2017-10-26T07:00:56Z,developer tools,developer tools,developer tools
GITHUB,authentication,Go,2017-10-26T09:15:55Z,security,security,security
GITHUB,audio,Swift,2017-10-27T00:30:00Z,mobile,mobile,mobile
GITHUB,fmm,C++,2017-10-27T06:43:40Z,other,other,other
GITHUB,aspnet-core,C#,2017-10-27T12:54:33Z,web backend,web backend,web backend
GITHUB,fec,C++,2017-10-27T22:54:31Z,embedded,embedded,embedded
GITHUB,apple,Swift,2017-10-28T02:16:04Z,mobile,mobile,mobile
GITHUB,hacktoberfest,Rust,2017-10-28T19:49:28Z,other,other,other
GITHUB,android,Java,2017-10-29T02:08:27Z,mobile,mobile,mobile
GITHUB,container-management,Go,2017-10-29T11:07:56Z,devops_cloud,devops_cloud,devops_cloud
GITHUB,api,Go,2017-10-29T13:25:52Z,web backend,web backend,web backend
GITHUB,cloudflare,Python,2017-10-30T00:08:02Z,devops_cloud,devops_cloud,devops_cloud
GITHUB,animated-steps,Java,2017-10-30T01:16:23Z,mobile,mobile,mobile
GITHUB,activemq,Java,2017-10-30T02:37:28Z,enterprise,enterprise,enterprise
GITHUB,ios,Swift,2017-10-30T09:14:36Z,mobile,mobile,mobile
GITHUB,seekbar,Java,2017-10-30T09:48:53Z,mobile,mobile,mobile
GITHUB,calendar,Swift,2017-10-30T20:51:23Z,mobile,mobile,mobile
GITHUB,fusion,TypeScript,2017-10-30T22:09:50Z,web frontend,web frontend,web frontend
GITHUB,decompiler,Java,2017-10-31T01:18:29Z,developer tools,developer tools,developer tools
GITHUB,end-to-end,Python,2017-10-31T05:31:44Z,testing_qa,testing_qa,testing_qa
GITHUB,javascript,JavaScript,2017-10-31T07:27:18Z,other,other,other
GITHUB,blog,JavaScript,2017-10-31T11:11:54Z,web frontend,web frontend,web frontend
GITHUB,cuda,Rust,2017-11-01T04:46:43Z,data_ai,data_ai,data_ai
GITHUB,breakpoints,Swift,2017-11-01T05:54:27Z,developer tools,developer tools,developer tools
GITHUB,arkit,Swift,2017-11-01T20:23:30Z,mobile,mobile,mobile
GITHUB,springcloud,Java,2017-11-02T05:00:43Z,web backend,web backend,web backend
GITHUB,batch,Swift,2017-11-02T11:41:30Z,mobile,mobile,mobile
GITHUB,cards,Swift,2017-11-02T16:07:13Z,mobile,mobile,mobile
GITHUB,book,C#,2017-11-02T23:53:46Z,other,other,other
GITHUB,contextmenu,TypeScript,2017-11-03T03:24:33Z,web frontend,web frontend,web frontend
GITHUB,ios,Swift,2017-11-03T19:13:17Z,mobile,mobile,mobile
GITHUB,cicd,Go,2017-11-04T09:54:15Z,devops_cloud,devops_cloud,devops_cloud
GITHUB,command-line,C#,2017-11-04T10:21:03Z,developer tools,developer tools,developer tools
GITHUB,modal-panel,Swift,2017-11-04T11:33:35Z,mobile,mobile,mobile
GITHUB,cross-platform,Rust,2017-11-05T00:55:44Z,other,other,other
GITHUB,kubernetes,Go,2017-11-06T07:15:44Z,devops_cloud,devops_cloud,devops_cloud
GITHUB,kubernetes,Go,2017-11-06T07:24:51Z,devops_cloud,devops_cloud,devops_cloud
GITHUB,kubernetes,Go,2017-11-06T08:51:24Z,devops_cloud,devops_cloud,devops_cloud
GITHUB,console-replication,TypeScript,2017-11-06T09:01:50Z,developer tools,developer tools,developer tools
GITHUB,self-organizing-map,Python,2017-11-06T12:30:12Z,data_ai,data_ai,data_ai
GITHUB,ast,Go,2017-11-06T22:20:46Z,developer tools,developer tools,developer tools
GITHUB,bilibili-api,Kotlin,2017-11-07T00:49:28Z,mobile,mobile,mobile
GITHUB,blockchain,Rust,2017-11-07T10:08:53Z,blockchain,blockchain,blockchain
GITHUB,animation,Swift,2017-11-07T11:05:28Z,mobile,mobile,mobile
GITHUB,steam,C#,2017-11-07T18:25:16Z,game,game,game
GITHUB,midi,C#,2017-11-08T03:05:58Z,other,other,other
GITHUB,args,C++,2017-11-08T11:29:29Z,developer tools,developer tools,developer tools
GITHUB,av-detection,Rust,2017-11-09T16:54:27Z,security,security,security
GITHUB,easemob,JavaScript,2017-11-09T19:32:07Z,web frontend,web frontend,web frontend
GITHUB,demo,Java,2017-11-09T22:27:29Z,other,other,other
GITHUB,dubbo,Java,2017-11-10T19:34:34Z,web backend,web backend,web backend
GITHUB,app-bar,C#,2017-11-11T05:14:18Z,mobile,mobile,mobile
GITHUB,dpf,C++,2017-11-11T08:42:14Z,other,other,other
GITHUB,keybase,JavaScript,2017-11-11T17:06:29Z,security,security,security
GITHUB,razzle,TypeScript,2017-11-11T19:17:02Z,web frontend,web frontend,web frontend
GITHUB,arc,Java,2017-11-12T02:07:27Z,other,other,other
GITHUB,docker,Go,2017-11-12T19:18:57Z,devops_cloud,devops_cloud,devops_cloud
GITHUB,container,Go,2017-11-13T03:29:03Z,devops_cloud,devops_cloud,devops_cloud
GITHUB,android,Kotlin,2017-11-13T08:25:07Z,mobile,mobile,mobile
GITHUB,chat,Go,2017-11-13T10:17:48Z,web backend,web backend,web backend
GITHUB,android,Kotlin,2017-11-14T01:59:52Z,mobile,mobile,mobile
GITHUB,autolayout,Swift,2017-11-14T05:16:15Z,mobile,mobile,mobile
GITHUB,active-learning,Python,2017-11-14T06:01:15Z,data_ai,data_ai,data_ai
GITHUB,animation,Swift,2017-11-14T08:06:11Z,mobile,mobile,mobile
GITHUB,chinese-simplified,Swift,2017-11-14T08:36:06Z,mobile,mobile,mobile
GITHUB,action-creator,TypeScript,2017-11-14T13:30:09Z,web frontend,web frontend,web frontend
GITHUB,android,TypeScript,2017-11-14T14:01:45Z,mobile,mobile,mobile
GITHUB,cloud-native,Go,2017-11-14T19:05:27Z,devops_cloud,devops_cloud,devops_cloud
GITHUB,ctp,C++,2017-11-14T22:54:01Z,enterprise,enterprise,enterprise
GITHUB,alfred3-workflow,JavaScript,2017-11-14T23:59:51Z,developer tools,developer tools,developer tools
GITHUB,toast,Kotlin,2017-11-15T07:26:30Z,mobile,mobile,mobile
GITHUB,components,TypeScript,2017-11-15T13:16:50Z,web frontend,web frontend,web frontend
GITHUB,scrollview,Swift,2017-11-15T23:23:54Z,mobile,mobile,mobile
GITHUB,avatar,TypeScript,2017-11-16T20:11:03Z,web frontend,web frontend,web frontend
GITHUB,eyepetizer,Kotlin,2017-11-16T23:26:11Z,mobile,mobile,mobile
GITHUB,go,Go,2017-11-17T12:43:14Z,other,other,other
GITHUB,actionsheet,Swift,2017-11-18T02:08:03Z,mobile,mobile,mobile
GITHUB,audio-effects,C++,2017-11-18T03:51:17Z,other,other,other
GITHUB,jekyll,JavaScript,2017-11-19T01:46:18Z,web frontend,web frontend,web frontend
GITHUB,google-maps,JavaScript,2017-11-19T12:27:42Z,web frontend,web frontend,web frontend
GITHUB,automatic-api,JavaScript,2017-11-19T18:43:15Z,web backend,web backend,web backend
GITHUB,destroy,JavaScript,2017-11-20T07:20:36Z,other,other,other
GITHUB,client,JavaScript,2017-11-20T07:24:23Z,web frontend,web frontend,web frontend
GITHUB,cli,Rust,2017-11-20T11:45:20Z,developer tools,developer tools,developer tools
GITHUB,go,JavaScript,2017-11-20T17:39:56Z,developer tools,developer tools,developer tools
GITHUB,express,JavaScript,2017-11-21T00:45:37Z,web backend,web backend,web backend
GITHUB,action-recognition,Python,2017-11-21T01:01:44Z,data_ai,data_ai,data_ai
GITHUB,java,Java,2017-11-21T07:20:30Z,other,other,other
GITHUB,aws,JavaScript,2017-11-21T10:40:29Z,devops_cloud,devops_cloud,devops_cloud
GITHUB,cross-platform,TypeScript,2017-11-21T14:56:18Z,developer tools,developer tools,developer tools
GITHUB,arduino,C#,2017-11-22T06:21:29Z,embedded,embedded,embedded
GITHUB,interface,TypeScript,2017-11-22T19:03:25Z,web frontend,web frontend,web frontend
GITHUB,android-god-eye,Java,2017-11-23T05:10:47Z,mobile,mobile,mobile
GITHUB,net-framework,C#,2017-11-23T17:26:16Z,other,other,other
GITHUB,angular,TypeScript,2017-11-23T23:34:23Z,web frontend,web frontend,web frontend
GITHUB,android,Java,2017-11-24T01:51:38Z,mobile,mobile,mobile
GITHUB,actor,C#,2017-11-24T23:18:27Z,developer tools,developer tools,developer tools
GITHUB,arm,C++,2017-11-25T05:35:37Z,embedded,embedded,embedded
GITHUB,android-studio-plugin,Kotlin,2017-11-25T06:37:47Z,developer tools,developer tools,developer tools
GITHUB,annotator,TypeScript,2017-11-25T11:36:50Z,data_ai,data_ai,data_ai
GITHUB,aspnet,C#,2017-11-26T09:37:18Z,web backend,web backend,web backend
GITHUB,angular,TypeScript,2017-11-26T12:27:00Z,web frontend,web frontend,web frontend
GITHUB,component,JavaScript,2017-11-27T03:59:02Z,web frontend,web frontend,web frontend
GITHUB,apollo-server,Swift,2017-11-27T11:48:55Z,mobile,mobile,mobile
GITHUB,blas,C++,2017-11-27T12:22:50Z,data_ai,data_ai,data_ai
GITHUB,mapping,C++,2017-11-27T13:58:23Z,other,other,other
GITHUB,acrylic,C#,2017-11-27T14:07:51Z,other,other,other
GITHUB,android,Kotlin,2017-11-27T16:46:00Z,mobile,mobile,mobile
GITHUB,crypto,Rust,2017-11-27T20:48:46Z,blockchain,blockchain,blockchain
GITHUB,vue,JavaScript,2017-11-28T02:00:17Z,web frontend,web frontend,web frontend
GITHUB,3d,C++,2017-11-28T16:31:32Z,game,game,game
GITHUB,custom-renderer,JavaScript,2017-11-29T08:09:05Z,developer tools,developer tools,developer tools
GITHUB,android,C#,2017-11-29T13:08:15Z,mobile,mobile,mobile
GITHUB,events,TypeScript,2017-11-29T14:15:22Z,other,other,other
GITHUB,alamofire,Swift,2017-11-29T18:15:42Z,mobile,mobile,mobile
GITHUB,deep-learning,Python,2017-11-30T02:25:17Z,data_ai,data_ai,data_ai
GITHUB,ros,C++,2017-11-30T11:28:22Z,embedded,embedded,embedded
GITHUB,convolutional-neural-networks,Python,2017-11-30T12:02:40Z,data_ai,data_ai,data_ai
GITHUB,deep-learning,C++,2017-11-30T16:42:04Z,data_ai,data_ai,data_ai
GITHUB,activemq,Java,2017-11-30T22:33:28Z,enterprise,enterprise,enterprise
GITHUB,android-library,Kotlin,2017-12-01T06:12:54Z,mobile,mobile,mobile
GITHUB,3d,C#,2017-12-02T02:26:04Z,game,game,game
GITHUB,categorization,C#,2017-12-02T04:57:53Z,data_ai,data_ai,data_ai
GITHUB,jupyterlab,TypeScript,2017-12-02T13:16:38Z,data_ai,data_ai,data_ai
GITHUB,javascript,TypeScript,2017-12-03T02:05:09Z,web frontend,web frontend,web frontend
GITHUB,diy,C++,2017-12-03T04:59:30Z,embedded,embedded,embedded
GITHUB,aggregate,Java,2017-12-03T23:53:57Z,other,other,other
GITHUB,particle,C#,2017-12-04T02:01:15Z,game,game,game
GITHUB,client,C#,2017-12-05T07:02:26Z,other,other,other
GITHUB,artificial-intelligence,Python,2017-12-06T01:04:43Z,data_ai,data_ai,data_ai
GITHUB,client,Go,2017-12-06T12:04:19Z,developer tools,developer tools,developer tools
GITHUB,authentication,JavaScript,2017-12-06T15:52:15Z,security,security,security
GITHUB,go,Go,2017-12-06T16:18:36Z,other,other,other
GITHUB,cpp,C++,2017-12-06T23:58:36Z,other,other,other
GITHUB,brave,Swift,2017-12-07T10:42:00Z,mobile,mobile,mobile
GITHUB,accessibility,Swift,2017-12-07T11:02:16Z,mobile,mobile,mobile
GITHUB,context,JavaScript,2017-12-07T19:45:12Z,web frontend,web frontend,web frontend
GITHUB,android,Kotlin,2017-12-07T23:39:39Z,mobile,mobile,mobile
GITHUB,buildkit,Go,2017-12-08T10:17:59Z,devops_cloud,devops_cloud,devops_cloud
GITHUB,admin,JavaScript,2017-12-09T00:56:02Z,web frontend,web frontend,web frontend
GITHUB,backdoor,C++,2017-12-09T10:46:03Z,security,security,security
GITHUB,graphql,JavaScript,2017-12-09T21:58:22Z,web backend,web backend,web backend
GITHUB,android,Kotlin,2017-12-10T01:07:15Z,mobile,mobile,mobile
GITHUB,blueprint,C++,2017-12-10T06:25:36Z,game,game,game
GITHUB,avalondock,C#,2017-12-10T09:21:44Z,developer tools,developer tools,developer tools
GITHUB,ib,Swift,2017-12-11T01:52:40Z,mobile,mobile,mobile
GITHUB,clean-code,TypeScript,2017-12-11T07:07:50Z,developer tools,developer tools,developer tools
GITHUB,clang,C++,2017-12-11T09:02:24Z,developer tools,developer tools,developer tools
GITHUB,async,Python,2017-12-12T01:37:41Z,developer tools,developer tools,developer tools
GITHUB,appstore,Swift,2017-12-12T06:33:55Z,mobile,mobile,mobile
GITHUB,android,JavaScript,2017-12-13T02:08:32Z,mobile,mobile,mobile
GITHUB,animation,Swift,2017-12-13T10:24:55Z,mobile,mobile,mobile
GITHUB,app,Swift,2017-12-13T22:16:29Z,mobile,mobile,mobile
GITHUB,deep-learning,Python,2017-12-14T01:02:08Z,data_ai,data_ai,data_ai
GITHUB,hadoop,Java,2017-12-15T06:21:46Z,data_ai,data_ai,data_ai
GITHUB,bypass,Python,2017-12-15T09:47:45Z,security,security,security
GITHUB,burp-plugin,Java,2017-12-15T13:09:41Z,security,security,security
GITHUB,rust,Rust,2017-12-16T09:51:44Z,other,other,other
GITHUB,audioplayer,Kotlin,2017-12-16T23:50:33Z,mobile,mobile,mobile
GITHUB,algorithm,Java,2017-12-17T01:06:50Z,other,other,other
GITHUB,component,TypeScript,2017-12-17T07:10:18Z,web frontend,web frontend,web frontend
GITHUB,ddd-architecture,Go,2017-12-18T00:13:27Z,enterprise,enterprise,enterprise
GITHUB,dom,JavaScript,2017-12-18T09:12:48Z,web frontend,web frontend,web frontend
GITHUB,bidirectional-typechecking,Rust,2017-12-18T21:15:40Z,developer tools,developer tools,developer tools
GITHUB,pyinstaller,Python,2017-12-19T00:43:43Z,developer tools,developer tools,developer tools
GITHUB,android,Kotlin,2017-12-19T01:01:42Z,mobile,mobile,mobile
GITHUB,activitypub,Rust,2017-12-19T10:16:03Z,web backend,web backend,web backend
GITHUB,deep-learning,Python,2017-12-19T17:35:31Z,data_ai,data_ai,data_ai
GITHUB,chart,TypeScript,2017-12-19T18:30:08Z,web frontend,web frontend,web frontend
GITHUB,paper,Python,2017-12-20T08:08:13Z,other,other,other
GITHUB,algorithms,C++,2017-12-20T22:15:15Z,other,other,other
GITHUB,android-library,Kotlin,2017-12-21T08:27:58Z,mobile,mobile,mobile
GITHUB,face-detection,Rust,2017-12-21T12:24:40Z,data_ai,data_ai,data_ai
GITHUB,aws,Go,2017-12-21T21:06:10Z,devops_cloud,devops_cloud,devops_cloud
GITHUB,awesome,Java,2017-12-22T03:09:40Z,other,other,other
GITHUB,android-mvp-architecture,Kotlin,2017-12-24T04:00:04Z,mobile,mobile,mobile
GITHUB,csharp,C#,2017-12-25T02:02:05Z,other,other,other
GITHUB,cpp,C++,2017-12-25T06:12:29Z,other,other,other
GITHUB,benchmark,Java,2017-12-25T22:54:35Z,testing_qa,testing_qa,testing_qa
GITHUB,binary,Python,2017-12-25T23:28:32Z,other,other,other
GITHUB,android,Kotlin,2017-12-26T03:27:32Z,mobile,mobile,mobile
GITHUB,cas,Java,2017-12-26T07:17:33Z,security,security,security
GITHUB,id,Rust,2017-12-26T10:31:40Z,other,other,other
GITHUB,zilliqa,C++,2017-12-26T23:42:33Z,blockchain,blockchain,blockchain
GITHUB,clean-architecture,C#,2017-12-27T03:58:03Z,enterprise,enterprise,enterprise
GITHUB,android,Java,2017-12-27T07:32:23Z,mobile,mobile,mobile
GITHUB,automation,Go,2017-12-28T03:01:31Z,devops_cloud,devops_cloud,devops_cloud
GITHUB,data-engineering,Python,2017-12-28T10:43:15Z,data_ai,data_ai,data_ai
GITHUB,android,Kotlin,2017-12-28T23:55:06Z,mobile,mobile,mobile
GITHUB,auth0,JavaScript,2017-12-29T06:52:53Z,security,security,security
GITHUB,command-line,Go,2017-12-29T11:11:45Z,developer tools,developer tools,developer tools
GITHUB,cli,Swift,2017-12-30T07:18:07Z,developer tools,developer tools,developer tools
GITHUB,carthage,Swift,2017-12-30T12:05:39Z,mobile,mobile,mobile
GITHUB,analysis,C#,2017-12-31T01:38:54Z,data_ai,data_ai,data_ai
GITHUB,hdl-graph-slam,C++,2017-12-31T23:35:43Z,data_ai,data_ai,data_ai
GITHUB,helmet,TypeScript,2018-01-02T00:08:47Z,security,security,security
GITHUB,arm,C++,2018-01-02T09:36:42Z,embedded,embedded,embedded
GITHUB,githawk,Swift,2018-01-02T19:12:23Z,mobile,mobile,mobile
GITHUB,bitcoin,JavaScript,2018-01-03T00:33:25Z,blockchain,blockchain,blockchain
GITHUB,cms,Java,2018-01-04T01:32:32Z,web backend,web backend,web backend
GITHUB,api-client,Go,2018-01-04T07:08:08Z,developer tools,developer tools,developer tools
GITHUB,crawler,Python,2018-01-04T17:05:51Z,developer tools,developer tools,developer tools
GITHUB,asynchronous,Swift,2018-01-04T18:27:47Z,mobile,mobile,mobile
GITHUB,downloader,TypeScript,2018-01-05T03:10:45Z,developer tools,developer tools,developer tools
GITHUB,clickhouse,Go,2018-01-05T07:12:29Z,data_ai,data_ai,data_ai
GITHUB,gamedev,C++,2018-01-05T13:48:50Z,game,game,game
GITHUB,ant-design,JavaScript,2018-01-06T00:59:40Z,web frontend,web frontend,web frontend
GITHUB,compiler,Go,2018-01-07T20:22:56Z,developer tools,developer tools,developer tools
GITHUB,blockchain,C++,2018-01-07T21:34:30Z,blockchain,blockchain,blockchain
GITHUB,bluetooth,JavaScript,2018-01-08T01:14:16Z,iot,iot,iot
GITHUB,android,Kotlin,2018-01-08T03:27:25Z,mobile,mobile,mobile
GITHUB,baidu-map,Kotlin,2018-01-08T04:59:49Z,mobile,mobile,mobile
GITHUB,federated-clusters,Go,2018-01-09T06:21:03Z,devops_cloud,devops_cloud,devops_cloud
GITHUB,anne,Rust,2018-01-09T10:05:04Z,other,other,other
GITHUB,cardsview,C#,2018-01-09T15:24:56Z,mobile,mobile,mobile
GITHUB,berglas,JavaScript,2018-01-10T02:20:42Z,devops_cloud,devops_cloud,devops_cloud
GITHUB,intrusion-detection,Go,2018-01-10T04:31:31Z,security,security,security
GITHUB,unity,C#,2018-01-10T09:55:42Z,game,game,game
GITHUB,automation,TypeScript,2018-01-10T13:48:31Z,developer tools,developer tools,developer tools
GITHUB,cloudopt,Kotlin,2018-01-10T17:31:08Z,devops_cloud,devops_cloud,devops_cloud
GITHUB,deep-learning,Python,2018-01-10T17:43:21Z,data_ai,data_ai,data_ai
GITHUB,android,Java,2018-01-10T22:42:18Z,mobile,mobile,mobile
GITHUB,database,Rust,2018-01-11T03:25:04Z,developer tools,developer tools,developer tools
GITHUB,docker,Kotlin,2018-01-11T13:09:38Z,devops_cloud,devops_cloud,devops_cloud
GITHUB,alert,Swift,2018-01-12T05:16:07Z,mobile,mobile,mobile
GITHUB,language,Rust,2018-01-13T11:28:54Z,developer tools,developer tools,developer tools
GITHUB,computer-vision,Python,2018-01-13T11:40:37Z,data_ai,data_ai,data_ai
GITHUB,biped,C++,2018-01-14T05:53:05Z,embedded,embedded,embedded
GITHUB,cocoadebug,Swift,2018-01-14T23:47:38Z,mobile,mobile,mobile
GITHUB,browser,Rust,2018-01-15T00:21:48Z,web frontend,web frontend,web frontend
GITHUB,animated,TypeScript,2018-01-15T11:31:04Z,web frontend,web frontend,web frontend
GITHUB,android-library,Kotlin,2018-01-15T20:02:45Z,mobile,mobile,mobile
GITHUB,auto-hide,C#,2018-01-16T05:54:49Z,other,other,other
GITHUB,go,Go,2018-01-16T08:37:30Z,other,other,other
GITHUB,moment-js,JavaScript,2018-01-17T02:13:22Z,web frontend,web frontend,web frontend
GITHUB,backup-script,JavaScript,2018-01-17T08:58:07Z,devops_cloud,devops_cloud,devops_cloud
GITHUB,auto-trader,TypeScript,2018-01-17T13:32:47Z,web backend,web backend,web backend
GITHUB,android,Kotlin,2018-01-17T15:49:00Z,mobile,mobile,mobile
GITHUB,cloud-native-database,Go,2018-01-17T18:28:32Z,devops_cloud,devops_cloud,devops_cloud
GITHUB,hids,Go,2018-01-18T02:02:46Z,security,security,security
GITHUB,filesystem,Swift,2018-01-18T11:58:05Z,mobile,mobile,mobile
GITHUB,backoff,Go,2018-01-19T01:32:26Z,developer tools,developer tools,developer tools
GITHUB,lidar,C++,2018-01-19T04:03:08Z,embedded,embedded,embedded
GITHUB,bridge,Swift,2018-01-20T03:01:43Z,mobile,mobile,mobile
GITHUB,props,JavaScript,2018-01-20T15:57:29Z,web frontend,web frontend,web frontend
GITHUB,boilerplate,JavaScript,2018-01-20T21:28:33Z,developer tools,developer tools,developer tools
GITHUB,cli,Rust,2018-01-21T11:18:38Z,developer tools,developer tools,developer tools
GITHUB,abci,Go,2018-01-21T11:24:31Z,blockchain,blockchain,blockchain
GITHUB,au-plugin,C++,2018-01-21T12:21:13Z,other,other,other
GITHUB,hacking-tools,Python,2018-01-22T01:04:27Z,security,security,security
GITHUB,android,Kotlin,2018-01-22T04:41:20Z,mobile,mobile,mobile
GITHUB,auth,Go,2018-01-22T21:27:39Z,security,security,security
GITHUB,android,Kotlin,2018-01-23T03:44:10Z,mobile,mobile,mobile
GITHUB,dfir,Go,2018-01-23T09:11:32Z,security,security,security
GITHUB,chrome-headless,JavaScript,2018-01-23T10:38:09Z,testing_qa,testing_qa,testing_qa
GITHUB,attention-model,Python,2018-01-23T22:17:13Z,data_ai,data_ai,data_ai
GITHUB,csharp,C#,2018-01-24T05:46:37Z,other,other,other
GITHUB,real-time-strategy,C++,2018-01-24T06:59:20Z,game,game,game
GITHUB,instant-messaging,Rust,2018-01-24T08:35:53Z,web backend,web backend,web backend
GITHUB,anti-reversing,C++,2018-01-24T10:13:42Z,security,security,security
GITHUB,chrome,TypeScript,2018-01-25T02:12:46Z,web frontend,web frontend,web frontend
GITHUB,allocator,Rust,2018-01-25T14:10:56Z,developer tools,developer tools,developer tools
GITHUB,express,TypeScript,2018-01-25T22:10:32Z,web backend,web backend,web backend
GITHUB,ffmpeg,Go,2018-01-26T03:07:30Z,developer tools,developer tools,developer tools
GITHUB,binary,Python,2018-01-26T11:10:14Z,developer tools,developer tools,developer tools
GITHUB,asp-net-core-mvc,C#,2018-01-26T22:42:15Z,web backend,web backend,web backend
GITHUB,android,JavaScript,2018-01-27T00:34:23Z,mobile,mobile,mobile
GITHUB,bus-driver,C++,2018-01-28T06:10:30Z,embedded,embedded,embedded
GITHUB,remarkable-tablet,Go,2018-01-28T12:15:34Z,embedded,embedded,embedded
GITHUB,ocr,C++,2018-01-28T22:36:47Z,data_ai,data_ai,data_ai
GITHUB,android,Java,2018-01-28T23:10:32Z,mobile,mobile,mobile
GITHUB,enumeration,Python,2018-01-29T00:52:21Z,security,security,security
GITHUB,animation,C#,2018-01-29T05:39:38Z,game,game,game
GITHUB,code-snippets,Java,2018-01-30T05:02:27Z,developer tools,developer tools,developer tools
GITHUB,breadcrumbs,JavaScript,2018-01-30T16:40:01Z,web frontend,web frontend,web frontend
GITHUB,android,Kotlin,2018-01-30T22:37:04Z,mobile,mobile,mobile
GITHUB,algorithm,Go,2018-01-31T01:27:56Z,other,other,other
GITHUB,go,Go,2018-01-31T11:58:19Z,other,other,other
GITHUB,attention-mechanism,Python,2018-01-31T18:17:22Z,data_ai,data_ai,data_ai
GITHUB,aws,JavaScript,2018-02-01T09:09:54Z,devops_cloud,devops_cloud,devops_cloud
GITHUB,algorithmic-trading,Python,2018-02-01T12:13:22Z,data_ai,data_ai,data_ai
GITHUB,ark-plugin,Java,2018-02-01T22:02:09Z,developer tools,developer tools,developer tools
GITHUB,cpp11,C++,2018-02-02T01:29:37Z,other,other,other
GITHUB,bug-bounty,Go,2018-02-04T01:49:46Z,security,security,security
GITHUB,cryptocurrency,Go,2018-02-04T13:06:17Z,blockchain,blockchain,blockchain
GITHUB,9anime,Python,2018-02-04T13:37:55Z,web backend,web backend,web backend
GITHUB,bch,Swift,2018-02-04T22:33:53Z,blockchain,blockchain,blockchain
GITHUB,excel,Java,2018-02-05T19:14:08Z,enterprise,enterprise,enterprise
GITHUB,crop,Swift,2018-02-05T19:47:25Z,mobile,mobile,mobile
GITHUB,flutter,Swift,2018-02-05T21:49:36Z,mobile,mobile,mobile
GITHUB,domain-specific-language,C++,2018-02-06T09:11:07Z,developer tools,developer tools,developer tools
GITHUB,effect,C#,2018-02-06T19:50:30Z,game,game,game
GITHUB,distributed-consensus,C++,2018-02-07T03:25:57Z,blockchain,blockchain,blockchain
GITHUB,blockchain,Swift,2018-02-07T06:13:09Z,blockchain,blockchain,blockchain
GITHUB,grpc,Go,2018-02-07T06:25:02Z,web backend,web backend,web backend
GITHUB,expressjs,JavaScript,2018-02-07T08:26:57Z,web backend,web backend,web backend
GITHUB,printer-forensic,Python,2018-02-07T08:29:30Z,security,security,security
GITHUB,cockroachdb,Go,2018-02-07T13:13:46Z,devops_cloud,devops_cloud,devops_cloud
GITHUB,allan,C++,2018-02-07T17:12:23Z,other,other,other
GITHUB,experimental-language,Go,2018-02-07T17:49:35Z,developer tools,developer tools,developer tools
GITHUB,ai,Python,2018-02-08T06:03:17Z,data_ai,data_ai,data_ai
GITHUB,ctf,Go,2018-02-08T13:41:37Z,security,security,security
GITHUB,apple,Swift,2018-02-08T20:35:03Z,mobile,mobile,mobile
GITHUB,appframework-library,Swift,2018-02-09T05:21:18Z,mobile,mobile,mobile
GITHUB,deep-learning,Python,2018-02-10T04:33:06Z,data_ai,data_ai,data_ai
GITHUB,blockchain,Go,2018-02-10T06:57:47Z,blockchain,blockchain,blockchain
GITHUB,c-sharp,C#,2018-02-10T07:00:05Z,other,other,other
GITHUB,admin,C#,2018-02-10T11:56:05Z,enterprise,enterprise,enterprise
GITHUB,ios-swift,Swift,2018-02-10T12:58:19Z,mobile,mobile,mobile
GITHUB,mach-o,Swift,2018-02-10T22:47:38Z,developer tools,developer tools,developer tools
GITHUB,android,Kotlin,2018-02-11T02:55:35Z,mobile,mobile,mobile
GITHUB,algorithm,TypeScript,2018-02-11T05:23:36Z,other,other,other
GITHUB,android,Kotlin,2018-02-11T05:55:19Z,mobile,mobile,mobile
GITHUB,asset,C#,2018-02-11T09:00:44Z,game,game,game
GITHUB,android-auto,C++,2018-02-11T11:39:07Z,mobile,mobile,mobile
GITHUB,hacktoberfest,Rust,2018-02-12T09:22:16Z,other,other,other
GITHUB,golang,Go,2018-02-12T16:24:19Z,other,other,other
GITHUB,distributed-computing,Rust,2018-02-13T09:04:46Z,devops_cloud,devops_cloud,devops_cloud
GITHUB,cargo-subcommand,Rust,2018-02-13T11:38:49Z,developer tools,developer tools,developer tools
GITHUB,cache,Go,2018-02-13T19:12:27Z,developer tools,developer tools,developer tools
GITHUB,java,C++,2018-02-14T02:41:28Z,other,other,other
GITHUB,backdoor,Python,2018-02-14T10:38:55Z,security,security,security
GITHUB,bluetooth,Go,2018-02-15T08:23:43Z,iot,iot,iot
GITHUB,automapper,C#,2018-02-15T13:43:02Z,enterprise,enterprise,enterprise
GITHUB,android,Kotlin,2018-02-15T19:42:03Z,mobile,mobile,mobile
GITHUB,api,Go,2018-02-16T04:06:24Z,web backend,web backend,web backend
GITHUB,collection,JavaScript,2018-02-16T04:12:32Z,other,other,other
GITHUB,face-recognition,Python,2018-02-17T05:58:57Z,data_ai,data_ai,data_ai
GITHUB,formik,TypeScript,2018-02-18T04:13:57Z,web frontend,web frontend,web frontend
GITHUB,book,Go,2018-02-18T05:18:52Z,other,other,other
GITHUB,architecture,Swift,2018-02-18T08:50:01Z,mobile,mobile,mobile
GITHUB,go,Go,2018-02-18T23:25:22Z,other,other,other
GITHUB,aws-appsync,JavaScript,2018-02-19T10:09:11Z,web backend,web backend,web backend
GITHUB,microkernel,Rust,2018-02-19T11:46:35Z,embedded,embedded,embedded
GITHUB,android,C#,2018-02-20T09:11:53Z,mobile,mobile,mobile
GITHUB,context,JavaScript,2018-02-20T15:01:14Z,other,other,other
GITHUB,dom,Rust,2018-02-20T22:33:26Z,web frontend,web frontend,web frontend
GITHUB,inference,Rust,2018-02-21T01:29:02Z,data_ai,data_ai,data_ai
GITHUB,360degree,Swift,2018-02-21T03:31:55Z,mobile,mobile,mobile
GITHUB,android,Kotlin,2018-02-21T07:53:31Z,mobile,mobile,mobile
GITHUB,debounce,Swift,2018-02-21T10:54:59Z,mobile,mobile,mobile
GITHUB,name-generator,TypeScript,2018-02-21T15:04:42Z,other,other,other
GITHUB,client,Python,2018-02-22T06:58:34Z,developer tools,developer tools,developer tools
GITHUB,ios,Swift,2018-02-22T10:46:01Z,mobile,mobile,mobile
GITHUB,blogging,JavaScript,2018-02-22T16:09:29Z,web frontend,web frontend,web frontend
GITHUB,hijacking,Rust,2018-02-22T18:21:45Z,security,security,security
GITHUB,bing,C++,2018-02-23T03:41:36Z,other,other,other
GITHUB,android,Kotlin,2018-02-23T11:01:21Z,mobile,mobile,mobile
GITHUB,architecture-components,Kotlin,2018-02-23T12:28:03Z,mobile,mobile,mobile
GITHUB,deep-learning,Python,2018-02-23T18:44:52Z,data_ai,data_ai,data_ai
GITHUB,beautifulsoup,Python,2018-02-24T12:11:02Z,developer tools,developer tools,developer tools
GITHUB,game,Rust,2018-02-24T17:19:29Z,game,game,game
GITHUB,artificial-life,Python,2018-02-24T21:51:46Z,data_ai,data_ai,data_ai
GITHUB,editor,TypeScript,2018-02-24T22:35:15Z,developer tools,developer tools,developer tools
GITHUB,beego,Go,2018-02-24T22:55:55Z,web backend,web backend,web backend
GITHUB,chrome,C#,2018-02-25T05:09:15Z,developer tools,developer tools,developer tools
GITHUB,android,Kotlin,2018-02-25T09:50:15Z,mobile,mobile,mobile
GITHUB,live,C++,2018-02-25T17:11:18Z,other,other,other
GITHUB,cli,Go,2018-02-25T18:36:08Z,developer tools,developer tools,developer tools
GITHUB,javascript,JavaScript,2018-02-25T23:27:46Z,web frontend,web frontend,web frontend
GITHUB,dynamic,C++,2018-02-26T08:01:37Z,other,other,other
GITHUB,ios,Swift,2018-02-26T11:30:05Z,mobile,mobile,mobile
GITHUB,game-development,Go,2018-02-26T18:14:14Z,game,game,game
GITHUB,bluetooth,C#,2018-02-27T14:13:05Z,iot,iot,iot
GITHUB,alarm,Kotlin,2018-02-27T14:29:23Z,mobile,mobile,mobile
GITHUB,command-line-interface,Python,2018-02-27T20:47:03Z,developer tools,developer tools,developer tools
GITHUB,animation,Kotlin,2018-02-28T02:45:12Z,mobile,mobile,mobile
GITHUB,api,TypeScript,2018-02-28T21:48:55Z,web backend,web backend,web backend
GITHUB,compile-time,C++,2018-03-01T12:20:01Z,developer tools,developer tools,developer tools
GITHUB,cocoapods,Swift,2018-03-01T18:10:30Z,mobile,mobile,mobile
GITHUB,attention-mechanism,Python,2018-03-02T02:20:26Z,data_ai,data_ai,data_ai
GITHUB,animated,TypeScript,2018-03-02T15:11:39Z,web frontend,web frontend,web frontend
GITHUB,android,Kotlin,2018-03-03T03:37:48Z,mobile,mobile,mobile
GITHUB,iosdev,Swift,2018-03-03T09:25:02Z,mobile,mobile,mobile
GITHUB,peertube,Kotlin,2018-03-03T16:48:31Z,mobile,mobile,mobile
GITHUB,cocoa,Swift,2018-03-03T19:24:10Z,mobile,mobile,mobile
GITHUB,officialaccounts,Python,2018-03-03T22:00:40Z,web backend,web backend,web backend
GITHUB,bindata,Go,2018-03-03T22:51:32Z,developer tools,developer tools,developer tools
GITHUB,android,Kotlin,2018-03-05T03:58:39Z,mobile,mobile,mobile
GITHUB,city,Kotlin,2018-03-05T15:51:20Z,mobile,mobile,mobile
GITHUB,configserver,C#,2018-03-06T01:49:10Z,devops_cloud,devops_cloud,devops_cloud
GITHUB,flowlayout,Swift,2018-03-06T11:32:01Z,mobile,mobile,mobile
GITHUB,autohotkey,C#,2018-03-06T11:53:59Z,developer tools,developer tools,developer tools
GITHUB,anti-debugging,C++,2018-03-06T13:21:37Z,security,security,security
GITHUB,compliance,Go,2018-03-06T16:43:16Z,security,security,security
GITHUB,database,Go,2018-03-07T02:31:36Z,developer tools,developer tools,developer tools
GITHUB,chrome-extension,JavaScript,2018-03-07T04:02:13Z,web frontend,web frontend,web frontend
GITHUB,chinese-nlp,Python,2018-03-07T05:30:20Z,data_ai,data_ai,data_ai
GITHUB,bow,Swift,2018-03-07T07:01:09Z,mobile,mobile,mobile
GITHUB,ci-cd,Go,2018-03-07T22:25:53Z,devops_cloud,devops_cloud,devops_cloud
GITHUB,average-precision,Python,2018-03-08T03:24:23Z,data_ai,data_ai,data_ai
GITHUB,android,Kotlin,2018-03-08T09:41:51Z,mobile,mobile,mobile
GITHUB,form,JavaScript,2018-03-08T09:52:16Z,web frontend,web frontend,web frontend
GITHUB,code-generation,Kotlin,2018-03-08T17:14:41Z,developer tools,developer tools,developer tools
GITHUB,ecs,C#,2018-03-09T02:06:35Z,game,game,game
GITHUB,legged,C++,2018-03-09T09:49:51Z,embedded,embedded,embedded
GITHUB,cifar10,Python,2018-03-09T15:58:31Z,data_ai,data_ai,data_ai
GITHUB,2d-game-engine,C++,2018-03-09T20:07:35Z,game,game,game
GITHUB,awesome,Go,2018-03-10T05:24:20Z,other,other,other
GITHUB,githawk,Swift,2018-03-10T09:59:20Z,mobile,mobile,mobile
GITHUB,java,Java,2018-03-11T05:29:14Z,other,other,other
GITHUB,css,JavaScript,2018-03-11T11:50:16Z,web frontend,web frontend,web frontend
GITHUB,driver,C++,2018-03-12T14:22:43Z,embedded,embedded,embedded
GITHUB,arduino-library,C++,2018-03-12T17:59:54Z,embedded,embedded,embedded
GITHUB,coroutines,Kotlin,2018-03-12T20:01:40Z,mobile,mobile,mobile
GITHUB,animate,Kotlin,2018-03-13T01:12:56Z,mobile,mobile,mobile
GITHUB,fetch-api,JavaScript,2018-03-14T20:41:37Z,web frontend,web frontend,web frontend
GITHUB,audio-applications,C#,2018-03-14T21:59:48Z,other,other,other
GITHUB,flink,JavaScript,2018-03-15T00:20:22Z,data_ai,data_ai,data_ai
GITHUB,c-plus-plus,C++,2018-03-15T03:17:21Z,other,other,other
GITHUB,concurrency,Rust,2018-03-15T15:27:56Z,developer tools,developer tools,developer tools
GITHUB,botnet,C++,2018-03-15T17:12:27Z,security,security,security
GITHUB,api,Go,2018-03-16T02:44:05Z,web backend,web backend,web backend
GITHUB,cryptography,TypeScript,2018-03-16T03:58:59Z,security,security,security
GITHUB,android,Java,2018-03-16T08:42:58Z,mobile,mobile,mobile
GITHUB,applescript,Swift,2018-03-16T10:17:30Z,other,other,other
GITHUB,c-plus-plus,C++,2018-03-16T20:59:41Z,other,other,other
GITHUB,oauth2,Java,2018-03-16T22:40:43Z,security,security,security
GITHUB,coc-extensions,TypeScript,2018-03-18T03:30:26Z,developer tools,developer tools,developer tools
GITHUB,afl,C++,2018-03-18T23:07:32Z,security,security,security
GITHUB,yarn,Rust,2018-03-19T03:31:31Z,developer tools,developer tools,developer tools
GITHUB,android,Kotlin,2018-03-19T04:38:50Z,mobile,mobile,mobile
GITHUB,cli,Rust,2018-03-19T11:10:35Z,developer tools,developer tools,developer tools
GITHUB,blockchain,C++,2018-03-19T18:49:11Z,blockchain,blockchain,blockchain
GITHUB,actors,C#,2018-03-20T09:18:28Z,web backend,web backend,web backend
GITHUB,datalog,Java,2018-03-20T13:14:11Z,data_ai,data_ai,data_ai
GITHUB,android,Kotlin,2018-03-20T21:14:31Z,mobile,mobile,mobile
GITHUB,effects,C#,2018-03-21T00:06:21Z,game,game,game
GITHUB,android,Kotlin,2018-03-21T08:24:03Z,mobile,mobile,mobile
GITHUB,anomaly-detection,Python,2018-03-21T21:50:59Z,data_ai,data_ai,data_ai
GITHUB,rust,Rust,2018-03-22T01:57:14Z,other,other,other
GITHUB,bar-chart,Go,2018-03-22T02:05:31Z,data_ai,data_ai,data_ai
GITHUB,android,Kotlin,2018-03-22T02:55:43Z,mobile,mobile,mobile
GITHUB,rust,Rust,2018-03-22T15:18:47Z,other,other,other
GITHUB,blog,TypeScript,2018-03-22T19:13:21Z,web frontend,web frontend,web frontend
GITHUB,fluid,C#,2018-03-23T05:35:26Z,developer tools,developer tools,developer tools
GITHUB,drag,TypeScript,2018-03-23T08:37:58Z,web frontend,web frontend,web frontend
GITHUB,tradingview,JavaScript,2018-03-23T10:37:18Z,web frontend,web frontend,web frontend
GITHUB,dnd,TypeScript,2018-03-24T04:58:00Z,web frontend,web frontend,web frontend
GITHUB,drag,TypeScript,2018-03-24T05:19:53Z,web frontend,web frontend,web frontend
GITHUB,editor,JavaScript,2018-03-24T06:28:25Z,developer tools,developer tools,developer tools
GITHUB,confuserex,C#,2018-03-24T09:16:28Z,security,security,security
GITHUB,awesome,Go,2018-03-25T08:38:27Z,other,other,other
GITHUB,filesystem,Rust,2018-03-25T08:59:47Z,developer tools,developer tools,developer tools
GITHUB,android,Java,2018-03-25T09:01:47Z,mobile,mobile,mobile
GITHUB,app,Swift,2018-03-25T12:36:30Z,mobile,mobile,mobile
GITHUB,boilerplate,Go,2018-03-26T03:17:21Z,developer tools,developer tools,developer tools
GITHUB,bioinformatics,C++,2018-03-26T10:58:07Z,data_ai,data_ai,data_ai
GITHUB,texture,C#,2018-03-26T15:09:25Z,game,game,game
GITHUB,construction,C#,2018-03-27T02:32:34Z,enterprise,enterprise,enterprise
GITHUB,ann,Python,2018-03-27T11:05:44Z,data_ai,data_ai,data_ai
GITHUB,dsl,Kotlin,2018-03-28T06:40:48Z,developer tools,developer tools,developer tools
GITHUB,swift,Swift,2018-03-28T11:12:44Z,mobile,mobile,mobile
GITHUB,android,Kotlin,2018-03-28T23:38:05Z,mobile,mobile,mobile
GITHUB,bitcoin,Go,2018-03-29T15:03:28Z,blockchain,blockchain,blockchain
GITHUB,awesome,Go,2018-03-29T18:16:56Z,other,other,other
GITHUB,animation,TypeScript,2018-03-29T22:32:04Z,web frontend,web frontend,web frontend
GITHUB,500px,Swift,2018-03-30T01:32:43Z,mobile,mobile,mobile
GITHUB,android,Kotlin,2018-03-30T07:49:56Z,mobile,mobile,mobile
GITHUB,eleventy,JavaScript,2018-03-30T12:45:51Z,web frontend,web frontend,web frontend
GITHUB,apple,Swift,2018-03-30T19:37:04Z,mobile,mobile,mobile
GITHUB,algorithm,Go,2018-03-31T08:08:40Z,other,other,other
GITHUB,aarch64,Rust,2018-03-31T10:08:56Z,embedded,embedded,embedded
GITHUB,concurrency,Java,2018-03-31T12:35:51Z,developer tools,developer tools,developer tools
GITHUB,instant-preview,Go,2018-04-01T12:59:26Z,devops_cloud,devops_cloud,devops_cloud
GITHUB,android,Kotlin,2018-04-02T00:00:06Z,mobile,mobile,mobile
GITHUB,2048,C++,2018-04-02T00:14:05Z,game,game,game
GITHUB,aarch64,Rust,2018-04-02T00:29:49Z,embedded,embedded,embedded
GITHUB,android,Java,2018-04-02T06:24:36Z,mobile,mobile,mobile
GITHUB,game,Go,2018-04-02T09:00:39Z,game,game,game
GITHUB,dlib,Go,2018-04-02T09:58:01Z,data_ai,data_ai,data_ai
GITHUB,hacktoberfest,Go,2018-04-02T11:40:51Z,other,other,other
GITHUB,ble,Rust,2018-04-02T13:28:46Z,iot,iot,iot
GITHUB,attention-gates,Python,2018-04-02T14:50:07Z,data_ai,data_ai,data_ai
GITHUB,ccpd,Python,2018-04-02T19:19:51Z,data_ai,data_ai,data_ai
GITHUB,code-analysis,TypeScript,2018-04-03T04:23:34Z,developer tools,developer tools,developer tools
GITHUB,cloud,C#,2018-04-04T07:05:01Z,devops_cloud,devops_cloud,devops_cloud
GITHUB,ecommerce,TypeScript,2018-04-04T17:40:47Z,web frontend,web frontend,web frontend
GITHUB,go,Go,2018-04-04T21:02:03Z,other,other,other
GITHUB,android,Kotlin,2018-04-05T02:16:38Z,mobile,mobile,mobile
GITHUB,adaptation,Java,2018-04-05T19:28:02Z,enterprise,enterprise,enterprise
GITHUB,animation,Swift,2018-04-06T04:48:30Z,mobile,mobile,mobile
GITHUB,applications,Go,2018-04-06T07:01:46Z,web backend,web backend,web backend
GITHUB,object-detection,Python,2018-04-06T14:55:48Z,data_ai,data_ai,data_ai
GITHUB,animations,Swift,2018-04-07T01:29:25Z,mobile,mobile,mobile
GITHUB,algorithm,C++,2018-04-09T05:18:25Z,other,other,other
GITHUB,function-composition,Swift,2018-04-09T08:12:57Z,developer tools,developer tools,developer tools
GITHUB,fluent,C#,2018-04-09T11:49:17Z,developer tools,developer tools,developer tools
GITHUB,binary,Go,2018-04-09T15:06:07Z,developer tools,developer tools,developer tools
GITHUB,cli,TypeScript,2018-04-10T00:52:58Z,developer tools,developer tools,developer tools
GITHUB,go,Go,2018-04-10T07:54:55Z,other,other,other
GITHUB,controller,Swift,2018-04-11T01:32:36Z,mobile,mobile,mobile
GITHUB,bft,Go,2018-04-11T02:52:58Z,blockchain,blockchain,blockchain
GITHUB,api,Go,2018-04-11T06:40:02Z,web backend,web backend,web backend
GITHUB,android,C++,2018-04-12T00:03:37Z,mobile,mobile,mobile
GITHUB,android,Java,2018-04-12T03:25:56Z,mobile,mobile,mobile
GITHUB,actionsheet,Swift,2018-04-12T16:35:22Z,mobile,mobile,mobile
GITHUB,computer-science,Java,2018-04-12T18:50:10Z,other,other,other
GITHUB,anonymity,Rust,2018-04-12T21:33:23Z,security,security,security
GITHUB,data-science,Python,2018-04-13T00:35:51Z,data_ai,data_ai,data_ai
GITHUB,acgan,Kotlin,2018-04-15T07:27:46Z,data_ai,data_ai,data_ai
GITHUB,autolayout,Swift,2018-04-16T07:52:33Z,mobile,mobile,mobile
GITHUB,face-detection,C++,2018-04-16T19:42:48Z,data_ai,data_ai,data_ai
GITHUB,assert,TypeScript,2018-04-16T22:33:46Z,testing_qa,testing_qa,testing_qa
GITHUB,2pc,Go,2018-04-17T00:25:40Z,web backend,web backend,web backend
GITHUB,android,Kotlin,2018-04-17T08:23:47Z,mobile,mobile,mobile
GITHUB,highlighting,JavaScript,2018-04-17T22:50:46Z,web frontend,web frontend,web frontend
GITHUB,authentication,JavaScript,2018-04-18T01:24:12Z,security,security,security
GITHUB,agent,Rust,2018-04-18T02:08:30Z,developer tools,developer tools,developer tools
GITHUB,rust,Rust,2018-04-18T16:04:50Z,other,other,other
GITHUB,carthage,Swift,2018-04-18T22:27:28Z,mobile,mobile,mobile
GITHUB,loader,C++,2018-04-19T06:05:07Z,developer tools,developer tools,developer tools
GITHUB,basicsr,Python,2018-04-19T11:58:00Z,data_ai,data_ai,data_ai
GITHUB,algorithm,Python,2018-04-19T16:55:04Z,other,other,other
GITHUB,discovery,Go,2018-04-20T05:57:50Z,devops_cloud,devops_cloud,devops_cloud
GITHUB,android,Kotlin,2018-04-20T07:06:02Z,mobile,mobile,mobile
GITHUB,android,Kotlin,2018-04-20T07:16:50Z,mobile,mobile,mobile
GITHUB,android,Kotlin,2018-04-20T10:29:03Z,mobile,mobile,mobile
GITHUB,http,TypeScript,2018-04-21T00:47:06Z,web backend,web backend,web backend
GITHUB,actionsheet,Swift,2018-04-21T05:23:48Z,mobile,mobile,mobile
GITHUB,best-practices,Java,2018-04-21T07:15:09Z,other,other,other
GITHUB,android,Kotlin,2018-04-21T08:36:05Z,mobile,mobile,mobile
GITHUB,brand-icons,TypeScript,2018-04-22T11:01:50Z,web frontend,web frontend,web frontend
GITHUB,bash,Swift,2018-04-22T11:08:32Z,mobile,mobile,mobile
GITHUB,javascript,JavaScript,2018-04-23T03:40:00Z,web frontend,web frontend,web frontend
GITHUB,deep-learning,Python,2018-04-23T06:58:04Z,data_ai,data_ai,data_ai
GITHUB,activiti,Java,2018-04-23T07:44:18Z,enterprise,enterprise,enterprise
GITHUB,codable,Swift,2018-04-23T09:22:09Z,mobile,mobile,mobile
GITHUB,container-queries,JavaScript,2018-04-24T02:16:56Z,web frontend,web frontend,web frontend
GITHUB,bilibili,TypeScript,2018-04-25T01:59:23Z,web frontend,web frontend,web frontend
GITHUB,decoder,Go,2018-04-25T07:52:24Z,developer tools,developer tools,developer tools
GITHUB,editor,Swift,2018-04-25T18:19:42Z,developer tools,developer tools,developer tools
GITHUB,android,Java,2018-04-27T03:23:44Z,mobile,mobile,mobile
GITHUB,color-scheme,C#,2018-04-27T13:41:20Z,developer tools,developer tools,developer tools
GITHUB,android,Java,2018-04-28T00:32:36Z,mobile,mobile,mobile
GITHUB,android,Kotlin,2018-04-28T03:27:38Z,mobile,mobile,mobile
GITHUB,assert,Kotlin,2018-04-29T00:40:27Z,testing_qa,testing_qa,testing_qa
GITHUB,data-over-sound,C++,2018-04-29T03:33:38Z,embedded,embedded,embedded
GITHUB,android,Kotlin,2018-04-29T10:41:49Z,mobile,mobile,mobile
GITHUB,android,Kotlin,2018-04-30T05:54:53Z,mobile,mobile,mobile
GITHUB,javascript,TypeScript,2018-04-30T14:33:14Z,web frontend,web frontend,web frontend
GITHUB,learning,Java,2018-05-01T19:48:44Z,other,other,other
GITHUB,cocoapods,Swift,2018-05-02T02:07:41Z,mobile,mobile,mobile
GITHUB,csharp,C#,2018-05-03T00:55:40Z,other,other,other
GITHUB,macos,Swift,2018-05-03T04:50:18Z,other,other,other
GITHUB,csharp,C#,2018-05-03T20:33:51Z,other,other,other
GITHUB,camera,Java,2018-05-04T02:43:46Z,mobile,mobile,mobile
GITHUB,authentication,Rust,2018-05-04T09:27:51Z,security,security,security
GITHUB,activityresult,Kotlin,2018-05-05T08:20:20Z,mobile,mobile,mobile
GITHUB,beego,Go,2018-05-06T07:36:09Z,web backend,web backend,web backend
GITHUB,android,Kotlin,2018-05-06T19:56:26Z,mobile,mobile,mobile
GITHUB,lyft,Kotlin,2018-05-07T17:00:20Z,mobile,mobile,mobile
GITHUB,blazor,C#,2018-05-07T18:51:06Z,web frontend,web frontend,web frontend
GITHUB,3d-graphics,Java,2018-05-07T19:35:07Z,game,game,game
GITHUB,c,C++,2018-05-09T05:30:59Z,other,other,other
GITHUB,aspect-based-sentiment-analysis,Python,2018-05-09T07:49:33Z,data_ai,data_ai,data_ai
GITHUB,atom,TypeScript,2018-05-09T08:52:48Z,developer tools,developer tools,developer tools
GITHUB,java,Java,2018-05-10T01:43:28Z,other,other,other
GITHUB,go,Go,2018-05-10T07:49:46Z,other,other,other
GITHUB,armadillo-library,C++,2018-05-10T09:11:05Z,data_ai,data_ai,data_ai
GITHUB,xcode,Swift,2018-05-10T14:12:35Z,mobile,mobile,mobile
GITHUB,exploit,C++,2018-05-10T15:38:15Z,security,security,security
GITHUB,classic,Swift,2018-05-10T23:24:57Z,mobile,mobile,mobile
GITHUB,design-patterns,Java,2018-05-11T17:00:42Z,enterprise,enterprise,enterprise
GITHUB,desktop,Kotlin,2018-05-12T03:15:44Z,other,other,other
GITHUB,callback,C++,2018-05-12T21:27:20Z,developer tools,developer tools,developer tools
GITHUB,android,Kotlin,2018-05-13T12:22:32Z,mobile,mobile,mobile
GITHUB,disabling-services,C#,2018-05-13T14:53:03Z,security,security,security
GITHUB,advancedeast,Python,2018-05-13T18:37:52Z,data_ai,data_ai,data_ai
GITHUB,axonframework,Kotlin,2018-05-13T20:31:29Z,enterprise,enterprise,enterprise
GITHUB,react-date,JavaScript,2018-05-14T01:10:24Z,web frontend,web frontend,web frontend
GITHUB,android,Java,2018-05-14T06:33:42Z,mobile,mobile,mobile
GITHUB,animation,JavaScript,2018-05-14T12:02:26Z,web frontend,web frontend,web frontend
GITHUB,animation,JavaScript,2018-05-14T12:43:42Z,web frontend,web frontend,web frontend
GITHUB,blockchain,Rust,2018-05-14T19:42:12Z,blockchain,blockchain,blockchain
GITHUB,android,Kotlin,2018-05-15T09:27:40Z,mobile,mobile,mobile
GITHUB,csharp,C#,2018-05-15T19:46:04Z,other,other,other
GITHUB,form,TypeScript,2018-05-15T22:56:10Z,web frontend,web frontend,web frontend
GITHUB,api-service,JavaScript,2018-05-15T23:43:38Z,web backend,web backend,web backend
GITHUB,blockchain,Go,2018-05-16T02:22:56Z,blockchain,blockchain,blockchain
GITHUB,auto-legality,C#,2018-05-16T02:44:05Z,game,game,game
GITHUB,bert,Python,2018-05-17T14:00:13Z,data_ai,data_ai,data_ai
GITHUB,game-engine,C#,2018-05-17T14:51:27Z,game,game,game
GITHUB,axios,JavaScript,2018-05-17T22:51:04Z,web frontend,web frontend,web frontend
GITHUB,cachecloud,Java,2018-05-17T23:43:09Z,devops_cloud,devops_cloud,devops_cloud
GITHUB,cardparts,Swift,2018-05-18T06:47:09Z,mobile,mobile,mobile
GITHUB,docker,Go,2018-05-18T09:10:18Z,devops_cloud,devops_cloud,devops_cloud
GITHUB,deeplearning,Python,2018-05-18T15:34:51Z,data_ai,data_ai,data_ai
GITHUB,copytranslator,TypeScript,2018-05-18T21:56:01Z,web frontend,web frontend,web frontend
GITHUB,age-estimation,TypeScript,2018-05-18T23:14:53Z,data_ai,data_ai,data_ai
GITHUB,dxgi,C++,2018-05-19T09:04:12Z,game,game,game
GITHUB,go-json,Go,2018-05-19T09:15:18Z,developer tools,developer tools,developer tools
GITHUB,jobs,C#,2018-05-20T00:22:26Z,enterprise,enterprise,enterprise
GITHUB,cpp,C++,2018-05-20T12:30:45Z,other,other,other
GITHUB,android,Kotlin,2018-05-20T15:02:31Z,mobile,mobile,mobile
GITHUB,dear-imgui,C++,2018-05-21T10:50:01Z,game,game,game
GITHUB,ios,Swift,2018-05-21T12:39:47Z,mobile,mobile,mobile
GITHUB,nodejs,JavaScript,2018-05-22T03:57:44Z,web backend,web backend,web backend
GITHUB,console,Rust,2018-05-23T15:25:27Z,developer tools,developer tools,developer tools
GITHUB,aspnetcore,C#,2018-05-24T04:49:10Z,web backend,web backend,web backend
GITHUB,gear-vr,C++,2018-05-24T07:26:25Z,game,game,game
GITHUB,android,Kotlin,2018-05-25T04:51:19Z,mobile,mobile,mobile
GITHUB,android,Kotlin,2018-05-25T05:10:47Z,mobile,mobile,mobile
GITHUB,xposed,Java,2018-05-25T22:35:04Z,mobile,mobile,mobile
GITHUB,csharp,C#,2018-05-26T04:11:18Z,other,other,other
GITHUB,hangfire,C#,2018-05-27T05:59:32Z,web backend,web backend,web backend
GITHUB,android,Kotlin,2018-05-27T14:04:01Z,mobile,mobile,mobile
GITHUB,app,JavaScript,2018-05-27T19:01:13Z,web frontend,web frontend,web frontend
GITHUB,admin-dashboard,JavaScript,2018-05-29T00:40:19Z,web frontend,web frontend,web frontend
GITHUB,axon,Kotlin,2018-05-29T01:16:57Z,enterprise,enterprise,enterprise
GITHUB,java,Java,2018-05-29T02:07:08Z,other,other,other
GITHUB,activity-lifecycle,Java,2018-05-29T07:08:42Z,mobile,mobile,mobile
GITHUB,automation,Rust,2018-05-29T13:48:02Z,developer tools,developer tools,developer tools
GITHUB,go,Go,2018-05-29T17:02:38Z,other,other,other
GITHUB,mtproto,Go,2018-05-30T23:55:52Z,developer tools,developer tools,developer tools
GITHUB,ios,Swift,2018-05-31T00:41:58Z,mobile,mobile,mobile
GITHUB,battery,Swift,2018-05-31T09:51:06Z,mobile,mobile,mobile
GITHUB,lively,TypeScript,2018-06-01T04:05:56Z,web frontend,web frontend,web frontend
GITHUB,shortcut,TypeScript,2018-06-02T00:57:49Z,developer tools,developer tools,developer tools
GITHUB,android,Kotlin,2018-06-02T16:07:22Z,mobile,mobile,mobile
GITHUB,android,Kotlin,2018-06-04T00:16:15Z,mobile,mobile,mobile
GITHUB,epoll,C++,2018-06-04T04:20:12Z,web backend,web backend,web backend
GITHUB,cpp14,C++,2018-06-05T01:23:20Z,other,other,other
GITHUB,jikeshijian,Kotlin,2018-06-05T07:51:35Z,mobile,mobile,mobile
GITHUB,animation,C++,2018-06-06T01:29:18Z,game,game,game
GITHUB,ffmpeg,C++,2018-06-06T02:05:56Z,developer tools,developer tools,developer tools
GITHUB,apex,Python,2018-06-06T02:08:20Z,enterprise,enterprise,enterprise
GITHUB,healthcare,Java,2018-06-06T16:11:58Z,enterprise,enterprise,enterprise
GITHUB,android,C++,2018-06-07T03:22:44Z,mobile,mobile,mobile
GITHUB,aerial-imagery,Python,2018-06-07T05:42:33Z,data_ai,data_ai,data_ai
GITHUB,applescript,Swift,2018-06-07T09:03:33Z,other,other,other
GITHUB,enumeration,Python,2018-06-08T00:05:39Z,security,security,security
GITHUB,cypress,JavaScript,2018-06-08T00:15:32Z,testing_qa,testing_qa,testing_qa
GITHUB,cocoa,Swift,2018-06-08T04:39:51Z,mobile,mobile,mobile
GITHUB,android,Swift,2018-06-08T04:53:40Z,mobile,mobile,mobile
GITHUB,actix-web,Rust,2018-06-09T03:14:05Z,web backend,web backend,web backend
GITHUB,pytorch,Python,2018-06-10T14:31:23Z,data_ai,data_ai,data_ai
GITHUB,android,Kotlin,2018-06-10T15:35:59Z,mobile,mobile,mobile
GITHUB,chat,Swift,2018-06-10T17:22:59Z,mobile,mobile,mobile
GITHUB,cloudflare-dns,C#,2018-06-11T18:52:07Z,devops_cloud,devops_cloud,devops_cloud
GITHUB,game,Go,2018-06-11T20:19:29Z,game,game,game
GITHUB,bilibili,Python,2018-06-11T21:00:04Z,other,other,other
GITHUB,android,Kotlin,2018-06-12T20:45:42Z,mobile,mobile,mobile
GITHUB,cryptography,Go,2018-06-13T07:00:42Z,security,security,security
GITHUB,animation-library,TypeScript,2018-06-13T19:18:59Z,web frontend,web frontend,web frontend
GITHUB,appsec,C#,2018-06-14T00:38:48Z,security,security,security
GITHUB,c-plus-plus,C++,2018-06-14T03:00:31Z,other,other,other
GITHUB,archive,Python,2018-06-14T13:00:37Z,other,other,other
GITHUB,deeplab-v3-plus,Python,2018-06-14T19:07:37Z,data_ai,data_ai,data_ai
GITHUB,breach,Python,2018-06-14T19:47:00Z,security,security,security
GITHUB,3d-graphics,TypeScript,2018-06-15T04:02:37Z,web frontend,web frontend,web frontend
GITHUB,ascii-chart,Go,2018-06-17T03:37:16Z,developer tools,developer tools,developer tools
GITHUB,debugging,Go,2018-06-17T11:56:39Z,developer tools,developer tools,developer tools
GITHUB,alist,Go,2018-06-18T01:22:53Z,web backend,web backend,web backend
GITHUB,dns,JavaScript,2018-06-18T19:06:45Z,devops_cloud,devops_cloud,devops_cloud
GITHUB,mac,Swift,2018-06-19T04:31:49Z,other,other,other
GITHUB,python,Python,2018-06-19T10:43:24Z,other,other,other
GITHUB,paper,Python,2018-06-19T13:03:00Z,other,other,other
GITHUB,boilerplate,TypeScript,2018-06-19T15:25:32Z,developer tools,developer tools,developer tools
GITHUB,apple,Swift,2018-06-21T05:18:57Z,mobile,mobile,mobile
GITHUB,editor,TypeScript,2018-06-21T07:15:50Z,developer tools,developer tools,developer tools
GITHUB,accumulator,Java,2018-06-21T07:30:16Z,other,other,other
GITHUB,android,Kotlin,2018-06-21T21:54:14Z,mobile,mobile,mobile
GITHUB,dialogue,Python,2018-06-22T10:43:55Z,data_ai,data_ai,data_ai
GITHUB,baseflow,C#,2018-06-22T22:52:22Z,other,other,other
GITHUB,android,C#,2018-06-24T03:49:32Z,mobile,mobile,mobile
GITHUB,android,Kotlin,2018-06-24T07:15:03Z,mobile,mobile,mobile
GITHUB,notifications,TypeScript,2018-06-24T11:43:40Z,web frontend,web frontend,web frontend
GITHUB,automl,Python,2018-06-24T22:27:29Z,data_ai,data_ai,data_ai
GITHUB,certificates,Go,2018-06-24T22:33:03Z,security,security,security
GITHUB,animation,Swift,2018-06-25T00:55:06Z,mobile,mobile,mobile
GITHUB,chatbots,Swift,2018-06-25T02:48:14Z,mobile,mobile,mobile
GITHUB,assembly,C#,2018-06-25T14:52:48Z,developer tools,developer tools,developer tools
GITHUB,flutter,Go,2018-06-25T21:23:20Z,mobile,mobile,mobile
GITHUB,beyondcorp,Go,2018-06-26T04:29:11Z,security,security,security
GITHUB,async,TypeScript,2018-06-26T05:56:11Z,developer tools,developer tools,developer tools
GITHUB,caffe,C++,2018-06-26T19:45:59Z,data_ai,data_ai,data_ai
GITHUB,deep-learning,C++,2018-06-26T20:50:12Z,data_ai,data_ai,data_ai
GITHUB,android,Kotlin,2018-06-27T08:07:37Z,mobile,mobile,mobile
GITHUB,bitset,Rust,2018-06-27T23:26:44Z,developer tools,developer tools,developer tools
GITHUB,blockchain,Rust,2018-06-28T05:42:15Z,blockchain,blockchain,blockchain
GITHUB,elasticsearch,Rust,2018-06-28T06:23:45Z,developer tools,developer tools,developer tools
GITHUB,openapi,TypeScript,2018-06-29T05:52:25Z,developer tools,developer tools,developer tools
GITHUB,android,Java,2018-06-29T06:39:08Z,mobile,mobile,mobile
GITHUB,3d,Python,2018-06-29T07:19:21Z,game,game,game
GITHUB,autofocus-camera,Java,2018-06-30T00:55:30Z,mobile,mobile,mobile
GITHUB,android,Kotlin,2018-06-30T05:44:01Z,mobile,mobile,mobile
GITHUB,mock-data,TypeScript,2018-06-30T23:31:52Z,testing_qa,testing_qa,testing_qa
GITHUB,dialogue,C++,2018-07-01T20:21:55Z,data_ai,data_ai,data_ai
GITHUB,chinese-nlp,C++,2018-07-01T20:22:22Z,data_ai,data_ai,data_ai
GITHUB,aspect-level-sentiment,Python,2018-07-01T20:22:35Z,data_ai,data_ai,data_ai
GITHUB,javascript,TypeScript,2018-07-02T04:41:33Z,web frontend,web frontend,web frontend
GITHUB,architecture,C#,2018-07-02T11:25:25Z,enterprise,enterprise,enterprise
GITHUB,3d,C#,2018-07-02T15:07:26Z,game,game,game
GITHUB,106-points,C++,2018-07-03T02:00:05Z,other,other,other
GITHUB,2d,C#,2018-07-03T03:22:14Z,game,game,game
GITHUB,gtsam,C++,2018-07-05T07:46:34Z,data_ai,data_ai,data_ai
GITHUB,github,Java,2018-07-07T10:29:43Z,other,other,other
GITHUB,actor-model,Rust,2018-07-08T03:21:28Z,developer tools,developer tools,developer tools
GITHUB,css,JavaScript,2018-07-08T09:22:24Z,web frontend,web frontend,web frontend
GITHUB,agnoster,Rust,2018-07-08T13:29:40Z,developer tools,developer tools,developer tools
GITHUB,based,C++,2018-07-09T00:23:53Z,other,other,other
GITHUB,3d-face-reconstruction,Python,2018-07-09T05:57:46Z,data_ai,data_ai,data_ai
GITHUB,database,C++,2018-07-09T11:22:34Z,data_ai,data_ai,data_ai
GITHUB,csharp,C#,2018-07-09T12:15:47Z,other,other,other
GITHUB,android,Kotlin,2018-07-09T17:53:12Z,mobile,mobile,mobile
GITHUB,angular,TypeScript,2018-07-10T05:28:46Z,web frontend,web frontend,web frontend
GITHUB,boilerplate,JavaScript,2018-07-10T08:35:30Z,developer tools,developer tools,developer tools
GITHUB,apollo-client,TypeScript,2018-07-10T11:32:20Z,web frontend,web frontend,web frontend
GITHUB,form,JavaScript,2018-07-10T18:37:33Z,web frontend,web frontend,web frontend
GITHUB,lightmap,C++,2018-07-10T19:43:53Z,game,game,game
GITHUB,gpu,TypeScript,2018-07-10T22:49:34Z,web frontend,web frontend,web frontend
GITHUB,image,TypeScript,2018-07-11T22:07:50Z,web frontend,web frontend,web frontend
GITHUB,career,Python,2018-07-12T08:09:46Z,other,other,other
GITHUB,fps-counter,C#,2018-07-12T09:00:25Z,game,game,game
GITHUB,android,Kotlin,2018-07-12T22:40:55Z,mobile,mobile,mobile
GITHUB,ash,Rust,2018-07-13T09:43:38Z,game,game,game
GITHUB,computer-vision,C++,2018-07-13T12:44:43Z,data_ai,data_ai,data_ai
GITHUB,crypter,C#,2018-07-14T06:44:58Z,security,security,security
GITHUB,android,Kotlin,2018-07-15T11:35:14Z,mobile,mobile,mobile
GITHUB,age-classification,C#,2018-07-16T07:08:13Z,data_ai,data_ai,data_ai
GITHUB,callapp,TypeScript,2018-07-17T09:58:55Z,mobile,mobile,mobile
GITHUB,exploit,Python,2018-07-18T07:24:27Z,security,security,security
GITHUB,hacktoberfest,Python,2018-07-18T07:39:06Z,other,other,other
GITHUB,google-drive,Python,2018-07-18T13:10:10Z,devops_cloud,devops_cloud,devops_cloud
GITHUB,doodle,Java,2018-07-19T01:17:01Z,game,game,game
GITHUB,android,Kotlin,2018-07-19T11:46:33Z,mobile,mobile,mobile
GITHUB,a-shares,Python,2018-07-20T09:33:48Z,data_ai,data_ai,data_ai
GITHUB,demodulation,Rust,2018-07-20T10:19:23Z,embedded,embedded,embedded
GITHUB,dsl,Kotlin,2018-07-20T15:48:35Z,developer tools,developer tools,developer tools
GITHUB,javascript,JavaScript,2018-07-21T14:50:30Z,other,other,other
GITHUB,mybatis,Java,2018-07-22T04:55:12Z,web backend,web backend,web backend
GITHUB,ai,C#,2018-07-23T15:40:54Z,data_ai,data_ai,data_ai
GITHUB,electron,TypeScript,2018-07-24T20:49:07Z,developer tools,developer tools,developer tools
GITHUB,obs-studio,C++,2018-07-24T22:56:37Z,other,other,other
GITHUB,dictionary,TypeScript,2018-07-25T17:43:56Z,developer tools,developer tools,developer tools
GITHUB,clsid,C++,2018-07-27T06:48:09Z,other,other,other
GITHUB,dice,C#,2018-07-28T07:09:14Z,game,game,game
GITHUB,ept,C++,2018-07-29T13:20:51Z,other,other,other
GITHUB,cloud-driver,Java,2018-07-29T19:14:38Z,devops_cloud,devops_cloud,devops_cloud
GITHUB,cpp17,C++,2018-07-30T21:23:39Z,other,other,other
GITHUB,csharp,C#,2018-07-31T05:56:56Z,other,other,other
GITHUB,golang,Go,2018-08-01T00:53:14Z,other,other,other
GITHUB,android,Kotlin,2018-08-01T00:57:06Z,mobile,mobile,mobile
GITHUB,netty,Java,2018-08-01T01:22:19Z,web backend,web backend,web backend
GITHUB,android,Kotlin,2018-08-01T03:41:44Z,mobile,mobile,mobile
GITHUB,ash,Rust,2018-08-01T22:46:06Z,game,game,game
GITHUB,flick,Kotlin,2018-08-02T08:54:51Z,mobile,mobile,mobile
GITHUB,docker,Go,2018-08-02T09:49:14Z,devops_cloud,devops_cloud,devops_cloud
GITHUB,lightweight,JavaScript,2018-08-02T13:00:11Z,web frontend,web frontend,web frontend
GITHUB,bash,Python,2018-08-03T14:25:22Z,developer tools,developer tools,developer tools
GITHUB,chinese-word-segmentation,Python,2018-08-04T23:41:07Z,data_ai,data_ai,data_ai
GITHUB,bitcoin,Java,2018-08-05T11:25:16Z,blockchain,blockchain,blockchain
GITHUB,game,C#,2018-08-05T14:09:42Z,game,game,game
GITHUB,cli,Go,2018-08-06T11:16:55Z,developer tools,developer tools,developer tools
GITHUB,book,TypeScript,2018-08-07T00:24:05Z,other,other,other
GITHUB,dagger2-mvvm,Kotlin,2018-08-07T01:33:38Z,mobile,mobile,mobile
GITHUB,articles,Rust,2018-08-07T18:48:37Z,other,other,other
GITHUB,3d,Kotlin,2018-08-07T23:35:11Z,mobile,mobile,mobile
GITHUB,benchmarking,Go,2018-08-08T07:30:28Z,testing_qa,testing_qa,testing_qa
GITHUB,blockchain,Go,2018-08-08T16:31:18Z,blockchain,blockchain,blockchain
GITHUB,blockchain,Rust,2018-08-09T03:57:23Z,blockchain,blockchain,blockchain
GITHUB,android,C#,2018-08-09T19:56:35Z,mobile,mobile,mobile
GITHUB,deep-learning,C#,2018-08-11T07:46:54Z,data_ai,data_ai,data_ai
GITHUB,fastcgi,Python,2018-08-11T13:18:39Z,web backend,web backend,web backend
GITHUB,android,Kotlin,2018-08-12T04:21:27Z,mobile,mobile,mobile
GITHUB,rust,Rust,2018-08-12T07:46:05Z,other,other,other
GITHUB,deep-learning,Python,2018-08-12T15:12:56Z,data_ai,data_ai,data_ai
GITHUB,go,Go,2018-08-12T23:41:05Z,other,other,other
GITHUB,directx,C++,2018-08-13T12:38:58Z,game,game,game
GITHUB,form,TypeScript,2018-08-13T19:23:29Z,web frontend,web frontend,web frontend
GITHUB,react-native,TypeScript,2018-08-14T00:08:44Z,mobile,mobile,mobile
GITHUB,assembly,C++,2018-08-14T07:01:40Z,embedded,embedded,embedded
GITHUB,android,Kotlin,2018-08-14T09:36:22Z,mobile,mobile,mobile
GITHUB,apollo-client,JavaScript,2018-08-14T12:31:07Z,web frontend,web frontend,web frontend
GITHUB,android,Kotlin,2018-08-14T14:40:56Z,mobile,mobile,mobile
GITHUB,csharp,C#,2018-08-14T16:26:56Z,other,other,other
GITHUB,awesome,Go,2018-08-14T19:22:48Z,other,other,other
GITHUB,bitcoin,Rust,2018-08-14T23:46:37Z,blockchain,blockchain,blockchain
GITHUB,android,Kotlin,2018-08-15T02:44:33Z,mobile,mobile,mobile
GITHUB,hooks,TypeScript,2018-08-15T16:22:09Z,web frontend,web frontend,web frontend
GITHUB,alarm,Rust,2018-08-16T08:53:48Z,iot,iot,iot
GITHUB,error-handling,Go,2018-08-17T01:02:10Z,developer tools,developer tools,developer tools
GITHUB,react,TypeScript,2018-08-17T16:04:48Z,web frontend,web frontend,web frontend
GITHUB,gesture,Kotlin,2018-08-18T23:14:50Z,mobile,mobile,mobile
GITHUB,lsp-server,Rust,2018-08-19T01:43:21Z,developer tools,developer tools,developer tools
GITHUB,electron,TypeScript,2018-08-19T14:48:37Z,other,other,other
GITHUB,brush,TypeScript,2018-08-20T00:04:17Z,web frontend,web frontend,web frontend
GITHUB,html-css-javascript,JavaScript,2018-08-20T01:36:02Z,web frontend,web frontend,web frontend
GITHUB,android,C++,2018-08-20T04:10:27Z,mobile,mobile,mobile
GITHUB,3d,TypeScript,2018-08-20T09:10:42Z,web frontend,web frontend,web frontend
GITHUB,automation,TypeScript,2018-08-21T14:27:13Z,developer tools,developer tools,developer tools
GITHUB,cascade-rcnn,Python,2018-08-22T00:06:06Z,data_ai,data_ai,data_ai
GITHUB,isomorphic,JavaScript,2018-08-23T09:25:22Z,web frontend,web frontend,web frontend
GITHUB,code-analysis,C#,2018-08-23T13:09:46Z,developer tools,developer tools,developer tools
GITHUB,deployments,Go,2018-08-23T13:41:07Z,devops_cloud,devops_cloud,devops_cloud
GITHUB,auto-exploiter,Python,2018-08-23T14:09:40Z,security,security,security
GITHUB,jobs,TypeScript,2018-08-26T02:31:59Z,web frontend,web frontend,web frontend
GITHUB,android,Java,2018-08-26T09:16:10Z,mobile,mobile,mobile
GITHUB,acoustic,C++,2018-08-27T10:19:02Z,other,other,other
GITHUB,android-library,Java,2018-08-27T20:26:29Z,mobile,mobile,mobile
GITHUB,go,Go,2018-08-28T00:39:20Z,other,other,other
GITHUB,android,Kotlin,2018-08-28T06:36:34Z,mobile,mobile,mobile
GITHUB,angular,TypeScript,2018-08-28T11:39:49Z,web frontend,web frontend,web frontend
GITHUB,guess-js,JavaScript,2018-08-28T18:31:53Z,web frontend,web frontend,web frontend
GITHUB,angular,TypeScript,2018-08-28T23:34:52Z,web frontend,web frontend,web frontend
GITHUB,high-performance,Java,2018-08-29T20:41:22Z,other,other,other
GITHUB,mini-app,JavaScript,2018-08-30T03:08:59Z,mobile,mobile,mobile
GITHUB,go,Go,2018-08-31T01:27:07Z,other,other,other
GITHUB,bindings,C++,2018-08-31T05:34:00Z,developer tools,developer tools,developer tools
GITHUB,android,Kotlin,2018-08-31T11:57:07Z,mobile,mobile,mobile
GITHUB,book,Go,2018-08-31T20:35:38Z,other,other,other
GITHUB,android,Kotlin,2018-09-01T05:30:18Z,mobile,mobile,mobile
GITHUB,difference,JavaScript,2018-09-01T12:42:32Z,other,other,other
GITHUB,botnet,C++,2018-09-01T17:00:39Z,security,security,security
GITHUB,android,Java,2018-09-02T09:06:40Z,mobile,mobile,mobile
GITHUB,android-application,Java,2018-09-03T21:57:16Z,mobile,mobile,mobile
GITHUB,c,Go,2018-09-05T02:14:30Z,other,other,other
GITHUB,3d-graphics,C++,2018-09-05T05:08:37Z,game,game,game
GITHUB,android-animation,Kotlin,2018-09-06T12:06:51Z,mobile,mobile,mobile
GITHUB,annotation,Python,2018-09-06T14:04:23Z,data_ai,data_ai,data_ai
GITHUB,android,Java,2018-09-06T23:39:07Z,mobile,mobile,mobile
GITHUB,docker,Go,2018-09-07T18:33:55Z,devops_cloud,devops_cloud,devops_cloud
GITHUB,cli,TypeScript,2018-09-08T04:33:38Z,developer tools,developer tools,developer tools
GITHUB,design-tools,JavaScript,2018-09-08T07:33:04Z,developer tools,developer tools,developer tools
GITHUB,android,Java,2018-09-09T01:52:45Z,mobile,mobile,mobile
GITHUB,android,Java,2018-09-11T01:02:18Z,mobile,mobile,mobile
GITHUB,container,Go,2018-09-11T02:31:22Z,devops_cloud,devops_cloud,devops_cloud
GITHUB,bigdata,Java,2018-09-11T22:51:37Z,data_ai,data_ai,data_ai
GITHUB,android,Kotlin,2018-09-12T02:52:57Z,mobile,mobile,mobile
GITHUB,gan,Python,2018-09-12T19:23:59Z,data_ai,data_ai,data_ai
GITHUB,dotnet,C#,2018-09-13T20:00:26Z,web backend,web backend,web backend
GITHUB,runtime,TypeScript,2018-09-14T01:30:49Z,developer tools,developer tools,developer tools
GITHUB,application-boilerplate,Go,2018-09-14T05:19:02Z,web backend,web backend,web backend
GITHUB,go,Go,2018-09-14T09:37:37Z,other,other,other
GITHUB,icra2019,C++,2018-09-16T21:17:07Z,embedded,embedded,embedded
GITHUB,bokeh,Python,2018-09-17T07:12:05Z,data_ai,data_ai,data_ai
GITHUB,go,Go,2018-09-18T00:51:56Z,other,other,other
GITHUB,cpp11,C++,2018-09-19T08:57:57Z,other,other,other
GITHUB,data-exchange,Java,2018-09-20T04:26:16Z,enterprise,enterprise,enterprise
GITHUB,analytics,Go,2018-09-20T07:56:46Z,data_ai,data_ai,data_ai
GITHUB,android,Kotlin,2018-09-21T04:03:12Z,mobile,mobile,mobile
GITHUB,architecture,C#,2018-09-21T09:39:42Z,enterprise,enterprise,enterprise
GITHUB,cloud,Rust,2018-09-22T02:19:54Z,devops_cloud,devops_cloud,devops_cloud
GITHUB,jvm,Kotlin,2018-09-22T13:55:32Z,developer tools,developer tools,developer tools
GITHUB,debugger,C++,2018-09-22T16:34:47Z,developer tools,developer tools,developer tools
GITHUB,aspnetcore,C#,2018-09-23T08:18:32Z,web backend,web backend,web backend
GITHUB,ebpf,Rust,2018-09-24T08:58:55Z,devops_cloud,devops_cloud,devops_cloud
GITHUB,arrow,C++,2018-09-24T11:25:45Z,data_ai,data_ai,data_ai
GITHUB,golang,Go,2018-09-24T18:31:27Z,other,other,other
GITHUB,c,C++,2018-09-24T20:09:15Z,other,other,other
GITHUB,capture,Go,2018-09-24T22:27:11Z,developer tools,developer tools,developer tools
GITHUB,animal-book,Go,2018-09-25T02:55:33Z,other,other,other
GITHUB,android-ui,C++,2018-09-26T02:01:46Z,mobile,mobile,mobile
GITHUB,deep-learning,Python,2018-09-26T03:26:32Z,data_ai,data_ai,data_ai
GITHUB,streaming-data,C#,2018-09-26T11:48:30Z,data_ai,data_ai,data_ai
GITHUB,code-compare,TypeScript,2018-09-26T23:17:36Z,developer tools,developer tools,developer tools
GITHUB,deep-learning,Python,2018-09-27T08:07:12Z,data_ai,data_ai,data_ai
GITHUB,babel,TypeScript,2018-09-28T19:54:42Z,developer tools,developer tools,developer tools
GITHUB,android,Kotlin,2018-09-29T00:52:38Z,mobile,mobile,mobile
GITHUB,android,C#,2018-09-30T09:13:49Z,mobile,mobile,mobile
GITHUB,authentication,Java,2018-09-30T21:19:38Z,security,security,security
GITHUB,cargo,Rust,2018-10-01T03:00:44Z,developer tools,developer tools,developer tools
GITHUB,data-science,Go,2018-10-01T05:19:31Z,data_ai,data_ai,data_ai
GITHUB,algorithms,C++,2018-10-01T13:50:24Z,other,other,other
GITHUB,cpp,C++,2018-10-01T19:00:04Z,other,other,other
GITHUB,image-processing,TypeScript,2018-10-01T20:03:31Z,data_ai,data_ai,data_ai
GITHUB,bughunting,C++,2018-10-02T06:59:27Z,security,security,security
GITHUB,gamedev,Rust,2018-10-02T11:38:49Z,game,game,game
GITHUB,boringssl,Rust,2018-10-02T13:32:44Z,security,security,security
GITHUB,android,C++,2018-10-03T12:58:50Z,mobile,mobile,mobile
GITHUB,cli,Go,2018-10-03T19:38:00Z,developer tools,developer tools,developer tools
GITHUB,ai,Go,2018-10-03T23:00:50Z,data_ai,data_ai,data_ai
GITHUB,code-generator,C#,2018-10-04T07:55:10Z,developer tools,developer tools,developer tools
GITHUB,cli,Rust,2018-10-05T04:11:19Z,developer tools,developer tools,developer tools
GITHUB,llvm,TypeScript,2018-10-06T10:07:48Z,developer tools,developer tools,developer tools
GITHUB,cuda,C++,2018-10-06T12:53:52Z,data_ai,data_ai,data_ai
GITHUB,asp-net-core,C#,2018-10-07T03:42:20Z,web backend,web backend,web backend
GITHUB,advisor,Go,2018-10-08T03:05:29Z,developer tools,developer tools,developer tools
GITHUB,admin,Go,2018-10-08T03:12:00Z,devops_cloud,devops_cloud,devops_cloud
GITHUB,activity-transition-animations,Kotlin,2018-10-08T06:45:54Z,mobile,mobile,mobile
GITHUB,book,Python,2018-10-08T18:04:37Z,other,other,other
GITHUB,api,Go,2018-10-09T09:08:34Z,web backend,web backend,web backend
GITHUB,csharp,C#,2018-10-10T09:37:27Z,other,other,other
GITHUB,gltf,C#,2018-10-10T14:16:44Z,game,game,game
GITHUB,batch-insert,Java,2018-10-13T00:55:05Z,enterprise,enterprise,enterprise
GITHUB,compiler-principles,Python,2018-10-13T01:43:27Z,developer tools,developer tools,developer tools
GITHUB,apollo,Java,2018-10-14T04:01:21Z,devops_cloud,devops_cloud,devops_cloud
GITHUB,alipay,JavaScript,2018-10-14T04:58:18Z,web frontend,web frontend,web frontend
GITHUB,configuration,TypeScript,2018-10-14T14:49:44Z,developer tools,developer tools,developer tools
GITHUB,cli-app,Rust,2018-10-14T15:37:02Z,developer tools,developer tools,developer tools
GITHUB,homeassistant,C++,2018-10-14T18:59:47Z,iot,iot,iot
GITHUB,computer-vision,Python,2018-10-14T19:29:22Z,data_ai,data_ai,data_ai
GITHUB,android,Kotlin,2018-10-15T10:22:48Z,mobile,mobile,mobile
GITHUB,java,Java,2018-10-15T12:00:41Z,other,other,other
GITHUB,cookbooks,Java,2018-10-15T20:16:19Z,other,other,other
GITHUB,android,Java,2018-10-15T23:12:51Z,mobile,mobile,mobile
GITHUB,android,Kotlin,2018-10-16T08:16:03Z,mobile,mobile,mobile
GITHUB,android,Kotlin,2018-10-16T13:31:12Z,mobile,mobile,mobile
GITHUB,golang,Go,2018-10-17T02:33:34Z,other,other,other
GITHUB,data-analysis,Rust,2018-10-17T08:00:37Z,data_ai,data_ai,data_ai
GITHUB,detection,Python,2018-10-17T09:39:03Z,data_ai,data_ai,data_ai
GITHUB,algebraic-data-types,Kotlin,2018-10-18T22:50:11Z,developer tools,developer tools,developer tools
GITHUB,android,Kotlin,2018-10-19T05:14:58Z,mobile,mobile,mobile
GITHUB,hash,C++,2018-10-19T12:19:57Z,security,security,security
GITHUB,bert,Python,2018-10-19T18:47:20Z,data_ai,data_ai,data_ai
GITHUB,api-gateway,Go,2018-10-19T18:50:11Z,web backend,web backend,web backend
GITHUB,ascii-art,Go,2018-10-19T22:06:25Z,other,other,other
GITHUB,gamestream,C++,2018-10-20T11:34:39Z,game,game,game
GITHUB,2b2t,Kotlin,2018-10-20T14:36:18Z,game,game,game
GITHUB,speech-recognition,C++,2018-10-21T08:44:25Z,data_ai,data_ai,data_ai
GITHUB,csharp,C#,2018-10-21T10:27:07Z,other,other,other
GITHUB,component,TypeScript,2018-10-22T01:47:38Z,web frontend,web frontend,web frontend
GITHUB,asp-net-core-mvc,C#,2018-10-22T21:04:10Z,web backend,web backend,web backend
GITHUB,c2,Go,2018-10-23T00:24:04Z,security,security,security
GITHUB,css,JavaScript,2018-10-23T02:23:32Z,web frontend,web frontend,web frontend
GITHUB,dynamic-slam,C++,2018-10-23T04:29:39Z,data_ai,data_ai,data_ai
GITHUB,nestjs,TypeScript,2018-10-24T16:23:25Z,web backend,web backend,web backend
GITHUB,slam,C++,2018-10-24T20:42:41Z,data_ai,data_ai,data_ai
GITHUB,distributed-object-store,Rust,2018-10-24T23:21:38Z,devops_cloud,devops_cloud,devops_cloud
GITHUB,design-patterns,Java,2018-10-25T02:54:54Z,enterprise,enterprise,enterprise
GITHUB,arch-user-repository,Rust,2018-10-25T05:52:59Z,developer tools,developer tools,developer tools
GITHUB,procjam,C#,2018-10-25T14:48:08Z,game,game,game
GITHUB,add-on,Go,2018-10-26T00:59:50Z,developer tools,developer tools,developer tools
GITHUB,firebase,TypeScript,2018-10-26T05:17:06Z,web backend,web backend,web backend
GITHUB,codeformatter,C++,2018-10-26T06:16:03Z,developer tools,developer tools,developer tools
GITHUB,android,Java,2018-10-26T23:21:30Z,mobile,mobile,mobile
GITHUB,function-components,TypeScript,2018-10-27T10:15:19Z,web frontend,web frontend,web frontend
GITHUB,hooks,TypeScript,2018-10-27T10:41:29Z,web frontend,web frontend,web frontend
GITHUB,android-http-client,Kotlin,2018-10-27T18:07:55Z,mobile,mobile,mobile
GITHUB,go,Go,2018-10-28T18:54:27Z,other,other,other
GITHUB,pentest,Java,2018-10-29T05:13:23Z,security,security,security
GITHUB,annotations,Kotlin,2018-10-29T14:43:20Z,mobile,mobile,mobile
GITHUB,azure,Go,2018-10-30T12:50:54Z,devops_cloud,devops_cloud,devops_cloud
GITHUB,ci-cd,Go,2018-10-30T18:03:55Z,devops_cloud,devops_cloud,devops_cloud
GITHUB,automl,Python,2018-10-31T00:45:21Z,data_ai,data_ai,data_ai
GITHUB,ceto,C#,2018-10-31T02:03:35Z,game,game,game
GITHUB,d3d10,C++,2018-10-31T07:21:37Z,game,game,game
GITHUB,gym,Python,2018-10-31T13:41:39Z,data_ai,data_ai,data_ai
GITHUB,pound-pound,Rust,2018-10-31T19:45:41Z,other,other,other
GITHUB,correction-algorithm,C++,2018-10-31T23:02:24Z,other,other,other
GITHUB,ecmascript,JavaScript,2018-11-01T01:33:31Z,web frontend,web frontend,web frontend
GITHUB,compiler,C++,2018-11-01T18:19:25Z,developer tools,developer tools,developer tools
GITHUB,csharp,C#,2018-11-01T23:43:49Z,other,other,other
GITHUB,httpclient,Java,2018-11-02T06:33:10Z,developer tools,developer tools,developer tools
GITHUB,android,Kotlin,2018-11-02T07:11:15Z,mobile,mobile,mobile
GITHUB,3des,Go,2018-11-02T20:38:48Z,security,security,security
GITHUB,408,C++,2018-11-04T02:24:23Z,other,other,other
GITHUB,dns,Go,2018-11-04T05:22:51Z,devops_cloud,devops_cloud,devops_cloud
GITHUB,numerical,C#,2018-11-04T05:46:36Z,data_ai,data_ai,data_ai
GITHUB,fuzz,Python,2018-11-04T06:53:17Z,testing_qa,testing_qa,testing_qa
GITHUB,golang,Go,2018-11-04T16:06:08Z,other,other,other
GITHUB,android,Kotlin,2018-11-05T00:08:36Z,mobile,mobile,mobile
GITHUB,apple,TypeScript,2018-11-05T06:43:55Z,other,other,other
GITHUB,django,Python,2018-11-05T11:45:27Z,web backend,web backend,web backend
GITHUB,angular,TypeScript,2018-11-05T21:08:20Z,web frontend,web frontend,web frontend
GITHUB,kde,TypeScript,2018-11-05T22:35:53Z,other,other,other
GITHUB,android,Java,2018-11-06T00:17:47Z,mobile,mobile,mobile
GITHUB,breakpoints,JavaScript,2018-11-06T02:03:06Z,developer tools,developer tools,developer tools
GITHUB,cnn,Python,2018-11-07T00:46:45Z,data_ai,data_ai,data_ai
GITHUB,api,Go,2018-11-07T04:46:32Z,web backend,web backend,web backend
GITHUB,expert,Go,2018-11-07T22:37:53Z,other,other,other
GITHUB,android,Kotlin,2018-11-08T22:43:13Z,mobile,mobile,mobile
GITHUB,bsdf,C++,2018-11-09T07:10:23Z,game,game,game
GITHUB,mobx,TypeScript,2018-11-10T00:46:56Z,web frontend,web frontend,web frontend
GITHUB,javascript,TypeScript,2018-11-10T01:57:27Z,web frontend,web frontend,web frontend
GITHUB,node-graph,C++,2018-11-10T22:00:13Z,developer tools,developer tools,developer tools
GITHUB,csharp,C#,2018-11-11T14:09:00Z,other,other,other
GITHUB,docker,TypeScript,2018-11-12T23:47:59Z,devops_cloud,devops_cloud,devops_cloud
GITHUB,artists,JavaScript,2018-11-13T04:36:03Z,web frontend,web frontend,web frontend
GITHUB,dapp,TypeScript,2018-11-13T09:39:38Z,blockchain,blockchain,blockchain
GITHUB,distributed,Go,2018-11-14T00:18:40Z,devops_cloud,devops_cloud,devops_cloud
GITHUB,observable,TypeScript,2018-11-15T00:18:54Z,web frontend,web frontend,web frontend
GITHUB,cheatsheet,Python,2018-11-15T02:42:04Z,developer tools,developer tools,developer tools
GITHUB,activity,Kotlin,2018-11-16T05:50:59Z,mobile,mobile,mobile
GITHUB,batch,Go,2018-11-17T04:57:53Z,developer tools,developer tools,developer tools
GITHUB,angular,Go,2018-11-18T05:33:53Z,web frontend,web frontend,web frontend
GITHUB,cuda,Rust,2018-11-18T08:36:54Z,data_ai,data_ai,data_ai
GITHUB,addon,Python,2018-11-18T13:11:44Z,other,other,other
GITHUB,android,Kotlin,2018-11-18T18:16:11Z,mobile,mobile,mobile
GITHUB,ansible,Go,2018-11-18T22:13:32Z,devops_cloud,devops_cloud,devops_cloud
GITHUB,8,C#,2018-11-19T02:52:56Z,other,other,other
GITHUB,cluster,Go,2018-11-21T04:36:32Z,devops_cloud,devops_cloud,devops_cloud
GITHUB,adapter,Kotlin,2018-11-21T07:46:40Z,mobile,mobile,mobile
GITHUB,2d,Go,2018-11-21T21:19:30Z,game,game,game
GITHUB,authentication,TypeScript,2018-11-22T08:10:33Z,security,security,security
GITHUB,deep-learning,Python,2018-11-22T22:26:37Z,data_ai,data_ai,data_ai
GITHUB,android,Kotlin,2018-11-23T18:53:29Z,mobile,mobile,mobile
GITHUB,android,TypeScript,2018-11-24T16:49:18Z,mobile,mobile,mobile
GITHUB,bert,Python,2018-11-24T22:22:06Z,data_ai,data_ai,data_ai
GITHUB,clickhouse,Rust,2018-11-25T08:03:52Z,data_ai,data_ai,data_ai
GITHUB,aws,Python,2018-11-26T05:41:13Z,devops_cloud,devops_cloud,devops_cloud
GITHUB,30-seconds-of-code,C++,2018-11-26T08:54:40Z,developer tools,developer tools,developer tools
GITHUB,android-architecture,Kotlin,2018-11-27T13:52:53Z,mobile,mobile,mobile
GITHUB,android,Kotlin,2018-11-28T02:41:46Z,mobile,mobile,mobile
GITHUB,dllhijack,C++,2018-11-29T01:01:50Z,security,security,security
GITHUB,android,Rust,2018-11-29T05:14:28Z,mobile,mobile,mobile
GITHUB,cli,Go,2018-11-29T08:45:58Z,developer tools,developer tools,developer tools
GITHUB,android,C#,2018-12-01T15:03:20Z,mobile,mobile,mobile
GITHUB,acceleration,C++,2018-12-01T15:09:31Z,embedded,embedded,embedded
GITHUB,emulates,JavaScript,2018-12-02T02:11:41Z,game,game,game
GITHUB,bcrypt,TypeScript,2018-12-02T08:35:28Z,security,security,security
GITHUB,audio,C++,2018-12-03T05:26:24Z,other,other,other
GITHUB,ast,Go,2018-12-03T16:38:23Z,developer tools,developer tools,developer tools
GITHUB,android,Kotlin,2018-12-03T17:51:50Z,mobile,mobile,mobile
GITHUB,few-shot-learning,Python,2018-12-04T15:36:45Z,data_ai,data_ai,data_ai
GITHUB,cnn,C++,2018-12-04T21:16:57Z,data_ai,data_ai,data_ai
GITHUB,async-await,Rust,2018-12-06T11:04:35Z,developer tools,developer tools,developer tools
GITHUB,beam,Rust,2018-12-06T19:04:29Z,data_ai,data_ai,data_ai
GITHUB,consumer,Java,2018-12-06T21:47:46Z,other,other,other
GITHUB,android,Kotlin,2018-12-07T00:53:59Z,mobile,mobile,mobile
GITHUB,android,Java,2018-12-07T06:33:26Z,mobile,mobile,mobile
GITHUB,assemblyscript,Rust,2018-12-07T13:27:18Z,blockchain,blockchain,blockchain
GITHUB,graphql,TypeScript,2018-12-08T20:23:23Z,web backend,web backend,web backend
GITHUB,kinect,C++,2018-12-10T09:50:05Z,game,game,game
GITHUB,camera,Go,2018-12-10T12:46:35Z,iot,iot,iot
GITHUB,docker,Python,2018-12-10T20:42:02Z,devops_cloud,devops_cloud,devops_cloud
GITHUB,distributed-id-generator,Java,2018-12-10T23:41:35Z,web backend,web backend,web backend
GITHUB,flutter,Rust,2018-12-11T02:37:00Z,mobile,mobile,mobile
GITHUB,druid-spring-boot-starter,Java,2018-12-12T05:21:26Z,web backend,web backend,web backend
GITHUB,bot,Go,2018-12-13T03:18:19Z,other,other,other
GITHUB,grpc,TypeScript,2018-12-13T06:11:42Z,web backend,web backend,web backend
GITHUB,badgerdb,Go,2018-12-13T09:42:12Z,developer tools,developer tools,developer tools
GITHUB,android,Kotlin,2018-12-13T18:20:49Z,mobile,mobile,mobile
GITHUB,elixir,Rust,2018-12-14T06:24:50Z,web backend,web backend,web backend
GITHUB,barcode,C#,2018-12-15T07:18:52Z,developer tools,developer tools,developer tools
GITHUB,deno,TypeScript,2018-12-16T00:30:14Z,developer tools,developer tools,developer tools
GITHUB,android,Kotlin,2018-12-16T03:07:23Z,mobile,mobile,mobile
GITHUB,cross-platform,TypeScript,2018-12-16T05:18:08Z,web frontend,web frontend,web frontend
GITHUB,api-proxy,C++,2018-12-16T22:19:23Z,web backend,web backend,web backend
GITHUB,collision-avoidance,C++,2018-12-17T02:55:37Z,embedded,embedded,embedded
GITHUB,cargo,TypeScript,2018-12-17T04:13:47Z,developer tools,developer tools,developer tools
GITHUB,debug,Go,2018-12-17T04:28:48Z,developer tools,developer tools,developer tools
GITHUB,apigateway,JavaScript,2018-12-17T12:44:42Z,devops_cloud,devops_cloud,devops_cloud
GITHUB,annotation-processing,Kotlin,2018-12-19T03:46:41Z,developer tools,developer tools,developer tools
GITHUB,golang,Go,2018-12-19T05:11:36Z,other,other,other
GITHUB,babel,TypeScript,2018-12-19T05:36:52Z,developer tools,developer tools,developer tools
GITHUB,boilerplate,TypeScript,2018-12-19T22:37:24Z,developer tools,developer tools,developer tools
GITHUB,android,Kotlin,2018-12-19T23:41:12Z,mobile,mobile,mobile
GITHUB,cni,Go,2018-12-20T09:22:11Z,devops_cloud,devops_cloud,devops_cloud
GITHUB,bytes,Go,2018-12-21T00:29:53Z,developer tools,developer tools,developer tools
GITHUB,demo,C#,2018-12-21T04:53:44Z,other,other,other
GITHUB,arduino,C++,2018-12-21T11:35:14Z,embedded,embedded,embedded
GITHUB,swc,JavaScript,2018-12-22T00:33:37Z,developer tools,developer tools,developer tools
GITHUB,capture,Java,2018-12-22T06:26:46Z,other,other,other
GITHUB,android,Kotlin,2018-12-22T12:35:39Z,mobile,mobile,mobile
GITHUB,arraypool,C#,2018-12-22T18:05:23Z,developer tools,developer tools,developer tools
GITHUB,ccf-csp,C++,2018-12-23T23:45:38Z,other,other,other
GITHUB,conflux,C#,2018-12-24T05:33:40Z,blockchain,blockchain,blockchain
GITHUB,android,Java,2018-12-25T02:42:31Z,mobile,mobile,mobile
GITHUB,android,Kotlin,2018-12-25T03:17:42Z,mobile,mobile,mobile
GITHUB,convolutional-neural-networks,Python,2018-12-25T09:34:17Z,data_ai,data_ai,data_ai
GITHUB,load-balancer,Rust,2018-12-25T18:57:12Z,devops_cloud,devops_cloud,devops_cloud
GITHUB,android,Kotlin,2018-12-26T23:12:15Z,mobile,mobile,mobile
GITHUB,change-data-capture,Go,2018-12-27T00:15:40Z,data_ai,data_ai,data_ai
GITHUB,golang,Go,2018-12-27T18:36:55Z,other,other,other
GITHUB,android,Kotlin,2018-12-28T05:46:59Z,mobile,mobile,mobile
GITHUB,3d,C++,2018-12-28T07:26:04Z,game,game,game
GITHUB,admin,C#,2018-12-28T07:28:02Z,enterprise,enterprise,enterprise
GITHUB,binlog,Go,2018-12-29T16:06:05Z,data_ai,data_ai,data_ai
GITHUB,american-truck-simulator,C#,2018-12-31T04:28:12Z,game,game,game
GITHUB,netease-cloud-music,JavaScript,2018-12-31T11:11:47Z,web frontend,web frontend,web frontend
GITHUB,generator,TypeScript,2019-01-01T16:20:14Z,developer tools,developer tools,developer tools
GITHUB,demo,Go,2019-01-02T21:30:44Z,other,other,other
GITHUB,gradle,Kotlin,2019-01-03T08:01:33Z,developer tools,developer tools,developer tools
GITHUB,automata,Rust,2019-01-03T18:25:47Z,developer tools,developer tools,developer tools
GITHUB,aimbot,Kotlin,2019-01-03T20:37:18Z,game,game,game
GITHUB,flink,Java,2019-01-04T02:06:25Z,data_ai,data_ai,data_ai
GITHUB,data-structures,Rust,2019-01-05T10:25:32Z,developer tools,developer tools,developer tools
GITHUB,book,Python,2019-01-05T22:40:03Z,other,other,other
GITHUB,hacktoberfest,Go,2019-01-06T13:11:43Z,web backend,web backend,web backend
GITHUB,array,C#,2019-01-06T14:19:47Z,other,other,other
GITHUB,anonymity,JavaScript,2019-01-06T15:19:15Z,security,security,security
GITHUB,deep-learning,Python,2019-01-06T21:03:26Z,data_ai,data_ai,data_ai
GITHUB,alipay-mini-program,TypeScript,2019-01-07T08:27:03Z,mobile,mobile,mobile
GITHUB,api-rest,Go,2019-01-07T13:38:36Z,web backend,web backend,web backend
GITHUB,chaos-engineering,C#,2019-01-08T00:24:20Z,testing_qa,testing_qa,testing_qa
GITHUB,contributors-welcome,Python,2019-01-08T00:50:58Z,other,other,other
GITHUB,poc-library,Go,2019-01-08T04:50:42Z,developer tools,developer tools,developer tools
GITHUB,automation,Go,2019-01-08T23:08:35Z,devops_cloud,devops_cloud,devops_cloud
GITHUB,dash,TypeScript,2019-01-09T11:20:23Z,web frontend,web frontend,web frontend
GITHUB,android,Kotlin,2019-01-09T22:20:47Z,mobile,mobile,mobile
GITHUB,deep-learning,C++,2019-01-09T22:32:32Z,data_ai,data_ai,data_ai
GITHUB,ad,Kotlin,2019-01-10T01:31:35Z,mobile,mobile,mobile
GITHUB,alternative,Go,2019-01-10T02:47:02Z,other,other,other
GITHUB,rss,Go,2019-01-10T04:04:25Z,web backend,web backend,web backend
GITHUB,aggregate,Java,2019-01-11T01:14:03Z,enterprise,enterprise,enterprise
GITHUB,address,Rust,2019-01-11T12:04:53Z,other,other,other
GITHUB,android,Java,2019-01-12T10:32:08Z,mobile,mobile,mobile
GITHUB,android,Kotlin,2019-01-12T12:38:35Z,mobile,mobile,mobile
GITHUB,audio-player,TypeScript,2019-01-12T12:44:33Z,web frontend,web frontend,web frontend
GITHUB,backup,Go,2019-01-12T14:46:40Z,devops_cloud,devops_cloud,devops_cloud
GITHUB,c,Python,2019-01-12T18:32:55Z,developer tools,developer tools,developer tools
GITHUB,ctf,Go,2019-01-12T23:35:29Z,security,security,security
GITHUB,command-line,Rust,2019-01-13T11:25:19Z,developer tools,developer tools,developer tools
GITHUB,android,Kotlin,2019-01-14T01:43:20Z,mobile,mobile,mobile
GITHUB,dark-mode,JavaScript,2019-01-14T04:36:43Z,web frontend,web frontend,web frontend
GITHUB,app,JavaScript,2019-01-14T08:43:35Z,web frontend,web frontend,web frontend
GITHUB,aliyun,C#,2019-01-15T01:20:02Z,devops_cloud,devops_cloud,devops_cloud
GITHUB,35c3,Python,2019-01-16T10:03:01Z,security,security,security
GITHUB,cxx11,C++,2019-01-16T12:03:29Z,other,other,other
GITHUB,deep-learning,Python,2019-01-17T03:19:10Z,data_ai,data_ai,data_ai
GITHUB,audio,JavaScript,2019-01-17T06:20:17Z,web frontend,web frontend,web frontend
GITHUB,binding,Go,2019-01-18T00:18:39Z,developer tools,developer tools,developer tools
GITHUB,android,Kotlin,2019-01-18T06:45:38Z,mobile,mobile,mobile
GITHUB,android,Java,2019-01-18T08:18:19Z,mobile,mobile,mobile
GITHUB,video-loader,C++,2019-01-18T15:07:31Z,other,other,other
GITHUB,point-cloud,Python,2019-01-18T18:57:09Z,data_ai,data_ai,data_ai
GITHUB,admin,C#,2019-01-18T20:02:26Z,enterprise,enterprise,enterprise
GITHUB,command-and-control,Go,2019-01-19T03:44:01Z,security,security,security
GITHUB,fsharp,JavaScript,2019-01-19T11:02:15Z,other,other,other
GITHUB,blazor,C#,2019-01-19T16:15:35Z,web frontend,web frontend,web frontend
GITHUB,inception-v3,Python,2019-01-19T20:18:53Z,data_ai,data_ai,data_ai
GITHUB,3d,C++,2019-01-20T03:12:19Z,game,game,game
GITHUB,biggan,Python,2019-01-20T10:50:49Z,data_ai,data_ai,data_ai
GITHUB,api,JavaScript,2019-01-21T00:52:54Z,web backend,web backend,web backend
GITHUB,build,C#,2019-01-21T05:25:14Z,developer tools,developer tools,developer tools
GITHUB,cncf,Go,2019-01-21T06:51:48Z,devops_cloud,devops_cloud,devops_cloud
GITHUB,distributed-database,Rust,2019-01-21T17:29:49Z,devops_cloud,devops_cloud,devops_cloud
GITHUB,azure-active-directory,C#,2019-01-22T18:24:51Z,security,security,security
GITHUB,cpp,C++,2019-01-23T05:05:22Z,other,other,other
GITHUB,deep-learning,C++,2019-01-23T11:22:22Z,data_ai,data_ai,data_ai
GITHUB,javascript,JavaScript,2019-01-23T18:37:13Z,web frontend,web frontend,web frontend
GITHUB,infrastructure,Go,2019-01-23T20:43:14Z,devops_cloud,devops_cloud,devops_cloud
GITHUB,android,Kotlin,2019-01-24T01:17:27Z,mobile,mobile,mobile
GITHUB,algorithm,Python,2019-01-24T02:32:43Z,other,other,other
GITHUB,cloudnative,Go,2019-01-24T12:05:55Z,devops_cloud,devops_cloud,devops_cloud
GITHUB,diagram,JavaScript,2019-01-24T13:51:23Z,web frontend,web frontend,web frontend
GITHUB,bpf,Go,2019-01-24T15:51:24Z,devops_cloud,devops_cloud,devops_cloud
GITHUB,database,Rust,2019-01-24T18:29:56Z,developer tools,developer tools,developer tools
GITHUB,alerting,Go,2019-01-24T20:10:21Z,devops_cloud,devops_cloud,devops_cloud
GITHUB,cli,Go,2019-01-24T22:17:02Z,developer tools,developer tools,developer tools
GITHUB,cypress,JavaScript,2019-01-25T03:53:01Z,testing_qa,testing_qa,testing_qa
GITHUB,lightning-datatable,JavaScript,2019-01-25T22:56:45Z,web frontend,web frontend,web frontend
GITHUB,analytics,TypeScript,2019-01-26T12:53:48Z,web frontend,web frontend,web frontend
GITHUB,android,C++,2019-01-26T18:09:57Z,mobile,mobile,mobile
GITHUB,3d,C++,2019-01-27T05:03:40Z,game,game,game
GITHUB,macros,Rust,2019-01-27T15:39:54Z,developer tools,developer tools,developer tools
GITHUB,acfun,TypeScript,2019-01-27T20:31:58Z,web frontend,web frontend,web frontend
GITHUB,cpp,C++,2019-01-28T00:00:57Z,other,other,other
GITHUB,esmodules,JavaScript,2019-01-28T06:07:18Z,web frontend,web frontend,web frontend
GITHUB,language-specification,Go,2019-01-28T08:44:02Z,developer tools,developer tools,developer tools
GITHUB,autonomous,C++,2019-01-28T22:14:07Z,embedded,embedded,embedded
GITHUB,authentication,TypeScript,2019-01-29T00:12:25Z,security,security,security
GITHUB,instance-segmentation,Python,2019-01-29T00:28:55Z,data_ai,data_ai,data_ai
GITHUB,game,Rust,2019-01-29T05:17:02Z,game,game,game
GITHUB,cloud-annotations,TypeScript,2019-01-29T06:52:41Z,data_ai,data_ai,data_ai
GITHUB,blazor,C#,2019-01-29T09:38:30Z,web frontend,web frontend,web frontend
GITHUB,gatsby,TypeScript,2019-01-29T09:59:15Z,web frontend,web frontend,web frontend
GITHUB,deployments,JavaScript,2019-01-29T15:36:32Z,devops_cloud,devops_cloud,devops_cloud
GITHUB,gqless,TypeScript,2019-01-29T19:14:23Z,developer tools,developer tools,developer tools
GITHUB,containers,Go,2019-01-30T04:27:56Z,devops_cloud,devops_cloud,devops_cloud
GITHUB,csharp-library,C#,2019-01-30T17:00:22Z,developer tools,developer tools,developer tools
GITHUB,blazor,C#,2019-01-31T10:53:39Z,web frontend,web frontend,web frontend
GITHUB,android,Java,2019-02-01T03:32:15Z,mobile,mobile,mobile
GITHUB,animation,C#,2019-02-01T22:11:18Z,game,game,game
GITHUB,compacted,Go,2019-02-01T22:12:39Z,other,other,other
GITHUB,android,Kotlin,2019-02-02T05:00:30Z,mobile,mobile,mobile
GITHUB,cone-tracing,C#,2019-02-02T23:19:01Z,game,game,game
GITHUB,clean-architecture,C#,2019-02-03T07:05:24Z,enterprise,enterprise,enterprise
GITHUB,android,Kotlin,2019-02-03T07:22:28Z,mobile,mobile,mobile
GITHUB,csharp,C#,2019-02-03T08:34:23Z,other,other,other
GITHUB,android,Kotlin,2019-02-03T17:54:50Z,mobile,mobile,mobile
GITHUB,kotlin-js,Kotlin,2019-02-03T23:33:16Z,web frontend,web frontend,web frontend
GITHUB,godot,C++,2019-02-04T07:27:46Z,game,game,game
GITHUB,rust,Rust,2019-02-04T11:56:14Z,other,other,other
GITHUB,network,TypeScript,2019-02-06T07:54:46Z,developer tools,developer tools,developer tools
GITHUB,debug,Go,2019-02-06T10:57:46Z,developer tools,developer tools,developer tools
GITHUB,d3d9,C++,2019-02-07T04:18:52Z,game,game,game
GITHUB,custom-hook,JavaScript,2019-02-07T07:18:41Z,web frontend,web frontend,web frontend
GITHUB,c2,C#,2019-02-07T07:55:18Z,security,security,security
GITHUB,android,Kotlin,2019-02-07T07:58:01Z,mobile,mobile,mobile
GITHUB,cache,TypeScript,2019-02-08T02:31:00Z,web backend,web backend,web backend
GITHUB,baas,Go,2019-02-08T22:06:58Z,web backend,web backend,web backend
GITHUB,c,JavaScript,2019-02-09T00:56:32Z,other,other,other
GITHUB,git,TypeScript,2019-02-09T04:26:42Z,developer tools,developer tools,developer tools
GITHUB,android,Kotlin,2019-02-10T01:11:55Z,mobile,mobile,mobile
GITHUB,deepwalk,Python,2019-02-11T08:27:20Z,data_ai,data_ai,data_ai
GITHUB,ijrr,C++,2019-02-11T11:21:14Z,embedded,embedded,embedded
GITHUB,aspnet-core,C#,2019-02-12T03:44:12Z,web backend,web backend,web backend
GITHUB,csharp,C#,2019-02-12T22:53:40Z,other,other,other
GITHUB,analytics,Rust,2019-02-12T23:07:00Z,data_ai,data_ai,data_ai
GITHUB,xamarin,C#,2019-02-13T02:25:31Z,mobile,mobile,mobile
GITHUB,decentralized,Rust,2019-02-13T16:27:59Z,blockchain,blockchain,blockchain
GITHUB,spring,Java,2019-02-13T17:00:00Z,web backend,web backend,web backend
GITHUB,aarch64,C#,2019-02-14T05:38:20Z,embedded,embedded,embedded
GITHUB,hook,Java,2019-02-14T06:17:57Z,developer tools,developer tools,developer tools
GITHUB,algorithm,C#,2019-02-14T22:00:53Z,other,other,other
GITHUB,cheat,C#,2019-02-14T23:06:40Z,game,game,game
GITHUB,benchmark,Go,2019-02-15T01:07:15Z,testing_qa,testing_qa,testing_qa
GITHUB,realsense,C#,2019-02-15T02:18:28Z,iot,iot,iot
GITHUB,infosec,Go,2019-02-15T06:54:48Z,security,security,security
GITHUB,flick-stick,C++,2019-02-16T03:27:52Z,game,game,game
GITHUB,component-library,TypeScript,2019-02-18T14:55:25Z,web frontend,web frontend,web frontend
GITHUB,bert,Python,2019-02-19T14:58:26Z,data_ai,data_ai,data_ai
GITHUB,compression,C++,2019-02-19T17:20:37Z,developer tools,developer tools,developer tools
GITHUB,facebook,Python,2019-02-20T01:23:41Z,web backend,web backend,web backend
GITHUB,rust,Rust,2019-02-21T09:30:14Z,other,other,other
GITHUB,book,Go,2019-02-21T09:59:58Z,other,other,other
GITHUB,music,TypeScript,2019-02-22T00:49:18Z,web frontend,web frontend,web frontend
GITHUB,authorization,Go,2019-02-22T03:28:24Z,security,security,security
GITHUB,cli,Rust,2019-02-22T11:26:41Z,developer tools,developer tools,developer tools
GITHUB,avx2,C#,2019-02-23T09:59:15Z,developer tools,developer tools,developer tools
GITHUB,bert,Python,2019-02-24T02:40:46Z,data_ai,data_ai,data_ai
GITHUB,css,TypeScript,2019-02-24T08:11:55Z,web frontend,web frontend,web frontend
GITHUB,f1,Go,2019-02-24T16:06:02Z,other,other,other
GITHUB,12306,Python,2019-02-24T17:57:20Z,other,other,other
GITHUB,elasticsearch,Java,2019-02-26T00:43:00Z,devops_cloud,devops_cloud,devops_cloud
GITHUB,frontity,TypeScript,2019-02-26T04:09:49Z,web frontend,web frontend,web frontend
GITHUB,aerial-robotics,C++,2019-02-27T05:16:48Z,embedded,embedded,embedded
GITHUB,artificial-intelligence,Python,2019-02-27T15:23:19Z,data_ai,data_ai,data_ai
GITHUB,censorship,Python,2019-02-28T09:15:06Z,security,security,security
GITHUB,bugbounty,Go,2019-03-01T13:41:57Z,security,security,security
GITHUB,android,Kotlin,2019-03-01T14:46:24Z,mobile,mobile,mobile
GITHUB,book,Go,2019-03-01T17:02:10Z,other,other,other
GITHUB,coco-keypoints-detection,Python,2019-03-02T12:57:11Z,data_ai,data_ai,data_ai
GITHUB,hook,Java,2019-03-03T01:00:43Z,web backend,web backend,web backend
GITHUB,cli,Go,2019-03-03T05:59:25Z,developer tools,developer tools,developer tools
GITHUB,c-sharp,C#,2019-03-03T07:19:42Z,other,other,other
GITHUB,adminlte,Java,2019-03-04T01:17:00Z,web backend,web backend,web backend
GITHUB,classification,Python,2019-03-04T06:24:30Z,data_ai,data_ai,data_ai
GITHUB,weblogicscan,Python,2019-03-04T16:57:22Z,security,security,security
GITHUB,actix,Rust,2019-03-04T22:25:57Z,web backend,web backend,web backend
GITHUB,boilerplate,Java,2019-03-04T23:58:08Z,developer tools,developer tools,developer tools
GITHUB,android,Kotlin,2019-03-05T03:46:35Z,mobile,mobile,mobile
GITHUB,computer-vision,Python,2019-03-05T09:25:47Z,data_ai,data_ai,data_ai
GITHUB,clis,Rust,2019-03-05T12:45:19Z,developer tools,developer tools,developer tools
GITHUB,hacktoberfest,Rust,2019-03-05T15:57:17Z,other,other,other
GITHUB,autonomous-driving,Python,2019-03-05T21:21:06Z,data_ai,data_ai,data_ai
GITHUB,lidar,C++,2019-03-06T07:31:46Z,embedded,embedded,embedded
GITHUB,animation,C#,2019-03-06T13:11:59Z,game,game,game
GITHUB,kotlin,Kotlin,2019-03-06T21:07:47Z,mobile,mobile,mobile
GITHUB,k8s-sig-auth,Go,2019-03-06T21:16:30Z,devops_cloud,devops_cloud,devops_cloud
GITHUB,aws,JavaScript,2019-03-07T15:58:03Z,devops_cloud,devops_cloud,devops_cloud
GITHUB,hacktoberfest,JavaScript,2019-03-08T01:09:17Z,other,other,other
GITHUB,angular,C#,2019-03-08T09:33:46Z,web frontend,web frontend,web frontend
GITHUB,restful,Java,2019-03-08T19:06:40Z,web backend,web backend,web backend
GITHUB,ecs,Rust,2019-03-08T19:17:06Z,game,game,game
GITHUB,algorithm,Java,2019-03-08T21:23:03Z,other,other,other
GITHUB,android,Rust,2019-03-09T03:36:40Z,mobile,mobile,mobile
GITHUB,aa,C#,2019-03-09T08:29:43Z,other,other,other
GITHUB,android,Kotlin,2019-03-09T13:47:37Z,mobile,mobile,mobile
GITHUB,android,Kotlin,2019-03-09T17:58:18Z,mobile,mobile,mobile
GITHUB,pandas,Python,2019-03-10T04:58:29Z,data_ai,data_ai,data_ai
GITHUB,high-order-component,TypeScript,2019-03-10T09:50:55Z,web frontend,web frontend,web frontend
GITHUB,pytorch,Python,2019-03-10T18:33:25Z,data_ai,data_ai,data_ai
GITHUB,cli,Rust,2019-03-10T20:16:47Z,developer tools,developer tools,developer tools
GITHUB,aspnet-core,C#,2019-03-10T23:14:08Z,web backend,web backend,web backend
GITHUB,android,Kotlin,2019-03-11T08:06:53Z,mobile,mobile,mobile
GITHUB,cli,Rust,2019-03-11T09:45:52Z,developer tools,developer tools,developer tools
GITHUB,battery,Rust,2019-03-11T11:48:13Z,embedded,embedded,embedded
GITHUB,flutter,Go,2019-03-11T12:33:13Z,mobile,mobile,mobile
GITHUB,node-framework,TypeScript,2019-03-11T19:19:13Z,web backend,web backend,web backend
GITHUB,download,TypeScript,2019-03-12T03:52:44Z,web frontend,web frontend,web frontend
GITHUB,ant,JavaScript,2019-03-12T03:58:36Z,web frontend,web frontend,web frontend
GITHUB,developer-roadmap,Python,2019-03-12T07:54:41Z,developer tools,developer tools,developer tools
GITHUB,architecture-components,Kotlin,2019-03-13T03:11:25Z,mobile,mobile,mobile
GITHUB,adb,Java,2019-03-14T08:32:49Z,mobile,mobile,mobile
GITHUB,c-plus-plus,C++,2019-03-15T01:37:31Z,other,other,other
GITHUB,binary,TypeScript,2019-03-15T09:29:20Z,developer tools,developer tools,developer tools
GITHUB,kubectl,Go,2019-03-16T07:55:36Z,devops_cloud,devops_cloud,devops_cloud
GITHUB,e2ee,TypeScript,2019-03-16T22:04:10Z,security,security,security
GITHUB,anti-cheats,C++,2019-03-17T14:48:10Z,game,game,game
GITHUB,python,Rust,2019-03-18T08:12:59Z,developer tools,developer tools,developer tools
GITHUB,3d-face-reconstruction,Python,2019-03-20T06:50:27Z,data_ai,data_ai,data_ai
GITHUB,ai-painting,Python,2019-03-21T02:05:50Z,data_ai,data_ai,data_ai
GITHUB,baiduyun,Go,2019-03-21T07:34:26Z,other,other,other
GITHUB,tailwindcss,TypeScript,2019-03-21T21:28:15Z,web frontend,web frontend,web frontend
GITHUB,cross-platform,Java,2019-03-22T02:12:25Z,other,other,other
GITHUB,android,Java,2019-03-22T04:35:03Z,mobile,mobile,mobile
GITHUB,2d,JavaScript,2019-03-22T14:19:09Z,game,game,game
GITHUB,frontend,Rust,2019-03-23T05:13:18Z,web frontend,web frontend,web frontend
GITHUB,excel,C#,2019-03-26T05:14:03Z,developer tools,developer tools,developer tools
GITHUB,hacking,Python,2019-03-27T07:59:57Z,security,security,security
GITHUB,decoder,Rust,2019-03-27T13:26:44Z,developer tools,developer tools,developer tools
GITHUB,exploitation,Python,2019-03-27T20:39:07Z,security,security,security
GITHUB,algorithms,C++,2019-03-28T00:09:18Z,other,other,other
GITHUB,emu,Rust,2019-03-28T05:07:40Z,game,game,game
GITHUB,dynamic-loading,JavaScript,2019-03-28T18:57:12Z,web frontend,web frontend,web frontend
GITHUB,blueteam,C++,2019-03-30T03:44:28Z,security,security,security
GITHUB,blcok,Kotlin,2019-03-30T10:01:37Z,mobile,mobile,mobile
GITHUB,bash,Go,2019-03-31T03:47:40Z,devops_cloud,devops_cloud,devops_cloud
GITHUB,command-line-tool,Rust,2019-03-31T04:35:30Z,developer tools,developer tools,developer tools
GITHUB,csharp,C#,2019-03-31T08:43:56Z,other,other,other
GITHUB,celeba,Python,2019-03-31T23:35:34Z,data_ai,data_ai,data_ai
GITHUB,react-native,JavaScript,2019-04-01T11:59:06Z,mobile,mobile,mobile
GITHUB,react-native,JavaScript,2019-04-01T12:06:22Z,mobile,mobile,mobile
GITHUB,coap,Java,2019-04-01T18:52:44Z,iot,iot,iot
GITHUB,2d-game-engine,Rust,2019-04-02T11:55:55Z,game,game,game
GITHUB,aws,Go,2019-04-02T12:07:55Z,devops_cloud,devops_cloud,devops_cloud
GITHUB,blog,Go,2019-04-02T15:11:29Z,web backend,web backend,web backend
GITHUB,cloud-native,Go,2019-04-03T09:13:43Z,devops_cloud,devops_cloud,devops_cloud
GITHUB,editor-js,TypeScript,2019-04-03T18:24:05Z,web frontend,web frontend,web frontend
GITHUB,beginner,C++,2019-04-03T20:57:41Z,other,other,other
GITHUB,scale,Kotlin,2019-04-03T23:50:25Z,mobile,mobile,mobile
GITHUB,dashboard,Go,2019-04-04T00:03:35Z,web backend,web backend,web backend
GITHUB,epicreact-dev,JavaScript,2019-04-04T15:36:32Z,web frontend,web frontend,web frontend
GITHUB,cli,Go,2019-04-05T02:51:39Z,developer tools,developer tools,developer tools
GITHUB,android,Kotlin,2019-04-06T03:03:00Z,mobile,mobile,mobile
GITHUB,android,Kotlin,2019-04-07T04:01:19Z,mobile,mobile,mobile
GITHUB,blast,C#,2019-04-08T01:40:31Z,other,other,other
GITHUB,golang,Go,2019-04-08T06:28:36Z,other,other,other
GITHUB,form-builder,JavaScript,2019-04-08T08:51:29Z,web frontend,web frontend,web frontend
GITHUB,flac,C++,2019-04-08T21:10:43Z,other,other,other
GITHUB,cnn,Python,2019-04-08T23:47:32Z,data_ai,data_ai,data_ai
GITHUB,3d-graphics,C#,2019-04-08T23:52:03Z,game,game,game
GITHUB,android,Kotlin,2019-04-09T01:21:20Z,mobile,mobile,mobile
GITHUB,android,Java,2019-04-09T03:11:10Z,mobile,mobile,mobile
GITHUB,live-reload,TypeScript,2019-04-09T03:11:42Z,developer tools,developer tools,developer tools
GITHUB,aio,Java,2019-04-09T19:36:18Z,other,other,other
GITHUB,amsoftmax,Python,2019-04-10T00:48:03Z,data_ai,data_ai,data_ai
GITHUB,albert,Python,2019-04-10T05:00:20Z,data_ai,data_ai,data_ai
GITHUB,android,Kotlin,2019-04-10T13:44:23Z,mobile,mobile,mobile
GITHUB,fetch,TypeScript,2019-04-10T20:26:44Z,web frontend,web frontend,web frontend
GITHUB,aac,Go,2019-04-10T23:15:33Z,other,other,other
GITHUB,async,Rust,2019-04-11T05:37:15Z,developer tools,developer tools,developer tools
GITHUB,activity,Kotlin,2019-04-12T04:05:16Z,mobile,mobile,mobile
GITHUB,api-gateway,C#,2019-04-12T05:02:20Z,devops_cloud,devops_cloud,devops_cloud
GITHUB,docker,Java,2019-04-12T06:20:31Z,devops_cloud,devops_cloud,devops_cloud
GITHUB,hacking-tool,Python,2019-04-12T23:47:38Z,security,security,security
GITHUB,android,Kotlin,2019-04-14T06:41:38Z,mobile,mobile,mobile
GITHUB,debugging-tool,Go,2019-04-14T08:56:05Z,developer tools,developer tools,developer tools
GITHUB,best-practices,Python,2019-04-14T09:05:25Z,developer tools,developer tools,developer tools
GITHUB,bootable-drives,Python,2019-04-14T10:38:32Z,developer tools,developer tools,developer tools
GITHUB,flip,Kotlin,2019-04-15T02:58:12Z,mobile,mobile,mobile
GITHUB,ruby,Rust,2019-04-15T15:54:47Z,developer tools,developer tools,developer tools
GITHUB,keypoint-triplets,Python,2019-04-16T09:18:23Z,data_ai,data_ai,data_ai
GITHUB,javascript,JavaScript,2019-04-16T10:44:11Z,web frontend,web frontend,web frontend
GITHUB,deprecated,Kotlin,2019-04-17T15:25:10Z,mobile,mobile,mobile
GITHUB,adversarial-attacks,Python,2019-04-17T21:43:39Z,security,security,security
GITHUB,android,Java,2019-04-18T00:25:44Z,mobile,mobile,mobile
GITHUB,20-20-20,C#,2019-04-18T01:43:30Z,other,other,other
GITHUB,android,Kotlin,2019-04-18T03:22:18Z,mobile,mobile,mobile
GITHUB,command-line,C#,2019-04-18T06:43:49Z,developer tools,developer tools,developer tools
GITHUB,image-quality,Python,2019-04-18T07:49:02Z,data_ai,data_ai,data_ai
GITHUB,bert,Python,2019-04-18T15:01:20Z,data_ai,data_ai,data_ai
GITHUB,game-development,Rust,2019-04-18T18:20:27Z,game,game,game
GITHUB,android,Kotlin,2019-04-19T03:28:06Z,mobile,mobile,mobile
GITHUB,control,C#,2019-04-19T03:54:32Z,other,other,other
GITHUB,agendajs,TypeScript,2019-04-20T20:19:52Z,web backend,web backend,web backend
GITHUB,android,Kotlin,2019-04-22T01:33:52Z,mobile,mobile,mobile
GITHUB,a2c,Python,2019-04-23T03:57:44Z,data_ai,data_ai,data_ai
GITHUB,bootstrap,Java,2019-04-23T08:11:24Z,web backend,web backend,web backend
GITHUB,prometheus-exporter,Rust,2019-04-23T13:58:16Z,devops_cloud,devops_cloud,devops_cloud
GITHUB,css,JavaScript,2019-04-24T11:22:42Z,web frontend,web frontend,web frontend
GITHUB,activity-results,Kotlin,2019-04-24T13:27:45Z,mobile,mobile,mobile
GITHUB,cpp17,C++,2019-04-24T17:16:58Z,other,other,other
GITHUB,cheatsheet,Rust,2019-04-24T18:24:04Z,other,other,other
GITHUB,computer-vision,Python,2019-04-25T06:01:24Z,data_ai,data_ai,data_ai
GITHUB,matrix-product-states,Python,2019-04-25T13:38:13Z,data_ai,data_ai,data_ai
GITHUB,automatic-differentiation,C++,2019-04-25T14:55:23Z,data_ai,data_ai,data_ai
GITHUB,kotlin,Kotlin,2019-04-26T11:13:27Z,mobile,mobile,mobile
GITHUB,android,Kotlin,2019-04-26T21:56:48Z,mobile,mobile,mobile
GITHUB,classification,Python,2019-04-27T08:30:56Z,data_ai,data_ai,data_ai
GITHUB,embedding-propagation,Python,2019-04-29T14:15:43Z,data_ai,data_ai,data_ai
GITHUB,backend,Rust,2019-04-29T19:24:42Z,web backend,web backend,web backend
GITHUB,contribution,TypeScript,2019-04-30T00:18:03Z,other,other,other
GITHUB,library,TypeScript,2019-05-01T17:44:35Z,developer tools,developer tools,developer tools
GITHUB,cpp,C++,2019-05-01T23:42:47Z,other,other,other
GITHUB,gnome,TypeScript,2019-05-02T04:48:15Z,other,other,other
GITHUB,cli,Rust,2019-05-02T12:38:08Z,developer tools,developer tools,developer tools
GITHUB,deep-learning,C++,2019-05-02T13:48:57Z,data_ai,data_ai,data_ai
GITHUB,bug-bounty,Rust,2019-05-03T06:18:54Z,security,security,security
GITHUB,actix-web,Rust,2019-05-03T23:51:39Z,web backend,web backend,web backend
GITHUB,java-zip,Java,2019-05-04T04:39:50Z,developer tools,developer tools,developer tools
GITHUB,administration,C#,2019-05-04T06:46:29Z,enterprise,enterprise,enterprise
GITHUB,template-project,Java,2019-05-05T09:45:57Z,developer tools,developer tools,developer tools
GITHUB,angular,TypeScript,2019-05-05T09:54:17Z,web frontend,web frontend,web frontend
GITHUB,android,Kotlin,2019-05-07T04:17:48Z,mobile,mobile,mobile
GITHUB,chinese-speech-recognition,Python,2019-05-07T07:00:43Z,data_ai,data_ai,data_ai
GITHUB,bezier,C#,2019-05-08T04:25:44Z,developer tools,developer tools,developer tools
GITHUB,deepsort,C++,2019-05-08T23:26:54Z,data_ai,data_ai,data_ai
GITHUB,azure,C#,2019-05-08T23:32:18Z,devops_cloud,devops_cloud,devops_cloud
GITHUB,csr,TypeScript,2019-05-08T23:32:48Z,web frontend,web frontend,web frontend
GITHUB,opencv-python,Python,2019-05-10T02:56:08Z,data_ai,data_ai,data_ai
GITHUB,ffmpeg,JavaScript,2019-05-10T05:20:24Z,other,other,other
GITHUB,rust,Rust,2019-05-10T07:36:30Z,other,other,other
GITHUB,gazebo,C++,2019-05-11T09:44:17Z,iot,iot,iot
GITHUB,cargo,Rust,2019-05-11T22:18:46Z,developer tools,developer tools,developer tools
GITHUB,c,C++,2019-05-12T04:16:47Z,other,other,other
GITHUB,android-ui,Kotlin,2019-05-12T08:59:49Z,mobile,mobile,mobile
GITHUB,3d,C++,2019-05-12T15:08:45Z,game,game,game
GITHUB,element-ui,JavaScript,2019-05-12T23:47:20Z,web frontend,web frontend,web frontend
GITHUB,css-in-js,TypeScript,2019-05-13T21:08:29Z,web frontend,web frontend,web frontend
GITHUB,react,TypeScript,2019-05-13T21:12:11Z,web frontend,web frontend,web frontend
GITHUB,imagesegmentation,Python,2019-05-14T08:45:56Z,data_ai,data_ai,data_ai
GITHUB,command-handler,TypeScript,2019-05-15T07:19:37Z,developer tools,developer tools,developer tools
GITHUB,compression,Rust,2019-05-15T12:30:16Z,developer tools,developer tools,developer tools
GITHUB,c,C++,2019-05-16T13:40:05Z,other,other,other
GITHUB,blazor,C#,2019-05-17T12:52:44Z,web frontend,web frontend,web frontend
GITHUB,directory,Python,2019-05-17T21:21:48Z,other,other,other
GITHUB,attention,C++,2019-05-18T00:37:08Z,data_ai,data_ai,data_ai
GITHUB,coroutine,C++,2019-05-18T11:41:55Z,developer tools,developer tools,developer tools
GITHUB,android,Kotlin,2019-05-19T02:02:45Z,mobile,mobile,mobile
GITHUB,isosurface,C#,2019-05-19T06:50:36Z,game,game,game
GITHUB,cache,Rust,2019-05-20T17:35:02Z,web backend,web backend,web backend
GITHUB,servicecomb,JavaScript,2019-05-23T00:42:41Z,web backend,web backend,web backend
GITHUB,calendar,Kotlin,2019-05-23T09:34:01Z,mobile,mobile,mobile
GITHUB,graphql,TypeScript,2019-05-24T01:05:13Z,web backend,web backend,web backend
GITHUB,android,C#,2019-05-24T04:19:14Z,mobile,mobile,mobile
GITHUB,netcode-for-gameobjects,C#,2019-05-25T00:21:04Z,game,game,game
GITHUB,arabic,JavaScript,2019-05-25T18:17:32Z,web frontend,web frontend,web frontend
GITHUB,tutorial,TypeScript,2019-05-25T22:39:40Z,web frontend,web frontend,web frontend
GITHUB,gamepad-inputs,C#,2019-05-25T22:50:04Z,game,game,game
GITHUB,applescript,Python,2019-05-26T21:04:10Z,other,other,other
GITHUB,ambience,Kotlin,2019-05-27T00:14:20Z,mobile,mobile,mobile
GITHUB,unity,C#,2019-05-27T23:34:19Z,game,game,game
GITHUB,cloud-native,Rust,2019-05-28T08:50:38Z,devops_cloud,devops_cloud,devops_cloud
GITHUB,active-defense,C++,2019-05-28T15:41:36Z,security,security,security
GITHUB,augmentation,Python,2019-05-28T19:32:07Z,data_ai,data_ai,data_ai
GITHUB,information-retrival,Rust,2019-05-28T20:10:42Z,data_ai,data_ai,data_ai
GITHUB,team-core,Rust,2019-05-29T00:37:03Z,other,other,other
GITHUB,angular,TypeScript,2019-05-29T01:16:12Z,web frontend,web frontend,web frontend
GITHUB,cpp,C++,2019-05-29T03:41:34Z,other,other,other
GITHUB,applicative,Rust,2019-05-29T14:06:32Z,developer tools,developer tools,developer tools
GITHUB,blazor,C#,2019-05-29T22:03:53Z,web frontend,web frontend,web frontend
GITHUB,android,Kotlin,2019-05-30T05:03:31Z,mobile,mobile,mobile
GITHUB,chinese,Python,2019-05-30T19:07:50Z,other,other,other
GITHUB,android,Kotlin,2019-05-31T02:31:57Z,mobile,mobile,mobile
GITHUB,javascript,Rust,2019-05-31T08:16:15Z,developer tools,developer tools,developer tools
GITHUB,3d-graphics,C#,2019-05-31T10:51:17Z,game,game,game
GITHUB,android,Kotlin,2019-05-31T16:50:33Z,mobile,mobile,mobile
GITHUB,database,JavaScript,2019-06-01T10:54:40Z,web backend,web backend,web backend
GITHUB,android,TypeScript,2019-06-03T00:41:01Z,mobile,mobile,mobile
GITHUB,craft,Python,2019-06-04T00:43:58Z,other,other,other
GITHUB,bpe,C++,2019-06-06T04:38:28Z,data_ai,data_ai,data_ai
GITHUB,hacktoberfest,C#,2019-06-07T11:48:01Z,other,other,other
GITHUB,livox-lidar,C++,2019-06-07T12:46:39Z,embedded,embedded,embedded
GITHUB,cross-platform,Rust,2019-06-09T19:31:56Z,other,other,other
GITHUB,ar,C#,2019-06-09T21:20:49Z,game,game,game
GITHUB,awsome,TypeScript,2019-06-09T22:45:41Z,other,other,other
GITHUB,arduino,C++,2019-06-11T01:55:00Z,embedded,embedded,embedded
GITHUB,card,TypeScript,2019-06-11T10:37:21Z,web frontend,web frontend,web frontend
GITHUB,react-native,C++,2019-06-12T08:24:16Z,mobile,mobile,mobile
GITHUB,async,Rust,2019-06-12T08:47:29Z,developer tools,developer tools,developer tools
GITHUB,ecs,Rust,2019-06-12T23:10:42Z,game,game,game
GITHUB,android,Python,2019-06-13T05:35:51Z,mobile,mobile,mobile
GITHUB,antifraud,Python,2019-06-14T03:03:28Z,security,security,security
GITHUB,postgres,Rust,2019-06-14T05:17:30Z,developer tools,developer tools,developer tools
GITHUB,computer-vision,TypeScript,2019-06-14T10:22:39Z,data_ai,data_ai,data_ai
GITHUB,domain-driven-design,TypeScript,2019-06-15T10:55:40Z,enterprise,enterprise,enterprise
GITHUB,animation,Kotlin,2019-06-16T09:44:52Z,mobile,mobile,mobile
GITHUB,csharp-library,C#,2019-06-16T16:38:06Z,developer tools,developer tools,developer tools
GITHUB,devops,Kotlin,2019-06-17T07:08:52Z,devops_cloud,devops_cloud,devops_cloud
GITHUB,android,Kotlin,2019-06-18T08:59:51Z,mobile,mobile,mobile
GITHUB,computer-vision,Python,2019-06-18T18:21:45Z,data_ai,data_ai,data_ai
GITHUB,proxy,Rust,2019-06-18T22:16:36Z,devops_cloud,devops_cloud,devops_cloud
GITHUB,deep-learning,Python,2019-06-19T01:16:46Z,data_ai,data_ai,data_ai
GITHUB,android,Kotlin,2019-06-19T11:41:17Z,mobile,mobile,mobile
GITHUB,2d-mot-evaluation,Python,2019-06-19T16:48:25Z,data_ai,data_ai,data_ai
GITHUB,emulator,C++,2019-06-20T10:29:06Z,game,game,game
GITHUB,android,Kotlin,2019-06-21T08:16:52Z,mobile,mobile,mobile
GITHUB,coroutines,Kotlin,2019-06-21T15:23:59Z,mobile,mobile,mobile
GITHUB,nest,TypeScript,2019-06-23T09:30:24Z,web backend,web backend,web backend
GITHUB,css,TypeScript,2019-06-23T13:41:01Z,web frontend,web frontend,web frontend
GITHUB,archive,Python,2019-06-24T07:17:10Z,other,other,other
GITHUB,android,C++,2019-06-24T09:12:27Z,mobile,mobile,mobile
GITHUB,deep-learning,Python,2019-06-25T00:00:13Z,data_ai,data_ai,data_ai
GITHUB,aerial-robotics,C++,2019-06-25T05:35:42Z,embedded,embedded,embedded
GITHUB,amsi,C#,2019-06-25T16:55:29Z,security,security,security
GITHUB,android,Kotlin,2019-06-27T05:34:57Z,mobile,mobile,mobile
GITHUB,android,Kotlin,2019-06-28T06:20:27Z,mobile,mobile,mobile
GITHUB,3d,C#,2019-06-29T05:18:51Z,game,game,game
GITHUB,luci,TypeScript,2019-06-29T20:33:17Z,embedded,embedded,embedded
GITHUB,emulator,C++,2019-06-30T00:04:49Z,game,game,game
GITHUB,code-review,Rust,2019-06-30T09:40:32Z,developer tools,developer tools,developer tools
GITHUB,c-plus-plus,C++,2019-06-30T12:50:01Z,other,other,other
GITHUB,cargo,Rust,2019-06-30T18:34:21Z,developer tools,developer tools,developer tools
GITHUB,android,Kotlin,2019-07-01T06:57:59Z,mobile,mobile,mobile
GITHUB,hacktoberfest,Rust,2019-07-02T05:43:46Z,other,other,other
GITHUB,app,Kotlin,2019-07-03T01:23:41Z,mobile,mobile,mobile
GITHUB,app,C#,2019-07-04T02:58:40Z,other,other,other
GITHUB,android,Kotlin,2019-07-04T20:08:58Z,mobile,mobile,mobile
GITHUB,draggable,TypeScript,2019-07-05T08:04:30Z,web frontend,web frontend,web frontend
GITHUB,boilerplate-application,JavaScript,2019-07-06T09:10:25Z,web frontend,web frontend,web frontend
GITHUB,carbon,Rust,2019-07-07T07:50:55Z,other,other,other
GITHUB,desktop,TypeScript,2019-07-08T09:23:48Z,other,other,other
GITHUB,games,Rust,2019-07-09T05:26:21Z,game,game,game
GITHUB,cuda,C++,2019-07-10T03:43:36Z,data_ai,data_ai,data_ai
GITHUB,framework,C#,2019-07-10T23:53:50Z,developer tools,developer tools,developer tools
GITHUB,actix-web,Rust,2019-07-11T06:13:17Z,web backend,web backend,web backend
GITHUB,csharp,C#,2019-07-11T07:21:43Z,other,other,other
GITHUB,agplv3,TypeScript,2019-07-11T10:18:42Z,other,other,other
GITHUB,adsorption-alignment,JavaScript,2019-07-12T04:51:06Z,data_ai,data_ai,data_ai
GITHUB,android-library,Kotlin,2019-07-12T19:08:43Z,mobile,mobile,mobile
GITHUB,cargo,Rust,2019-07-12T20:19:34Z,developer tools,developer tools,developer tools
GITHUB,database,JavaScript,2019-07-13T04:01:31Z,web backend,web backend,web backend
GITHUB,cplusplus,C++,2019-07-14T01:45:45Z,other,other,other
GITHUB,anime-images,Python,2019-07-15T01:43:32Z,data_ai,data_ai,data_ai
GITHUB,dtd,Kotlin,2019-07-15T13:13:54Z,developer tools,developer tools,developer tools
GITHUB,android-jetpack-components,Kotlin,2019-07-16T08:18:46Z,mobile,mobile,mobile
GITHUB,cuda,C++,2019-07-16T08:48:20Z,data_ai,data_ai,data_ai
GITHUB,camera,C++,2019-07-17T07:54:47Z,embedded,embedded,embedded
GITHUB,auto-sklearn,Python,2019-07-17T10:14:06Z,data_ai,data_ai,data_ai
GITHUB,awesome,C++,2019-07-18T21:37:55Z,other,other,other
GITHUB,audio,Rust,2019-07-20T03:10:08Z,other,other,other
GITHUB,collision-detection,C#,2019-07-20T23:56:43Z,game,game,game
GITHUB,actor,Rust,2019-07-21T09:01:28Z,developer tools,developer tools,developer tools
GITHUB,fe-interview,JavaScript,2019-07-21T19:23:10Z,web frontend,web frontend,web frontend
GITHUB,3d,JavaScript,2019-07-22T04:53:56Z,web frontend,web frontend,web frontend
GITHUB,android,TypeScript,2019-07-22T13:38:02Z,mobile,mobile,mobile
GITHUB,3d-convolutional-network,Python,2019-07-23T04:00:46Z,data_ai,data_ai,data_ai
GITHUB,autoplay,TypeScript,2019-07-25T01:19:09Z,web frontend,web frontend,web frontend
GITHUB,blog,TypeScript,2019-07-25T09:15:56Z,web frontend,web frontend,web frontend
GITHUB,gtk,Rust,2019-07-25T16:31:19Z,other,other,other
GITHUB,3d-lidar,C++,2019-07-26T10:30:02Z,embedded,embedded,embedded
GITHUB,docker,TypeScript,2019-07-27T08:18:18Z,devops_cloud,devops_cloud,devops_cloud
GITHUB,appcode,Kotlin,2019-07-27T08:57:52Z,developer tools,developer tools,developer tools
GITHUB,android,Kotlin,2019-07-29T00:00:43Z,mobile,mobile,mobile
GITHUB,libevent,C++,2019-07-31T20:43:14Z,developer tools,developer tools,developer tools
GITHUB,asm,C++,2019-08-01T04:54:14Z,embedded,embedded,embedded
GITHUB,javascript,JavaScript,2019-08-01T05:03:19Z,other,other,other
GITHUB,arduino,C++,2019-08-02T04:31:08Z,embedded,embedded,embedded
GITHUB,auth0,TypeScript,2019-08-04T14:11:28Z,security,security,security
GITHUB,cas,Python,2019-08-04T19:12:26Z,security,security,security
GITHUB,add-image-to-video,Kotlin,2019-08-05T22:12:40Z,mobile,mobile,mobile
GITHUB,android,Kotlin,2019-08-06T01:02:06Z,mobile,mobile,mobile
GITHUB,cms,TypeScript,2019-08-07T00:21:07Z,web backend,web backend,web backend
GITHUB,chatbot,Kotlin,2019-08-07T03:14:28Z,mobile,mobile,mobile
GITHUB,arduino,C++,2019-08-07T09:11:19Z,embedded,embedded,embedded
GITHUB,console,C#,2019-08-08T10:29:09Z,other,other,other
GITHUB,kinect,C#,2019-08-08T23:20:01Z,game,game,game
GITHUB,creative-commons,Rust,2019-08-10T09:01:49Z,other,other,other
GITHUB,kotlin-multiplatform,Kotlin,2019-08-10T18:16:57Z,mobile,mobile,mobile
GITHUB,android,Kotlin,2019-08-11T07:46:20Z,mobile,mobile,mobile
GITHUB,hacktoberfest,JavaScript,2019-08-11T07:47:50Z,web frontend,web frontend,web frontend
GITHUB,a11y,JavaScript,2019-08-11T10:53:59Z,web frontend,web frontend,web frontend
GITHUB,retrogaming,Rust,2019-08-12T11:57:50Z,game,game,game
GITHUB,csharp,C#,2019-08-12T20:23:44Z,other,other,other
GITHUB,8bit,Rust,2019-08-14T14:54:49Z,embedded,embedded,embedded
GITHUB,bvh,JavaScript,2019-08-14T15:57:08Z,web frontend,web frontend,web frontend
GITHUB,coyote,C#,2019-08-14T18:09:42Z,testing_qa,testing_qa,testing_qa
GITHUB,android,Kotlin,2019-08-15T02:26:57Z,mobile,mobile,mobile
GITHUB,cli,Rust,2019-08-16T12:31:53Z,developer tools,developer tools,developer tools
GITHUB,statelayout,Kotlin,2019-08-17T12:50:39Z,mobile,mobile,mobile
GITHUB,ambassador,Python,2019-08-17T13:14:22Z,devops_cloud,devops_cloud,devops_cloud
GITHUB,image-effects,C#,2019-08-18T03:43:45Z,developer tools,developer tools,developer tools
GITHUB,dark-theme,Python,2019-08-18T06:33:31Z,other,other,other
GITHUB,android,Kotlin,2019-08-18T07:29:27Z,mobile,mobile,mobile
GITHUB,behaviortree,C#,2019-08-19T02:04:49Z,game,game,game
GITHUB,localization,C++,2019-08-19T12:28:44Z,developer tools,developer tools,developer tools
GITHUB,lockstep,C#,2019-08-20T02:12:08Z,game,game,game
GITHUB,android,Kotlin,2019-08-20T06:04:04Z,mobile,mobile,mobile
GITHUB,magic-move,TypeScript,2019-08-21T04:24:03Z,web frontend,web frontend,web frontend
GITHUB,android,Kotlin,2019-08-21T22:49:10Z,mobile,mobile,mobile
GITHUB,deep-learning,C++,2019-08-22T03:10:19Z,data_ai,data_ai,data_ai
GITHUB,android,Kotlin,2019-08-22T13:55:58Z,mobile,mobile,mobile
GITHUB,architecture,C#,2019-08-22T17:12:03Z,enterprise,enterprise,enterprise
GITHUB,license,C++,2019-08-23T18:27:44Z,other,other,other
GITHUB,esp32-arduino,C++,2019-08-24T02:48:12Z,embedded,embedded,embedded
GITHUB,rust,Rust,2019-08-25T07:59:44Z,other,other,other
GITHUB,cli,Rust,2019-08-26T01:06:48Z,developer tools,developer tools,developer tools
GITHUB,markdown-editor,C++,2019-08-26T07:35:23Z,developer tools,developer tools,developer tools
GITHUB,android,Kotlin,2019-08-26T08:59:30Z,mobile,mobile,mobile
GITHUB,cobaltstrike,Python,2019-08-27T07:50:20Z,security,security,security
GITHUB,android,Kotlin,2019-08-28T01:23:07Z,mobile,mobile,mobile
GITHUB,data-processing,Python,2019-08-29T14:07:46Z,data_ai,data_ai,data_ai
GITHUB,alive,Kotlin,2019-08-30T03:07:37Z,mobile,mobile,mobile
GITHUB,figma,Rust,2019-08-30T04:26:25Z,developer tools,developer tools,developer tools
GITHUB,code,C#,2019-08-30T05:45:32Z,other,other,other
GITHUB,android,Kotlin,2019-08-30T22:29:21Z,mobile,mobile,mobile
GITHUB,book,Kotlin,2019-09-01T01:48:06Z,mobile,mobile,mobile
GITHUB,c,C++,2019-09-01T12:43:39Z,other,other,other
GITHUB,language-server,Kotlin,2019-09-01T13:35:21Z,developer tools,developer tools,developer tools
GITHUB,language-server-protocol,Rust,2019-09-01T19:54:56Z,developer tools,developer tools,developer tools
GITHUB,alto,C#,2019-09-02T03:25:06Z,other,other,other
GITHUB,docker,JavaScript,2019-09-03T01:34:17Z,devops_cloud,devops_cloud,devops_cloud
GITHUB,antlr4,Rust,2019-09-03T05:54:21Z,developer tools,developer tools,developer tools
GITHUB,converter,C#,2019-09-03T21:50:15Z,developer tools,developer tools,developer tools
GITHUB,driver,Rust,2019-09-04T10:21:07Z,embedded,embedded,embedded
GITHUB,android,Kotlin,2019-09-04T22:02:39Z,mobile,mobile,mobile
GITHUB,airtable,TypeScript,2019-09-05T01:07:18Z,developer tools,developer tools,developer tools
GITHUB,ai,Python,2019-09-05T05:48:01Z,data_ai,data_ai,data_ai
GITHUB,browser,TypeScript,2019-09-05T13:04:13Z,web frontend,web frontend,web frontend
GITHUB,cargo-guppy,Rust,2019-09-05T13:31:41Z,developer tools,developer tools,developer tools
GITHUB,android,Kotlin,2019-09-07T06:37:55Z,mobile,mobile,mobile
GITHUB,dotnet-core,C#,2019-09-07T19:55:23Z,web backend,web backend,web backend
GITHUB,adversary-simulation,C#,2019-09-08T05:40:50Z,security,security,security
GITHUB,cryptography,Rust,2019-09-12T20:01:25Z,security,security,security
GITHUB,anchor-free,C++,2019-09-12T23:08:32Z,data_ai,data_ai,data_ai
GITHUB,android,Kotlin,2019-09-13T02:50:10Z,mobile,mobile,mobile
GITHUB,cross-platform-soundboard,C++,2019-09-14T16:43:14Z,other,other,other
GITHUB,okhttp,Kotlin,2019-09-15T09:56:08Z,mobile,mobile,mobile
GITHUB,android,Kotlin,2019-09-15T23:38:47Z,mobile,mobile,mobile
GITHUB,ekf-mono-slam,C++,2019-09-17T18:15:55Z,embedded,embedded,embedded
GITHUB,components,JavaScript,2019-09-18T17:21:00Z,web frontend,web frontend,web frontend
GITHUB,dpdk,Rust,2019-09-20T14:04:18Z,developer tools,developer tools,developer tools
GITHUB,android,Kotlin,2019-09-20T14:34:04Z,mobile,mobile,mobile
GITHUB,kubernetes,Rust,2019-09-22T09:33:58Z,devops_cloud,devops_cloud,devops_cloud
GITHUB,compiler,C++,2019-09-23T14:06:09Z,developer tools,developer tools,developer tools
GITHUB,android,Kotlin,2019-09-23T20:49:34Z,mobile,mobile,mobile
GITHUB,android,Kotlin,2019-09-24T23:07:40Z,mobile,mobile,mobile
GITHUB,android,C++,2019-09-26T00:19:44Z,mobile,mobile,mobile
GITHUB,android,Kotlin,2019-09-26T12:43:55Z,mobile,mobile,mobile
GITHUB,github-sync,TypeScript,2019-09-26T21:48:13Z,devops_cloud,devops_cloud,devops_cloud
GITHUB,multithreading,C++,2019-09-27T09:47:38Z,developer tools,developer tools,developer tools
GITHUB,operating-systems-learning,Rust,2019-09-27T10:12:52Z,other,other,other
GITHUB,android,Kotlin,2019-09-29T00:56:22Z,mobile,mobile,mobile
GITHUB,amd64,Python,2019-09-29T12:28:31Z,other,other,other
GITHUB,community,TypeScript,2019-09-30T01:31:33Z,other,other,other
GITHUB,ddd,TypeScript,2019-10-01T13:07:57Z,enterprise,enterprise,enterprise
GITHUB,animation,TypeScript,2019-10-02T03:20:55Z,web frontend,web frontend,web frontend
GITHUB,data-visualization,TypeScript,2019-10-03T22:19:54Z,data_ai,data_ai,data_ai
GITHUB,android,TypeScript,2019-10-05T12:01:26Z,mobile,mobile,mobile
GITHUB,benchmark,C++,2019-10-05T14:39:18Z,developer tools,developer tools,developer tools
GITHUB,enso,Rust,2019-10-06T12:47:02Z,developer tools,developer tools,developer tools
GITHUB,gui,C++,2019-10-08T05:41:44Z,other,other,other
GITHUB,aspnet,C#,2019-10-09T01:12:40Z,web backend,web backend,web backend
GITHUB,actix,Rust,2019-10-11T06:22:36Z,web backend,web backend,web backend
GITHUB,linux,Rust,2019-10-12T00:04:16Z,other,other,other
GITHUB,maryam,Python,2019-10-13T11:03:04Z,security,security,security
GITHUB,2kb,TypeScript,2019-10-13T20:36:02Z,developer tools,developer tools,developer tools
GITHUB,ruby,Rust,2019-10-14T01:33:05Z,developer tools,developer tools,developer tools
GITHUB,contributions-welcome,TypeScript,2019-10-15T07:40:47Z,other,other,other
GITHUB,artifact,C++,2019-10-15T08:47:45Z,developer tools,developer tools,developer tools
GITHUB,react,TypeScript,2019-10-15T23:16:57Z,web frontend,web frontend,web frontend
GITHUB,deep-neural-networks,Python,2019-10-17T04:17:32Z,data_ai,data_ai,data_ai
GITHUB,cpp,C++,2019-10-17T06:51:09Z,other,other,other
GITHUB,aspnetcore,C#,2019-10-17T14:23:23Z,web backend,web backend,web backend
GITHUB,b-tree,C++,2019-10-18T04:48:12Z,developer tools,developer tools,developer tools
GITHUB,admin,TypeScript,2019-10-18T07:48:29Z,web frontend,web frontend,web frontend
GITHUB,csharp,C#,2019-10-18T08:08:32Z,other,other,other
GITHUB,architecture,C#,2019-10-18T09:11:13Z,enterprise,enterprise,enterprise
GITHUB,aspnet,C#,2019-10-18T18:25:53Z,web backend,web backend,web backend
GITHUB,deno,TypeScript,2019-10-18T22:53:43Z,web backend,web backend,web backend
GITHUB,anti,C++,2019-10-20T02:30:16Z,security,security,security
GITHUB,cplusplus,C++,2019-10-20T07:11:25Z,other,other,other
GITHUB,bar-chart-race,JavaScript,2019-10-20T07:19:05Z,web frontend,web frontend,web frontend
GITHUB,animation,JavaScript,2019-10-21T03:32:33Z,web frontend,web frontend,web frontend
GITHUB,breakpoint,TypeScript,2019-10-21T12:28:35Z,developer tools,developer tools,developer tools
GITHUB,dotnet,C#,2019-10-21T23:17:24Z,other,other,other
GITHUB,emulator,Rust,2019-10-22T05:03:46Z,game,game,game
GITHUB,live2d,C#,2019-10-22T13:46:50Z,game,game,game
GITHUB,aaai2020,C++,2019-10-22T20:50:50Z,data_ai,data_ai,data_ai
GITHUB,boxes,Python,2019-10-27T09:17:58Z,other,other,other
GITHUB,fiddler-web-debugger,C#,2019-10-28T03:30:36Z,developer tools,developer tools,developer tools
GITHUB,cross-platform,C#,2019-10-28T23:42:02Z,other,other,other
GITHUB,preview-themes,TypeScript,2019-10-29T02:48:00Z,developer tools,developer tools,developer tools
GITHUB,hacktoberfest,Rust,2019-10-29T10:21:51Z,other,other,other
GITHUB,api,TypeScript,2019-10-29T12:45:52Z,web backend,web backend,web backend
GITHUB,git,TypeScript,2019-10-31T10:36:35Z,developer tools,developer tools,developer tools
GITHUB,controller,C++,2019-10-31T11:03:37Z,embedded,embedded,embedded
GITHUB,gossip-protocol,Rust,2019-11-01T02:54:55Z,devops_cloud,devops_cloud,devops_cloud
GITHUB,busybox,Rust,2019-11-01T18:35:39Z,embedded,embedded,embedded
GITHUB,musescore,TypeScript,2019-11-03T09:23:45Z,web frontend,web frontend,web frontend
GITHUB,api-hooking,C++,2019-11-03T09:54:38Z,security,security,security
GITHUB,async,Rust,2019-11-03T10:18:48Z,developer tools,developer tools,developer tools
GITHUB,compression,Rust,2019-11-03T11:55:27Z,developer tools,developer tools,developer tools
GITHUB,api,Python,2019-11-04T23:12:01Z,web backend,web backend,web backend
GITHUB,ast,JavaScript,2019-11-07T11:29:17Z,developer tools,developer tools,developer tools
GITHUB,graph-computing,C++,2019-11-07T23:52:21Z,data_ai,data_ai,data_ai
GITHUB,censorship-circumvention,Python,2019-11-11T06:37:39Z,security,security,security
GITHUB,emulator,Rust,2019-11-11T15:24:14Z,game,game,game
GITHUB,aws,Python,2019-11-13T07:21:01Z,devops_cloud,devops_cloud,devops_cloud
GITHUB,blazor,C#,2019-11-13T17:00:02Z,web frontend,web frontend,web frontend
GITHUB,android-style,TypeScript,2019-11-13T19:40:58Z,mobile,mobile,mobile
GITHUB,intel-bluetooth,C++,2019-11-16T19:34:51Z,embedded,embedded,embedded
GITHUB,filesystem,Rust,2019-11-17T08:38:18Z,developer tools,developer tools,developer tools
GITHUB,chain,JavaScript,2019-11-17T16:49:37Z,blockchain,blockchain,blockchain
GITHUB,procedural-algorithms,C#,2019-11-18T20:38:35Z,other,other,other
GITHUB,microkernel,Rust,2019-11-19T00:41:32Z,embedded,embedded,embedded
GITHUB,gui,C#,2019-11-20T01:36:41Z,other,other,other
GITHUB,css,TypeScript,2019-11-20T05:42:25Z,web frontend,web frontend,web frontend
GITHUB,jamstack,Rust,2019-11-20T11:01:13Z,web frontend,web frontend,web frontend
GITHUB,hotupdate,C++,2019-11-21T08:52:26Z,game,game,game
GITHUB,design-system,TypeScript,2019-11-21T21:52:01Z,web frontend,web frontend,web frontend
GITHUB,cookie,JavaScript,2019-11-22T02:05:40Z,web frontend,web frontend,web frontend
GITHUB,dialogue-systems,C#,2019-11-23T15:46:02Z,data_ai,data_ai,data_ai
GITHUB,animation,TypeScript,2019-11-24T02:39:59Z,web frontend,web frontend,web frontend
GITHUB,backend,C#,2019-11-24T23:25:48Z,web backend,web backend,web backend
GITHUB,ansii,Python,2019-11-28T16:28:28Z,developer tools,developer tools,developer tools
GITHUB,async,Rust,2019-11-29T17:37:36Z,developer tools,developer tools,developer tools
GITHUB,editor,TypeScript,2019-12-01T04:28:01Z,developer tools,developer tools,developer tools
GITHUB,actor-model,Rust,2019-12-01T04:49:58Z,developer tools,developer tools,developer tools
GITHUB,knowledge-distillation,Python,2019-12-02T06:26:04Z,data_ai,data_ai,data_ai
GITHUB,apm,C#,2019-12-03T21:50:54Z,devops_cloud,devops_cloud,devops_cloud
GITHUB,candlestick,Python,2019-12-05T08:32:32Z,data_ai,data_ai,data_ai
GITHUB,2vec,Python,2019-12-05T09:35:56Z,data_ai,data_ai,data_ai
GITHUB,accelerate,C++,2019-12-06T00:25:24Z,data_ai,data_ai,data_ai
GITHUB,classical-chinese,TypeScript,2019-12-08T12:21:32Z,other,other,other
GITHUB,chichat,Python,2019-12-08T23:09:39Z,other,other,other
GITHUB,procedural-meshes,C#,2019-12-08T23:54:49Z,game,game,game
GITHUB,krustlet,Rust,2019-12-09T14:51:01Z,devops_cloud,devops_cloud,devops_cloud
GITHUB,java,Rust,2019-12-11T21:47:17Z,developer tools,developer tools,developer tools
GITHUB,3d-graphics,C++,2019-12-15T09:24:02Z,game,game,game
GITHUB,database,Rust,2019-12-15T11:38:50Z,web backend,web backend,web backend
GITHUB,codec,C++,2019-12-16T06:30:10Z,other,other,other
GITHUB,awesome,C#,2019-12-17T01:48:33Z,other,other,other
GITHUB,api,TypeScript,2019-12-18T10:52:33Z,web backend,web backend,web backend
GITHUB,android,JavaScript,2019-12-18T17:21:38Z,mobile,mobile,mobile
GITHUB,dongle,C++,2019-12-21T09:59:19Z,embedded,embedded,embedded
GITHUB,asr,C++,2019-12-21T18:40:08Z,data_ai,data_ai,data_ai
GITHUB,cpp,C++,2019-12-22T05:48:04Z,other,other,other
GITHUB,c,C++,2019-12-23T19:34:07Z,other,other,other
GITHUB,chrome,TypeScript,2019-12-26T17:47:20Z,web frontend,web frontend,web frontend
GITHUB,advanced,C#,2019-12-27T01:48:50Z,other,other,other
GITHUB,ai,Python,2019-12-27T03:45:52Z,data_ai,data_ai,data_ai
GITHUB,angular,TypeScript,2019-12-27T11:31:52Z,web frontend,web frontend,web frontend
GITHUB,airplay,Python,2019-12-28T07:56:54Z,iot,iot,iot
GITHUB,angular,TypeScript,2019-12-28T11:16:33Z,web frontend,web frontend,web frontend
GITHUB,addressables,C#,2019-12-30T07:26:59Z,game,game,game
GITHUB,bvh,C++,2019-12-30T08:33:16Z,game,game,game
GITHUB,algorithms,TypeScript,2019-12-30T14:21:20Z,other,other,other
GITHUB,darknet,C++,2019-12-30T22:57:43Z,data_ai,data_ai,data_ai
GITHUB,db,C#,2019-12-31T00:06:16Z,web backend,web backend,web backend
GITHUB,aria2c,C#,2020-01-02T19:39:16Z,developer tools,developer tools,developer tools
GITHUB,electron,TypeScript,2020-01-03T09:15:44Z,other,other,other
GITHUB,css,JavaScript,2020-01-03T10:04:01Z,web frontend,web frontend,web frontend
GITHUB,dotnet-core,C#,2020-01-03T18:27:03Z,web backend,web backend,web backend
GITHUB,nextjs,TypeScript,2020-01-04T15:19:10Z,web frontend,web frontend,web frontend
GITHUB,bios,Rust,2020-01-05T05:51:53Z,embedded,embedded,embedded
GITHUB,acceleration,Python,2020-01-05T12:05:09Z,other,other,other
GITHUB,capsule,JavaScript,2020-01-05T22:30:28Z,web frontend,web frontend,web frontend
GITHUB,data-science,Python,2020-01-07T20:53:29Z,data_ai,data_ai,data_ai
GITHUB,isobmff,Rust,2020-01-07T21:32:00Z,developer tools,developer tools,developer tools
GITHUB,celery,Rust,2020-01-08T13:36:10Z,web backend,web backend,web backend
GITHUB,artificial-intelligence,Python,2020-01-09T12:42:37Z,data_ai,data_ai,data_ai
GITHUB,daemon,TypeScript,2020-01-10T17:32:24Z,web backend,web backend,web backend
GITHUB,cli,C#,2020-01-11T01:18:04Z,developer tools,developer tools,developer tools
GITHUB,appsync,TypeScript,2020-01-12T00:56:36Z,web backend,web backend,web backend
GITHUB,2048,C#,2020-01-13T17:49:15Z,game,game,game
GITHUB,authentication,TypeScript,2020-01-14T06:30:53Z,security,security,security
GITHUB,cve-2016-0638,Python,2020-01-14T20:26:29Z,security,security,security
GITHUB,compiler,Rust,2020-01-15T02:31:46Z,developer tools,developer tools,developer tools
GITHUB,debugger,Rust,2020-01-15T07:40:48Z,developer tools,developer tools,developer tools
GITHUB,classification,Python,2020-01-16T15:38:58Z,data_ai,data_ai,data_ai
GITHUB,hacktoberfest,TypeScript,2020-01-17T10:57:42Z,web frontend,web frontend,web frontend
GITHUB,actor-model,Rust,2020-01-17T23:37:11Z,developer tools,developer tools,developer tools
GITHUB,adult,C#,2020-01-19T23:48:25Z,other,other,other
GITHUB,cpu,Rust,2020-01-20T17:28:18Z,embedded,embedded,embedded
GITHUB,pdf-viewer,TypeScript,2020-01-23T20:31:13Z,web frontend,web frontend,web frontend
GITHUB,clean-architecture,TypeScript,2020-01-24T09:51:41Z,web backend,web backend,web backend
GITHUB,atcoder,C++,2020-01-25T12:41:36Z,other,other,other
GITHUB,unity,C#,2020-01-27T23:13:48Z,game,game,game
GITHUB,3d,C++,2020-01-28T08:11:18Z,game,game,game
GITHUB,beginner,Rust,2020-01-28T15:50:38Z,other,other,other
GITHUB,ios,C++,2020-01-29T06:32:45Z,mobile,mobile,mobile
GITHUB,game-theory,C++,2020-01-29T07:50:16Z,game,game,game
GITHUB,automation,Python,2020-01-30T05:54:40Z,devops_cloud,devops_cloud,devops_cloud
GITHUB,cobaltstrike,C#,2020-02-01T10:51:35Z,security,security,security
GITHUB,actions,TypeScript,2020-02-01T16:01:51Z,devops_cloud,devops_cloud,devops_cloud
GITHUB,avalonia,C#,2020-02-02T13:54:48Z,other,other,other
GITHUB,ai,Python,2020-02-02T22:28:31Z,data_ai,data_ai,data_ai
GITHUB,finance,Rust,2020-02-03T15:15:50Z,other,other,other
GITHUB,clothbone,C#,2020-02-05T17:19:51Z,game,game,game
GITHUB,csharp,C#,2020-02-08T04:37:39Z,other,other,other
GITHUB,api,C#,2020-02-08T18:10:46Z,web backend,web backend,web backend
GITHUB,adversarial-learning,Python,2020-02-14T03:33:06Z,data_ai,data_ai,data_ai
GITHUB,angular,TypeScript,2020-02-15T01:26:48Z,web frontend,web frontend,web frontend
GITHUB,book,Rust,2020-02-15T18:27:28Z,other,other,other
GITHUB,bruteforce,C#,2020-02-16T12:58:59Z,security,security,security
GITHUB,interpreter,Rust,2020-02-17T18:26:59Z,developer tools,developer tools,developer tools
GITHUB,babel,TypeScript,2020-02-18T20:45:25Z,developer tools,developer tools,developer tools
GITHUB,formatter,Rust,2020-02-19T21:57:33Z,developer tools,developer tools,developer tools
GITHUB,amd,C++,2020-02-21T04:08:12Z,other,other,other
GITHUB,chinese,Python,2020-02-21T08:01:31Z,other,other,other
GITHUB,cli,Rust,2020-02-22T12:24:51Z,developer tools,developer tools,developer tools
GITHUB,react,TypeScript,2020-02-24T08:47:13Z,web frontend,web frontend,web frontend
GITHUB,global-illumination,C++,2020-02-24T13:02:19Z,game,game,game
GITHUB,awsome-rust,Rust,2020-02-25T19:26:00Z,other,other,other
GITHUB,bittorrent,Rust,2020-02-26T14:10:20Z,other,other,other
GITHUB,audio,TypeScript,2020-02-27T01:13:11Z,web frontend,web frontend,web frontend
GITHUB,ncnn,C++,2020-02-27T02:01:29Z,data_ai,data_ai,data_ai
GITHUB,inline,JavaScript,2020-02-28T22:49:38Z,web frontend,web frontend,web frontend
GITHUB,material,TypeScript,2020-02-29T09:51:41Z,web frontend,web frontend,web frontend
GITHUB,markdown,TypeScript,2020-03-02T22:00:18Z,developer tools,developer tools,developer tools
GITHUB,cannon-js,TypeScript,2020-03-03T04:57:37Z,game,game,game
GITHUB,chatbot,Rust,2020-03-05T02:03:14Z,data_ai,data_ai,data_ai
GITHUB,cli,Rust,2020-03-05T07:24:50Z,developer tools,developer tools,developer tools
GITHUB,coronavirus,Python,2020-03-07T03:20:47Z,data_ai,data_ai,data_ai
GITHUB,django,TypeScript,2020-03-07T05:09:09Z,web backend,web backend,web backend
GITHUB,animated,TypeScript,2020-03-07T11:05:26Z,web frontend,web frontend,web frontend
GITHUB,2d,C#,2020-03-07T12:50:31Z,game,game,game
GITHUB,aom,C#,2020-03-08T08:17:36Z,other,other,other
GITHUB,devops,TypeScript,2020-03-09T01:29:22Z,devops_cloud,devops_cloud,devops_cloud
GITHUB,cpp,C++,2020-03-09T06:40:49Z,other,other,other
GITHUB,discord,C#,2020-03-09T16:11:22Z,web backend,web backend,web backend
GITHUB,deep-learning,Python,2020-03-09T20:42:50Z,data_ai,data_ai,data_ai
GITHUB,2019-ncov,TypeScript,2020-03-11T05:54:17Z,web frontend,web frontend,web frontend
GITHUB,aax,C++,2020-03-12T07:33:09Z,developer tools,developer tools,developer tools
GITHUB,2019-ncov,JavaScript,2020-03-12T21:40:32Z,web frontend,web frontend,web frontend
GITHUB,deep-learning,Python,2020-03-15T11:42:11Z,data_ai,data_ai,data_ai
GITHUB,gantt,TypeScript,2020-03-16T11:20:13Z,web frontend,web frontend,web frontend
GITHUB,apic,Rust,2020-03-16T12:27:19Z,embedded,embedded,embedded
GITHUB,deep-learning,Python,2020-03-17T12:32:12Z,data_ai,data_ai,data_ai
GITHUB,autograd,C++,2020-03-18T01:21:58Z,data_ai,data_ai,data_ai
GITHUB,design-system,TypeScript,2020-03-18T10:14:17Z,web frontend,web frontend,web frontend
GITHUB,anime,C#,2020-03-19T00:40:16Z,other,other,other
GITHUB,corona,JavaScript,2020-03-19T03:57:54Z,web frontend,web frontend,web frontend
GITHUB,cubism,TypeScript,2020-03-19T15:33:25Z,web frontend,web frontend,web frontend
GITHUB,bert,Python,2020-03-20T10:19:57Z,data_ai,data_ai,data_ai
GITHUB,lit,TypeScript,2020-03-20T15:43:49Z,web frontend,web frontend,web frontend
GITHUB,chinese-tts,Python,2020-03-21T20:44:10Z,data_ai,data_ai,data_ai
GITHUB,async-io,Rust,2020-03-21T22:39:49Z,developer tools,developer tools,developer tools
GITHUB,covid-19,Python,2020-03-22T17:41:49Z,data_ai,data_ai,data_ai
GITHUB,chec,JavaScript,2020-03-23T11:51:15Z,web frontend,web frontend,web frontend
GITHUB,atomic-design,JavaScript,2020-03-23T20:28:53Z,web frontend,web frontend,web frontend
GITHUB,arduino,C++,2020-03-24T03:25:00Z,embedded,embedded,embedded
GITHUB,memory-augmentation,TypeScript,2020-03-24T10:47:54Z,data_ai,data_ai,data_ai
GITHUB,3d-reconstruction,C++,2020-03-25T02:15:20Z,data_ai,data_ai,data_ai
GITHUB,axelspringerai,Python,2020-03-26T07:21:36Z,data_ai,data_ai,data_ai
GITHUB,create-react-app,TypeScript,2020-03-26T12:01:11Z,web frontend,web frontend,web frontend
GITHUB,catalina,Rust,2020-03-26T18:09:11Z,other,other,other
GITHUB,animation,TypeScript,2020-03-28T01:13:38Z,web frontend,web frontend,web frontend
GITHUB,dwm,C++,2020-03-29T00:37:30Z,other,other,other
GITHUB,afm,Python,2020-03-29T00:47:59Z,data_ai,data_ai,data_ai
GITHUB,react,TypeScript,2020-03-30T03:54:55Z,web frontend,web frontend,web frontend
GITHUB,certbot,JavaScript,2020-03-30T06:05:23Z,security,security,security
GITHUB,graphics,C#,2020-03-30T08:48:44Z,game,game,game
GITHUB,control,C++,2020-03-31T12:13:59Z,embedded,embedded,embedded
GITHUB,compiler,C++,2020-03-31T19:36:54Z,developer tools,developer tools,developer tools
GITHUB,javascript,JavaScript,2020-04-01T12:52:07Z,web frontend,web frontend,web frontend
GITHUB,animations,TypeScript,2020-04-02T09:51:48Z,web frontend,web frontend,web frontend
GITHUB,dockerfile,Rust,2020-04-02T20:31:20Z,devops_cloud,devops_cloud,devops_cloud
GITHUB,computer-vision,C#,2020-04-03T12:54:21Z,data_ai,data_ai,data_ai
GITHUB,joint-detection-and-tracking,Python,2020-04-04T00:48:48Z,data_ai,data_ai,data_ai
GITHUB,2d,Rust,2020-04-04T11:26:36Z,game,game,game
GITHUB,algorithm,C++,2020-04-05T04:06:52Z,other,other,other
GITHUB,blur,C#,2020-04-05T04:45:40Z,other,other,other
GITHUB,cli,Rust,2020-04-05T14:29:39Z,developer tools,developer tools,developer tools
GITHUB,gui,C++,2020-04-06T08:45:11Z,other,other,other
GITHUB,javascript,Rust,2020-04-06T19:43:30Z,developer tools,developer tools,developer tools
GITHUB,computational-art,TypeScript,2020-04-07T05:01:44Z,other,other,other
GITHUB,il2cpp,C#,2020-04-07T17:09:18Z,game,game,game
GITHUB,3d,Python,2020-04-07T17:51:49Z,game,game,game
GITHUB,sharp,C#,2020-04-07T22:50:21Z,other,other,other
GITHUB,golang,TypeScript,2020-04-08T06:05:30Z,developer tools,developer tools,developer tools
GITHUB,flowchart,TypeScript,2020-04-08T09:29:45Z,web frontend,web frontend,web frontend
GITHUB,open-data-structures,Rust,2020-04-09T00:15:58Z,developer tools,developer tools,developer tools
GITHUB,fat32,Rust,2020-04-09T02:16:42Z,embedded,embedded,embedded
GITHUB,emulator,Rust,2020-04-10T06:21:37Z,game,game,game
GITHUB,fonts,TypeScript,2020-04-10T10:08:45Z,web frontend,web frontend,web frontend
GITHUB,code,C++,2020-04-11T01:25:16Z,other,other,other
GITHUB,3d-engine,C++,2020-04-11T09:02:51Z,game,game,game
GITHUB,actionscript,TypeScript,2020-04-12T22:50:44Z,web frontend,web frontend,web frontend
GITHUB,headless-cms,TypeScript,2020-04-14T02:46:16Z,web backend,web backend,web backend
GITHUB,animated-png,Rust,2020-04-14T05:31:06Z,other,other,other
GITHUB,danmaku,TypeScript,2020-04-14T09:43:07Z,web frontend,web frontend,web frontend
GITHUB,reolink,Rust,2020-04-14T18:56:25Z,iot,iot,iot
GITHUB,algorithms,C++,2020-04-15T06:06:03Z,other,other,other
GITHUB,filter,TypeScript,2020-04-15T10:41:40Z,web frontend,web frontend,web frontend
GITHUB,algorithms,Python,2020-04-15T14:07:29Z,other,other,other
GITHUB,avatar-generator,Python,2020-04-17T01:24:26Z,web backend,web backend,web backend
GITHUB,bypass,C#,2020-04-18T07:02:35Z,security,security,security
GITHUB,game,TypeScript,2020-04-18T09:03:35Z,game,game,game
GITHUB,custom-hook,JavaScript,2020-04-18T12:05:42Z,web frontend,web frontend,web frontend
GITHUB,assertion-library,Rust,2020-04-18T19:19:40Z,testing_qa,testing_qa,testing_qa
GITHUB,gazebo,C++,2020-04-18T21:26:21Z,iot,iot,iot
GITHUB,deep-learning,Python,2020-04-21T05:30:23Z,data_ai,data_ai,data_ai
GITHUB,gameframework,C#,2020-04-21T08:57:03Z,game,game,game
GITHUB,cplusplus,C++,2020-04-22T16:35:30Z,other,other,other
GITHUB,android,Python,2020-04-24T03:22:52Z,mobile,mobile,mobile
GITHUB,darknet2onnx,Python,2020-04-25T03:11:33Z,data_ai,data_ai,data_ai
GITHUB,api,Python,2020-04-25T04:26:40Z,web backend,web backend,web backend
GITHUB,client,Rust,2020-04-25T09:53:10Z,other,other,other
GITHUB,graphics,C#,2020-04-26T06:57:03Z,game,game,game
GITHUB,relay-server,Rust,2020-04-27T04:11:14Z,web backend,web backend,web backend
GITHUB,analysis,TypeScript,2020-04-27T08:39:14Z,data_ai,data_ai,data_ai
GITHUB,composition-api,TypeScript,2020-04-27T12:40:36Z,web frontend,web frontend,web frontend
GITHUB,dark-theme,C#,2020-04-28T03:06:39Z,other,other,other
GITHUB,codeberg,JavaScript,2020-04-28T10:21:44Z,web frontend,web frontend,web frontend
GITHUB,automated-market-maker,TypeScript,2020-04-29T13:27:00Z,blockchain,blockchain,blockchain
GITHUB,aloam,C++,2020-04-29T19:56:36Z,data_ai,data_ai,data_ai
GITHUB,algorithm,C++,2020-04-30T22:46:35Z,other,other,other
GITHUB,analyzer,C#,2020-05-01T01:01:00Z,developer tools,developer tools,developer tools
GITHUB,facebook-stories,TypeScript,2020-05-02T06:12:38Z,web frontend,web frontend,web frontend
GITHUB,advanced-locomotion-system,C++,2020-05-03T08:13:00Z,game,game,game
GITHUB,android,TypeScript,2020-05-03T10:31:33Z,mobile,mobile,mobile
GITHUB,bugbounty,Python,2020-05-04T01:19:32Z,security,security,security
GITHUB,game,Rust,2020-05-04T09:07:52Z,game,game,game
GITHUB,crypto,C++,2020-05-04T14:32:24Z,blockchain,blockchain,blockchain
GITHUB,gazebo,C++,2020-05-04T19:35:22Z,embedded,embedded,embedded
GITHUB,blog,C++,2020-05-05T12:35:41Z,other,other,other
GITHUB,fiber,TypeScript,2020-05-06T10:07:35Z,web frontend,web frontend,web frontend
GITHUB,enumeration,Python,2020-05-06T19:02:40Z,security,security,security
GITHUB,account,C#,2020-05-07T13:07:32Z,enterprise,enterprise,enterprise
GITHUB,compile-time-garbage-collection,Rust,2020-05-07T15:05:31Z,developer tools,developer tools,developer tools
GITHUB,advanced,Python,2020-05-08T14:44:55Z,other,other,other
GITHUB,technical-analysis,Python,2020-05-08T23:03:59Z,data_ai,data_ai,data_ai
GITHUB,data-analysis,Python,2020-05-09T08:25:47Z,data_ai,data_ai,data_ai
GITHUB,faust,Rust,2020-05-09T09:06:11Z,other,other,other
GITHUB,badpotato,C#,2020-05-10T03:01:20Z,security,security,security
GITHUB,unpacker,C++,2020-05-10T03:05:48Z,security,security,security
GITHUB,cli,Rust,2020-05-10T19:47:12Z,developer tools,developer tools,developer tools
GITHUB,crypto,Rust,2020-05-11T20:31:02Z,security,security,security
GITHUB,decal,C#,2020-05-12T07:20:16Z,game,game,game
GITHUB,dnd,TypeScript,2020-05-12T08:14:09Z,web frontend,web frontend,web frontend
GITHUB,io-uring,Rust,2020-05-12T12:39:31Z,developer tools,developer tools,developer tools
GITHUB,clean-architecture,TypeScript,2020-05-12T13:30:30Z,web backend,web backend,web backend
GITHUB,computer-algebra,TypeScript,2020-05-12T22:40:18Z,developer tools,developer tools,developer tools
GITHUB,database,TypeScript,2020-05-17T06:31:05Z,web backend,web backend,web backend
GITHUB,daemon,Rust,2020-05-17T11:19:10Z,devops_cloud,devops_cloud,devops_cloud
GITHUB,asp-net-core,C#,2020-05-18T07:06:08Z,web backend,web backend,web backend
GITHUB,energy-kites,C++,2020-05-18T11:13:25Z,embedded,embedded,embedded
GITHUB,deep-learning,Python,2020-05-20T08:45:28Z,data_ai,data_ai,data_ai
GITHUB,calculator,Rust,2020-05-21T00:53:20Z,other,other,other
GITHUB,airflow,TypeScript,2020-05-21T10:33:05Z,data_ai,data_ai,data_ai
GITHUB,compiler,TypeScript,2020-05-21T16:20:55Z,developer tools,developer tools,developer tools
GITHUB,automation,Rust,2020-05-22T01:46:30Z,developer tools,developer tools,developer tools
GITHUB,autonomous-driving,Python,2020-05-23T04:11:34Z,data_ai,data_ai,data_ai
GITHUB,celo,Rust,2020-05-24T11:37:46Z,blockchain,blockchain,blockchain
GITHUB,colorpicker,JavaScript,2020-05-24T14:32:58Z,web frontend,web frontend,web frontend
GITHUB,icons,JavaScript,2020-05-25T02:59:02Z,web frontend,web frontend,web frontend
GITHUB,deauther,Rust,2020-05-25T06:47:05Z,security,security,security
GITHUB,artificial-intelligence,JavaScript,2020-05-25T12:42:57Z,data_ai,data_ai,data_ai
GITHUB,faces,Python,2020-05-26T19:20:54Z,data_ai,data_ai,data_ai
GITHUB,appindicator,C++,2020-05-27T11:47:44Z,other,other,other
GITHUB,datadog,Rust,2020-05-27T20:17:25Z,devops_cloud,devops_cloud,devops_cloud
GITHUB,asp-net-core,C#,2020-05-28T04:13:19Z,web backend,web backend,web backend
GITHUB,auto-complete,C#,2020-05-28T11:15:03Z,developer tools,developer tools,developer tools
GITHUB,android,TypeScript,2020-05-28T12:11:34Z,mobile,mobile,mobile
GITHUB,browser,C++,2020-05-30T10:54:14Z,web frontend,web frontend,web frontend
GITHUB,lmdb,Rust,2020-05-31T05:21:55Z,developer tools,developer tools,developer tools
GITHUB,debloat,C#,2020-05-31T14:32:47Z,other,other,other
GITHUB,golang,TypeScript,2020-05-31T19:21:43Z,developer tools,developer tools,developer tools
GITHUB,awk,Rust,2020-06-01T15:38:25Z,developer tools,developer tools,developer tools
GITHUB,4max,C++,2020-06-02T02:33:52Z,other,other,other
GITHUB,animation,TypeScript,2020-06-02T08:36:21Z,web frontend,web frontend,web frontend
GITHUB,rust,Rust,2020-06-02T09:01:49Z,other,other,other
GITHUB,cli,Python,2020-06-04T10:11:44Z,developer tools,developer tools,developer tools
GITHUB,learn-rust,Rust,2020-06-05T03:17:26Z,other,other,other
GITHUB,google-translator,Python,2020-06-05T13:31:50Z,data_ai,data_ai,data_ai
GITHUB,access-control,C#,2020-06-05T14:31:33Z,security,security,security
GITHUB,book,Rust,2020-06-06T19:27:00Z,other,other,other
GITHUB,fcitx,Python,2020-06-08T08:41:02Z,other,other,other
GITHUB,bert,Python,2020-06-08T08:57:14Z,data_ai,data_ai,data_ai
GITHUB,redteam,C#,2020-06-12T05:19:06Z,security,security,security
GITHUB,graph-algorithms,C++,2020-06-12T05:55:47Z,data_ai,data_ai,data_ai
GITHUB,component-library,TypeScript,2020-06-15T08:04:06Z,web frontend,web frontend,web frontend
GITHUB,aec,C#,2020-06-15T08:10:23Z,enterprise,enterprise,enterprise
GITHUB,artificial-intelligence,Python,2020-06-16T11:38:32Z,data_ai,data_ai,data_ai
GITHUB,anytime-dstar,Python,2020-06-16T14:00:44Z,data_ai,data_ai,data_ai
GITHUB,ar,C#,2020-06-16T16:16:30Z,game,game,game
GITHUB,admin-dashboard,JavaScript,2020-06-16T16:39:41Z,web frontend,web frontend,web frontend
GITHUB,airplane-mode,C#,2020-06-16T22:36:07Z,mobile,mobile,mobile
GITHUB,asp-net-core,C#,2020-06-17T11:27:14Z,web backend,web backend,web backend
GITHUB,quadremesh,C++,2020-06-17T14:48:08Z,other,other,other
GITHUB,active-directory,C#,2020-06-17T15:21:41Z,security,security,security
GITHUB,memory,Rust,2020-06-18T07:06:37Z,developer tools,developer tools,developer tools
GITHUB,biggan,Python,2020-06-18T21:09:13Z,data_ai,data_ai,data_ai
GITHUB,competitive-programming,C++,2020-06-19T06:48:14Z,other,other,other
GITHUB,aws,TypeScript,2020-06-19T11:55:43Z,devops_cloud,devops_cloud,devops_cloud
GITHUB,mini-vue,TypeScript,2020-06-19T22:11:08Z,web frontend,web frontend,web frontend
GITHUB,base16,Rust,2020-06-21T16:53:52Z,developer tools,developer tools,developer tools
GITHUB,asp-net-core,C#,2020-06-22T08:29:38Z,web backend,web backend,web backend
GITHUB,android,C++,2020-06-23T04:21:49Z,mobile,mobile,mobile
GITHUB,angular,JavaScript,2020-06-23T19:01:02Z,web frontend,web frontend,web frontend
GITHUB,chatbot,TypeScript,2020-06-24T01:02:09Z,data_ai,data_ai,data_ai
GITHUB,algorithms,C++,2020-06-24T09:04:57Z,other,other,other
GITHUB,addon,Rust,2020-06-25T10:33:05Z,other,other,other
GITHUB,compiler,Rust,2020-06-26T20:37:44Z,developer tools,developer tools,developer tools
GITHUB,architecture,TypeScript,2020-06-27T00:12:18Z,web frontend,web frontend,web frontend
GITHUB,greetd,Rust,2020-06-27T02:40:12Z,other,other,other
GITHUB,kernel,Rust,2020-06-27T05:18:11Z,embedded,embedded,embedded
GITHUB,ai,C++,2020-06-29T00:28:46Z,data_ai,data_ai,data_ai
GITHUB,rust,Rust,2020-06-30T23:27:48Z,other,other,other
GITHUB,block-storage,C++,2020-07-01T04:57:25Z,devops_cloud,devops_cloud,devops_cloud
GITHUB,android,C#,2020-07-01T18:33:39Z,mobile,mobile,mobile
GITHUB,invoice,TypeScript,2020-07-02T13:11:03Z,web frontend,web frontend,web frontend
GITHUB,3d-engine,C++,2020-07-03T09:29:04Z,game,game,game
GITHUB,screenrecord,C#,2020-07-06T10:46:55Z,other,other,other
GITHUB,3d-reconstruction,C++,2020-07-07T09:50:39Z,data_ai,data_ai,data_ai
GITHUB,back-end,TypeScript,2020-07-07T10:19:36Z,web backend,web backend,web backend
GITHUB,android,C++,2020-07-07T19:16:06Z,mobile,mobile,mobile
GITHUB,chrome-extension,TypeScript,2020-07-07T23:46:37Z,web frontend,web frontend,web frontend
GITHUB,business-rules,C#,2020-07-08T11:34:18Z,enterprise,enterprise,enterprise
GITHUB,antivirus,C++,2020-07-08T12:26:16Z,security,security,security
GITHUB,cli,JavaScript,2020-07-10T11:22:01Z,developer tools,developer tools,developer tools
GITHUB,custom-wsl-distro,C#,2020-07-11T12:03:33Z,developer tools,developer tools,developer tools
GITHUB,earth-observation,Python,2020-07-11T22:59:26Z,data_ai,data_ai,data_ai
GITHUB,debugger,Rust,2020-07-12T09:08:20Z,developer tools,developer tools,developer tools
GITHUB,dropbox,Rust,2020-07-13T11:28:34Z,developer tools,developer tools,developer tools
GITHUB,mobile,C#,2020-07-14T12:39:29Z,mobile,mobile,mobile
GITHUB,amazon,C++,2020-07-15T10:21:11Z,devops_cloud,devops_cloud,devops_cloud
GITHUB,dotnet,C#,2020-07-15T11:33:10Z,other,other,other
GITHUB,context-api,JavaScript,2020-07-16T02:12:45Z,web frontend,web frontend,web frontend
GITHUB,aws,JavaScript,2020-07-17T07:34:54Z,devops_cloud,devops_cloud,devops_cloud
GITHUB,slam-algorithms,C++,2020-07-18T00:47:46Z,data_ai,data_ai,data_ai
GITHUB,react,TypeScript,2020-07-18T14:38:40Z,web frontend,web frontend,web frontend
GITHUB,music,C#,2020-07-19T03:15:16Z,other,other,other
GITHUB,grammar,Rust,2020-07-19T09:24:54Z,developer tools,developer tools,developer tools
GITHUB,guitar,TypeScript,2020-07-19T22:18:24Z,web frontend,web frontend,web frontend
GITHUB,ai,C++,2020-07-20T00:43:06Z,data_ai,data_ai,data_ai
GITHUB,mini-monitor,TypeScript,2020-07-20T03:42:43Z,developer tools,developer tools,developer tools
GITHUB,api-client,TypeScript,2020-07-21T06:58:56Z,web frontend,web frontend,web frontend
GITHUB,i3wm,C++,2020-07-22T09:25:04Z,developer tools,developer tools,developer tools
GITHUB,c-sharp,C#,2020-07-22T16:42:03Z,other,other,other
GITHUB,a11y,TypeScript,2020-07-23T03:25:57Z,web frontend,web frontend,web frontend
GITHUB,algorithms-and-data-structures,C++,2020-07-23T03:26:08Z,other,other,other
GITHUB,literate-programming,TypeScript,2020-07-23T07:39:29Z,developer tools,developer tools,developer tools
GITHUB,cloudbase,TypeScript,2020-07-23T19:19:23Z,devops_cloud,devops_cloud,devops_cloud
GITHUB,element-ui,JavaScript,2020-07-24T04:51:30Z,web frontend,web frontend,web frontend
GITHUB,grass,C#,2020-07-24T13:22:13Z,game,game,game
GITHUB,c,Rust,2020-07-25T16:39:31Z,other,other,other
GITHUB,fill,TypeScript,2020-07-27T00:42:16Z,other,other,other
GITHUB,shader,C#,2020-07-28T04:55:14Z,game,game,game
GITHUB,markdown,JavaScript,2020-07-28T06:11:37Z,developer tools,developer tools,developer tools
GITHUB,dapper,C#,2020-07-29T18:42:52Z,web backend,web backend,web backend
GITHUB,408,C++,2020-07-30T07:44:02Z,other,other,other
GITHUB,ethereum,Rust,2020-07-30T13:43:47Z,blockchain,blockchain,blockchain
GITHUB,avalonia,C#,2020-07-31T13:50:11Z,other,other,other
GITHUB,face-recognition,C#,2020-08-03T08:38:10Z,data_ai,data_ai,data_ai
GITHUB,analytics,Rust,2020-08-04T07:57:43Z,data_ai,data_ai,data_ai
GITHUB,coolq,TypeScript,2020-08-04T21:39:20Z,developer tools,developer tools,developer tools
GITHUB,emcascript,TypeScript,2020-08-04T23:37:14Z,web frontend,web frontend,web frontend
GITHUB,hackernews,JavaScript,2020-08-05T20:55:37Z,web frontend,web frontend,web frontend
GITHUB,frontend,TypeScript,2020-08-06T04:42:00Z,web frontend,web frontend,web frontend
GITHUB,android,Rust,2020-08-06T11:07:36Z,mobile,mobile,mobile
GITHUB,3d,C++,2020-08-06T19:43:05Z,game,game,game
GITHUB,bepinex,C#,2020-08-07T05:19:06Z,game,game,game
GITHUB,gradual-upgrades,JavaScript,2020-08-07T05:56:21Z,developer tools,developer tools,developer tools
GITHUB,animegan,Python,2020-08-07T06:52:41Z,data_ai,data_ai,data_ai
GITHUB,fetch,Rust,2020-08-08T13:16:01Z,developer tools,developer tools,developer tools
GITHUB,data-generation,Rust,2020-08-09T01:51:34Z,data_ai,data_ai,data_ai
GITHUB,game,C#,2020-08-10T06:58:34Z,game,game,game
GITHUB,clean-architecture,C#,2020-08-10T11:48:14Z,enterprise,enterprise,enterprise
GITHUB,accessibility,TypeScript,2020-08-11T21:20:53Z,web frontend,web frontend,web frontend
GITHUB,ascii,Rust,2020-08-12T10:30:29Z,other,other,other
GITHUB,multiplexer,Rust,2020-08-13T20:46:35Z,embedded,embedded,embedded
GITHUB,cargo-runner,Rust,2020-08-14T01:46:46Z,developer tools,developer tools,developer tools
GITHUB,github-actions,JavaScript,2020-08-16T05:56:36Z,devops_cloud,devops_cloud,devops_cloud
GITHUB,devirtualization,C++,2020-08-16T08:54:26Z,security,security,security
GITHUB,eventsource,TypeScript,2020-08-16T10:30:20Z,web frontend,web frontend,web frontend
GITHUB,chat,Rust,2020-08-17T15:46:56Z,web backend,web backend,web backend
GITHUB,3d,TypeScript,2020-08-18T10:31:26Z,web frontend,web frontend,web frontend
GITHUB,clean-design,C#,2020-08-18T14:06:32Z,enterprise,enterprise,enterprise
GITHUB,mooc,C#,2020-08-19T09:38:42Z,other,other,other
GITHUB,obsidian-md,TypeScript,2020-08-19T18:58:31Z,other,other,other
GITHUB,bot,JavaScript,2020-08-20T18:43:52Z,other,other,other
GITHUB,book,Rust,2020-08-23T03:18:19Z,other,other,other
GITHUB,active-directory-exploitation,C#,2020-08-23T18:28:12Z,security,security,security
GITHUB,vroid,C#,2020-08-24T20:47:55Z,game,game,game
GITHUB,backups,Rust,2020-08-25T17:14:36Z,devops_cloud,devops_cloud,devops_cloud
GITHUB,research,Python,2020-08-26T19:39:18Z,data_ai,data_ai,data_ai
GITHUB,docker,Python,2020-08-26T20:11:03Z,devops_cloud,devops_cloud,devops_cloud
GITHUB,afl,Rust,2020-08-28T00:18:11Z,testing_qa,testing_qa,testing_qa
GITHUB,compression,TypeScript,2020-08-28T22:58:07Z,developer tools,developer tools,developer tools
GITHUB,multi-object-tracking,Python,2020-08-28T23:16:56Z,data_ai,data_ai,data_ai
GITHUB,add-flashcards,Python,2020-08-30T04:56:39Z,other,other,other
GITHUB,aws,TypeScript,2020-08-31T12:30:19Z,devops_cloud,devops_cloud,devops_cloud
GITHUB,blit,C#,2020-09-01T08:51:10Z,game,game,game
GITHUB,minecraft,JavaScript,2020-09-03T14:45:08Z,game,game,game
GITHUB,machine-learning,Python,2020-09-03T17:44:58Z,data_ai,data_ai,data_ai
GITHUB,cli,Rust,2020-09-03T18:41:42Z,developer tools,developer tools,developer tools
GITHUB,animation,C#,2020-09-05T01:53:32Z,game,game,game
GITHUB,default-shortcuts,TypeScript,2020-09-05T17:34:55Z,developer tools,developer tools,developer tools
GITHUB,audio-processing,C++,2020-09-08T08:00:15Z,other,other,other
GITHUB,cli,Rust,2020-09-11T02:24:04Z,developer tools,developer tools,developer tools
GITHUB,3d-graphics,Rust,2020-09-11T15:38:59Z,game,game,game
GITHUB,3d,TypeScript,2020-09-12T14:47:57Z,web frontend,web frontend,web frontend
GITHUB,awesome-lists,Rust,2020-09-15T11:33:48Z,other,other,other
GITHUB,research,Python,2020-09-16T03:34:17Z,other,other,other
GITHUB,anichart,TypeScript,2020-09-17T11:15:09Z,web frontend,web frontend,web frontend
GITHUB,cpp,C++,2020-09-17T11:53:35Z,other,other,other
GITHUB,cplusplus,C++,2020-09-19T22:58:34Z,other,other,other
GITHUB,api,TypeScript,2020-09-21T13:37:57Z,web backend,web backend,web backend
GITHUB,cli,Rust,2020-09-24T01:19:32Z,developer tools,developer tools,developer tools
GITHUB,development,JavaScript,2020-09-26T10:04:13Z,developer tools,developer tools,developer tools
GITHUB,charmve,Python,2020-09-27T00:47:25Z,other,other,other
GITHUB,cybersecurity,Python,2020-09-30T13:21:15Z,security,security,security
GITHUB,actix,Rust,2020-10-01T00:02:54Z,web backend,web backend,web backend
GITHUB,artificial-intelligence,Python,2020-10-02T20:41:36Z,data_ai,data_ai,data_ai
GITHUB,cmake,C++,2020-10-06T04:41:09Z,developer tools,developer tools,developer tools
GITHUB,cgi,Rust,2020-10-09T16:31:40Z,web backend,web backend,web backend
GITHUB,hooks,JavaScript,2020-10-11T17:46:52Z,web frontend,web frontend,web frontend
GITHUB,automl,Python,2020-10-12T02:30:03Z,data_ai,data_ai,data_ai
GITHUB,deep-learning,Python,2020-10-14T03:33:18Z,data_ai,data_ai,data_ai
GITHUB,atk,Rust,2020-10-14T06:46:29Z,developer tools,developer tools,developer tools
GITHUB,china,Rust,2020-10-14T22:38:46Z,other,other,other
GITHUB,faka,Python,2020-10-17T19:17:54Z,other,other,other
GITHUB,anchor-free,Python,2020-10-19T01:36:25Z,data_ai,data_ai,data_ai
GITHUB,cargo,Rust,2020-10-21T21:56:31Z,developer tools,developer tools,developer tools
GITHUB,dynamic-sky-replacement,Python,2020-10-22T08:39:08Z,data_ai,data_ai,data_ai
GITHUB,cargo-registry,Rust,2020-10-22T08:59:52Z,developer tools,developer tools,developer tools
GITHUB,keyboard,Rust,2020-10-23T11:49:36Z,embedded,embedded,embedded
GITHUB,downloader,Python,2020-10-23T21:23:41Z,other,other,other
GITHUB,3d-graph,Python,2020-10-29T20:51:15Z,data_ai,data_ai,data_ai
GITHUB,3d-graphics,Rust,2020-11-03T20:26:35Z,game,game,game
GITHUB,best-practices,Python,2020-11-04T06:30:09Z,other,other,other
GITHUB,arbitrage,Rust,2020-11-08T08:21:15Z,blockchain,blockchain,blockchain
GITHUB,deep-learning,Python,2020-11-13T19:01:11Z,data_ai,data_ai,data_ai
GITHUB,audio,Rust,2020-11-15T10:52:09Z,other,other,other
GITHUB,esp32,Rust,2020-11-15T11:28:28Z,embedded,embedded,embedded
GITHUB,distributed-file-system,Rust,2020-11-26T21:44:10Z,devops_cloud,devops_cloud,devops_cloud
GITHUB,ip,Python,2020-11-27T12:58:55Z,other,other,other
GITHUB,bot,Rust,2020-12-13T17:44:21Z,other,other,other
GITHUB,database,Rust,2020-12-22T07:49:19Z,developer tools,developer tools,developer tools
GITHUB,fuzzer,Rust,2020-12-23T14:33:38Z,testing_qa,testing_qa,testing_qa
GITHUB,calendars,Rust,2020-12-26T15:57:31Z,other,other,other
GITHUB,cgroup,Rust,2020-12-27T00:20:32Z,devops_cloud,devops_cloud,devops_cloud
GITHUB,rust,Rust,2020-12-29T04:41:02Z,other,other,other
GITHUB,javascript,Rust,2021-01-01T05:35:07Z,developer tools,developer tools,developer tools
GITHUB,gtk,Rust,2021-01-03T08:44:14Z,other,other,other
GITHUB,blockchain,Rust,2021-01-05T14:56:47Z,blockchain,blockchain,blockchain
GITHUB,adam-softmax,Python,2021-01-12T22:38:01Z,data_ai,data_ai,data_ai
GITHUB,cli,Rust,2021-01-14T13:27:46Z,developer tools,developer tools,developer tools
GITHUB,computer-science,Rust,2021-01-15T15:08:17Z,other,other,other
GITHUB,artificial-intelligence,Python,2021-01-16T22:00:50Z,data_ai,data_ai,data_ai
GITHUB,3d,Python,2021-01-18T20:39:21Z,game,game,game
GITHUB,benchmark,Rust,2021-01-19T10:52:35Z,developer tools,developer tools,developer tools
GITHUB,ai,Rust,2021-01-25T13:30:55Z,data_ai,data_ai,data_ai
GITHUB,12306,Python,2021-01-28T22:22:23Z,other,other,other
GITHUB,blind-watermark,Python,2021-01-30T07:21:18Z,data_ai,data_ai,data_ai
GITHUB,bytecode,Rust,2021-01-31T00:04:01Z,developer tools,developer tools,developer tools
GITHUB,c2,Rust,2021-02-02T03:15:43Z,security,security,security
GITHUB,clubhouse,JavaScript,2021-02-03T08:58:05Z,web frontend,web frontend,web frontend
GITHUB,assembler,Rust,2021-02-08T09:39:46Z,developer tools,developer tools,developer tools
GITHUB,babel,JavaScript,2021-02-09T09:52:41Z,developer tools,developer tools,developer tools
GITHUB,aria2,Python,2021-02-11T04:24:16Z,other,other,other
GITHUB,calculator,Rust,2021-02-12T14:41:54Z,other,other,other
GITHUB,autodifferentiation,Rust,2021-02-13T09:04:39Z,data_ai,data_ai,data_ai
GITHUB,article,Rust,2021-02-14T22:36:41Z,other,other,other
GITHUB,actix-web,Rust,2021-02-21T06:48:13Z,web backend,web backend,web backend
GITHUB,algorithms,Python,2021-02-22T23:59:10Z,other,other,other
GITHUB,backbone,Python,2021-02-23T18:01:37Z,web frontend,web frontend,web frontend
GITHUB,playwright,Rust,2021-02-24T07:20:38Z,testing_qa,testing_qa,testing_qa
GITHUB,3d-reconstruction,Python,2021-03-02T06:52:06Z,data_ai,data_ai,data_ai
GITHUB,farm,Rust,2021-03-08T08:08:30Z,other,other,other
GITHUB,async,Rust,2021-03-09T00:56:40Z,developer tools,developer tools,developer tools
GITHUB,risc-v,Rust,2021-03-09T23:08:00Z,embedded,embedded,embedded
GITHUB,owo,Rust,2021-03-16T18:18:00Z,other,other,other
GITHUB,aerial-imagery,Python,2021-03-17T02:13:16Z,data_ai,data_ai,data_ai
GITHUB,cyber,Python,2021-03-19T13:59:05Z,security,security,security
GITHUB,database,Rust,2021-03-19T21:35:24Z,developer tools,developer tools,developer tools
GITHUB,aws,Rust,2021-03-24T03:49:44Z,devops_cloud,devops_cloud,devops_cloud
GITHUB,game-dev,Rust,2021-03-25T02:14:21Z,game,game,game
GITHUB,ade20k,Python,2021-03-25T05:42:36Z,data_ai,data_ai,data_ai
GITHUB,animation,JavaScript,2021-03-27T12:41:19Z,web frontend,web frontend,web frontend
GITHUB,vite,JavaScript,2021-03-29T01:24:09Z,web frontend,web frontend,web frontend
GITHUB,abcnet,Python,2021-04-07T06:40:21Z,data_ai,data_ai,data_ai
GITHUB,darknet,Python,2021-04-11T17:25:05Z,data_ai,data_ai,data_ai
GITHUB,electron,Rust,2021-04-12T03:09:41Z,other,other,other
GITHUB,diffusion-models,Python,2021-04-14T05:06:16Z,data_ai,data_ai,data_ai
GITHUB,algorithm,Rust,2021-04-16T06:48:44Z,other,other,other
GITHUB,core,Rust,2021-04-19T23:03:41Z,other,other,other
GITHUB,automl,Rust,2021-04-23T12:25:24Z,data_ai,data_ai,data_ai
GITHUB,arcface,Python,2021-04-25T23:55:59Z,data_ai,data_ai,data_ai
GITHUB,aggregation,Rust,2021-04-26T10:48:42Z,other,other,other
GITHUB,bugbounty,Rust,2021-04-27T07:43:22Z,security,security,security
GITHUB,rust,Rust,2021-04-27T18:08:06Z,other,other,other
GITHUB,browser,Rust,2021-04-28T23:42:36Z,other,other,other
GITHUB,hacktoberfest,JavaScript,2021-05-01T05:14:52Z,other,other,other
GITHUB,fast,Rust,2021-05-10T08:39:26Z,other,other,other
GITHUB,algorithm,Rust,2021-05-15T00:46:32Z,other,other,other
GITHUB,operating-system,Rust,2021-05-18T05:32:54Z,other,other,other
GITHUB,machine-learning,Python,2021-05-19T08:26:25Z,data_ai,data_ai,data_ai
GITHUB,bert,Python,2021-05-21T06:04:50Z,data_ai,data_ai,data_ai
GITHUB,cybersecurity,Python,2021-05-21T08:47:13Z,security,security,security
GITHUB,ctf,Rust,2021-05-21T12:29:59Z,security,security,security
GITHUB,reverse-engineering,Rust,2021-05-22T23:37:49Z,security,security,security
GITHUB,audio,JavaScript,2021-05-24T08:19:20Z,web frontend,web frontend,web frontend
GITHUB,game-networking,Rust,2021-05-25T00:29:33Z,game,game,game
GITHUB,ai-music,Python,2021-06-03T03:06:54Z,data_ai,data_ai,data_ai
GITHUB,easy-to-use,Rust,2021-06-04T10:03:47Z,other,other,other
GITHUB,rust,Rust,2021-06-07T02:09:04Z,other,other,other
GITHUB,deepfacelab,Python,2021-06-07T22:25:16Z,data_ai,data_ai,data_ai
GITHUB,macos,Rust,2021-06-09T00:32:22Z,other,other,other
GITHUB,ade20k,Python,2021-06-11T10:22:07Z,data_ai,data_ai,data_ai
GITHUB,algorithms,Rust,2021-06-11T12:11:53Z,other,other,other
GITHUB,database,Rust,2021-06-11T21:41:33Z,developer tools,developer tools,developer tools
GITHUB,algorithm,JavaScript,2021-06-13T09:08:06Z,other,other,other
GITHUB,hacktoberfest,JavaScript,2021-06-17T09:29:38Z,other,other,other
GITHUB,mootdx,Python,2021-06-22T23:20:17Z,data_ai,data_ai,data_ai
GITHUB,bash,Rust,2021-07-04T04:32:51Z,developer tools,developer tools,developer tools
GITHUB,curso,JavaScript,2021-07-07T10:26:36Z,other,other,other
GITHUB,computer-vision,Python,2021-07-13T01:28:50Z,data_ai,data_ai,data_ai
GITHUB,networking,Rust,2021-07-25T19:03:40Z,developer tools,developer tools,developer tools
GITHUB,eleventy,JavaScript,2021-07-27T05:26:55Z,web frontend,web frontend,web frontend
GITHUB,cache,Rust,2021-07-27T08:02:38Z,developer tools,developer tools,developer tools
GITHUB,egui,Rust,2021-07-27T17:08:31Z,other,other,other
GITHUB,ddpm,Python,2021-07-28T04:32:06Z,data_ai,data_ai,data_ai
GITHUB,anomaly-detection,Python,2021-07-28T08:30:56Z,data_ai,data_ai,data_ai
GITHUB,backtrader,Python,2021-08-05T00:33:44Z,data_ai,data_ai,data_ai
GITHUB,alerting,Python,2021-08-06T13:04:51Z,devops_cloud,devops_cloud,devops_cloud
GITHUB,anime,Rust,2021-08-09T15:33:46Z,other,other,other
GITHUB,code-generation,Python,2021-08-15T21:03:46Z,developer tools,developer tools,developer tools
GITHUB,computer-vision,Rust,2021-08-17T01:01:22Z,data_ai,data_ai,data_ai
GITHUB,cli,Rust,2021-08-25T20:43:23Z,developer tools,developer tools,developer tools
GITHUB,cli,Rust,2021-08-29T05:08:19Z,developer tools,developer tools,developer tools
GITHUB,onnx,Rust,2021-08-30T10:44:12Z,data_ai,data_ai,data_ai
GITHUB,blockchain,Rust,2021-09-07T23:47:07Z,blockchain,blockchain,blockchain
GITHUB,qr,Rust,2021-09-13T01:38:02Z,developer tools,developer tools,developer tools
GITHUB,mitm,Rust,2021-09-13T19:27:25Z,security,security,security
GITHUB,backend,Rust,2021-09-14T04:19:47Z,web backend,web backend,web backend
GITHUB,async,Rust,2021-09-21T14:45:42Z,developer tools,developer tools,developer tools
GITHUB,databend,Rust,2021-09-22T06:53:25Z,data_ai,data_ai,data_ai
GITHUB,clap,Rust,2021-09-23T18:15:42Z,developer tools,developer tools,developer tools
GITHUB,dinvoke,Rust,2021-09-28T06:12:23Z,security,security,security
GITHUB,clustering,Rust,2021-09-30T03:52:09Z,data_ai,data_ai,data_ai
GITHUB,benchmarking,Python,2021-10-02T09:26:24Z,testing_qa,testing_qa,testing_qa
GITHUB,no-std,Rust,2021-10-03T11:07:17Z,embedded,embedded,embedded
GITHUB,adb,Rust,2021-10-07T05:08:51Z,mobile,mobile,mobile
GITHUB,team-core,JavaScript,2021-10-08T01:27:31Z,web frontend,web frontend,web frontend
GITHUB,antivirus,Rust,2021-10-08T07:30:16Z,security,security,security
GITHUB,autodiff,Rust,2021-10-11T19:58:54Z,data_ai,data_ai,data_ai
GITHUB,data-science,Python,2021-10-13T10:03:39Z,data_ai,data_ai,data_ai
GITHUB,natural-language-processing,Python,2021-10-14T07:16:05Z,data_ai,data_ai,data_ai
GITHUB,ast,Rust,2021-10-18T00:06:58Z,developer tools,developer tools,developer tools
GITHUB,ade20k,Python,2021-10-21T16:12:39Z,data_ai,data_ai,data_ai
GITHUB,bot,Rust,2021-10-24T09:27:43Z,other,other,other
GITHUB,charts,Rust,2021-10-26T10:53:30Z,developer tools,developer tools,developer tools
GITHUB,apple-silicon,Python,2021-10-27T08:50:16Z,developer tools,developer tools,developer tools
GITHUB,component-based,Rust,2021-10-28T06:13:48Z,web frontend,web frontend,web frontend
GITHUB,jmap,Rust,2021-11-12T06:24:56Z,web backend,web backend,web backend
GITHUB,database,Rust,2021-11-12T08:06:47Z,developer tools,developer tools,developer tools
GITHUB,api,Rust,2021-11-16T23:02:22Z,web backend,web backend,web backend
GITHUB,content-management,Rust,2021-11-17T05:41:27Z,web backend,web backend,web backend
GITHUB,containers,Rust,2021-11-18T20:50:26Z,devops_cloud,devops_cloud,devops_cloud
GITHUB,mlnlp,Python,2021-11-21T20:40:10Z,data_ai,data_ai,data_ai
GITHUB,deep-learning,Python,2021-11-24T01:25:05Z,data_ai,data_ai,data_ai
GITHUB,deep-learning,Python,2021-11-25T10:45:51Z,data_ai,data_ai,data_ai
GITHUB,cve,Python,2021-11-25T20:21:02Z,security,security,security
GITHUB,algo,Rust,2021-12-02T06:02:48Z,other,other,other
GITHUB,ebook,Rust,2021-12-03T10:35:04Z,other,other,other
GITHUB,ebpf,Rust,2021-12-06T15:11:29Z,devops_cloud,devops_cloud,devops_cloud
GITHUB,gpt-3,JavaScript,2021-12-10T03:24:10Z,data_ai,data_ai,data_ai
GITHUB,cve-2021-4104,Python,2021-12-11T22:27:24Z,security,security,security
GITHUB,blockchain,Rust,2021-12-16T03:53:27Z,blockchain,blockchain,blockchain
GITHUB,live-coding,JavaScript,2021-12-16T11:56:37Z,developer tools,developer tools,developer tools
GITHUB,cve,Rust,2021-12-19T03:24:00Z,security,security,security
GITHUB,computer-vision,Python,2021-12-24T05:04:44Z,data_ai,data_ai,data_ai
GITHUB,filesearch,Rust,2021-12-31T05:46:07Z,developer tools,developer tools,developer tools
GITHUB,git,Rust,2021-12-31T11:48:39Z,developer tools,developer tools,developer tools
GITHUB,hacktoberfest,Rust,2022-01-10T05:27:48Z,other,other,other
GITHUB,forward-warp,Python,2022-01-12T14:29:45Z,data_ai,data_ai,data_ai
GITHUB,d-nerf,Python,2022-01-21T02:26:50Z,data_ai,data_ai,data_ai
GITHUB,design,Rust,2022-01-21T09:39:40Z,other,other,other
GITHUB,attack,Rust,2022-01-23T05:06:30Z,security,security,security
GITHUB,bootstrap,Rust,2022-01-30T07:47:08Z,web frontend,web frontend,web frontend
GITHUB,javascript,JavaScript,2022-02-01T20:12:03Z,web frontend,web frontend,web frontend
GITHUB,3blue1brown,Python,2022-02-02T11:26:55Z,other,other,other
GITHUB,ai,Rust,2022-02-06T06:07:35Z,data_ai,data_ai,data_ai
GITHUB,autocomplete,Rust,2022-02-10T07:15:57Z,developer tools,developer tools,developer tools
GITHUB,ai,Python,2022-02-12T09:17:14Z,data_ai,data_ai,data_ai
GITHUB,compiler,Rust,2022-02-13T11:18:21Z,developer tools,developer tools,developer tools
GITHUB,detection,Python,2022-02-16T17:19:05Z,data_ai,data_ai,data_ai
GITHUB,homomorphic-encryption,Rust,2022-02-21T23:22:45Z,security,security,security
GITHUB,bash,Rust,2022-02-23T07:33:16Z,developer tools,developer tools,developer tools
GITHUB,magazine,Rust,2022-02-25T02:23:44Z,other,other,other
GITHUB,cli,Rust,2022-03-08T00:08:03Z,developer tools,developer tools,developer tools
GITHUB,remote-control,Rust,2022-03-09T09:51:16Z,iot,iot,iot
GITHUB,cybersecurity,Rust,2022-03-15T10:32:36Z,security,security,security
GITHUB,blueteam,JavaScript,2022-03-20T01:11:57Z,security,security,security
GITHUB,arp,Rust,2022-03-20T20:29:09Z,security,security,security
GITHUB,autonomous-driving,Python,2022-03-30T05:32:32Z,data_ai,data_ai,data_ai
GITHUB,database,Rust,2022-04-05T01:49:03Z,developer tools,developer tools,developer tools
GITHUB,bert,Python,2022-04-06T02:09:51Z,data_ai,data_ai,data_ai
GITHUB,fastapi,Python,2022-04-19T15:54:34Z,web backend,web backend,web backend
GITHUB,crack,Python,2022-05-03T02:13:15Z,security,security,security
GITHUB,ddpm,Python,2022-05-24T19:34:13Z,data_ai,data_ai,data_ai
GITHUB,3d-perception,Python,2022-05-28T13:20:53Z,data_ai,data_ai,data_ai
GITHUB,fluent,Python,2022-06-03T04:35:35Z,devops_cloud,devops_cloud,devops_cloud
GITHUB,clip-guided-diffusion,Python,2022-06-30T09:25:31Z,data_ai,data_ai,data_ai
GITHUB,computer-vision,Python,2022-07-06T12:09:19Z,data_ai,data_ai,data_ai
GITHUB,artificial-intelligence,Python,2022-07-07T04:03:31Z,data_ai,data_ai,data_ai
GITHUB,ai,Python,2022-07-13T18:54:07Z,data_ai,data_ai,data_ai
GITHUB,app,JavaScript,2022-07-22T07:03:54Z,web frontend,web frontend,web frontend
GITHUB,nerf,Python,2022-07-22T15:47:15Z,data_ai,data_ai,data_ai
GITHUB,diffusion-models,Python,2022-08-07T03:25:42Z,data_ai,data_ai,data_ai
GITHUB,dialogue-generation,Python,2022-08-17T22:29:16Z,data_ai,data_ai,data_ai
GITHUB,gui,Python,2022-09-01T22:07:50Z,other,other,other
GITHUB,argument-parser,Python,2022-09-18T10:09:54Z,developer tools,developer tools,developer tools
GITHUB,change,Python,2022-09-21T19:36:42Z,other,other,other
GITHUB,ffmpeg,Python,2022-09-27T17:57:35Z,other,other,other
GITHUB,machine-learning,Python,2022-10-03T12:42:40Z,data_ai,data_ai,data_ai
GITHUB,animations,Python,2022-10-14T15:29:12Z,other,other,other
GITHUB,audit,JavaScript,2022-10-25T01:38:53Z,security,security,security
GITHUB,depthmap,Python,2022-11-03T10:21:15Z,data_ai,data_ai,data_ai
GITHUB,autoevaluation,Python,2022-11-06T23:29:06Z,testing_qa,testing_qa,testing_qa
GITHUB,go1,Python,2022-11-14T23:29:21Z,other,other,other
GITHUB,computer-vision,Python,2022-11-17T00:55:59Z,data_ai,data_ai,data_ai
GITHUB,chatbot,Python,2022-11-22T04:55:20Z,data_ai,data_ai,data_ai
GITHUB,ai,Python,2022-11-25T13:16:13Z,data_ai,data_ai,data_ai
GITHUB,damo-yolo,Python,2022-11-27T06:22:54Z,data_ai,data_ai,data_ai
GITHUB,browser-extension,JavaScript,2022-12-05T21:05:42Z,web frontend,web frontend,web frontend
GITHUB,database,JavaScript,2022-12-16T06:36:36Z,web backend,web backend,web backend
GITHUB,ai-bot,JavaScript,2022-12-23T04:28:03Z,data_ai,data_ai,data_ai
GITHUB,aws-waf-captcha,JavaScript,2023-03-23T11:16:11Z,security,security,security
GITHUB,ai,JavaScript,2023-04-02T14:36:56Z,data_ai,data_ai,data_ai
GITHUB,ai,JavaScript,2023-11-05T16:48:45Z,data_ai,data_ai,data_ai
GITHUB,automation,JavaScript,2024-10-08T12:24:28Z,developer tools,developer tools,developer tools
