source_type,language,event_date,label_gpt
stackoverflow,go,2025,web backend
stackoverflow,c#,2025,developer tools
stackoverflow,typescript,2025,data_ai
stackoverflow,perl,2025,web backend
stackoverflow,dart,2024,web frontend
stackoverflow,java,2025,developer tools
stackoverflow,lua,2025,developer tools
stackoverflow,c,2023,developer tools
stackoverflow,swift,2023,mobile
stackoverflow,dart,2023,developer tools
stackoverflow,rust,2024,embedded
stackoverflow,java,2023,data_ai
stackoverflow,python,2025,developer tools
stackoverflow,dart,2023,mobile
stackoverflow,go,2024,devops_cloud
stackoverflow,typescript,2023,devops_cloud
stackoverflow,c,2024,developer tools
stackoverflow,swift,2024,mobile
stackoverflow,perl,2024,web backend
stackoverflow,ruby,2023,web backend
stackoverflow,typescript,2023,testing_qa
stackoverflow,c#,2025,data_ai
stackoverflow,kotlin,2024,developer tools
stackoverflow,c,2024,embedded
stackoverflow,lua,2024,embedded
stackoverflow,php,2024,web backend
stackoverflow,rust,2025,embedded
stackoverflow,scala,2025,developer tools
stackoverflow,python,2024,web backend
stackoverflow,ruby,2024,developer tools
stackoverflow,c#,2023,developer tools
stackoverflow,rust,2023,data_ai
stackoverflow,perl,2024,developer tools
stackoverflow,typescript,2025,developer tools
stackoverflow,python,2023,web backend
stackoverflow,typescript,2024,developer tools
stackoverflow,javascript,2024,web frontend
stackoverflow,python,2023,web backend
stackoverflow,php,2025,web frontend
stackoverflow,javascript,2025,web frontend
stackoverflow,ruby,2024,testing_qa
stackoverflow,javascript,2024,developer tools
stackoverflow,python,2024,data_ai
stackoverflow,php,2024,web backend
stackoverflow,c#,2023,mobile
stackoverflow,perl,2023,developer tools
stackoverflow,php,2025,developer tools
stackoverflow,dart,2025,mobile
stackoverflow,javascript,2024,developer tools
stackoverflow,python,2025,developer tools
stackoverflow,go,2023,web backend
stackoverflow,c#,2025,embedded
stackoverflow,swift,2023,mobile
stackoverflow,ruby,2024,web backend
stackoverflow,swift,2025,embedded
stackoverflow,c#,2023,data_ai
stackoverflow,kotlin,2025,mobile
stackoverflow,javascript,2023,mobile
stackoverflow,r,2023,data_ai
stackoverflow,go,2025,iot
stackoverflow,java,2023,testing_qa
stackoverflow,kotlin,2023,testing_qa
stackoverflow,swift,2025,mobile
stackoverflow,c++,2025,embedded
stackoverflow,perl,2024,developer tools
stackoverflow,ruby,2025,web frontend
stackoverflow,php,2024,testing_qa
stackoverflow,swift,2024,mobile
stackoverflow,rust,2025,developer tools
stackoverflow,javascript,2025,web frontend
stackoverflow,javascript,2023,web frontend
stackoverflow,rust,2023,mobile
stackoverflow,swift,2023,mobile
stackoverflow,javascript,2025,web frontend
stackoverflow,java,2025,web backend
stackoverflow,python,2024,web backend
stackoverflow,java,2025,web backend
stackoverflow,lua,2025,embedded
stackoverflow,scala,2025,web backend
stackoverflow,swift,2023,developer tools
stackoverflow,rust,2023,developer tools
stackoverflow,php,2025,web backend
stackoverflow,dart,2023,mobile
stackoverflow,php,2024,web backend
stackoverflow,php,2024,developer tools
stackoverflow,dart,2025,mobile
stackoverflow,c++,2024,embedded
stackoverflow,scala,2024,developer tools
stackoverflow,lua,2023,game
stackoverflow,c,2023,embedded
stackoverflow,python,2023,embedded
stackoverflow,go,2023,web backend
stackoverflow,perl,2024,embedded
stackoverflow,php,2025,web backend
stackoverflow,kotlin,2023,web backend
stackoverflow,java,2024,web backend
stackoverflow,lua,2024,embedded
stackoverflow,typescript,2024,developer tools
stackoverflow,swift,2023,embedded
stackoverflow,rust,2023,embedded
stackoverflow,c,2024,devops_cloud
stackoverflow,perl,2025,data_ai
stackoverflow,kotlin,2025,mobile
stackoverflow,perl,2025,developer tools
stackoverflow,perl,2023,data_ai
stackoverflow,rust,2025,developer tools
stackoverflow,python,2023,devops_cloud
stackoverflow,php,2025,web backend
stackoverflow,go,2025,devops_cloud
stackoverflow,go,2025,devops_cloud
stackoverflow,c#,2023,web backend
stackoverflow,swift,2023,mobile
stackoverflow,javascript,2025,embedded
stackoverflow,c++,2023,embedded
stackoverflow,python,2023,embedded
stackoverflow,ruby,2024,web frontend
stackoverflow,javascript,2023,web frontend
stackoverflow,php,2023,web backend
stackoverflow,r,2025,developer tools
stackoverflow,python,2023,web backend
stackoverflow,python,2024,devops_cloud
stackoverflow,scala,2024,embedded
stackoverflow,scala,2023,devops_cloud
stackoverflow,python,2023,developer tools
stackoverflow,lua,2023,developer tools
stackoverflow,c,2023,embedded
stackoverflow,python,2023,data_ai
stackoverflow,ruby,2024,developer tools
stackoverflow,perl,2024,security
stackoverflow,lua,2025,developer tools
stackoverflow,c++,2023,developer tools
stackoverflow,scala,2024,developer tools
stackoverflow,python,2024,devops_cloud
stackoverflow,rust,2024,embedded
stackoverflow,dart,2024,developer tools
stackoverflow,lua,2023,developer tools
stackoverflow,go,2024,web backend
stackoverflow,perl,2023,data_ai
stackoverflow,c#,2023,data_ai
stackoverflow,go,2024,developer tools
stackoverflow,go,2024,web backend
stackoverflow,r,2024,data_ai
stackoverflow,rust,2024,data_ai
stackoverflow,ruby,2023,web backend
stackoverflow,c,2023,embedded
stackoverflow,javascript,2023,mobile
stackoverflow,typescript,2024,web frontend
stackoverflow,lua,2023,embedded
stackoverflow,rust,2025,embedded
stackoverflow,scala,2023,developer tools
stackoverflow,dart,2025,web frontend
stackoverflow,lua,2024,developer tools
stackoverflow,r,2023,data_ai
stackoverflow,rust,2025,embedded
stackoverflow,scala,2023,developer tools
stackoverflow,lua,2024,developer tools
stackoverflow,lua,2023,developer tools
stackoverflow,scala,2025,web backend
stackoverflow,c#,2025,data_ai
stackoverflow,perl,2023,developer tools
stackoverflow,lua,2023,developer tools
stackoverflow,swift,2025,mobile
stackoverflow,dart,2023,mobile
stackoverflow,dart,2025,mobile
stackoverflow,typescript,2024,developer tools
stackoverflow,c#,2025,data_ai
stackoverflow,c,2024,developer tools
stackoverflow,lua,2024,developer tools
stackoverflow,perl,2025,developer tools
stackoverflow,c++,2024,developer tools
stackoverflow,swift,2025,mobile
stackoverflow,go,2025,data_ai
stackoverflow,python,2025,developer tools
stackoverflow,go,2025,developer tools
stackoverflow,c++,2023,developer tools
stackoverflow,typescript,2025,web backend
stackoverflow,c#,2024,developer tools
stackoverflow,typescript,2025,developer tools
stackoverflow,rust,2025,developer tools
stackoverflow,php,2023,web backend
stackoverflow,perl,2023,developer tools
stackoverflow,scala,2025,developer tools
stackoverflow,kotlin,2025,devops_cloud
stackoverflow,java,2025,testing_qa
stackoverflow,lua,2024,embedded
stackoverflow,python,2025,data_ai
stackoverflow,c++,2025,developer tools
stackoverflow,ruby,2023,web backend
stackoverflow,c,2023,embedded
stackoverflow,lua,2023,embedded
stackoverflow,rust,2023,developer tools
stackoverflow,c++,2023,developer tools
stackoverflow,rust,2024,developer tools
stackoverflow,go,2023,web backend
stackoverflow,r,2025,data_ai
stackoverflow,go,2025,data_ai
stackoverflow,python,2023,data_ai
stackoverflow,r,2023,testing_qa
stackoverflow,lua,2023,testing_qa
stackoverflow,dart,2023,mobile
stackoverflow,perl,2024,data_ai
stackoverflow,rust,2025,developer tools
stackoverflow,php,2023,web backend
stackoverflow,ruby,2023,web backend
stackoverflow,lua,2025,developer tools
stackoverflow,swift,2025,mobile
stackoverflow,c#,2023,web backend
stackoverflow,perl,2024,devops_cloud
stackoverflow,dart,2023,developer tools
stackoverflow,typescript,2024,web frontend
stackoverflow,perl,2023,web backend
stackoverflow,ruby,2024,web backend
stackoverflow,swift,2023,mobile
stackoverflow,dart,2023,mobile
stackoverflow,java,2023,developer tools
stackoverflow,c,2024,developer tools
stackoverflow,ruby,2023,web backend
stackoverflow,perl,2024,data_ai
stackoverflow,c,2025,developer tools
stackoverflow,r,2023,web frontend
stackoverflow,typescript,2024,web backend
stackoverflow,typescript,2024,developer tools
stackoverflow,php,2024,web frontend
stackoverflow,go,2023,web backend
stackoverflow,c#,2025,embedded
stackoverflow,c#,2025,devops_cloud
stackoverflow,java,2025,developer tools
stackoverflow,ruby,2023,web backend
stackoverflow,c#,2023,data_ai
stackoverflow,perl,2024,developer tools
stackoverflow,perl,2024,developer tools
stackoverflow,c#,2024,game
stackoverflow,java,2024,web backend
stackoverflow,c,2023,embedded
stackoverflow,lua,2023,devops_cloud
stackoverflow,lua,2024,iot
stackoverflow,swift,2024,mobile
stackoverflow,ruby,2025,developer tools
stackoverflow,java,2023,web backend
stackoverflow,python,2025,web backend
stackoverflow,c,2025,developer tools
stackoverflow,scala,2024,data_ai
stackoverflow,swift,2023,mobile
stackoverflow,java,2025,web backend
stackoverflow,java,2025,developer tools
stackoverflow,c#,2024,devops_cloud
stackoverflow,perl,2024,devops_cloud
stackoverflow,dart,2025,mobile
stackoverflow,dart,2024,mobile
stackoverflow,java,2025,security
stackoverflow,scala,2025,security
stackoverflow,java,2024,web backend
stackoverflow,go,2023,web frontend
stackoverflow,lua,2024,developer tools
stackoverflow,dart,2025,mobile
stackoverflow,dart,2025,mobile
stackoverflow,rust,2025,embedded
stackoverflow,kotlin,2023,data_ai
stackoverflow,kotlin,2023,mobile
stackoverflow,rust,2023,developer tools
stackoverflow,c,2023,embedded
stackoverflow,lua,2024,embedded
stackoverflow,dart,2023,mobile
stackoverflow,perl,2023,web backend
stackoverflow,c,2023,embedded
stackoverflow,lua,2023,embedded
stackoverflow,r,2025,data_ai
stackoverflow,c,2023,developer tools
stackoverflow,go,2025,developer tools
stackoverflow,typescript,2023,web frontend
stackoverflow,javascript,2023,web frontend
stackoverflow,scala,2025,testing_qa
stackoverflow,java,2025,data_ai
stackoverflow,lua,2023,embedded
stackoverflow,r,2025,web backend
stackoverflow,dart,2025,devops_cloud
stackoverflow,lua,2023,embedded
stackoverflow,java,2024,developer tools
stackoverflow,scala,2024,data_ai
stackoverflow,scala,2024,data_ai
stackoverflow,perl,2024,developer tools
stackoverflow,dart,2024,mobile
stackoverflow,php,2024,web backend
stackoverflow,r,2023,data_ai
stackoverflow,scala,2024,developer tools
stackoverflow,go,2025,testing_qa
stackoverflow,python,2023,data_ai
stackoverflow,r,2023,data_ai
stackoverflow,python,2023,developer tools
stackoverflow,javascript,2024,web frontend
stackoverflow,ruby,2025,web frontend
stackoverflow,php,2024,mobile
stackoverflow,dart,2024,mobile
stackoverflow,ruby,2024,devops_cloud
stackoverflow,php,2025,web backend
stackoverflow,typescript,2024,web backend
stackoverflow,rust,2023,embedded
stackoverflow,go,2024,data_ai
stackoverflow,c++,2025,embedded
stackoverflow,kotlin,2023,testing_qa
stackoverflow,swift,2024,mobile
stackoverflow,kotlin,2025,web backend
stackoverflow,javascript,2024,web frontend
stackoverflow,javascript,2025,web frontend
stackoverflow,rust,2024,embedded
stackoverflow,python,2023,data_ai
stackoverflow,ruby,2025,testing_qa
stackoverflow,dart,2025,mobile
stackoverflow,r,2025,data_ai
stackoverflow,c#,2025,data_ai
stackoverflow,go,2025,data_ai
stackoverflow,javascript,2024,web frontend
stackoverflow,php,2023,data_ai
stackoverflow,c,2025,embedded
stackoverflow,php,2024,web backend
stackoverflow,go,2024,developer tools
stackoverflow,r,2024,data_ai
stackoverflow,rust,2024,developer tools
stackoverflow,c++,2025,embedded
stackoverflow,java,2023,web backend
stackoverflow,lua,2025,developer tools
stackoverflow,perl,2023,developer tools
stackoverflow,c++,2023,developer tools
stackoverflow,java,2024,web backend
stackoverflow,python,2023,web backend
stackoverflow,perl,2025,developer tools
stackoverflow,rust,2024,embedded
stackoverflow,dart,2025,mobile
stackoverflow,r,2023,data_ai
stackoverflow,python,2023,data_ai
stackoverflow,go,2023,developer tools
stackoverflow,c,2023,developer tools
stackoverflow,c++,2025,embedded
stackoverflow,c,2024,embedded
stackoverflow,c,2024,mobile
stackoverflow,go,2025,developer tools
stackoverflow,lua,2024,developer tools
stackoverflow,go,2023,developer tools
stackoverflow,rust,2023,developer tools
stackoverflow,typescript,2025,web backend
stackoverflow,lua,2024,developer tools
stackoverflow,go,2023,testing_qa
stackoverflow,java,2025,web backend
stackoverflow,r,2024,data_ai
stackoverflow,go,2024,data_ai
stackoverflow,scala,2025,data_ai
stackoverflow,python,2023,web backend
stackoverflow,javascript,2023,web frontend
stackoverflow,java,2023,data_ai
stackoverflow,rust,2025,data_ai
stackoverflow,typescript,2025,developer tools
stackoverflow,typescript,2023,web frontend
stackoverflow,dart,2023,mobile
stackoverflow,scala,2024,data_ai
stackoverflow,go,2024,web backend
stackoverflow,go,2023,embedded
stackoverflow,dart,2025,mobile
stackoverflow,ruby,2025,web frontend
stackoverflow,go,2024,security
stackoverflow,scala,2023,web backend
stackoverflow,kotlin,2023,mobile
stackoverflow,java,2025,devops_cloud
stackoverflow,dart,2023,mobile
stackoverflow,go,2024,developer tools
stackoverflow,rust,2024,developer tools
stackoverflow,typescript,2023,web backend
stackoverflow,dart,2025,mobile
stackoverflow,python,2023,data_ai
stackoverflow,c,2024,developer tools
stackoverflow,c++,2024,data_ai
stackoverflow,swift,2025,mobile
stackoverflow,go,2024,data_ai
stackoverflow,c++,2024,embedded
stackoverflow,c++,2025,developer tools
stackoverflow,c++,2023,embedded
stackoverflow,swift,2025,mobile
stackoverflow,rust,2023,embedded
stackoverflow,javascript,2024,developer tools
stackoverflow,r,2025,data_ai
stackoverflow,c++,2023,developer tools
stackoverflow,javascript,2024,web frontend
stackoverflow,c,2025,embedded
stackoverflow,scala,2024,data_ai
stackoverflow,c#,2025,testing_qa
stackoverflow,swift,2024,embedded
stackoverflow,r,2025,data_ai
stackoverflow,javascript,2023,web frontend
stackoverflow,rust,2023,security
stackoverflow,c#,2023,security
stackoverflow,rust,2023,data_ai
stackoverflow,java,2024,data_ai
stackoverflow,lua,2025,developer tools
stackoverflow,javascript,2023,game
stackoverflow,php,2025,web backend
stackoverflow,ruby,2023,devops_cloud
stackoverflow,lua,2025,developer tools
stackoverflow,c++,2024,embedded
stackoverflow,r,2023,developer tools
stackoverflow,perl,2023,developer tools
stackoverflow,c,2024,developer tools
stackoverflow,javascript,2025,web frontend
stackoverflow,dart,2024,mobile
stackoverflow,php,2024,web backend
stackoverflow,typescript,2024,web frontend
stackoverflow,swift,2024,mobile
stackoverflow,java,2024,web backend
stackoverflow,typescript,2025,web frontend
stackoverflow,php,2025,web backend
stackoverflow,javascript,2025,web backend
stackoverflow,c,2025,embedded
stackoverflow,typescript,2023,web frontend
stackoverflow,javascript,2023,web frontend
stackoverflow,kotlin,2023,developer tools
stackoverflow,swift,2024,mobile
stackoverflow,scala,2025,developer tools
stackoverflow,c#,2023,developer tools
stackoverflow,c#,2024,devops_cloud
stackoverflow,rust,2023,developer tools
stackoverflow,rust,2023,data_ai
stackoverflow,lua,2025,developer tools
stackoverflow,go,2023,web backend
stackoverflow,typescript,2024,web frontend
stackoverflow,go,2025,data_ai
stackoverflow,swift,2023,mobile
stackoverflow,lua,2025,developer tools
stackoverflow,scala,2025,developer tools
stackoverflow,java,2025,developer tools
stackoverflow,scala,2025,developer tools
stackoverflow,c#,2024,web frontend
stackoverflow,r,2025,data_ai
stackoverflow,c#,2024,web backend
stackoverflow,scala,2025,data_ai
stackoverflow,kotlin,2024,mobile
stackoverflow,c,2023,embedded
stackoverflow,perl,2025,developer tools
stackoverflow,typescript,2025,devops_cloud
stackoverflow,javascript,2025,devops_cloud
stackoverflow,kotlin,2024,data_ai
stackoverflow,c++,2024,developer tools
stackoverflow,c,2023,developer tools
stackoverflow,swift,2023,mobile
stackoverflow,ruby,2023,developer tools
stackoverflow,rust,2023,web backend
stackoverflow,java,2025,web backend
stackoverflow,dart,2023,mobile
stackoverflow,dart,2023,developer tools
stackoverflow,python,2024,developer tools
stackoverflow,javascript,2024,testing_qa
stackoverflow,php,2023,web backend
stackoverflow,javascript,2023,web backend
stackoverflow,dart,2024,mobile
stackoverflow,c,2023,embedded
stackoverflow,r,2024,data_ai
stackoverflow,typescript,2023,developer tools
stackoverflow,c++,2023,embedded
stackoverflow,typescript,2023,developer tools
stackoverflow,perl,2025,developer tools
stackoverflow,java,2024,mobile
stackoverflow,kotlin,2024,mobile
stackoverflow,javascript,2023,web backend
stackoverflow,c++,2023,embedded
stackoverflow,java,2024,mobile
stackoverflow,kotlin,2024,mobile
stackoverflow,python,2024,game
stackoverflow,c++,2024,data_ai
stackoverflow,kotlin,2024,mobile
stackoverflow,ruby,2025,web backend
stackoverflow,dart,2023,mobile
stackoverflow,c#,2023,developer tools
stackoverflow,rust,2023,embedded
stackoverflow,typescript,2024,mobile
stackoverflow,javascript,2024,mobile
stackoverflow,python,2025,developer tools
stackoverflow,scala,2025,security
stackoverflow,python,2025,data_ai
stackoverflow,python,2023,data_ai
stackoverflow,r,2023,data_ai
stackoverflow,javascript,2023,web frontend
stackoverflow,typescript,2024,web backend
stackoverflow,python,2025,data_ai
stackoverflow,lua,2025,developer tools
stackoverflow,c,2024,testing_qa
stackoverflow,javascript,2023,developer tools
stackoverflow,r,2024,data_ai
stackoverflow,c,2023,security
stackoverflow,java,2023,data_ai
stackoverflow,c,2024,developer tools
stackoverflow,swift,2023,developer tools
stackoverflow,r,2024,data_ai
stackoverflow,java,2025,mobile
stackoverflow,kotlin,2025,mobile
stackoverflow,java,2023,developer tools
stackoverflow,lua,2023,developer tools
stackoverflow,python,2023,developer tools
stackoverflow,php,2023,devops_cloud
stackoverflow,typescript,2025,web frontend
stackoverflow,lua,2025,developer tools
stackoverflow,python,2025,developer tools
stackoverflow,java,2024,mobile
stackoverflow,c++,2025,data_ai
stackoverflow,java,2024,web backend
stackoverflow,c++,2023,embedded
stackoverflow,go,2025,developer tools
stackoverflow,swift,2023,mobile
stackoverflow,scala,2023,developer tools
stackoverflow,scala,2023,data_ai
stackoverflow,kotlin,2024,mobile
stackoverflow,kotlin,2023,mobile
stackoverflow,ruby,2025,web backend
stackoverflow,c,2023,testing_qa
stackoverflow,php,2025,web backend
stackoverflow,c#,2024,devops_cloud
stackoverflow,r,2023,developer tools
stackoverflow,typescript,2025,web frontend
stackoverflow,javascript,2025,web frontend
stackoverflow,python,2025,data_ai
stackoverflow,c#,2025,mobile
stackoverflow,scala,2025,developer tools
stackoverflow,ruby,2024,security
stackoverflow,r,2024,data_ai
stackoverflow,rust,2024,web backend
stackoverflow,c#,2025,data_ai
stackoverflow,dart,2023,mobile
stackoverflow,kotlin,2023,mobile
stackoverflow,dart,2024,mobile
stackoverflow,dart,2025,mobile
stackoverflow,javascript,2025,web frontend
stackoverflow,perl,2025,embedded
stackoverflow,typescript,2024,web frontend
stackoverflow,c,2025,developer tools
stackoverflow,perl,2023,developer tools
stackoverflow,ruby,2023,web backend
stackoverflow,java,2024,testing_qa
stackoverflow,java,2023,web backend
stackoverflow,swift,2025,mobile
stackoverflow,go,2024,devops_cloud
stackoverflow,swift,2025,developer tools
stackoverflow,go,2023,blockchain
stackoverflow,kotlin,2024,mobile
stackoverflow,c,2024,data_ai
stackoverflow,c#,2024,web backend
stackoverflow,perl,2023,embedded
stackoverflow,swift,2025,mobile
stackoverflow,swift,2025,mobile
stackoverflow,python,2025,data_ai
stackoverflow,typescript,2024,web frontend
stackoverflow,java,2023,mobile
stackoverflow,typescript,2024,web frontend
stackoverflow,perl,2023,developer tools
stackoverflow,swift,2024,mobile
stackoverflow,r,2023,data_ai
stackoverflow,c,2025,embedded
stackoverflow,c,2023,embedded
stackoverflow,c#,2023,mobile
stackoverflow,python,2024,data_ai
stackoverflow,swift,2023,developer tools
stackoverflow,python,2024,developer tools
stackoverflow,rust,2023,developer tools
stackoverflow,javascript,2023,web frontend
stackoverflow,ruby,2024,devops_cloud
stackoverflow,php,2024,web frontend
stackoverflow,lua,2023,developer tools
stackoverflow,php,2023,web backend
stackoverflow,c,2025,embedded
stackoverflow,r,2025,data_ai
stackoverflow,perl,2023,security
stackoverflow,go,2024,data_ai
stackoverflow,python,2023,data_ai
stackoverflow,javascript,2023,mobile
stackoverflow,python,2025,data_ai
stackoverflow,c#,2023,web backend
stackoverflow,dart,2024,developer tools
stackoverflow,python,2023,developer tools
stackoverflow,r,2025,web frontend
stackoverflow,go,2025,data_ai
stackoverflow,r,2025,data_ai
stackoverflow,perl,2025,web backend
stackoverflow,java,2024,developer tools
stackoverflow,scala,2024,developer tools
stackoverflow,ruby,2024,devops_cloud
stackoverflow,python,2025,developer tools
stackoverflow,rust,2025,developer tools
stackoverflow,r,2024,web frontend
stackoverflow,typescript,2025,web backend
stackoverflow,typescript,2024,web frontend
stackoverflow,go,2025,embedded
stackoverflow,swift,2025,mobile
stackoverflow,c#,2023,web backend
stackoverflow,dart,2025,mobile
stackoverflow,perl,2023,web frontend
stackoverflow,javascript,2025,web frontend
stackoverflow,rust,2025,data_ai
stackoverflow,python,2023,developer tools
stackoverflow,lua,2024,embedded
stackoverflow,typescript,2024,web frontend
stackoverflow,javascript,2024,web frontend
stackoverflow,c++,2025,embedded
stackoverflow,c#,2024,developer tools
stackoverflow,kotlin,2025,mobile
stackoverflow,python,2024,data_ai
stackoverflow,dart,2024,mobile
stackoverflow,dart,2024,mobile
stackoverflow,c++,2024,embedded
stackoverflow,r,2024,data_ai
stackoverflow,go,2025,data_ai
stackoverflow,ruby,2023,web backend
stackoverflow,typescript,2025,developer tools
stackoverflow,scala,2025,developer tools
stackoverflow,rust,2023,devops_cloud
stackoverflow,java,2023,web backend
stackoverflow,perl,2024,web backend
stackoverflow,swift,2025,mobile
stackoverflow,ruby,2023,embedded
stackoverflow,rust,2025,data_ai
stackoverflow,perl,2025,developer tools
stackoverflow,perl,2025,developer tools
stackoverflow,typescript,2025,web frontend
stackoverflow,javascript,2025,web frontend
stackoverflow,typescript,2025,developer tools
stackoverflow,php,2024,devops_cloud
stackoverflow,scala,2023,data_ai
stackoverflow,go,2024,developer tools
stackoverflow,kotlin,2024,developer tools
stackoverflow,ruby,2023,web frontend
stackoverflow,kotlin,2025,developer tools
stackoverflow,typescript,2024,web frontend
stackoverflow,dart,2025,mobile
stackoverflow,dart,2023,mobile
stackoverflow,java,2023,mobile
stackoverflow,perl,2025,developer tools
stackoverflow,dart,2023,mobile
stackoverflow,python,2024,security
stackoverflow,java,2023,data_ai
stackoverflow,java,2023,web backend
stackoverflow,javascript,2025,web frontend
stackoverflow,swift,2024,embedded
stackoverflow,go,2023,developer tools
stackoverflow,c,2024,embedded
stackoverflow,javascript,2023,testing_qa
stackoverflow,java,2023,security
stackoverflow,java,2025,mobile
stackoverflow,dart,2025,mobile
stackoverflow,rust,2024,data_ai
stackoverflow,swift,2023,mobile
stackoverflow,rust,2023,web backend
stackoverflow,dart,2025,web frontend
stackoverflow,typescript,2025,developer tools
stackoverflow,java,2025,web backend
stackoverflow,scala,2024,devops_cloud
stackoverflow,python,2023,data_ai
stackoverflow,ruby,2024,web backend
stackoverflow,c#,2024,security
stackoverflow,c,2023,web backend
stackoverflow,go,2023,web backend
stackoverflow,typescript,2024,developer tools
stackoverflow,perl,2024,developer tools
stackoverflow,php,2023,web frontend
stackoverflow,javascript,2023,web frontend
stackoverflow,scala,2024,data_ai
stackoverflow,c,2025,embedded
stackoverflow,c++,2024,embedded
stackoverflow,javascript,2025,devops_cloud
stackoverflow,dart,2025,mobile
stackoverflow,rust,2023,embedded
stackoverflow,c#,2024,testing_qa
stackoverflow,typescript,2024,web frontend
stackoverflow,php,2024,web backend
stackoverflow,go,2024,web backend
stackoverflow,r,2023,data_ai
stackoverflow,javascript,2024,data_ai
stackoverflow,swift,2025,mobile
stackoverflow,java,2023,devops_cloud
stackoverflow,kotlin,2023,devops_cloud
stackoverflow,scala,2023,developer tools
stackoverflow,lua,2024,developer tools
stackoverflow,python,2023,developer tools
stackoverflow,dart,2024,mobile
stackoverflow,java,2024,data_ai
stackoverflow,swift,2024,web frontend
stackoverflow,typescript,2025,web frontend
stackoverflow,swift,2025,mobile
stackoverflow,c,2024,embedded
stackoverflow,scala,2024,developer tools
stackoverflow,python,2024,data_ai
stackoverflow,perl,2023,developer tools
stackoverflow,dart,2023,mobile
stackoverflow,scala,2023,testing_qa
stackoverflow,java,2023,developer tools
stackoverflow,scala,2023,developer tools
stackoverflow,swift,2024,embedded
stackoverflow,rust,2024,developer tools
stackoverflow,go,2024,web backend
stackoverflow,go,2023,embedded
stackoverflow,dart,2024,mobile
stackoverflow,dart,2023,mobile
stackoverflow,c,2024,security
stackoverflow,dart,2024,mobile
stackoverflow,dart,2024,mobile
stackoverflow,r,2025,embedded
stackoverflow,perl,2025,developer tools
stackoverflow,c++,2024,data_ai
stackoverflow,ruby,2023,web backend
stackoverflow,php,2023,web backend
stackoverflow,typescript,2025,web backend
stackoverflow,rust,2025,data_ai
stackoverflow,r,2024,data_ai
stackoverflow,rust,2023,mobile
stackoverflow,javascript,2023,mobile
stackoverflow,c#,2024,data_ai
stackoverflow,java,2023,web backend
stackoverflow,lua,2024,developer tools
stackoverflow,python,2025,devops_cloud
stackoverflow,c,2025,devops_cloud
stackoverflow,rust,2023,web backend
stackoverflow,c++,2025,embedded
stackoverflow,r,2025,data_ai
stackoverflow,dart,2024,developer tools
stackoverflow,scala,2025,developer tools
stackoverflow,python,2025,developer tools
stackoverflow,php,2025,data_ai
stackoverflow,java,2023,web backend
stackoverflow,lua,2024,embedded
stackoverflow,ruby,2023,web backend
stackoverflow,go,2023,data_ai
stackoverflow,dart,2023,mobile
stackoverflow,scala,2024,data_ai
stackoverflow,perl,2025,developer tools
stackoverflow,typescript,2023,developer tools
stackoverflow,ruby,2024,web frontend
stackoverflow,javascript,2024,web frontend
stackoverflow,go,2025,developer tools
stackoverflow,java,2025,web backend
stackoverflow,c,2023,embedded
stackoverflow,dart,2024,developer tools
stackoverflow,python,2023,developer tools
stackoverflow,go,2023,web frontend
stackoverflow,javascript,2025,web frontend
stackoverflow,typescript,2023,testing_qa
stackoverflow,php,2025,web frontend
stackoverflow,php,2025,web backend
stackoverflow,typescript,2025,mobile
stackoverflow,go,2025,devops_cloud
stackoverflow,perl,2025,developer tools
stackoverflow,c#,2023,developer tools
stackoverflow,c++,2023,security
stackoverflow,swift,2025,embedded
stackoverflow,javascript,2024,web frontend
stackoverflow,c++,2023,developer tools
stackoverflow,c,2024,developer tools
stackoverflow,python,2024,developer tools
stackoverflow,lua,2025,web backend
stackoverflow,php,2024,security
stackoverflow,c#,2024,data_ai
stackoverflow,lua,2025,game
stackoverflow,r,2023,data_ai
stackoverflow,rust,2023,data_ai
stackoverflow,ruby,2025,testing_qa
stackoverflow,javascript,2024,web frontend
stackoverflow,perl,2024,developer tools
stackoverflow,lua,2023,developer tools
stackoverflow,r,2023,data_ai
stackoverflow,c#,2025,web backend
stackoverflow,kotlin,2025,mobile
stackoverflow,c#,2024,embedded
stackoverflow,typescript,2024,web frontend
stackoverflow,swift,2023,security
stackoverflow,kotlin,2024,game
stackoverflow,php,2023,web backend
stackoverflow,java,2023,developer tools
stackoverflow,kotlin,2023,developer tools
stackoverflow,go,2023,devops_cloud
stackoverflow,php,2023,data_ai
stackoverflow,kotlin,2025,testing_qa
stackoverflow,java,2025,mobile
stackoverflow,kotlin,2025,mobile
stackoverflow,c,2023,testing_qa
stackoverflow,typescript,2025,developer tools
stackoverflow,lua,2024,developer tools
stackoverflow,c,2024,embedded
stackoverflow,php,2024,web backend
stackoverflow,c,2023,developer tools
stackoverflow,r,2025,data_ai
stackoverflow,php,2024,web backend
stackoverflow,c,2025,embedded
stackoverflow,perl,2025,developer tools
stackoverflow,php,2023,web backend
stackoverflow,perl,2024,embedded
stackoverflow,lua,2023,embedded
stackoverflow,kotlin,2023,mobile
stackoverflow,c++,2024,developer tools
stackoverflow,c++,2024,embedded
stackoverflow,c#,2024,embedded
stackoverflow,r,2023,data_ai
stackoverflow,ruby,2025,web backend
stackoverflow,perl,2023,web backend
stackoverflow,javascript,2023,web frontend
stackoverflow,javascript,2023,web frontend
stackoverflow,scala,2025,security
stackoverflow,swift,2024,mobile
stackoverflow,c,2025,embedded
stackoverflow,typescript,2024,mobile
stackoverflow,javascript,2024,mobile
stackoverflow,javascript,2023,web frontend
stackoverflow,lua,2024,developer tools
stackoverflow,perl,2025,developer tools
stackoverflow,c++,2025,developer tools
stackoverflow,r,2025,data_ai
stackoverflow,lua,2023,developer tools
stackoverflow,python,2023,developer tools
stackoverflow,lua,2024,embedded
stackoverflow,c++,2024,embedded
stackoverflow,dart,2024,mobile
stackoverflow,java,2023,mobile
stackoverflow,kotlin,2023,mobile
stackoverflow,python,2023,devops_cloud
stackoverflow,scala,2023,developer tools
stackoverflow,java,2023,security
stackoverflow,rust,2025,developer tools
stackoverflow,swift,2024,mobile
stackoverflow,php,2025,web backend
stackoverflow,c#,2025,developer tools
stackoverflow,scala,2023,developer tools
stackoverflow,r,2024,data_ai
stackoverflow,lua,2025,developer tools
stackoverflow,c++,2023,developer tools
stackoverflow,c,2023,developer tools
stackoverflow,ruby,2025,web frontend
stackoverflow,javascript,2025,web frontend
stackoverflow,c++,2023,embedded
stackoverflow,php,2024,web backend
stackoverflow,perl,2025,devops_cloud
stackoverflow,kotlin,2023,mobile
stackoverflow,javascript,2023,data_ai
stackoverflow,typescript,2024,web frontend
stackoverflow,c#,2025,developer tools
stackoverflow,java,2024,web backend
stackoverflow,javascript,2023,testing_qa
stackoverflow,scala,2025,data_ai
stackoverflow,lua,2024,developer tools
stackoverflow,python,2023,web backend
stackoverflow,go,2024,data_ai
stackoverflow,python,2025,data_ai
stackoverflow,php,2024,devops_cloud
stackoverflow,rust,2024,embedded
stackoverflow,go,2023,devops_cloud
stackoverflow,scala,2023,devops_cloud
stackoverflow,rust,2024,blockchain
stackoverflow,python,2025,developer tools
stackoverflow,typescript,2023,web frontend
stackoverflow,go,2024,developer tools
stackoverflow,kotlin,2025,mobile
stackoverflow,typescript,2023,web frontend
stackoverflow,perl,2024,developer tools
stackoverflow,c++,2024,web backend
stackoverflow,rust,2023,data_ai
stackoverflow,c++,2024,developer tools
stackoverflow,dart,2025,mobile
stackoverflow,javascript,2024,web backend
stackoverflow,c#,2025,developer tools
stackoverflow,kotlin,2025,developer tools
stackoverflow,dart,2025,mobile
stackoverflow,c++,2023,embedded
stackoverflow,perl,2025,embedded
stackoverflow,swift,2025,mobile
stackoverflow,r,2024,data_ai
stackoverflow,lua,2025,developer tools
stackoverflow,php,2025,web backend
stackoverflow,rust,2025,embedded
stackoverflow,lua,2024,game
stackoverflow,python,2023,devops_cloud
stackoverflow,c,2024,embedded
stackoverflow,python,2024,embedded
stackoverflow,go,2023,devops_cloud
stackoverflow,c,2023,developer tools
stackoverflow,c,2024,developer tools
stackoverflow,swift,2024,embedded
stackoverflow,java,2023,developer tools
stackoverflow,swift,2023,mobile
stackoverflow,perl,2023,data_ai
stackoverflow,r,2025,data_ai
stackoverflow,kotlin,2024,developer tools
stackoverflow,c#,2024,data_ai
stackoverflow,java,2025,security
stackoverflow,typescript,2025,developer tools
stackoverflow,perl,2024,developer tools
stackoverflow,c++,2025,developer tools
stackoverflow,go,2025,web backend
stackoverflow,python,2025,testing_qa
stackoverflow,ruby,2025,web backend
stackoverflow,r,2023,data_ai
stackoverflow,javascript,2023,web frontend
stackoverflow,c,2024,embedded
stackoverflow,kotlin,2025,mobile
stackoverflow,r,2023,data_ai
stackoverflow,typescript,2024,web frontend
stackoverflow,javascript,2024,web frontend
stackoverflow,javascript,2025,web frontend
stackoverflow,php,2025,web backend
stackoverflow,rust,2024,web backend
stackoverflow,go,2025,developer tools
stackoverflow,perl,2023,data_ai
stackoverflow,perl,2023,web backend
stackoverflow,swift,2023,mobile
stackoverflow,c#,2024,developer tools
stackoverflow,c,2025,embedded
stackoverflow,php,2024,web backend
stackoverflow,perl,2024,data_ai
stackoverflow,c#,2025,web backend
stackoverflow,perl,2023,developer tools
stackoverflow,go,2024,web frontend
stackoverflow,java,2023,mobile
stackoverflow,kotlin,2023,mobile
stackoverflow,lua,2024,web backend
stackoverflow,c#,2024,game
stackoverflow,dart,2023,mobile
stackoverflow,c#,2025,developer tools
stackoverflow,ruby,2024,web backend
stackoverflow,typescript,2025,web frontend
stackoverflow,javascript,2025,web frontend
stackoverflow,go,2023,developer tools
stackoverflow,kotlin,2025,developer tools
stackoverflow,javascript,2024,web backend
stackoverflow,go,2024,web backend
stackoverflow,r,2024,developer tools
stackoverflow,javascript,2025,web frontend
stackoverflow,java,2025,testing_qa
stackoverflow,java,2023,developer tools
stackoverflow,swift,2023,developer tools
stackoverflow,java,2023,web backend
stackoverflow,r,2023,data_ai
stackoverflow,c++,2023,developer tools
stackoverflow,c++,2024,embedded
stackoverflow,python,2024,embedded
stackoverflow,scala,2023,testing_qa
stackoverflow,dart,2024,mobile
stackoverflow,c,2023,iot
stackoverflow,java,2024,mobile
stackoverflow,kotlin,2023,embedded
stackoverflow,perl,2023,developer tools
stackoverflow,c++,2025,data_ai
stackoverflow,rust,2025,developer tools
stackoverflow,c++,2025,embedded
stackoverflow,c#,2023,web backend
stackoverflow,typescript,2025,web frontend
stackoverflow,javascript,2025,web frontend
stackoverflow,swift,2023,web frontend
stackoverflow,perl,2023,data_ai
stackoverflow,go,2025,data_ai
stackoverflow,c++,2024,embedded
stackoverflow,go,2023,web backend
stackoverflow,swift,2024,mobile
stackoverflow,c#,2025,data_ai
stackoverflow,kotlin,2025,web backend
stackoverflow,go,2025,web backend
stackoverflow,lua,2023,developer tools
stackoverflow,lua,2025,developer tools
stackoverflow,python,2025,security
stackoverflow,rust,2025,data_ai
stackoverflow,c#,2023,web backend
stackoverflow,c++,2025,data_ai
stackoverflow,swift,2025,mobile
stackoverflow,dart,2025,mobile
stackoverflow,swift,2024,mobile
stackoverflow,r,2024,data_ai
stackoverflow,r,2024,developer tools
stackoverflow,java,2023,developer tools
stackoverflow,python,2023,testing_qa
stackoverflow,java,2025,developer tools
stackoverflow,kotlin,2025,developer tools
stackoverflow,dart,2025,mobile
stackoverflow,kotlin,2025,web frontend
stackoverflow,go,2025,web backend
stackoverflow,perl,2024,developer tools
stackoverflow,lua,2024,developer tools
stackoverflow,lua,2025,embedded
stackoverflow,swift,2023,data_ai
stackoverflow,c#,2023,embedded
stackoverflow,typescript,2023,web frontend
stackoverflow,scala,2023,developer tools
stackoverflow,go,2024,web backend
stackoverflow,perl,2023,developer tools
stackoverflow,c++,2025,developer tools
stackoverflow,c++,2023,embedded
stackoverflow,c,2023,embedded
stackoverflow,lua,2023,embedded
stackoverflow,c,2025,embedded
stackoverflow,javascript,2023,web frontend
stackoverflow,rust,2024,embedded
stackoverflow,ruby,2025,web backend
stackoverflow,java,2025,data_ai
stackoverflow,c,2025,embedded
stackoverflow,c,2025,embedded
stackoverflow,go,2025,developer tools
stackoverflow,java,2023,mobile
stackoverflow,python,2024,devops_cloud
stackoverflow,ruby,2023,developer tools
stackoverflow,go,2023,web backend
stackoverflow,typescript,2025,web frontend
stackoverflow,php,2023,web backend
stackoverflow,r,2025,web frontend
stackoverflow,javascript,2025,web frontend
stackoverflow,swift,2025,mobile
stackoverflow,java,2025,developer tools
stackoverflow,c#,2025,web frontend
stackoverflow,go,2023,mobile
stackoverflow,ruby,2023,devops_cloud
stackoverflow,kotlin,2025,mobile
stackoverflow,c#,2024,security
stackoverflow,lua,2024,data_ai
stackoverflow,scala,2025,data_ai
stackoverflow,kotlin,2023,mobile
stackoverflow,c++,2024,embedded
stackoverflow,lua,2023,developer tools
stackoverflow,python,2025,data_ai
stackoverflow,typescript,2023,web frontend
stackoverflow,swift,2025,mobile
stackoverflow,php,2025,web backend
stackoverflow,java,2024,web backend
stackoverflow,swift,2024,embedded
stackoverflow,dart,2024,mobile
stackoverflow,python,2024,developer tools
stackoverflow,ruby,2025,web backend
stackoverflow,javascript,2025,web frontend
stackoverflow,r,2023,data_ai
stackoverflow,javascript,2023,web frontend
stackoverflow,lua,2025,game
stackoverflow,python,2024,game
stackoverflow,php,2025,developer tools
stackoverflow,python,2024,web backend
stackoverflow,c#,2023,data_ai
stackoverflow,swift,2023,data_ai
stackoverflow,python,2025,developer tools
stackoverflow,java,2023,devops_cloud
stackoverflow,kotlin,2025,developer tools
stackoverflow,typescript,2025,web frontend
stackoverflow,javascript,2025,web frontend
stackoverflow,swift,2024,mobile
stackoverflow,lua,2025,developer tools
stackoverflow,rust,2024,developer tools
stackoverflow,python,2025,testing_qa
stackoverflow,kotlin,2024,mobile
stackoverflow,php,2024,data_ai
stackoverflow,c#,2023,devops_cloud
stackoverflow,lua,2024,developer tools
stackoverflow,r,2023,data_ai
stackoverflow,java,2023,web backend
stackoverflow,java,2023,web backend
stackoverflow,scala,2023,web backend
stackoverflow,javascript,2023,web backend
stackoverflow,c,2024,embedded
stackoverflow,perl,2025,embedded
stackoverflow,kotlin,2025,web backend
stackoverflow,java,2024,testing_qa
stackoverflow,kotlin,2024,testing_qa
stackoverflow,r,2024,data_ai
stackoverflow,r,2024,data_ai
stackoverflow,kotlin,2024,embedded
stackoverflow,php,2025,web frontend
stackoverflow,swift,2025,web frontend
stackoverflow,kotlin,2025,developer tools
stackoverflow,scala,2024,data_ai
stackoverflow,python,2023,developer tools
stackoverflow,java,2023,mobile
stackoverflow,r,2025,data_ai
stackoverflow,go,2023,web backend
stackoverflow,c#,2023,web backend
stackoverflow,swift,2025,mobile
stackoverflow,c#,2025,enterprise
stackoverflow,ruby,2025,devops_cloud
stackoverflow,typescript,2025,web frontend
stackoverflow,java,2024,developer tools
stackoverflow,java,2023,testing_qa
stackoverflow,kotlin,2023,developer tools
stackoverflow,python,2025,devops_cloud
stackoverflow,c#,2023,mobile
stackoverflow,c#,2024,devops_cloud
stackoverflow,ruby,2023,web frontend
stackoverflow,c#,2025,embedded
stackoverflow,python,2025,data_ai
stackoverflow,ruby,2025,developer tools
stackoverflow,swift,2024,web frontend
stackoverflow,dart,2024,developer tools
stackoverflow,kotlin,2024,developer tools
stackoverflow,swift,2023,mobile
stackoverflow,c++,2023,embedded
stackoverflow,ruby,2023,devops_cloud
stackoverflow,typescript,2024,web frontend
stackoverflow,php,2023,web backend
stackoverflow,javascript,2025,web frontend
stackoverflow,java,2024,mobile
stackoverflow,rust,2024,developer tools
stackoverflow,go,2024,web backend
stackoverflow,c#,2023,data_ai
stackoverflow,kotlin,2025,data_ai
stackoverflow,ruby,2024,web backend
stackoverflow,ruby,2025,developer tools
stackoverflow,c,2024,testing_qa
stackoverflow,javascript,2024,web backend
stackoverflow,typescript,2024,web frontend
stackoverflow,c,2025,developer tools
stackoverflow,ruby,2023,web backend
stackoverflow,kotlin,2025,mobile
stackoverflow,scala,2025,data_ai
stackoverflow,r,2023,data_ai
stackoverflow,kotlin,2024,mobile
stackoverflow,ruby,2025,developer tools
stackoverflow,lua,2024,developer tools
stackoverflow,java,2024,testing_qa
stackoverflow,c++,2025,developer tools
stackoverflow,lua,2025,developer tools
stackoverflow,dart,2024,mobile
stackoverflow,java,2024,web backend
stackoverflow,python,2025,data_ai
stackoverflow,php,2024,data_ai
stackoverflow,rust,2025,embedded
stackoverflow,ruby,2024,web backend
stackoverflow,typescript,2024,web frontend
stackoverflow,javascript,2024,web frontend
stackoverflow,c++,2025,developer tools
stackoverflow,perl,2023,developer tools
stackoverflow,c,2023,developer tools
stackoverflow,go,2025,developer tools
stackoverflow,go,2023,iot
stackoverflow,lua,2025,game
stackoverflow,lua,2024,embedded
stackoverflow,swift,2023,mobile
stackoverflow,c++,2024,developer tools
stackoverflow,ruby,2024,web frontend
stackoverflow,r,2024,data_ai
stackoverflow,php,2025,web backend
stackoverflow,javascript,2025,web frontend
stackoverflow,javascript,2024,data_ai
stackoverflow,c,2024,embedded
stackoverflow,c,2023,embedded
stackoverflow,lua,2023,embedded
stackoverflow,perl,2023,web backend
stackoverflow,scala,2024,developer tools
stackoverflow,php,2023,web backend
stackoverflow,dart,2023,embedded
stackoverflow,python,2025,data_ai
stackoverflow,r,2024,data_ai
stackoverflow,go,2024,devops_cloud
stackoverflow,php,2024,web backend
stackoverflow,python,2023,data_ai
stackoverflow,java,2024,devops_cloud
stackoverflow,kotlin,2024,devops_cloud
stackoverflow,c++,2025,embedded
stackoverflow,rust,2024,developer tools
stackoverflow,r,2024,developer tools
stackoverflow,dart,2025,mobile
stackoverflow,php,2025,devops_cloud
stackoverflow,r,2025,data_ai
stackoverflow,lua,2023,developer tools
stackoverflow,java,2024,security
stackoverflow,typescript,2023,developer tools
stackoverflow,r,2025,data_ai
stackoverflow,lua,2024,embedded
stackoverflow,dart,2023,developer tools
stackoverflow,java,2024,web backend
stackoverflow,c++,2023,embedded
stackoverflow,php,2023,devops_cloud
stackoverflow,r,2023,data_ai
stackoverflow,c#,2025,developer tools
stackoverflow,c,2025,embedded
stackoverflow,c#,2024,game
stackoverflow,c#,2024,game
stackoverflow,kotlin,2023,web backend
stackoverflow,r,2025,data_ai
stackoverflow,dart,2023,mobile
stackoverflow,typescript,2023,web frontend
stackoverflow,javascript,2023,web frontend
stackoverflow,lua,2025,developer tools
stackoverflow,kotlin,2024,developer tools
stackoverflow,javascript,2025,mobile
stackoverflow,swift,2025,mobile
stackoverflow,c#,2023,web backend
stackoverflow,dart,2024,mobile
stackoverflow,java,2025,embedded
stackoverflow,scala,2025,embedded
stackoverflow,go,2024,devops_cloud
stackoverflow,c#,2023,embedded
stackoverflow,c#,2025,data_ai
stackoverflow,scala,2024,data_ai
stackoverflow,r,2025,developer tools
stackoverflow,java,2024,web backend
stackoverflow,perl,2024,developer tools
stackoverflow,go,2025,web backend
stackoverflow,go,2023,web backend
stackoverflow,perl,2023,developer tools
stackoverflow,javascript,2024,web frontend
stackoverflow,php,2023,security
stackoverflow,c,2024,embedded
stackoverflow,dart,2024,mobile
stackoverflow,c#,2025,developer tools
stackoverflow,kotlin,2025,mobile
stackoverflow,lua,2024,developer tools
stackoverflow,perl,2023,web backend
stackoverflow,perl,2023,testing_qa
stackoverflow,c#,2024,devops_cloud
stackoverflow,swift,2023,mobile
stackoverflow,c++,2025,developer tools
stackoverflow,javascript,2025,web frontend
stackoverflow,go,2023,data_ai
stackoverflow,rust,2023,data_ai
stackoverflow,typescript,2024,web frontend
stackoverflow,c++,2024,developer tools
stackoverflow,kotlin,2024,security
stackoverflow,javascript,2025,mobile
stackoverflow,scala,2023,devops_cloud
stackoverflow,kotlin,2024,web frontend
stackoverflow,perl,2024,developer tools
stackoverflow,php,2024,testing_qa
stackoverflow,go,2024,developer tools
stackoverflow,python,2024,data_ai
stackoverflow,python,2025,data_ai
stackoverflow,c,2023,developer tools
stackoverflow,c++,2025,developer tools
stackoverflow,lua,2024,developer tools
stackoverflow,php,2023,web backend
stackoverflow,lua,2024,developer tools
stackoverflow,dart,2024,mobile
stackoverflow,go,2023,developer tools
stackoverflow,rust,2024,developer tools
stackoverflow,javascript,2025,web frontend
stackoverflow,c++,2023,data_ai
stackoverflow,kotlin,2024,data_ai
stackoverflow,c#,2024,game
stackoverflow,scala,2024,embedded
stackoverflow,typescript,2024,web frontend
stackoverflow,c#,2024,game
stackoverflow,perl,2025,developer tools
stackoverflow,python,2025,web backend
stackoverflow,go,2024,devops_cloud
stackoverflow,kotlin,2024,developer tools
stackoverflow,kotlin,2025,data_ai
stackoverflow,kotlin,2024,mobile
stackoverflow,scala,2023,data_ai
stackoverflow,c++,2025,developer tools
stackoverflow,kotlin,2024,mobile
stackoverflow,scala,2024,data_ai
stackoverflow,swift,2025,developer tools
stackoverflow,dart,2025,mobile
stackoverflow,dart,2025,mobile
stackoverflow,c,2023,embedded
stackoverflow,php,2024,web backend
stackoverflow,c++,2024,embedded
stackoverflow,scala,2025,developer tools
stackoverflow,go,2023,security
stackoverflow,swift,2024,mobile
stackoverflow,r,2025,data_ai
stackoverflow,swift,2025,embedded
stackoverflow,rust,2025,embedded
stackoverflow,java,2024,mobile
stackoverflow,kotlin,2024,mobile
stackoverflow,typescript,2024,web frontend
stackoverflow,swift,2023,mobile
stackoverflow,dart,2025,mobile
stackoverflow,ruby,2025,web backend
stackoverflow,python,2023,security
stackoverflow,typescript,2023,web frontend
stackoverflow,javascript,2023,web frontend
stackoverflow,rust,2024,developer tools
stackoverflow,python,2023,data_ai
stackoverflow,r,2023,data_ai
stackoverflow,python,2023,data_ai
stackoverflow,r,2024,data_ai
stackoverflow,lua,2025,developer tools
stackoverflow,javascript,2025,web frontend
stackoverflow,rust,2023,embedded
stackoverflow,typescript,2023,developer tools
stackoverflow,python,2023,data_ai
stackoverflow,c++,2025,developer tools
stackoverflow,scala,2024,data_ai
stackoverflow,ruby,2024,security
stackoverflow,typescript,2024,devops_cloud
stackoverflow,dart,2024,devops_cloud
stackoverflow,java,2025,testing_qa
stackoverflow,javascript,2025,testing_qa
stackoverflow,dart,2023,mobile
stackoverflow,java,2025,embedded
stackoverflow,r,2024,data_ai
stackoverflow,javascript,2025,mobile
stackoverflow,typescript,2023,web frontend
stackoverflow,javascript,2023,web frontend
stackoverflow,swift,2025,mobile
stackoverflow,kotlin,2023,embedded
stackoverflow,java,2023,web backend
stackoverflow,javascript,2025,developer tools
stackoverflow,scala,2025,devops_cloud
stackoverflow,rust,2023,data_ai
stackoverflow,ruby,2024,web frontend
stackoverflow,ruby,2023,devops_cloud
stackoverflow,kotlin,2025,developer tools
stackoverflow,python,2025,testing_qa
stackoverflow,c#,2024,developer tools
stackoverflow,go,2024,data_ai
stackoverflow,typescript,2025,web frontend
stackoverflow,lua,2025,developer tools
stackoverflow,java,2025,testing_qa
stackoverflow,go,2025,devops_cloud
stackoverflow,scala,2023,developer tools
stackoverflow,ruby,2024,web frontend
stackoverflow,javascript,2024,web frontend
stackoverflow,dart,2023,devops_cloud
stackoverflow,kotlin,2023,mobile
stackoverflow,r,2024,developer tools
stackoverflow,perl,2025,data_ai
stackoverflow,rust,2023,embedded
stackoverflow,swift,2023,web frontend
stackoverflow,c++,2023,embedded
stackoverflow,c++,2024,developer tools
stackoverflow,dart,2024,developer tools
stackoverflow,javascript,2023,web frontend
stackoverflow,typescript,2024,developer tools
stackoverflow,python,2025,embedded
stackoverflow,scala,2023,data_ai
stackoverflow,typescript,2024,web frontend
stackoverflow,javascript,2024,web frontend
stackoverflow,c++,2023,embedded
stackoverflow,javascript,2025,web frontend
stackoverflow,javascript,2024,web frontend
stackoverflow,swift,2024,mobile
stackoverflow,go,2025,web backend
stackoverflow,swift,2025,mobile
stackoverflow,typescript,2024,developer tools
stackoverflow,javascript,2024,developer tools
stackoverflow,scala,2025,web backend
stackoverflow,typescript,2024,web backend
stackoverflow,javascript,2024,web backend
stackoverflow,swift,2025,mobile
stackoverflow,c#,2023,web backend
stackoverflow,perl,2023,testing_qa
stackoverflow,javascript,2024,web frontend
stackoverflow,go,2025,devops_cloud
stackoverflow,java,2024,mobile
stackoverflow,go,2024,iot
stackoverflow,perl,2025,developer tools
stackoverflow,typescript,2023,devops_cloud
stackoverflow,python,2023,data_ai
stackoverflow,dart,2024,mobile
stackoverflow,perl,2023,developer tools
stackoverflow,kotlin,2024,mobile
stackoverflow,dart,2025,mobile
stackoverflow,kotlin,2023,mobile
stackoverflow,ruby,2024,developer tools
stackoverflow,c,2023,embedded
stackoverflow,php,2023,security
stackoverflow,dart,2025,mobile
stackoverflow,python,2023,data_ai
stackoverflow,php,2025,web backend
stackoverflow,dart,2023,mobile
stackoverflow,r,2024,data_ai
stackoverflow,swift,2025,mobile
stackoverflow,dart,2023,mobile
stackoverflow,rust,2024,developer tools
stackoverflow,dart,2024,mobile
stackoverflow,perl,2023,devops_cloud
stackoverflow,r,2025,data_ai
stackoverflow,rust,2025,developer tools
stackoverflow,scala,2025,developer tools
stackoverflow,go,2025,web backend
stackoverflow,perl,2024,devops_cloud
stackoverflow,c++,2024,embedded
stackoverflow,dart,2025,mobile
stackoverflow,java,2023,developer tools
stackoverflow,scala,2023,developer tools
stackoverflow,swift,2025,developer tools
stackoverflow,r,2025,data_ai
stackoverflow,perl,2025,testing_qa
stackoverflow,typescript,2025,web frontend
stackoverflow,typescript,2023,web frontend
stackoverflow,dart,2024,mobile
stackoverflow,ruby,2025,web backend
stackoverflow,c++,2025,developer tools
stackoverflow,c,2024,security
stackoverflow,scala,2023,developer tools
stackoverflow,kotlin,2023,mobile
stackoverflow,go,2025,devops_cloud
stackoverflow,java,2023,mobile
stackoverflow,rust,2023,developer tools
stackoverflow,c,2024,embedded
stackoverflow,ruby,2024,developer tools
stackoverflow,go,2025,embedded
stackoverflow,typescript,2024,testing_qa
stackoverflow,javascript,2024,web frontend
stackoverflow,java,2024,data_ai
stackoverflow,dart,2024,mobile
stackoverflow,r,2024,data_ai
stackoverflow,c,2025,embedded
stackoverflow,typescript,2024,web frontend
stackoverflow,php,2023,web backend
stackoverflow,python,2024,data_ai
stackoverflow,ruby,2023,devops_cloud
stackoverflow,r,2024,developer tools
stackoverflow,php,2023,web backend
stackoverflow,c,2025,security
stackoverflow,perl,2025,developer tools
stackoverflow,c#,2023,developer tools
stackoverflow,python,2024,data_ai
stackoverflow,javascript,2023,mobile
stackoverflow,c++,2023,embedded
stackoverflow,java,2023,web backend
stackoverflow,ruby,2025,developer tools
stackoverflow,c#,2023,data_ai
stackoverflow,lua,2023,developer tools
stackoverflow,java,2023,web backend
stackoverflow,rust,2025,developer tools
stackoverflow,go,2023,data_ai
stackoverflow,kotlin,2024,mobile
stackoverflow,javascript,2024,enterprise
stackoverflow,php,2025,blockchain
stackoverflow,perl,2025,developer tools
stackoverflow,c#,2025,web frontend
stackoverflow,ruby,2023,web frontend
stackoverflow,typescript,2023,mobile
stackoverflow,php,2023,web backend
stackoverflow,php,2023,developer tools
stackoverflow,r,2025,data_ai
stackoverflow,swift,2023,mobile
stackoverflow,typescript,2025,developer tools
stackoverflow,typescript,2023,web frontend
stackoverflow,c#,2023,developer tools
stackoverflow,ruby,2024,web frontend
stackoverflow,r,2025,web backend
stackoverflow,php,2023,web frontend
stackoverflow,dart,2024,mobile
stackoverflow,lua,2024,developer tools
stackoverflow,python,2025,embedded
stackoverflow,rust,2024,developer tools
stackoverflow,perl,2024,data_ai
stackoverflow,scala,2023,data_ai
stackoverflow,go,2023,web backend
stackoverflow,java,2025,mobile
stackoverflow,c,2025,embedded
stackoverflow,c++,2024,embedded
stackoverflow,ruby,2023,data_ai
stackoverflow,go,2024,web backend
stackoverflow,c,2023,developer tools
stackoverflow,go,2023,web backend
stackoverflow,php,2024,security
stackoverflow,perl,2024,developer tools
stackoverflow,go,2024,devops_cloud
stackoverflow,c#,2023,web backend
stackoverflow,scala,2025,data_ai
stackoverflow,php,2024,web frontend
stackoverflow,scala,2023,data_ai
stackoverflow,swift,2024,mobile
stackoverflow,java,2023,web backend
stackoverflow,dart,2024,mobile
stackoverflow,rust,2025,embedded
stackoverflow,rust,2023,data_ai
stackoverflow,python,2023,data_ai
stackoverflow,typescript,2024,developer tools
stackoverflow,javascript,2024,developer tools
stackoverflow,rust,2025,developer tools
stackoverflow,scala,2023,data_ai
stackoverflow,c#,2023,data_ai
stackoverflow,c++,2024,security
stackoverflow,kotlin,2025,mobile
stackoverflow,go,2023,data_ai
stackoverflow,rust,2024,data_ai
stackoverflow,typescript,2024,developer tools
stackoverflow,kotlin,2025,mobile
stackoverflow,c++,2023,data_ai
stackoverflow,r,2024,data_ai
stackoverflow,lua,2025,developer tools
stackoverflow,c++,2025,embedded
stackoverflow,ruby,2023,web backend
stackoverflow,rust,2024,developer tools
stackoverflow,kotlin,2024,mobile
stackoverflow,swift,2023,testing_qa
stackoverflow,c,2024,developer tools
stackoverflow,go,2023,developer tools
stackoverflow,java,2024,devops_cloud
stackoverflow,python,2024,data_ai
stackoverflow,java,2025,web backend
stackoverflow,rust,2025,developer tools
stackoverflow,rust,2025,embedded
stackoverflow,perl,2025,security
stackoverflow,c#,2023,web backend
stackoverflow,perl,2024,developer tools
stackoverflow,java,2024,web backend
stackoverflow,c#,2023,devops_cloud
stackoverflow,java,2024,mobile
stackoverflow,ruby,2024,web frontend
stackoverflow,rust,2025,developer tools
stackoverflow,lua,2023,data_ai
stackoverflow,lua,2023,developer tools
stackoverflow,lua,2023,data_ai
stackoverflow,rust,2025,developer tools
stackoverflow,ruby,2023,developer tools
stackoverflow,r,2025,data_ai
stackoverflow,swift,2023,mobile
stackoverflow,c#,2024,developer tools
stackoverflow,python,2024,developer tools
stackoverflow,javascript,2025,web frontend
stackoverflow,dart,2023,developer tools
stackoverflow,dart,2023,mobile
stackoverflow,scala,2023,devops_cloud
stackoverflow,python,2023,devops_cloud
stackoverflow,kotlin,2025,developer tools
stackoverflow,dart,2024,developer tools
stackoverflow,kotlin,2024,developer tools
stackoverflow,r,2025,data_ai
stackoverflow,python,2025,data_ai
stackoverflow,perl,2023,developer tools
stackoverflow,c++,2025,developer tools
stackoverflow,lua,2025,developer tools
stackoverflow,lua,2024,developer tools
stackoverflow,typescript,2025,web frontend
stackoverflow,javascript,2025,web frontend
stackoverflow,php,2024,data_ai
stackoverflow,lua,2025,developer tools
stackoverflow,javascript,2023,web backend
stackoverflow,dart,2023,mobile
stackoverflow,java,2023,web backend
stackoverflow,ruby,2025,web backend
stackoverflow,r,2025,data_ai
stackoverflow,kotlin,2024,mobile
stackoverflow,java,2023,web backend
stackoverflow,kotlin,2023,web backend
stackoverflow,typescript,2023,data_ai
stackoverflow,javascript,2023,data_ai
stackoverflow,typescript,2023,web frontend
stackoverflow,javascript,2023,web frontend
stackoverflow,c++,2024,web backend
stackoverflow,c++,2025,testing_qa
stackoverflow,php,2023,web backend
stackoverflow,c#,2025,developer tools
stackoverflow,python,2023,testing_qa
stackoverflow,ruby,2025,web backend
stackoverflow,perl,2024,testing_qa
stackoverflow,rust,2024,developer tools
stackoverflow,c++,2025,embedded
stackoverflow,c,2023,embedded
stackoverflow,python,2023,data_ai
stackoverflow,c++,2023,embedded
stackoverflow,java,2023,web backend
stackoverflow,c++,2025,developer tools
stackoverflow,java,2024,embedded
stackoverflow,scala,2025,data_ai
stackoverflow,rust,2024,developer tools
stackoverflow,c,2024,developer tools
stackoverflow,java,2024,web backend
stackoverflow,c,2025,embedded
stackoverflow,javascript,2024,web frontend
stackoverflow,javascript,2025,mobile
stackoverflow,ruby,2023,web frontend
stackoverflow,c#,2023,data_ai
stackoverflow,php,2023,web backend
stackoverflow,php,2023,web backend
stackoverflow,r,2023,data_ai
stackoverflow,c++,2023,data_ai
stackoverflow,go,2023,developer tools
stackoverflow,swift,2025,mobile
stackoverflow,c#,2024,security
stackoverflow,java,2023,data_ai
stackoverflow,swift,2025,mobile
stackoverflow,java,2023,web backend
stackoverflow,dart,2023,developer tools
stackoverflow,typescript,2024,web frontend
stackoverflow,php,2023,web frontend
stackoverflow,javascript,2023,web frontend
stackoverflow,c++,2023,embedded
stackoverflow,c,2023,embedded
stackoverflow,perl,2024,embedded
stackoverflow,c++,2024,embedded
stackoverflow,typescript,2024,web frontend
stackoverflow,typescript,2025,developer tools
stackoverflow,javascript,2025,developer tools
stackoverflow,c,2023,security
stackoverflow,go,2023,security
stackoverflow,perl,2025,developer tools
stackoverflow,java,2025,developer tools
stackoverflow,dart,2025,security
stackoverflow,r,2023,developer tools
stackoverflow,r,2025,web frontend
stackoverflow,r,2024,data_ai
stackoverflow,c#,2023,web backend
stackoverflow,c++,2025,embedded
stackoverflow,c++,2025,game
stackoverflow,dart,2024,mobile
stackoverflow,ruby,2024,web backend
stackoverflow,python,2024,web backend
stackoverflow,php,2023,web backend
stackoverflow,java,2024,developer tools
stackoverflow,swift,2025,mobile
stackoverflow,scala,2023,devops_cloud
stackoverflow,javascript,2023,web frontend
stackoverflow,swift,2024,mobile
stackoverflow,scala,2025,developer tools
stackoverflow,kotlin,2024,mobile
stackoverflow,typescript,2025,web frontend
stackoverflow,dart,2023,mobile
stackoverflow,c#,2023,embedded
stackoverflow,php,2023,web backend
stackoverflow,r,2024,data_ai
stackoverflow,c#,2025,web frontend
stackoverflow,javascript,2023,mobile
stackoverflow,swift,2025,mobile
stackoverflow,typescript,2025,developer tools
stackoverflow,java,2025,data_ai
stackoverflow,scala,2025,data_ai
stackoverflow,kotlin,2023,data_ai
stackoverflow,dart,2025,developer tools
stackoverflow,c#,2023,web backend
stackoverflow,php,2023,web backend
stackoverflow,java,2025,developer tools
stackoverflow,ruby,2025,web backend
stackoverflow,javascript,2024,web frontend
stackoverflow,typescript,2024,testing_qa
stackoverflow,javascript,2024,testing_qa
stackoverflow,c++,2023,embedded
stackoverflow,perl,2025,data_ai
stackoverflow,java,2024,web backend
stackoverflow,typescript,2025,developer tools
stackoverflow,dart,2023,security
stackoverflow,ruby,2024,web backend
stackoverflow,c++,2025,embedded
stackoverflow,scala,2024,data_ai
stackoverflow,scala,2025,data_ai
stackoverflow,kotlin,2025,mobile
stackoverflow,java,2024,data_ai
stackoverflow,c,2025,developer tools
stackoverflow,perl,2023,developer tools
stackoverflow,php,2024,web backend
stackoverflow,c#,2025,data_ai
stackoverflow,dart,2025,mobile
stackoverflow,c#,2025,devops_cloud
stackoverflow,c,2024,data_ai
stackoverflow,c++,2024,embedded
stackoverflow,ruby,2025,embedded
stackoverflow,c++,2024,developer tools
stackoverflow,python,2024,web backend
stackoverflow,c++,2025,developer tools
stackoverflow,typescript,2023,web frontend
stackoverflow,rust,2024,developer tools
stackoverflow,dart,2024,mobile
stackoverflow,go,2023,data_ai
stackoverflow,go,2024,mobile
stackoverflow,c,2023,embedded
stackoverflow,php,2025,web backend
stackoverflow,kotlin,2025,data_ai
stackoverflow,typescript,2025,developer tools
stackoverflow,r,2025,data_ai
stackoverflow,kotlin,2024,mobile
stackoverflow,r,2024,data_ai
stackoverflow,typescript,2025,web frontend
stackoverflow,javascript,2025,web frontend
stackoverflow,go,2024,data_ai
stackoverflow,c,2024,embedded
stackoverflow,go,2023,web backend
stackoverflow,c,2024,developer tools
stackoverflow,c,2025,data_ai
stackoverflow,dart,2023,mobile
stackoverflow,c#,2025,developer tools
stackoverflow,c#,2024,web backend
stackoverflow,r,2024,data_ai
stackoverflow,r,2024,web frontend
stackoverflow,c++,2024,developer tools
stackoverflow,lua,2024,game
stackoverflow,go,2023,developer tools
stackoverflow,go,2024,embedded
stackoverflow,javascript,2024,game
stackoverflow,lua,2024,game
stackoverflow,c#,2024,developer tools
stackoverflow,python,2024,data_ai
stackoverflow,ruby,2024,data_ai
stackoverflow,perl,2023,developer tools
stackoverflow,python,2025,data_ai
stackoverflow,go,2023,embedded
stackoverflow,lua,2023,embedded
stackoverflow,php,2023,web frontend
stackoverflow,dart,2024,mobile
stackoverflow,lua,2025,game
stackoverflow,c++,2025,embedded
stackoverflow,php,2025,web frontend
stackoverflow,c#,2024,game
stackoverflow,go,2025,network
stackoverflow,php,2024,web backend
stackoverflow,perl,2023,devops_cloud
stackoverflow,ruby,2023,web backend
stackoverflow,go,2025,data_ai
stackoverflow,rust,2023,developer tools
stackoverflow,c++,2025,embedded
stackoverflow,typescript,2023,web frontend
stackoverflow,javascript,2023,web frontend
stackoverflow,php,2023,web backend
stackoverflow,python,2025,data_ai
stackoverflow,php,2025,web frontend
stackoverflow,ruby,2024,web backend
stackoverflow,java,2024,data_ai
stackoverflow,rust,2023,developer tools
stackoverflow,ruby,2025,web frontend
stackoverflow,c,2025,embedded
stackoverflow,typescript,2025,embedded
stackoverflow,rust,2025,developer tools
stackoverflow,rust,2023,developer tools
stackoverflow,r,2025,data_ai
stackoverflow,java,2024,developer tools
stackoverflow,c#,2023,developer tools
stackoverflow,perl,2024,developer tools
stackoverflow,perl,2025,embedded
stackoverflow,lua,2025,developer tools
stackoverflow,r,2024,data_ai
stackoverflow,swift,2024,mobile
stackoverflow,r,2024,data_ai
stackoverflow,lua,2024,developer tools
stackoverflow,c#,2024,embedded
stackoverflow,lua,2024,developer tools
stackoverflow,c++,2025,embedded
stackoverflow,dart,2023,mobile
stackoverflow,typescript,2024,web frontend
stackoverflow,javascript,2024,web frontend
stackoverflow,kotlin,2023,mobile
stackoverflow,python,2023,data_ai
stackoverflow,swift,2023,mobile
stackoverflow,scala,2025,developer tools
stackoverflow,go,2024,web backend
stackoverflow,lua,2023,embedded
stackoverflow,dart,2023,mobile
stackoverflow,swift,2023,mobile
stackoverflow,php,2023,web frontend
stackoverflow,swift,2024,enterprise
stackoverflow,dart,2025,mobile
stackoverflow,java,2025,mobile
stackoverflow,kotlin,2025,mobile
stackoverflow,python,2024,data_ai
stackoverflow,perl,2025,developer tools
stackoverflow,swift,2023,mobile
stackoverflow,java,2024,web backend
stackoverflow,c,2025,embedded
stackoverflow,php,2025,web backend
stackoverflow,r,2025,data_ai
stackoverflow,swift,2024,mobile
stackoverflow,swift,2023,mobile
stackoverflow,go,2024,devops_cloud
stackoverflow,lua,2024,developer tools
stackoverflow,python,2023,data_ai
stackoverflow,c++,2024,developer tools
stackoverflow,java,2025,web backend
stackoverflow,c++,2024,developer tools
stackoverflow,typescript,2025,web frontend
stackoverflow,javascript,2025,web frontend
stackoverflow,java,2024,developer tools
stackoverflow,python,2023,data_ai
stackoverflow,python,2024,data_ai
stackoverflow,r,2024,data_ai
stackoverflow,dart,2023,mobile
stackoverflow,lua,2024,embedded
stackoverflow,python,2023,data_ai
stackoverflow,r,2024,data_ai
stackoverflow,java,2023,developer tools
stackoverflow,scala,2023,developer tools
stackoverflow,kotlin,2025,mobile
stackoverflow,java,2023,web backend
stackoverflow,javascript,2023,web frontend
stackoverflow,javascript,2024,data_ai
stackoverflow,python,2025,web backend
stackoverflow,go,2025,embedded
stackoverflow,scala,2023,data_ai
stackoverflow,rust,2025,developer tools
stackoverflow,r,2024,data_ai
stackoverflow,perl,2024,web backend
stackoverflow,lua,2025,developer tools
stackoverflow,java,2024,mobile
stackoverflow,kotlin,2024,mobile
stackoverflow,ruby,2025,web frontend
stackoverflow,php,2023,developer tools
stackoverflow,python,2025,data_ai
stackoverflow,kotlin,2025,mobile
stackoverflow,c#,2023,developer tools
stackoverflow,python,2025,data_ai
stackoverflow,java,2024,web backend
stackoverflow,kotlin,2023,web backend
stackoverflow,scala,2024,testing_qa
stackoverflow,c,2023,developer tools
stackoverflow,python,2023,developer tools
stackoverflow,javascript,2023,web frontend
stackoverflow,perl,2025,developer tools
stackoverflow,dart,2023,mobile
stackoverflow,python,2024,data_ai
stackoverflow,c,2025,embedded
stackoverflow,c++,2024,embedded
stackoverflow,c++,2023,developer tools
stackoverflow,c#,2023,developer tools
stackoverflow,go,2024,data_ai
stackoverflow,r,2024,data_ai
stackoverflow,javascript,2023,web frontend
stackoverflow,python,2024,data_ai
stackoverflow,go,2023,security
stackoverflow,rust,2023,developer tools
stackoverflow,php,2025,web backend
stackoverflow,go,2023,developer tools
stackoverflow,lua,2023,game
stackoverflow,java,2025,embedded
stackoverflow,lua,2025,embedded
stackoverflow,c#,2024,data_ai
stackoverflow,go,2023,developer tools
stackoverflow,java,2024,mobile
stackoverflow,rust,2025,developer tools
stackoverflow,scala,2024,web backend
stackoverflow,c#,2023,web backend
stackoverflow,scala,2023,devops_cloud
stackoverflow,dart,2024,mobile
stackoverflow,kotlin,2024,mobile
stackoverflow,scala,2025,embedded
stackoverflow,r,2025,web frontend
stackoverflow,rust,2024,developer tools
stackoverflow,c++,2024,embedded
stackoverflow,perl,2023,developer tools
stackoverflow,swift,2024,data_ai
stackoverflow,go,2023,web backend
stackoverflow,php,2025,web backend
stackoverflow,java,2024,security
stackoverflow,c++,2024,embedded
stackoverflow,python,2023,data_ai
stackoverflow,scala,2024,web backend
stackoverflow,kotlin,2025,mobile
stackoverflow,java,2024,web backend
stackoverflow,c++,2024,security
stackoverflow,javascript,2023,web frontend
stackoverflow,lua,2023,developer tools
stackoverflow,go,2023,testing_qa
stackoverflow,php,2024,web backend
stackoverflow,c++,2023,developer tools
stackoverflow,rust,2025,embedded
stackoverflow,go,2025,embedded
stackoverflow,swift,2024,mobile
stackoverflow,rust,2023,embedded
stackoverflow,lua,2024,developer tools
stackoverflow,go,2025,embedded
stackoverflow,swift,2024,devops_cloud
stackoverflow,rust,2023,developer tools
stackoverflow,c++,2023,developer tools
stackoverflow,python,2023,developer tools
stackoverflow,c#,2023,developer tools
stackoverflow,php,2024,devops_cloud
stackoverflow,rust,2024,testing_qa
stackoverflow,swift,2025,mobile
stackoverflow,ruby,2025,web backend
stackoverflow,javascript,2023,web frontend
stackoverflow,r,2023,data_ai
stackoverflow,rust,2024,developer tools
stackoverflow,typescript,2023,web frontend
stackoverflow,python,2025,data_ai
stackoverflow,java,2023,testing_qa
stackoverflow,php,2023,testing_qa
stackoverflow,python,2025,data_ai
stackoverflow,typescript,2023,developer tools
stackoverflow,python,2023,developer tools
stackoverflow,ruby,2023,web backend
stackoverflow,c#,2024,web backend
stackoverflow,c,2025,embedded
stackoverflow,go,2025,embedded
stackoverflow,perl,2023,developer tools
stackoverflow,lua,2023,developer tools
stackoverflow,go,2024,devops_cloud
stackoverflow,c++,2024,embedded
stackoverflow,python,2025,data_ai
stackoverflow,javascript,2025,web frontend
stackoverflow,javascript,2024,web frontend
stackoverflow,go,2025,developer tools
stackoverflow,ruby,2024,data_ai
stackoverflow,perl,2025,embedded
stackoverflow,java,2025,web backend
stackoverflow,rust,2025,embedded
stackoverflow,scala,2025,data_ai
stackoverflow,lua,2025,developer tools
stackoverflow,typescript,2025,web backend
stackoverflow,java,2024,security
stackoverflow,c,2023,developer tools
stackoverflow,java,2024,mobile
stackoverflow,dart,2024,mobile
stackoverflow,c,2025,data_ai
stackoverflow,kotlin,2023,mobile
stackoverflow,swift,2024,web frontend
stackoverflow,c++,2024,data_ai
stackoverflow,java,2025,testing_qa
stackoverflow,dart,2024,mobile
stackoverflow,typescript,2023,web frontend
stackoverflow,javascript,2023,web frontend
stackoverflow,c,2023,developer tools
stackoverflow,javascript,2023,web frontend
stackoverflow,dart,2024,mobile
stackoverflow,dart,2023,mobile
stackoverflow,c#,2025,embedded
stackoverflow,php,2025,web frontend
stackoverflow,r,2023,developer tools
stackoverflow,c,2023,embedded
stackoverflow,python,2023,embedded
stackoverflow,c,2025,developer tools
stackoverflow,c,2025,embedded
stackoverflow,scala,2025,security
stackoverflow,lua,2025,game
stackoverflow,python,2024,data_ai
stackoverflow,lua,2023,developer tools
stackoverflow,scala,2025,developer tools
stackoverflow,rust,2023,embedded
stackoverflow,php,2024,developer tools
stackoverflow,java,2025,web backend
stackoverflow,javascript,2023,web backend
stackoverflow,java,2024,web backend
stackoverflow,c++,2025,embedded
stackoverflow,c#,2023,web backend
stackoverflow,php,2025,web backend
stackoverflow,ruby,2025,data_ai
stackoverflow,scala,2024,developer tools
stackoverflow,swift,2023,data_ai
stackoverflow,go,2023,devops_cloud
stackoverflow,r,2023,data_ai
stackoverflow,c,2023,embedded
stackoverflow,lua,2025,embedded
stackoverflow,swift,2024,embedded
stackoverflow,perl,2023,developer tools
stackoverflow,ruby,2025,developer tools
stackoverflow,dart,2024,mobile
stackoverflow,kotlin,2024,mobile
stackoverflow,scala,2023,data_ai
stackoverflow,perl,2025,data_ai
stackoverflow,java,2024,web backend
stackoverflow,kotlin,2024,web backend
stackoverflow,python,2025,data_ai
stackoverflow,swift,2025,embedded
stackoverflow,c,2023,testing_qa
stackoverflow,javascript,2024,security
stackoverflow,kotlin,2023,mobile
stackoverflow,rust,2024,embedded
stackoverflow,javascript,2024,web frontend
stackoverflow,swift,2023,mobile
stackoverflow,java,2023,developer tools
stackoverflow,scala,2023,developer tools
stackoverflow,php,2023,web backend
stackoverflow,perl,2024,developer tools
stackoverflow,javascript,2023,web frontend
stackoverflow,c#,2023,web backend
stackoverflow,java,2024,data_ai
stackoverflow,scala,2024,data_ai
stackoverflow,kotlin,2025,mobile
stackoverflow,java,2024,data_ai
stackoverflow,dart,2024,mobile
stackoverflow,ruby,2023,developer tools
stackoverflow,dart,2025,mobile
stackoverflow,scala,2025,data_ai
stackoverflow,python,2024,developer tools
stackoverflow,php,2023,web backend
stackoverflow,c++,2023,developer tools
stackoverflow,python,2023,developer tools
stackoverflow,dart,2024,mobile
stackoverflow,dart,2024,mobile
stackoverflow,swift,2023,mobile
stackoverflow,c#,2024,developer tools
stackoverflow,php,2025,devops_cloud
stackoverflow,rust,2025,iot
stackoverflow,php,2023,web backend
stackoverflow,perl,2024,developer tools
stackoverflow,php,2025,web backend
stackoverflow,swift,2025,mobile
stackoverflow,java,2025,web backend
stackoverflow,scala,2025,web backend
stackoverflow,r,2025,data_ai
stackoverflow,javascript,2024,testing_qa
stackoverflow,r,2023,developer tools
stackoverflow,scala,2025,testing_qa
stackoverflow,ruby,2024,mobile
stackoverflow,python,2025,data_ai
stackoverflow,go,2025,security
stackoverflow,kotlin,2023,mobile
stackoverflow,c++,2023,embedded
stackoverflow,javascript,2023,web frontend
stackoverflow,java,2023,web backend
stackoverflow,swift,2025,mobile
stackoverflow,java,2023,testing_qa
stackoverflow,c#,2024,developer tools
stackoverflow,kotlin,2025,web backend
stackoverflow,dart,2023,web backend
stackoverflow,typescript,2024,data_ai
stackoverflow,javascript,2024,data_ai
stackoverflow,lua,2024,data_ai
stackoverflow,php,2024,web frontend
stackoverflow,go,2024,developer tools
stackoverflow,lua,2023,embedded
stackoverflow,javascript,2023,web frontend
stackoverflow,ruby,2025,web frontend
stackoverflow,javascript,2025,web frontend
stackoverflow,c#,2025,web backend
stackoverflow,c,2024,developer tools
stackoverflow,ruby,2025,web backend
stackoverflow,perl,2024,embedded
stackoverflow,swift,2025,mobile
stackoverflow,go,2024,web backend
stackoverflow,php,2024,web backend
stackoverflow,c++,2025,developer tools
stackoverflow,rust,2024,devops_cloud
stackoverflow,php,2023,web backend
stackoverflow,c++,2023,developer tools
stackoverflow,c,2023,developer tools
stackoverflow,scala,2024,developer tools
stackoverflow,r,2023,data_ai
stackoverflow,c#,2025,web backend
stackoverflow,perl,2024,developer tools
stackoverflow,rust,2025,data_ai
stackoverflow,perl,2023,testing_qa
stackoverflow,kotlin,2025,mobile
stackoverflow,lua,2023,embedded
stackoverflow,python,2024,data_ai
stackoverflow,c#,2025,developer tools
stackoverflow,lua,2025,developer tools
stackoverflow,kotlin,2024,mobile
stackoverflow,lua,2024,developer tools
stackoverflow,c,2025,embedded
stackoverflow,rust,2025,embedded
stackoverflow,lua,2024,data_ai
stackoverflow,c++,2024,developer tools
stackoverflow,ruby,2025,web frontend
stackoverflow,php,2023,developer tools
stackoverflow,kotlin,2023,mobile
stackoverflow,rust,2023,developer tools
stackoverflow,javascript,2023,mobile
stackoverflow,kotlin,2023,mobile
stackoverflow,php,2024,web backend
stackoverflow,typescript,2023,web frontend
stackoverflow,rust,2024,testing_qa
stackoverflow,go,2023,data_ai
stackoverflow,scala,2023,data_ai
stackoverflow,typescript,2023,web backend
stackoverflow,perl,2025,embedded
stackoverflow,java,2025,developer tools
stackoverflow,go,2024,web frontend
stackoverflow,go,2024,data_ai
stackoverflow,dart,2023,data_ai
stackoverflow,c++,2024,data_ai
stackoverflow,c,2024,data_ai
stackoverflow,rust,2024,data_ai
stackoverflow,c++,2024,developer tools
stackoverflow,go,2024,developer tools
stackoverflow,r,2023,data_ai
stackoverflow,c,2024,embedded
stackoverflow,kotlin,2025,mobile
stackoverflow,python,2023,developer tools
stackoverflow,scala,2024,data_ai
stackoverflow,python,2024,data_ai
stackoverflow,php,2024,embedded
stackoverflow,ruby,2023,testing_qa
stackoverflow,javascript,2023,web backend
stackoverflow,ruby,2025,web backend
stackoverflow,r,2025,data_ai
stackoverflow,r,2024,data_ai
stackoverflow,c#,2024,devops_cloud
stackoverflow,lua,2025,devops_cloud
stackoverflow,r,2025,data_ai
stackoverflow,kotlin,2024,embedded
stackoverflow,rust,2025,developer tools
stackoverflow,c#,2024,web backend
stackoverflow,c#,2025,game
stackoverflow,javascript,2024,web backend
stackoverflow,typescript,2023,web frontend
stackoverflow,c,2023,security
stackoverflow,scala,2023,developer tools
stackoverflow,scala,2023,developer tools
stackoverflow,rust,2023,embedded
stackoverflow,dart,2023,mobile
stackoverflow,c,2023,developer tools
stackoverflow,java,2023,security
stackoverflow,kotlin,2023,security
stackoverflow,ruby,2024,developer tools
stackoverflow,javascript,2024,developer tools
stackoverflow,c++,2025,embedded
stackoverflow,kotlin,2023,mobile
stackoverflow,lua,2025,developer tools
stackoverflow,c,2023,developer tools
stackoverflow,php,2024,web backend
stackoverflow,ruby,2024,web backend
stackoverflow,javascript,2025,developer tools
stackoverflow,javascript,2025,web frontend
stackoverflow,perl,2025,developer tools
stackoverflow,perl,2025,developer tools
stackoverflow,scala,2024,data_ai
stackoverflow,python,2023,testing_qa
stackoverflow,python,2023,testing_qa
stackoverflow,python,2024,web backend
stackoverflow,c,2025,security
stackoverflow,lua,2023,embedded
stackoverflow,dart,2024,mobile
stackoverflow,swift,2023,mobile
stackoverflow,dart,2023,mobile
stackoverflow,lua,2023,developer tools
stackoverflow,lua,2025,developer tools
stackoverflow,swift,2025,mobile
stackoverflow,go,2025,testing_qa
stackoverflow,swift,2023,mobile
stackoverflow,r,2023,data_ai
stackoverflow,python,2023,data_ai
stackoverflow,java,2023,web backend
stackoverflow,c,2023,embedded
stackoverflow,r,2025,data_ai
stackoverflow,python,2023,mobile
stackoverflow,javascript,2024,web frontend
stackoverflow,javascript,2024,security
stackoverflow,perl,2024,security
stackoverflow,c++,2023,embedded
stackoverflow,ruby,2024,developer tools
stackoverflow,typescript,2025,testing_qa
stackoverflow,swift,2025,game
stackoverflow,kotlin,2024,web backend
stackoverflow,typescript,2024,developer tools
stackoverflow,c++,2023,developer tools
stackoverflow,dart,2024,mobile
stackoverflow,rust,2024,data_ai
stackoverflow,ruby,2024,web backend
stackoverflow,javascript,2024,web frontend
stackoverflow,c++,2024,mobile
stackoverflow,perl,2024,mobile
stackoverflow,swift,2025,mobile
stackoverflow,javascript,2023,web frontend
stackoverflow,r,2024,data_ai
stackoverflow,php,2023,web backend
stackoverflow,ruby,2023,web backend
stackoverflow,php,2025,mobile
stackoverflow,python,2023,testing_qa
stackoverflow,perl,2025,developer tools
stackoverflow,python,2025,devops_cloud
stackoverflow,c#,2023,mobile
stackoverflow,javascript,2025,mobile
stackoverflow,swift,2025,mobile
stackoverflow,r,2024,developer tools
stackoverflow,python,2024,developer tools
stackoverflow,rust,2025,developer tools
stackoverflow,rust,2023,web frontend
stackoverflow,swift,2024,mobile
stackoverflow,perl,2025,web frontend
stackoverflow,r,2024,data_ai
stackoverflow,javascript,2024,web frontend
stackoverflow,r,2024,developer tools
stackoverflow,lua,2025,developer tools
stackoverflow,java,2023,developer tools
stackoverflow,kotlin,2023,mobile
stackoverflow,ruby,2023,web backend
stackoverflow,r,2023,testing_qa
stackoverflow,lua,2024,data_ai
stackoverflow,lua,2025,developer tools
stackoverflow,lua,2023,developer tools
stackoverflow,go,2024,data_ai
stackoverflow,c,2023,embedded
stackoverflow,python,2024,developer tools
stackoverflow,javascript,2025,data_ai
stackoverflow,c++,2024,embedded
stackoverflow,go,2024,embedded
stackoverflow,javascript,2025,mobile
stackoverflow,perl,2025,embedded
stackoverflow,php,2024,web frontend
stackoverflow,kotlin,2024,data_ai
stackoverflow,c,2025,data_ai
stackoverflow,java,2025,developer tools
stackoverflow,kotlin,2025,developer tools
stackoverflow,python,2024,data_ai
stackoverflow,c#,2025,developer tools
stackoverflow,kotlin,2025,mobile
stackoverflow,ruby,2025,web backend
stackoverflow,r,2023,data_ai
stackoverflow,c++,2023,developer tools
stackoverflow,python,2025,mobile
stackoverflow,kotlin,2025,mobile
stackoverflow,c#,2023,mobile
stackoverflow,c++,2025,embedded
stackoverflow,c,2025,embedded
stackoverflow,lua,2025,embedded
stackoverflow,c#,2023,embedded
stackoverflow,c#,2025,web backend
stackoverflow,ruby,2023,mobile
stackoverflow,r,2025,data_ai
stackoverflow,perl,2024,devops_cloud
stackoverflow,php,2025,data_ai
stackoverflow,kotlin,2025,developer tools
stackoverflow,typescript,2023,developer tools
stackoverflow,c++,2024,data_ai
stackoverflow,ruby,2023,devops_cloud
stackoverflow,java,2025,devops_cloud
stackoverflow,perl,2024,developer tools
stackoverflow,javascript,2023,testing_qa
stackoverflow,python,2023,testing_qa
stackoverflow,typescript,2025,developer tools
stackoverflow,javascript,2025,developer tools
stackoverflow,c++,2025,embedded
stackoverflow,java,2024,data_ai
stackoverflow,javascript,2025,web backend
stackoverflow,scala,2024,developer tools
stackoverflow,c++,2025,developer tools
stackoverflow,lua,2025,developer tools
stackoverflow,javascript,2025,web frontend
stackoverflow,lua,2024,developer tools
stackoverflow,c,2024,embedded
stackoverflow,perl,2025,devops_cloud
stackoverflow,perl,2025,developer tools
stackoverflow,php,2024,web frontend
stackoverflow,javascript,2024,web frontend
stackoverflow,ruby,2024,developer tools
stackoverflow,javascript,2024,web frontend
stackoverflow,r,2023,data_ai
stackoverflow,rust,2023,data_ai
stackoverflow,python,2023,data_ai
stackoverflow,php,2024,web backend
stackoverflow,c++,2023,developer tools
stackoverflow,lua,2024,embedded
stackoverflow,r,2024,data_ai
stackoverflow,dart,2024,mobile
stackoverflow,java,2023,devops_cloud
stackoverflow,python,2025,developer tools
stackoverflow,perl,2025,web frontend
stackoverflow,typescript,2023,developer tools
stackoverflow,javascript,2023,developer tools
stackoverflow,scala,2025,embedded
stackoverflow,scala,2025,data_ai
stackoverflow,java,2023,testing_qa
stackoverflow,javascript,2025,web frontend
stackoverflow,java,2025,web frontend
stackoverflow,java,2024,mobile
stackoverflow,c,2024,embedded
stackoverflow,perl,2024,embedded
stackoverflow,lua,2023,developer tools
stackoverflow,typescript,2025,web frontend
stackoverflow,javascript,2025,web frontend
stackoverflow,python,2023,data_ai
stackoverflow,scala,2025,developer tools
stackoverflow,rust,2024,embedded
stackoverflow,java,2023,web backend
stackoverflow,typescript,2023,testing_qa
stackoverflow,r,2024,developer tools
stackoverflow,c,2025,developer tools
stackoverflow,c++,2025,web backend
stackoverflow,c#,2024,web backend
stackoverflow,c++,2023,security
stackoverflow,typescript,2023,web backend
stackoverflow,dart,2023,mobile
stackoverflow,typescript,2024,web frontend
stackoverflow,javascript,2024,web frontend
stackoverflow,go,2023,devops_cloud
stackoverflow,c#,2025,data_ai
stackoverflow,dart,2025,developer tools
stackoverflow,ruby,2023,developer tools
stackoverflow,r,2025,data_ai
stackoverflow,php,2024,web backend
stackoverflow,dart,2023,mobile
stackoverflow,go,2025,data_ai
stackoverflow,dart,2023,mobile
stackoverflow,ruby,2024,web backend
stackoverflow,dart,2025,mobile
stackoverflow,go,2023,security
stackoverflow,rust,2023,embedded
stackoverflow,r,2024,data_ai
stackoverflow,perl,2024,web backend
stackoverflow,rust,2024,data_ai
stackoverflow,typescript,2025,developer tools
stackoverflow,ruby,2025,web frontend
stackoverflow,javascript,2025,web frontend
stackoverflow,c,2025,embedded
stackoverflow,javascript,2024,web frontend
stackoverflow,c#,2024,developer tools
stackoverflow,r,2024,data_ai
stackoverflow,php,2024,web backend
stackoverflow,c,2025,embedded
stackoverflow,javascript,2024,web frontend
stackoverflow,c,2025,embedded
stackoverflow,javascript,2025,embedded
stackoverflow,lua,2023,game
stackoverflow,c,2025,developer tools
stackoverflow,lua,2025,developer tools
stackoverflow,kotlin,2025,mobile
stackoverflow,lua,2024,developer tools
stackoverflow,go,2025,web backend
stackoverflow,typescript,2024,web backend
stackoverflow,rust,2025,developer tools
stackoverflow,kotlin,2023,developer tools
stackoverflow,go,2025,data_ai
stackoverflow,typescript,2025,data_ai
stackoverflow,java,2025,embedded
stackoverflow,c,2025,embedded
stackoverflow,javascript,2025,mobile
stackoverflow,rust,2023,developer tools
stackoverflow,go,2025,data_ai
stackoverflow,java,2024,testing_qa
stackoverflow,lua,2024,web backend
stackoverflow,kotlin,2025,mobile
stackoverflow,perl,2023,developer tools
stackoverflow,java,2025,security
stackoverflow,r,2025,data_ai
stackoverflow,php,2024,web backend
stackoverflow,kotlin,2023,mobile
stackoverflow,scala,2023,testing_qa
stackoverflow,c++,2023,embedded
stackoverflow,python,2024,data_ai
stackoverflow,swift,2024,mobile
stackoverflow,python,2023,devops_cloud
stackoverflow,perl,2025,developer tools
stackoverflow,typescript,2024,mobile
stackoverflow,javascript,2024,mobile
stackoverflow,kotlin,2024,mobile
stackoverflow,go,2025,developer tools
stackoverflow,php,2025,web backend
stackoverflow,ruby,2025,testing_qa
stackoverflow,ruby,2025,web backend
stackoverflow,dart,2024,mobile
stackoverflow,c++,2023,developer tools
stackoverflow,r,2025,developer tools
stackoverflow,java,2024,web backend
stackoverflow,dart,2025,mobile
stackoverflow,lua,2025,embedded
stackoverflow,java,2024,web backend
stackoverflow,scala,2024,web backend
stackoverflow,perl,2024,developer tools
stackoverflow,swift,2023,mobile
stackoverflow,ruby,2024,web backend
stackoverflow,swift,2024,mobile
stackoverflow,lua,2023,game
stackoverflow,r,2023,data_ai
stackoverflow,scala,2023,developer tools
stackoverflow,typescript,2023,web frontend
stackoverflow,javascript,2025,web frontend
stackoverflow,ruby,2025,developer tools
stackoverflow,java,2023,developer tools
stackoverflow,php,2024,web backend
stackoverflow,javascript,2023,web frontend
stackoverflow,dart,2024,mobile
stackoverflow,typescript,2025,developer tools
stackoverflow,python,2025,data_ai
stackoverflow,perl,2023,data_ai
stackoverflow,scala,2025,data_ai
stackoverflow,c++,2024,data_ai
stackoverflow,javascript,2025,web frontend
stackoverflow,javascript,2025,web frontend
stackoverflow,c#,2025,developer tools
stackoverflow,lua,2025,developer tools
stackoverflow,java,2024,web backend
stackoverflow,kotlin,2023,developer tools
stackoverflow,java,2025,web backend
stackoverflow,javascript,2023,web frontend
stackoverflow,c++,2023,developer tools
stackoverflow,r,2024,data_ai
stackoverflow,c#,2024,developer tools
stackoverflow,java,2025,web backend
stackoverflow,go,2024,data_ai
stackoverflow,r,2024,developer tools
stackoverflow,c,2025,embedded
stackoverflow,python,2025,data_ai
stackoverflow,ruby,2023,web backend
stackoverflow,c#,2023,developer tools
stackoverflow,r,2024,data_ai
stackoverflow,java,2023,mobile
stackoverflow,swift,2025,mobile
stackoverflow,python,2024,data_ai
stackoverflow,php,2025,devops_cloud
stackoverflow,java,2023,mobile
stackoverflow,kotlin,2023,mobile
stackoverflow,javascript,2024,web frontend
stackoverflow,ruby,2024,web backend
stackoverflow,javascript,2025,web frontend
stackoverflow,lua,2025,web frontend
stackoverflow,javascript,2024,web frontend
stackoverflow,c#,2023,data_ai
stackoverflow,c++,2024,developer tools
stackoverflow,c++,2025,embedded
stackoverflow,rust,2025,embedded
stackoverflow,java,2023,security
stackoverflow,python,2024,web backend
stackoverflow,ruby,2024,web frontend
stackoverflow,r,2024,web frontend
stackoverflow,ruby,2024,embedded
stackoverflow,c#,2025,web frontend
stackoverflow,ruby,2023,web backend
stackoverflow,scala,2024,developer tools
stackoverflow,javascript,2024,web frontend
stackoverflow,go,2023,web backend
stackoverflow,scala,2024,developer tools
stackoverflow,rust,2024,developer tools
stackoverflow,c++,2024,developer tools
stackoverflow,c,2024,embedded
stackoverflow,php,2024,testing_qa
stackoverflow,ruby,2025,web backend
stackoverflow,dart,2024,data_ai
stackoverflow,java,2023,testing_qa
stackoverflow,kotlin,2023,testing_qa
stackoverflow,c,2025,embedded
stackoverflow,r,2024,data_ai
stackoverflow,perl,2024,testing_qa
stackoverflow,typescript,2023,developer tools
stackoverflow,lua,2024,embedded
stackoverflow,lua,2025,developer tools
stackoverflow,java,2024,embedded
stackoverflow,r,2024,embedded
stackoverflow,c,2024,embedded
stackoverflow,rust,2024,developer tools
stackoverflow,kotlin,2025,developer tools
stackoverflow,kotlin,2024,mobile
stackoverflow,java,2023,testing_qa
stackoverflow,c++,2023,developer tools
stackoverflow,c,2023,embedded
stackoverflow,php,2024,web backend
stackoverflow,javascript,2025,data_ai
stackoverflow,c,2024,web backend
stackoverflow,rust,2025,developer tools
stackoverflow,c,2023,data_ai
stackoverflow,php,2023,web frontend
stackoverflow,ruby,2025,testing_qa
stackoverflow,kotlin,2024,developer tools
stackoverflow,rust,2024,developer tools
stackoverflow,lua,2024,developer tools
stackoverflow,go,2024,devops_cloud
stackoverflow,go,2025,devops_cloud
stackoverflow,c#,2023,embedded
stackoverflow,kotlin,2025,mobile
stackoverflow,lua,2024,developer tools
stackoverflow,go,2023,web backend
stackoverflow,scala,2024,data_ai
stackoverflow,typescript,2023,web frontend
stackoverflow,javascript,2023,web frontend
stackoverflow,swift,2023,web backend
stackoverflow,c++,2025,embedded
stackoverflow,lua,2025,developer tools
stackoverflow,javascript,2023,web frontend
stackoverflow,javascript,2023,web frontend
stackoverflow,c++,2023,embedded
stackoverflow,ruby,2023,web backend
stackoverflow,typescript,2025,web frontend
stackoverflow,scala,2023,developer tools
stackoverflow,c#,2024,data_ai
stackoverflow,javascript,2024,web frontend
stackoverflow,r,2024,data_ai
stackoverflow,ruby,2025,web frontend
stackoverflow,javascript,2025,web frontend
stackoverflow,rust,2025,embedded
stackoverflow,c#,2025,developer tools
stackoverflow,lua,2025,embedded
stackoverflow,php,2024,web backend
stackoverflow,swift,2023,web frontend
stackoverflow,typescript,2025,mobile
stackoverflow,dart,2023,mobile
stackoverflow,r,2023,data_ai
stackoverflow,rust,2025,developer tools
stackoverflow,typescript,2024,mobile
stackoverflow,kotlin,2024,mobile
stackoverflow,ruby,2024,web backend
stackoverflow,c++,2023,developer tools
stackoverflow,r,2024,data_ai
stackoverflow,scala,2024,embedded
stackoverflow,go,2023,developer tools
stackoverflow,perl,2024,devops_cloud
stackoverflow,typescript,2023,web frontend
stackoverflow,javascript,2024,web frontend
stackoverflow,c,2024,embedded
stackoverflow,typescript,2025,web frontend
stackoverflow,javascript,2025,developer tools
stackoverflow,python,2024,developer tools
stackoverflow,python,2024,web backend
stackoverflow,swift,2024,mobile
stackoverflow,perl,2023,embedded
stackoverflow,php,2023,web backend
stackoverflow,javascript,2025,developer tools
stackoverflow,swift,2025,mobile
stackoverflow,c,2024,embedded
stackoverflow,java,2024,web backend
stackoverflow,r,2023,developer tools
stackoverflow,c++,2023,embedded
stackoverflow,swift,2023,mobile
stackoverflow,php,2025,web frontend
stackoverflow,javascript,2025,web frontend
stackoverflow,java,2024,data_ai
stackoverflow,scala,2024,data_ai
stackoverflow,java,2024,developer tools
stackoverflow,kotlin,2024,developer tools
stackoverflow,kotlin,2025,mobile
stackoverflow,typescript,2023,web frontend
stackoverflow,kotlin,2023,developer tools
stackoverflow,c#,2025,web backend
stackoverflow,php,2025,web backend
stackoverflow,javascript,2025,web backend
stackoverflow,ruby,2025,web backend
stackoverflow,c#,2025,embedded
stackoverflow,typescript,2024,web frontend
stackoverflow,rust,2023,web backend
stackoverflow,swift,2023,data_ai
stackoverflow,c#,2024,web backend
stackoverflow,rust,2023,mobile
stackoverflow,dart,2025,mobile
stackoverflow,swift,2024,mobile
stackoverflow,dart,2025,iot
stackoverflow,java,2025,developer tools
stackoverflow,php,2024,web frontend
stackoverflow,javascript,2024,web frontend
stackoverflow,lua,2023,embedded
stackoverflow,swift,2023,web frontend
stackoverflow,python,2025,data_ai
stackoverflow,java,2024,mobile
stackoverflow,kotlin,2024,mobile
stackoverflow,lua,2023,developer tools
stackoverflow,dart,2023,mobile
stackoverflow,swift,2024,web frontend
stackoverflow,c++,2025,developer tools
stackoverflow,rust,2025,web frontend
stackoverflow,javascript,2025,web frontend
stackoverflow,swift,2024,mobile
stackoverflow,swift,2024,mobile
stackoverflow,go,2025,embedded
stackoverflow,c++,2023,embedded
stackoverflow,perl,2025,developer tools
stackoverflow,php,2025,web backend
stackoverflow,c++,2023,embedded
stackoverflow,perl,2025,testing_qa
stackoverflow,python,2025,data_ai
stackoverflow,lua,2025,developer tools
stackoverflow,c#,2025,developer tools
stackoverflow,r,2025,data_ai
stackoverflow,kotlin,2025,developer tools
stackoverflow,java,2025,game
stackoverflow,javascript,2024,developer tools
stackoverflow,c#,2023,testing_qa
stackoverflow,c++,2024,developer tools
stackoverflow,javascript,2025,web frontend
stackoverflow,c#,2024,developer tools
stackoverflow,c,2024,embedded
stackoverflow,lua,2024,embedded
stackoverflow,java,2024,devops_cloud
stackoverflow,r,2025,data_ai
stackoverflow,go,2025,mobile
stackoverflow,javascript,2024,web frontend
stackoverflow,c#,2025,web backend
stackoverflow,swift,2023,mobile
stackoverflow,ruby,2024,mobile
stackoverflow,lua,2024,embedded
stackoverflow,typescript,2024,web backend
stackoverflow,kotlin,2023,developer tools
stackoverflow,swift,2024,mobile
stackoverflow,typescript,2024,web frontend
stackoverflow,javascript,2025,embedded
stackoverflow,perl,2023,data_ai
stackoverflow,r,2024,data_ai
stackoverflow,kotlin,2024,mobile
stackoverflow,c,2023,developer tools
stackoverflow,perl,2023,developer tools
stackoverflow,ruby,2024,developer tools
stackoverflow,lua,2024,developer tools
stackoverflow,java,2025,data_ai
stackoverflow,rust,2023,game
stackoverflow,r,2023,data_ai
stackoverflow,rust,2025,developer tools
stackoverflow,c++,2023,game
stackoverflow,rust,2023,embedded
stackoverflow,r,2024,data_ai
stackoverflow,scala,2025,data_ai
stackoverflow,swift,2025,web frontend
stackoverflow,java,2023,web backend
stackoverflow,java,2025,data_ai
stackoverflow,scala,2025,data_ai
stackoverflow,perl,2025,embedded
stackoverflow,rust,2025,devops_cloud
stackoverflow,java,2025,devops_cloud
stackoverflow,lua,2024,iot
stackoverflow,swift,2024,mobile
stackoverflow,c#,2023,web backend
stackoverflow,swift,2025,mobile
stackoverflow,r,2023,data_ai
stackoverflow,ruby,2024,embedded
stackoverflow,r,2024,security
stackoverflow,kotlin,2024,mobile
stackoverflow,c,2025,embedded
stackoverflow,python,2025,web backend
stackoverflow,c,2025,embedded
stackoverflow,dart,2025,mobile
stackoverflow,lua,2025,data_ai
stackoverflow,python,2024,web backend
stackoverflow,perl,2024,developer tools
stackoverflow,javascript,2024,data_ai
stackoverflow,scala,2024,data_ai
stackoverflow,lua,2023,developer tools
stackoverflow,ruby,2024,web frontend
stackoverflow,r,2025,data_ai
stackoverflow,kotlin,2024,mobile
stackoverflow,python,2023,data_ai
stackoverflow,rust,2024,data_ai
stackoverflow,swift,2023,mobile
stackoverflow,c++,2024,developer tools
stackoverflow,php,2023,developer tools
stackoverflow,c++,2025,mobile
stackoverflow,c,2024,developer tools
stackoverflow,dart,2025,mobile
stackoverflow,kotlin,2025,mobile
stackoverflow,python,2024,security
stackoverflow,scala,2024,data_ai
stackoverflow,python,2024,data_ai
stackoverflow,go,2025,web backend
stackoverflow,go,2025,web frontend
stackoverflow,c,2025,embedded
stackoverflow,ruby,2025,web backend
stackoverflow,typescript,2023,web frontend
stackoverflow,ruby,2023,testing_qa
stackoverflow,javascript,2023,web frontend
stackoverflow,lua,2024,developer tools
stackoverflow,typescript,2025,developer tools
stackoverflow,rust,2025,data_ai
stackoverflow,go,2023,data_ai
stackoverflow,php,2024,testing_qa
stackoverflow,dart,2024,testing_qa
stackoverflow,ruby,2024,mobile
stackoverflow,javascript,2024,mobile
stackoverflow,dart,2025,mobile
stackoverflow,go,2025,security
stackoverflow,python,2025,security
stackoverflow,rust,2024,developer tools
stackoverflow,kotlin,2024,developer tools
stackoverflow,javascript,2024,web frontend
stackoverflow,c#,2023,data_ai
stackoverflow,kotlin,2025,testing_qa
stackoverflow,java,2024,data_ai
stackoverflow,c++,2023,embedded
stackoverflow,c,2023,embedded
stackoverflow,dart,2025,mobile
stackoverflow,kotlin,2025,mobile
stackoverflow,kotlin,2023,mobile
stackoverflow,dart,2023,mobile
stackoverflow,java,2023,data_ai
stackoverflow,scala,2023,data_ai
stackoverflow,python,2024,devops_cloud
stackoverflow,java,2023,testing_qa
stackoverflow,java,2023,devops_cloud
stackoverflow,scala,2023,devops_cloud
stackoverflow,rust,2024,developer tools
stackoverflow,java,2023,mobile
stackoverflow,kotlin,2023,mobile
stackoverflow,php,2024,data_ai
stackoverflow,java,2023,web backend
stackoverflow,javascript,2024,devops_cloud
stackoverflow,r,2025,developer tools
stackoverflow,php,2025,developer tools
stackoverflow,r,2023,data_ai
stackoverflow,scala,2023,developer tools
stackoverflow,python,2023,developer tools
stackoverflow,c++,2023,embedded
stackoverflow,lua,2023,embedded
stackoverflow,python,2024,developer tools
stackoverflow,java,2025,web backend
stackoverflow,kotlin,2025,web backend
stackoverflow,kotlin,2023,developer tools
stackoverflow,go,2024,developer tools
stackoverflow,dart,2025,mobile
stackoverflow,r,2023,data_ai
stackoverflow,swift,2023,mobile
stackoverflow,php,2025,web frontend
stackoverflow,rust,2024,data_ai
stackoverflow,java,2023,testing_qa
stackoverflow,php,2024,web backend
stackoverflow,kotlin,2024,web frontend
stackoverflow,scala,2024,data_ai
stackoverflow,python,2024,data_ai
stackoverflow,r,2023,data_ai
stackoverflow,rust,2024,embedded
stackoverflow,lua,2023,developer tools
stackoverflow,kotlin,2023,embedded
stackoverflow,go,2024,developer tools
stackoverflow,ruby,2023,web backend
stackoverflow,python,2025,web backend
stackoverflow,lua,2025,embedded
stackoverflow,r,2023,data_ai
stackoverflow,c++,2023,developer tools
stackoverflow,lua,2023,developer tools
stackoverflow,scala,2025,embedded
stackoverflow,java,2023,web backend
stackoverflow,rust,2023,developer tools
stackoverflow,java,2023,devops_cloud
stackoverflow,scala,2023,devops_cloud
stackoverflow,perl,2025,developer tools
stackoverflow,swift,2025,mobile
stackoverflow,c,2025,embedded
stackoverflow,lua,2023,developer tools
stackoverflow,c#,2024,game
stackoverflow,ruby,2025,web backend
stackoverflow,r,2023,data_ai
stackoverflow,python,2024,game
stackoverflow,perl,2025,embedded
stackoverflow,c,2025,embedded
stackoverflow,dart,2025,mobile
stackoverflow,perl,2025,developer tools
stackoverflow,c,2024,embedded
stackoverflow,ruby,2023,web backend
stackoverflow,perl,2023,web backend
stackoverflow,java,2024,devops_cloud
stackoverflow,perl,2023,embedded
stackoverflow,typescript,2024,web backend
stackoverflow,ruby,2023,web backend
stackoverflow,scala,2024,developer tools
stackoverflow,swift,2024,mobile
stackoverflow,c,2023,embedded
stackoverflow,ruby,2025,web backend
stackoverflow,typescript,2024,web frontend
stackoverflow,swift,2024,data_ai
stackoverflow,c++,2024,developer tools
stackoverflow,javascript,2024,data_ai
stackoverflow,rust,2025,data_ai
stackoverflow,kotlin,2024,data_ai
stackoverflow,c#,2024,data_ai
stackoverflow,javascript,2024,developer tools
stackoverflow,rust,2024,developer tools
stackoverflow,dart,2024,developer tools
stackoverflow,perl,2024,developer tools
stackoverflow,c++,2025,embedded
stackoverflow,typescript,2025,developer tools
stackoverflow,c++,2024,embedded
stackoverflow,c,2024,embedded
stackoverflow,dart,2025,mobile
stackoverflow,c,2023,embedded
stackoverflow,dart,2023,mobile
stackoverflow,lua,2024,web backend
stackoverflow,php,2023,web backend
stackoverflow,r,2023,data_ai
stackoverflow,ruby,2023,web frontend
stackoverflow,rust,2025,developer tools
stackoverflow,go,2023,security
stackoverflow,go,2025,devops_cloud
stackoverflow,go,2024,data_ai
stackoverflow,r,2025,data_ai
stackoverflow,dart,2023,mobile
stackoverflow,lua,2025,embedded
stackoverflow,typescript,2025,developer tools
stackoverflow,php,2023,web backend
stackoverflow,java,2023,data_ai
stackoverflow,javascript,2024,data_ai
stackoverflow,go,2023,data_ai
stackoverflow,java,2025,mobile
stackoverflow,lua,2025,data_ai
stackoverflow,swift,2024,mobile
stackoverflow,java,2024,developer tools
stackoverflow,go,2023,embedded
stackoverflow,lua,2023,embedded
stackoverflow,swift,2023,mobile
stackoverflow,swift,2024,developer tools
stackoverflow,typescript,2024,web frontend
stackoverflow,javascript,2024,web frontend
stackoverflow,ruby,2024,developer tools
stackoverflow,c,2024,data_ai
stackoverflow,rust,2025,devops_cloud
stackoverflow,java,2024,web backend
stackoverflow,javascript,2024,web frontend
stackoverflow,java,2025,web backend
stackoverflow,python,2025,data_ai
stackoverflow,javascript,2025,mobile
stackoverflow,javascript,2024,developer tools
stackoverflow,swift,2024,mobile
stackoverflow,dart,2024,mobile
stackoverflow,typescript,2024,web frontend
stackoverflow,javascript,2024,web frontend
stackoverflow,kotlin,2024,devops_cloud
stackoverflow,c++,2025,developer tools
stackoverflow,go,2023,developer tools
stackoverflow,scala,2024,data_ai
stackoverflow,dart,2023,mobile
stackoverflow,c++,2025,data_ai
stackoverflow,c,2025,developer tools
stackoverflow,kotlin,2025,mobile
stackoverflow,typescript,2024,mobile
stackoverflow,r,2023,developer tools
stackoverflow,r,2023,web frontend
stackoverflow,typescript,2025,web frontend
stackoverflow,dart,2025,mobile
stackoverflow,php,2024,security
stackoverflow,kotlin,2024,mobile
stackoverflow,java,2024,mobile
stackoverflow,kotlin,2024,mobile
stackoverflow,python,2024,testing_qa
stackoverflow,python,2023,testing_qa
stackoverflow,java,2025,web backend
stackoverflow,go,2023,web backend
stackoverflow,perl,2023,devops_cloud
stackoverflow,r,2024,data_ai
stackoverflow,scala,2025,web backend
stackoverflow,c++,2023,developer tools
stackoverflow,c++,2024,developer tools
stackoverflow,swift,2024,mobile
stackoverflow,go,2024,web frontend
stackoverflow,kotlin,2024,mobile
stackoverflow,swift,2025,web frontend
stackoverflow,ruby,2025,web frontend
stackoverflow,python,2024,developer tools
stackoverflow,java,2025,testing_qa
stackoverflow,perl,2025,developer tools
stackoverflow,rust,2023,developer tools
stackoverflow,c,2023,data_ai
stackoverflow,scala,2023,developer tools
stackoverflow,c++,2025,embedded
stackoverflow,python,2023,developer tools
stackoverflow,c++,2025,devops_cloud
stackoverflow,java,2025,game
stackoverflow,java,2025,security
stackoverflow,c#,2025,security
stackoverflow,php,2024,web backend
stackoverflow,c#,2023,testing_qa
stackoverflow,scala,2023,developer tools
stackoverflow,typescript,2023,web frontend
stackoverflow,javascript,2023,web frontend
stackoverflow,perl,2025,game
stackoverflow,swift,2024,mobile
stackoverflow,scala,2023,data_ai
stackoverflow,javascript,2023,web frontend
stackoverflow,c#,2025,web backend
stackoverflow,python,2023,mobile
stackoverflow,go,2025,embedded
stackoverflow,ruby,2024,web frontend
stackoverflow,c++,2023,developer tools
stackoverflow,scala,2024,developer tools
stackoverflow,typescript,2025,web frontend
stackoverflow,rust,2024,developer tools
stackoverflow,swift,2025,mobile
stackoverflow,c#,2024,web backend
stackoverflow,c++,2023,developer tools
stackoverflow,typescript,2024,embedded
stackoverflow,java,2025,web backend
stackoverflow,c,2023,embedded
stackoverflow,c++,2024,developer tools
stackoverflow,c,2023,embedded
stackoverflow,scala,2024,embedded
stackoverflow,c#,2024,data_ai
stackoverflow,r,2024,data_ai
stackoverflow,php,2024,web backend
stackoverflow,go,2025,developer tools
stackoverflow,php,2025,data_ai
stackoverflow,typescript,2023,developer tools
stackoverflow,lua,2023,embedded
stackoverflow,perl,2023,web backend
stackoverflow,c++,2023,developer tools
stackoverflow,java,2025,web backend
stackoverflow,javascript,2023,developer tools
stackoverflow,swift,2025,mobile
stackoverflow,c#,2025,web backend
stackoverflow,typescript,2024,developer tools
stackoverflow,swift,2023,mobile
stackoverflow,r,2023,data_ai
stackoverflow,rust,2024,embedded
stackoverflow,php,2025,developer tools
stackoverflow,perl,2023,developer tools
stackoverflow,r,2025,data_ai
stackoverflow,dart,2023,mobile
stackoverflow,perl,2024,developer tools
stackoverflow,ruby,2024,web backend
stackoverflow,r,2024,data_ai
stackoverflow,c,2025,embedded
stackoverflow,go,2025,devops_cloud
stackoverflow,swift,2024,mobile
stackoverflow,python,2025,data_ai
stackoverflow,c,2023,developer tools
stackoverflow,ruby,2023,web backend
stackoverflow,ruby,2024,data_ai
stackoverflow,go,2025,embedded
stackoverflow,c,2025,embedded
stackoverflow,ruby,2025,developer tools
stackoverflow,c,2025,developer tools
stackoverflow,dart,2025,mobile
stackoverflow,dart,2023,mobile
stackoverflow,php,2024,web backend
stackoverflow,php,2025,web frontend
stackoverflow,rust,2023,embedded
stackoverflow,scala,2023,data_ai
stackoverflow,dart,2024,mobile
stackoverflow,javascript,2024,web frontend
stackoverflow,php,2025,web backend
stackoverflow,javascript,2025,web frontend
stackoverflow,c++,2023,developer tools
stackoverflow,go,2024,data_ai
stackoverflow,javascript,2024,developer tools
stackoverflow,java,2023,developer tools
stackoverflow,swift,2025,mobile
stackoverflow,c++,2023,embedded
stackoverflow,lua,2023,game
stackoverflow,go,2025,data_ai
stackoverflow,perl,2024,developer tools
stackoverflow,java,2023,web backend
stackoverflow,typescript,2023,web frontend
stackoverflow,javascript,2023,web frontend
stackoverflow,java,2024,data_ai
stackoverflow,java,2023,mobile
stackoverflow,swift,2025,security
stackoverflow,c,2025,security
stackoverflow,scala,2023,testing_qa
stackoverflow,c#,2024,game
stackoverflow,c++,2023,embedded
stackoverflow,rust,2023,embedded
stackoverflow,ruby,2024,developer tools
stackoverflow,c#,2023,web backend
stackoverflow,c,2023,devops_cloud
stackoverflow,javascript,2025,web frontend
stackoverflow,rust,2025,developer tools
stackoverflow,swift,2024,embedded
stackoverflow,java,2025,security
stackoverflow,dart,2025,mobile
stackoverflow,c++,2025,embedded
stackoverflow,java,2025,developer tools
stackoverflow,scala,2025,developer tools
stackoverflow,python,2025,developer tools
stackoverflow,dart,2023,developer tools
stackoverflow,ruby,2025,web backend
stackoverflow,c#,2024,embedded
stackoverflow,ruby,2024,developer tools
stackoverflow,c#,2024,web backend
stackoverflow,go,2025,devops_cloud
stackoverflow,python,2025,data_ai
stackoverflow,swift,2024,mobile
stackoverflow,scala,2024,data_ai
stackoverflow,ruby,2024,developer tools
stackoverflow,dart,2025,web backend
stackoverflow,perl,2023,developer tools
stackoverflow,c,2023,devops_cloud
stackoverflow,php,2023,developer tools
stackoverflow,c++,2024,embedded
stackoverflow,python,2024,embedded
stackoverflow,rust,2024,embedded
stackoverflow,java,2025,developer tools
stackoverflow,c,2025,game
stackoverflow,php,2023,web backend
stackoverflow,rust,2024,developer tools
stackoverflow,kotlin,2024,mobile
stackoverflow,kotlin,2023,mobile
stackoverflow,c,2023,developer tools
stackoverflow,r,2023,data_ai
stackoverflow,scala,2025,web backend
stackoverflow,perl,2023,developer tools
stackoverflow,typescript,2023,web frontend
stackoverflow,swift,2024,game
stackoverflow,swift,2023,mobile
stackoverflow,c++,2025,embedded
stackoverflow,php,2023,web backend
stackoverflow,python,2023,developer tools
stackoverflow,lua,2023,developer tools
stackoverflow,javascript,2024,web frontend
stackoverflow,scala,2023,developer tools
stackoverflow,ruby,2023,web frontend
stackoverflow,r,2023,data_ai
stackoverflow,swift,2023,mobile
stackoverflow,scala,2023,developer tools
stackoverflow,c,2025,embedded
stackoverflow,scala,2023,data_ai
stackoverflow,c,2025,developer tools
stackoverflow,perl,2023,data_ai
stackoverflow,python,2025,web backend
stackoverflow,c++,2023,embedded
stackoverflow,c,2023,embedded
stackoverflow,rust,2023,data_ai
stackoverflow,java,2025,mobile
stackoverflow,dart,2025,mobile
stackoverflow,python,2025,developer tools
stackoverflow,kotlin,2024,mobile
stackoverflow,c++,2023,embedded
stackoverflow,ruby,2023,web frontend
stackoverflow,kotlin,2024,mobile
stackoverflow,java,2023,mobile
stackoverflow,kotlin,2023,mobile
stackoverflow,c,2023,embedded
stackoverflow,dart,2024,mobile
stackoverflow,dart,2025,embedded
stackoverflow,ruby,2023,web backend
stackoverflow,scala,2025,data_ai
stackoverflow,typescript,2024,web frontend
stackoverflow,javascript,2024,web frontend
stackoverflow,c,2024,developer tools
stackoverflow,java,2024,developer tools
stackoverflow,perl,2023,embedded
stackoverflow,java,2025,web backend
stackoverflow,r,2023,data_ai
stackoverflow,go,2023,web backend
stackoverflow,c#,2024,developer tools
stackoverflow,c,2024,developer tools
stackoverflow,c,2024,developer tools
stackoverflow,java,2025,web backend
stackoverflow,php,2023,devops_cloud
stackoverflow,go,2024,web backend
stackoverflow,c,2025,embedded
stackoverflow,java,2023,mobile
stackoverflow,kotlin,2023,mobile
stackoverflow,java,2023,web backend
stackoverflow,javascript,2023,web frontend
stackoverflow,c++,2025,developer tools
stackoverflow,php,2024,web backend
stackoverflow,php,2024,web backend
stackoverflow,c#,2023,web backend
stackoverflow,swift,2024,web frontend
stackoverflow,ruby,2023,developer tools
stackoverflow,go,2025,web backend
stackoverflow,typescript,2024,web frontend
stackoverflow,c++,2023,embedded
stackoverflow,c++,2023,embedded
stackoverflow,c,2023,embedded
stackoverflow,rust,2024,developer tools
stackoverflow,python,2025,developer tools
stackoverflow,r,2025,developer tools
stackoverflow,python,2023,data_ai
stackoverflow,typescript,2024,testing_qa
stackoverflow,python,2025,data_ai
stackoverflow,rust,2025,developer tools
stackoverflow,python,2024,developer tools
stackoverflow,typescript,2025,web frontend
stackoverflow,java,2025,developer tools
stackoverflow,kotlin,2025,developer tools
stackoverflow,lua,2024,developer tools
stackoverflow,swift,2025,mobile
stackoverflow,dart,2024,mobile
stackoverflow,rust,2024,developer tools
stackoverflow,c++,2023,embedded
stackoverflow,c,2023,embedded
stackoverflow,lua,2023,embedded
stackoverflow,typescript,2024,web backend
stackoverflow,javascript,2024,web backend
stackoverflow,lua,2023,web backend
stackoverflow,javascript,2023,web frontend
stackoverflow,swift,2025,mobile
stackoverflow,go,2025,developer tools
stackoverflow,typescript,2023,web frontend
stackoverflow,javascript,2023,web frontend
stackoverflow,perl,2025,developer tools
stackoverflow,c++,2025,developer tools
stackoverflow,c,2025,developer tools
stackoverflow,go,2025,developer tools
stackoverflow,scala,2025,data_ai
stackoverflow,java,2025,testing_qa
stackoverflow,ruby,2025,web backend
stackoverflow,perl,2024,developer tools
stackoverflow,python,2023,data_ai
stackoverflow,c#,2025,web frontend
stackoverflow,java,2023,developer tools
stackoverflow,rust,2023,data_ai
stackoverflow,lua,2023,developer tools
stackoverflow,java,2023,developer tools
stackoverflow,c,2023,developer tools
stackoverflow,php,2024,web backend
stackoverflow,typescript,2025,web backend
stackoverflow,scala,2024,data_ai
stackoverflow,kotlin,2023,developer tools
stackoverflow,c,2023,embedded
stackoverflow,typescript,2023,web frontend
stackoverflow,c++,2024,embedded
stackoverflow,c,2024,embedded
stackoverflow,c#,2023,web frontend
stackoverflow,python,2025,data_ai
stackoverflow,go,2024,data_ai
stackoverflow,dart,2025,embedded
stackoverflow,scala,2025,data_ai
stackoverflow,ruby,2023,developer tools
stackoverflow,php,2024,web backend
stackoverflow,c#,2023,devops_cloud
stackoverflow,c++,2024,embedded
stackoverflow,dart,2023,mobile
stackoverflow,lua,2025,data_ai
stackoverflow,dart,2025,mobile
stackoverflow,c++,2025,data_ai
stackoverflow,c,2025,game
stackoverflow,kotlin,2025,mobile
stackoverflow,python,2023,web frontend
stackoverflow,typescript,2023,developer tools
stackoverflow,php,2023,web backend
stackoverflow,rust,2024,developer tools
stackoverflow,go,2023,developer tools
stackoverflow,java,2023,data_ai
stackoverflow,scala,2023,data_ai
stackoverflow,php,2025,web frontend
stackoverflow,javascript,2025,web frontend
stackoverflow,rust,2025,embedded
stackoverflow,kotlin,2025,game
stackoverflow,ruby,2025,web backend
stackoverflow,lua,2023,data_ai
stackoverflow,scala,2024,embedded
stackoverflow,lua,2024,developer tools
stackoverflow,r,2025,data_ai
stackoverflow,r,2025,data_ai
stackoverflow,rust,2024,developer tools
stackoverflow,c++,2025,embedded
stackoverflow,c,2024,developer tools
stackoverflow,php,2024,web frontend
stackoverflow,typescript,2025,web frontend
stackoverflow,java,2024,data_ai
stackoverflow,scala,2024,data_ai
stackoverflow,perl,2024,data_ai
stackoverflow,c++,2024,data_ai
stackoverflow,python,2025,data_ai
stackoverflow,java,2024,web backend
stackoverflow,dart,2025,mobile
stackoverflow,c#,2024,developer tools
stackoverflow,c#,2023,web backend
stackoverflow,typescript,2023,developer tools
stackoverflow,typescript,2025,web frontend
stackoverflow,javascript,2025,web frontend
stackoverflow,c#,2025,developer tools
stackoverflow,scala,2025,web backend
stackoverflow,python,2024,data_ai
stackoverflow,perl,2025,security
stackoverflow,c#,2025,devops_cloud
stackoverflow,php,2023,web backend
stackoverflow,python,2025,developer tools
stackoverflow,ruby,2023,web frontend
stackoverflow,javascript,2023,web frontend
stackoverflow,go,2024,web backend
stackoverflow,swift,2024,mobile
stackoverflow,c#,2024,web frontend
stackoverflow,java,2023,mobile
stackoverflow,kotlin,2023,mobile
stackoverflow,swift,2025,mobile
stackoverflow,perl,2023,data_ai
stackoverflow,python,2023,data_ai
stackoverflow,swift,2024,mobile
stackoverflow,php,2025,developer tools
stackoverflow,c,2025,embedded
stackoverflow,swift,2024,mobile
stackoverflow,c#,2024,game
stackoverflow,perl,2024,testing_qa
stackoverflow,swift,2023,mobile
stackoverflow,c++,2024,developer tools
stackoverflow,dart,2023,mobile
stackoverflow,c++,2024,data_ai
stackoverflow,rust,2024,data_ai
stackoverflow,ruby,2025,web backend
stackoverflow,php,2023,web backend
stackoverflow,perl,2025,developer tools
stackoverflow,lua,2025,developer tools
stackoverflow,scala,2025,devops_cloud
stackoverflow,swift,2023,mobile
stackoverflow,lua,2024,web frontend
stackoverflow,javascript,2025,data_ai
stackoverflow,java,2025,developer tools
stackoverflow,php,2023,web backend
stackoverflow,swift,2023,mobile
stackoverflow,rust,2024,developer tools
stackoverflow,scala,2024,data_ai
stackoverflow,javascript,2023,game
stackoverflow,perl,2025,developer tools
stackoverflow,java,2023,devops_cloud
stackoverflow,scala,2023,devops_cloud
stackoverflow,c#,2025,testing_qa
stackoverflow,rust,2023,data_ai
stackoverflow,perl,2024,web backend
stackoverflow,python,2023,developer tools
stackoverflow,r,2024,data_ai
stackoverflow,dart,2025,mobile
stackoverflow,swift,2023,mobile
stackoverflow,ruby,2025,developer tools
stackoverflow,kotlin,2024,mobile
stackoverflow,javascript,2023,web frontend
stackoverflow,scala,2024,developer tools
stackoverflow,swift,2024,mobile
stackoverflow,dart,2023,mobile
stackoverflow,dart,2023,mobile
stackoverflow,python,2023,mobile
stackoverflow,perl,2024,embedded
stackoverflow,c++,2023,data_ai
stackoverflow,c#,2023,web frontend
stackoverflow,dart,2024,mobile
stackoverflow,c#,2025,web frontend
stackoverflow,ruby,2024,testing_qa
stackoverflow,swift,2025,mobile
stackoverflow,scala,2024,embedded
stackoverflow,php,2025,testing_qa
stackoverflow,swift,2023,mobile
stackoverflow,kotlin,2023,mobile
stackoverflow,rust,2023,web backend
stackoverflow,r,2025,data_ai
stackoverflow,kotlin,2023,data_ai
stackoverflow,ruby,2025,developer tools
stackoverflow,kotlin,2025,developer tools
stackoverflow,python,2024,devops_cloud
stackoverflow,php,2023,web frontend
stackoverflow,dart,2023,mobile
stackoverflow,java,2024,developer tools
stackoverflow,kotlin,2024,developer tools
stackoverflow,kotlin,2023,mobile
stackoverflow,python,2025,devops_cloud
stackoverflow,dart,2025,mobile
stackoverflow,perl,2023,web backend
stackoverflow,java,2025,developer tools
stackoverflow,scala,2025,developer tools
stackoverflow,python,2024,web frontend
stackoverflow,c++,2024,embedded
stackoverflow,php,2023,web backend
stackoverflow,php,2025,web backend
stackoverflow,scala,2025,developer tools
stackoverflow,python,2025,devops_cloud
stackoverflow,c#,2023,web backend
stackoverflow,ruby,2023,web backend
stackoverflow,scala,2024,developer tools
stackoverflow,c++,2024,developer tools
stackoverflow,perl,2023,developer tools
stackoverflow,ruby,2023,web backend
stackoverflow,ruby,2025,web backend
stackoverflow,javascript,2025,web frontend
stackoverflow,ruby,2025,embedded
stackoverflow,javascript,2025,web frontend
stackoverflow,perl,2025,web frontend
stackoverflow,rust,2024,data_ai
stackoverflow,ruby,2023,web backend
stackoverflow,php,2025,web backend
stackoverflow,javascript,2023,web frontend
stackoverflow,ruby,2024,web frontend
stackoverflow,kotlin,2025,mobile
stackoverflow,python,2024,web backend
stackoverflow,scala,2023,web backend
stackoverflow,perl,2025,developer tools
stackoverflow,python,2024,data_ai
stackoverflow,c,2024,devops_cloud
stackoverflow,go,2025,developer tools
stackoverflow,kotlin,2023,data_ai
stackoverflow,typescript,2025,testing_qa
stackoverflow,r,2023,data_ai
stackoverflow,lua,2023,developer tools
stackoverflow,php,2025,web backend
stackoverflow,c,2025,embedded
stackoverflow,php,2024,web backend
stackoverflow,php,2023,web backend
stackoverflow,swift,2025,mobile
stackoverflow,swift,2023,data_ai
stackoverflow,rust,2024,embedded
stackoverflow,c,2024,embedded
stackoverflow,c,2023,embedded
stackoverflow,java,2025,mobile
stackoverflow,scala,2025,developer tools
stackoverflow,c,2025,embedded
stackoverflow,c#,2025,web backend
stackoverflow,java,2025,web backend
stackoverflow,rust,2024,developer tools
stackoverflow,go,2023,devops_cloud
stackoverflow,lua,2024,devops_cloud
stackoverflow,php,2025,web frontend
stackoverflow,php,2025,web backend
stackoverflow,c,2023,developer tools
stackoverflow,c#,2024,embedded
stackoverflow,python,2025,iot
stackoverflow,rust,2023,web backend
stackoverflow,c++,2024,embedded
stackoverflow,typescript,2024,web backend
stackoverflow,typescript,2023,web frontend
stackoverflow,javascript,2023,web frontend
stackoverflow,swift,2023,devops_cloud
stackoverflow,kotlin,2025,mobile
stackoverflow,javascript,2023,developer tools
stackoverflow,go,2024,data_ai
stackoverflow,c++,2024,embedded
stackoverflow,typescript,2025,web frontend
stackoverflow,rust,2023,developer tools
stackoverflow,go,2025,testing_qa
stackoverflow,ruby,2024,developer tools
stackoverflow,python,2023,web frontend
stackoverflow,ruby,2023,devops_cloud
stackoverflow,typescript,2023,web frontend
stackoverflow,r,2025,developer tools
stackoverflow,c,2024,data_ai
stackoverflow,typescript,2025,web frontend
stackoverflow,javascript,2025,web frontend
stackoverflow,swift,2025,developer tools
stackoverflow,swift,2023,mobile
stackoverflow,r,2024,data_ai
stackoverflow,php,2024,web backend
stackoverflow,rust,2025,developer tools
stackoverflow,java,2024,embedded
stackoverflow,swift,2024,mobile
stackoverflow,ruby,2023,testing_qa
stackoverflow,kotlin,2023,mobile
stackoverflow,c#,2025,devops_cloud
stackoverflow,typescript,2023,web frontend
stackoverflow,javascript,2023,web frontend
stackoverflow,c#,2023,web backend
stackoverflow,r,2024,data_ai
stackoverflow,javascript,2025,web frontend
stackoverflow,c++,2024,embedded
stackoverflow,java,2024,embedded
stackoverflow,c,2024,developer tools
stackoverflow,lua,2024,data_ai
stackoverflow,lua,2023,developer tools
stackoverflow,java,2023,mobile
stackoverflow,kotlin,2023,mobile
stackoverflow,ruby,2025,developer tools
stackoverflow,c#,2024,developer tools
stackoverflow,c,2023,devops_cloud
stackoverflow,swift,2025,data_ai
stackoverflow,ruby,2025,developer tools
stackoverflow,swift,2025,mobile
stackoverflow,go,2024,developer tools
stackoverflow,kotlin,2023,developer tools
stackoverflow,rust,2025,developer tools
stackoverflow,c++,2023,developer tools
stackoverflow,lua,2023,developer tools
stackoverflow,javascript,2023,web frontend
stackoverflow,typescript,2023,web backend
stackoverflow,javascript,2023,web backend
stackoverflow,dart,2023,mobile
stackoverflow,java,2024,devops_cloud
stackoverflow,scala,2023,data_ai
stackoverflow,perl,2025,developer tools
stackoverflow,dart,2025,mobile
stackoverflow,go,2025,developer tools
stackoverflow,rust,2023,embedded
stackoverflow,php,2025,web backend
stackoverflow,python,2025,web backend
stackoverflow,php,2025,web frontend
stackoverflow,ruby,2025,developer tools
stackoverflow,dart,2024,mobile
stackoverflow,scala,2023,web backend
stackoverflow,c#,2025,web frontend
stackoverflow,dart,2024,mobile
stackoverflow,rust,2024,data_ai
stackoverflow,r,2025,data_ai
stackoverflow,rust,2023,embedded
stackoverflow,java,2023,testing_qa
stackoverflow,java,2025,developer tools
stackoverflow,scala,2024,data_ai
stackoverflow,java,2023,data_ai
stackoverflow,r,2025,data_ai
stackoverflow,c#,2024,game
stackoverflow,javascript,2025,web frontend
stackoverflow,java,2024,embedded
stackoverflow,ruby,2025,developer tools
stackoverflow,typescript,2025,developer tools
stackoverflow,php,2024,web backend
stackoverflow,java,2023,developer tools
stackoverflow,perl,2023,developer tools
stackoverflow,ruby,2024,data_ai
stackoverflow,scala,2025,data_ai
stackoverflow,c,2024,developer tools
stackoverflow,javascript,2025,web backend
stackoverflow,typescript,2025,web frontend
stackoverflow,c++,2023,embedded
stackoverflow,java,2024,mobile
stackoverflow,ruby,2024,testing_qa
stackoverflow,dart,2023,mobile
stackoverflow,scala,2023,web backend
stackoverflow,rust,2023,blockchain
stackoverflow,scala,2024,web backend
stackoverflow,typescript,2023,web frontend
stackoverflow,javascript,2023,web frontend
stackoverflow,c,2024,developer tools
stackoverflow,javascript,2023,desktop
stackoverflow,c,2025,embedded
stackoverflow,java,2024,embedded
stackoverflow,perl,2024,embedded
stackoverflow,c,2025,embedded
stackoverflow,ruby,2025,web backend
stackoverflow,javascript,2025,web backend
stackoverflow,dart,2025,mobile
stackoverflow,perl,2025,developer tools
stackoverflow,perl,2023,web backend
stackoverflow,c#,2023,developer tools
stackoverflow,dart,2023,web frontend
stackoverflow,php,2023,web backend
stackoverflow,c++,2023,embedded
stackoverflow,c,2023,embedded
stackoverflow,rust,2023,embedded
stackoverflow,ruby,2023,web backend
stackoverflow,typescript,2024,web frontend
stackoverflow,perl,2025,data_ai
stackoverflow,r,2024,data_ai
stackoverflow,ruby,2024,web backend
stackoverflow,c,2024,data_ai
stackoverflow,kotlin,2023,mobile
stackoverflow,c++,2024,developer tools
stackoverflow,dart,2025,mobile
stackoverflow,perl,2023,developer tools
stackoverflow,perl,2025,developer tools
stackoverflow,java,2023,web frontend
stackoverflow,php,2024,developer tools
stackoverflow,perl,2024,testing_qa
stackoverflow,python,2023,testing_qa
stackoverflow,c#,2024,testing_qa
stackoverflow,perl,2024,security
stackoverflow,ruby,2025,web frontend
stackoverflow,javascript,2025,web frontend
stackoverflow,javascript,2023,testing_qa
stackoverflow,typescript,2023,web frontend
stackoverflow,java,2025,devops_cloud
stackoverflow,swift,2024,mobile
stackoverflow,dart,2025,mobile
stackoverflow,typescript,2025,web frontend
stackoverflow,c#,2024,web backend
stackoverflow,go,2025,devops_cloud
stackoverflow,r,2023,data_ai
stackoverflow,php,2023,web backend
stackoverflow,c++,2025,embedded
stackoverflow,ruby,2023,web backend
stackoverflow,lua,2023,enterprise
stackoverflow,php,2025,web backend
stackoverflow,perl,2024,developer tools
stackoverflow,kotlin,2025,mobile
stackoverflow,javascript,2025,web frontend
stackoverflow,lua,2025,web frontend
stackoverflow,php,2023,web backend
stackoverflow,php,2023,web backend
stackoverflow,dart,2024,developer tools
stackoverflow,swift,2023,data_ai
stackoverflow,kotlin,2025,web backend
stackoverflow,python,2025,developer tools
stackoverflow,python,2024,data_ai
stackoverflow,java,2023,mobile
stackoverflow,c#,2025,embedded
stackoverflow,go,2024,web frontend
stackoverflow,rust,2025,developer tools
stackoverflow,kotlin,2024,data_ai
stackoverflow,kotlin,2025,mobile
stackoverflow,javascript,2023,security
stackoverflow,javascript,2024,web backend
stackoverflow,javascript,2024,web frontend
stackoverflow,typescript,2025,developer tools
stackoverflow,dart,2024,mobile
stackoverflow,lua,2023,developer tools
stackoverflow,java,2024,web backend
stackoverflow,ruby,2025,developer tools
stackoverflow,javascript,2024,web frontend
stackoverflow,javascript,2023,web frontend
stackoverflow,r,2023,web frontend
stackoverflow,php,2023,web frontend
stackoverflow,dart,2024,developer tools
stackoverflow,r,2023,data_ai
stackoverflow,php,2024,web backend
stackoverflow,swift,2024,developer tools
stackoverflow,lua,2025,developer tools
stackoverflow,scala,2023,data_ai
stackoverflow,python,2023,data_ai
stackoverflow,javascript,2025,data_ai
stackoverflow,ruby,2023,developer tools
stackoverflow,go,2024,web backend
stackoverflow,ruby,2024,web backend
stackoverflow,java,2023,web backend
stackoverflow,c++,2025,mobile
stackoverflow,typescript,2025,web frontend
stackoverflow,typescript,2023,web frontend
stackoverflow,javascript,2024,web frontend
stackoverflow,dart,2025,testing_qa
stackoverflow,kotlin,2023,developer tools
stackoverflow,typescript,2023,developer tools
stackoverflow,dart,2023,mobile
stackoverflow,java,2024,web backend
stackoverflow,ruby,2025,developer tools
stackoverflow,r,2023,data_ai
stackoverflow,dart,2025,mobile
stackoverflow,c,2023,embedded
stackoverflow,c++,2025,developer tools
stackoverflow,java,2024,data_ai
stackoverflow,swift,2024,developer tools
stackoverflow,php,2025,web backend
stackoverflow,java,2024,web backend
stackoverflow,kotlin,2025,web frontend
stackoverflow,kotlin,2023,mobile
stackoverflow,java,2024,testing_qa
stackoverflow,scala,2023,data_ai
stackoverflow,kotlin,2025,developer tools
stackoverflow,kotlin,2024,mobile
stackoverflow,c,2023,developer tools
stackoverflow,go,2023,web backend
stackoverflow,php,2025,web backend
stackoverflow,go,2023,web backend
stackoverflow,c#,2025,mobile
stackoverflow,c++,2023,embedded
stackoverflow,lua,2025,developer tools
stackoverflow,javascript,2023,web frontend
stackoverflow,swift,2023,mobile
stackoverflow,ruby,2025,web backend
stackoverflow,dart,2025,mobile
stackoverflow,javascript,2025,web backend
stackoverflow,javascript,2023,web frontend
stackoverflow,php,2023,data_ai
stackoverflow,typescript,2025,developer tools
stackoverflow,r,2025,data_ai
stackoverflow,lua,2025,developer tools
stackoverflow,kotlin,2025,devops_cloud
stackoverflow,typescript,2025,web frontend
stackoverflow,javascript,2025,web frontend
stackoverflow,go,2023,developer tools
stackoverflow,php,2025,web frontend
stackoverflow,c++,2023,developer tools
stackoverflow,javascript,2025,web frontend
stackoverflow,ruby,2023,web backend
stackoverflow,javascript,2024,web frontend
stackoverflow,python,2023,data_ai
stackoverflow,javascript,2025,web frontend
stackoverflow,ruby,2023,web frontend
stackoverflow,typescript,2024,web backend
stackoverflow,rust,2024,developer tools
stackoverflow,php,2025,web backend
stackoverflow,c,2025,embedded
stackoverflow,kotlin,2024,mobile
stackoverflow,r,2023,data_ai
stackoverflow,kotlin,2024,mobile
stackoverflow,python,2025,developer tools
stackoverflow,c,2025,embedded
stackoverflow,ruby,2024,web backend
stackoverflow,ruby,2024,web backend
stackoverflow,swift,2024,devops_cloud
stackoverflow,php,2025,web backend
stackoverflow,c,2025,embedded
stackoverflow,lua,2025,developer tools
stackoverflow,php,2023,devops_cloud
stackoverflow,typescript,2024,developer tools
stackoverflow,r,2024,developer tools
stackoverflow,lua,2024,developer tools
stackoverflow,go,2025,data_ai
stackoverflow,kotlin,2024,mobile
stackoverflow,go,2025,developer tools
stackoverflow,r,2025,data_ai
stackoverflow,c#,2025,web frontend
stackoverflow,php,2025,web backend
stackoverflow,c,2024,embedded
stackoverflow,kotlin,2024,mobile
stackoverflow,go,2025,testing_qa
stackoverflow,swift,2024,developer tools
stackoverflow,rust,2024,data_ai
stackoverflow,ruby,2025,testing_qa
stackoverflow,javascript,2024,mobile
stackoverflow,c++,2023,developer tools
stackoverflow,perl,2024,web backend
stackoverflow,dart,2024,mobile
stackoverflow,scala,2025,developer tools
stackoverflow,perl,2025,developer tools
stackoverflow,rust,2024,developer tools
stackoverflow,java,2024,security
stackoverflow,typescript,2024,developer tools
stackoverflow,c#,2025,web backend
stackoverflow,perl,2023,data_ai
stackoverflow,c++,2025,embedded
stackoverflow,c,2024,developer tools
stackoverflow,go,2024,devops_cloud
stackoverflow,dart,2024,mobile
stackoverflow,c++,2023,data_ai
stackoverflow,python,2023,data_ai
stackoverflow,c++,2023,data_ai
stackoverflow,perl,2023,embedded
stackoverflow,perl,2023,devops_cloud
stackoverflow,typescript,2024,web frontend
stackoverflow,javascript,2024,web frontend
stackoverflow,typescript,2024,web frontend
stackoverflow,lua,2023,developer tools
stackoverflow,c,2025,embedded
stackoverflow,ruby,2025,developer tools
stackoverflow,c#,2025,developer tools
stackoverflow,ruby,2024,developer tools
stackoverflow,kotlin,2025,mobile
stackoverflow,c++,2023,developer tools
stackoverflow,rust,2023,embedded
stackoverflow,python,2024,developer tools
stackoverflow,java,2024,mobile
stackoverflow,kotlin,2024,mobile
stackoverflow,scala,2025,developer tools
stackoverflow,ruby,2024,developer tools
stackoverflow,dart,2023,mobile
stackoverflow,java,2023,devops_cloud
stackoverflow,kotlin,2025,mobile
stackoverflow,rust,2024,embedded
stackoverflow,python,2023,data_ai
stackoverflow,c#,2023,data_ai
stackoverflow,kotlin,2024,developer tools
stackoverflow,javascript,2024,web frontend
stackoverflow,dart,2024,mobile
stackoverflow,lua,2024,embedded
stackoverflow,r,2025,data_ai
stackoverflow,go,2024,web backend
stackoverflow,r,2023,data_ai
stackoverflow,rust,2024,embedded
stackoverflow,javascript,2024,embedded
stackoverflow,scala,2023,data_ai
stackoverflow,python,2023,data_ai
stackoverflow,swift,2023,mobile
stackoverflow,php,2023,web backend
stackoverflow,swift,2024,mobile
stackoverflow,c#,2023,web backend
stackoverflow,go,2023,web backend
stackoverflow,java,2024,data_ai
stackoverflow,scala,2024,data_ai
stackoverflow,c#,2025,web backend
stackoverflow,python,2024,developer tools
stackoverflow,scala,2023,data_ai
stackoverflow,scala,2024,data_ai
stackoverflow,go,2024,data_ai
stackoverflow,kotlin,2023,mobile
stackoverflow,java,2023,developer tools
stackoverflow,scala,2023,developer tools
stackoverflow,python,2025,developer tools
stackoverflow,php,2023,web frontend
stackoverflow,r,2025,data_ai
stackoverflow,typescript,2025,embedded
stackoverflow,javascript,2025,embedded
stackoverflow,ruby,2025,web backend
stackoverflow,java,2024,mobile
stackoverflow,dart,2024,mobile
stackoverflow,ruby,2023,testing_qa
stackoverflow,c#,2023,devops_cloud
stackoverflow,c#,2024,data_ai
stackoverflow,perl,2025,developer tools
stackoverflow,c++,2024,developer tools
stackoverflow,rust,2023,data_ai
stackoverflow,c#,2024,security
stackoverflow,ruby,2024,developer tools
stackoverflow,perl,2025,developer tools
stackoverflow,rust,2025,developer tools
stackoverflow,go,2023,data_ai
stackoverflow,c++,2025,developer tools
stackoverflow,perl,2023,web backend
stackoverflow,ruby,2023,web backend
stackoverflow,perl,2025,developer tools
stackoverflow,python,2025,embedded
stackoverflow,php,2023,web backend
stackoverflow,python,2024,data_ai
stackoverflow,rust,2023,developer tools
stackoverflow,typescript,2023,web frontend
stackoverflow,javascript,2023,developer tools
stackoverflow,java,2023,security
stackoverflow,python,2023,data_ai
stackoverflow,rust,2025,developer tools
stackoverflow,c#,2023,data_ai
stackoverflow,c,2024,data_ai
stackoverflow,swift,2025,mobile
stackoverflow,typescript,2025,developer tools
stackoverflow,javascript,2024,web frontend
stackoverflow,dart,2025,mobile
stackoverflow,c,2025,embedded
stackoverflow,c++,2025,embedded
stackoverflow,rust,2025,embedded
stackoverflow,r,2023,data_ai
stackoverflow,c++,2023,developer tools
stackoverflow,c#,2023,developer tools
stackoverflow,php,2024,web backend
stackoverflow,c#,2024,devops_cloud
stackoverflow,r,2023,data_ai
stackoverflow,lua,2025,developer tools
stackoverflow,go,2023,web backend
stackoverflow,c++,2024,developer tools
stackoverflow,python,2024,testing_qa
stackoverflow,javascript,2023,developer tools
stackoverflow,dart,2024,embedded
stackoverflow,php,2024,web backend
stackoverflow,dart,2025,data_ai
stackoverflow,javascript,2025,web backend
stackoverflow,lua,2023,embedded
stackoverflow,c++,2024,embedded
stackoverflow,lua,2023,security
stackoverflow,ruby,2025,web backend
stackoverflow,c++,2025,embedded
stackoverflow,c,2025,developer tools
stackoverflow,r,2025,data_ai
stackoverflow,dart,2024,mobile
stackoverflow,python,2024,web backend
stackoverflow,r,2023,data_ai
stackoverflow,rust,2024,embedded
stackoverflow,lua,2025,developer tools
stackoverflow,c,2024,embedded
stackoverflow,python,2025,mobile
stackoverflow,kotlin,2025,mobile
stackoverflow,r,2025,data_ai
stackoverflow,dart,2025,mobile
stackoverflow,typescript,2024,data_ai
stackoverflow,java,2025,testing_qa
stackoverflow,r,2024,data_ai
stackoverflow,perl,2023,web backend
stackoverflow,perl,2023,developer tools
stackoverflow,lua,2025,developer tools
stackoverflow,c,2024,data_ai
stackoverflow,perl,2023,devops_cloud
stackoverflow,swift,2024,web frontend
stackoverflow,c#,2025,web frontend
stackoverflow,c++,2025,developer tools
stackoverflow,scala,2023,developer tools
stackoverflow,c++,2023,iot
stackoverflow,perl,2023,developer tools
stackoverflow,kotlin,2023,mobile
stackoverflow,javascript,2024,web frontend
stackoverflow,kotlin,2025,mobile
stackoverflow,scala,2024,data_ai
stackoverflow,perl,2024,devops_cloud
stackoverflow,c#,2024,devops_cloud
stackoverflow,ruby,2023,web backend
stackoverflow,r,2023,data_ai
stackoverflow,php,2024,web backend
stackoverflow,python,2024,data_ai
stackoverflow,python,2025,data_ai
stackoverflow,c++,2025,embedded
stackoverflow,go,2025,embedded
stackoverflow,swift,2024,iot
stackoverflow,ruby,2025,web backend
stackoverflow,java,2025,data_ai
stackoverflow,rust,2024,embedded
stackoverflow,php,2025,web frontend
stackoverflow,kotlin,2024,mobile
stackoverflow,javascript,2023,developer tools
stackoverflow,c#,2023,developer tools
stackoverflow,dart,2024,developer tools
stackoverflow,kotlin,2024,mobile
stackoverflow,java,2024,testing_qa
stackoverflow,r,2025,data_ai
stackoverflow,python,2025,data_ai
stackoverflow,perl,2024,developer tools
stackoverflow,ruby,2024,testing_qa
stackoverflow,python,2023,web backend
stackoverflow,go,2024,devops_cloud
stackoverflow,dart,2025,developer tools
stackoverflow,javascript,2025,developer tools
stackoverflow,javascript,2025,web frontend
stackoverflow,scala,2024,data_ai
stackoverflow,php,2024,mobile
stackoverflow,dart,2024,mobile
stackoverflow,typescript,2024,web frontend
stackoverflow,go,2023,web backend
stackoverflow,lua,2023,embedded
stackoverflow,kotlin,2025,mobile
stackoverflow,perl,2025,embedded
stackoverflow,c#,2025,data_ai
stackoverflow,typescript,2024,web frontend
stackoverflow,javascript,2024,web frontend
stackoverflow,go,2025,data_ai
stackoverflow,go,2025,data_ai
stackoverflow,rust,2025,data_ai
stackoverflow,go,2025,embedded
stackoverflow,c,2023,embedded
stackoverflow,c#,2023,security
stackoverflow,c++,2025,embedded
stackoverflow,python,2023,developer tools
stackoverflow,dart,2023,web frontend
stackoverflow,php,2024,web frontend
stackoverflow,ruby,2024,web backend
stackoverflow,go,2023,developer tools
stackoverflow,c,2023,developer tools
stackoverflow,php,2025,web backend
stackoverflow,ruby,2024,web backend
stackoverflow,javascript,2024,developer tools
stackoverflow,swift,2024,embedded
stackoverflow,lua,2024,developer tools
stackoverflow,go,2024,testing_qa
stackoverflow,ruby,2025,mobile
stackoverflow,c#,2024,data_ai
stackoverflow,typescript,2024,web backend
stackoverflow,lua,2023,embedded
stackoverflow,ruby,2025,security
stackoverflow,scala,2025,embedded
stackoverflow,kotlin,2025,embedded
stackoverflow,swift,2025,mobile
stackoverflow,r,2024,data_ai
stackoverflow,ruby,2024,web frontend
stackoverflow,rust,2023,data_ai
stackoverflow,rust,2025,developer tools
stackoverflow,r,2024,data_ai
stackoverflow,perl,2023,developer tools
stackoverflow,c#,2023,devops_cloud
stackoverflow,swift,2025,mobile
stackoverflow,lua,2023,game
stackoverflow,r,2024,data_ai
stackoverflow,perl,2024,web frontend
stackoverflow,rust,2025,embedded
stackoverflow,c++,2024,embedded
stackoverflow,java,2025,web backend
stackoverflow,swift,2023,mobile
stackoverflow,typescript,2023,web frontend
stackoverflow,c,2025,embedded
stackoverflow,php,2025,web backend
stackoverflow,python,2025,web backend
stackoverflow,rust,2023,embedded
stackoverflow,rust,2024,developer tools
stackoverflow,ruby,2025,security
stackoverflow,r,2023,data_ai
stackoverflow,javascript,2024,web frontend
stackoverflow,java,2025,web backend
stackoverflow,c#,2024,developer tools
stackoverflow,c++,2024,embedded
stackoverflow,rust,2024,embedded
stackoverflow,c#,2025,security
stackoverflow,javascript,2023,web frontend
stackoverflow,java,2023,developer tools
stackoverflow,rust,2023,developer tools
stackoverflow,dart,2023,mobile
stackoverflow,python,2025,data_ai
stackoverflow,dart,2023,mobile
stackoverflow,python,2024,data_ai
stackoverflow,lua,2025,developer tools
stackoverflow,javascript,2024,web backend
stackoverflow,javascript,2025,developer tools
stackoverflow,typescript,2023,developer tools
stackoverflow,python,2024,data_ai
stackoverflow,c#,2025,data_ai
stackoverflow,c++,2025,data_ai
stackoverflow,c#,2025,developer tools
stackoverflow,c#,2024,devops_cloud
stackoverflow,rust,2023,web backend
stackoverflow,ruby,2023,web backend
stackoverflow,c++,2024,embedded
stackoverflow,r,2025,data_ai
stackoverflow,rust,2024,data_ai
stackoverflow,c#,2024,developer tools
stackoverflow,perl,2025,developer tools
stackoverflow,c,2025,embedded
stackoverflow,python,2025,web backend
stackoverflow,dart,2024,developer tools
stackoverflow,python,2023,devops_cloud
stackoverflow,java,2025,mobile
stackoverflow,swift,2025,mobile
stackoverflow,r,2025,data_ai
stackoverflow,dart,2025,mobile
stackoverflow,rust,2025,embedded
stackoverflow,go,2025,web backend
stackoverflow,go,2023,developer tools
stackoverflow,go,2024,developer tools
stackoverflow,c#,2025,embedded
stackoverflow,python,2024,web backend
stackoverflow,typescript,2023,testing_qa
stackoverflow,typescript,2025,data_ai
stackoverflow,scala,2024,data_ai
stackoverflow,swift,2023,mobile
stackoverflow,kotlin,2024,mobile
stackoverflow,kotlin,2023,developer tools
stackoverflow,c++,2024,embedded
stackoverflow,r,2025,data_ai
stackoverflow,r,2023,data_ai
stackoverflow,rust,2025,developer tools
stackoverflow,c#,2025,devops_cloud
stackoverflow,lua,2025,developer tools
stackoverflow,rust,2025,testing_qa
stackoverflow,scala,2025,data_ai
stackoverflow,python,2024,data_ai
stackoverflow,kotlin,2024,mobile
stackoverflow,javascript,2023,web frontend
stackoverflow,c#,2024,security
stackoverflow,scala,2024,data_ai
stackoverflow,javascript,2023,web frontend
stackoverflow,c++,2024,developer tools
stackoverflow,c#,2025,testing_qa
stackoverflow,javascript,2024,web frontend
stackoverflow,dart,2024,mobile
stackoverflow,typescript,2025,web backend
stackoverflow,r,2024,data_ai
stackoverflow,java,2024,mobile
stackoverflow,c#,2023,devops_cloud
stackoverflow,java,2023,web backend
stackoverflow,typescript,2023,web frontend
stackoverflow,go,2023,embedded
stackoverflow,scala,2023,data_ai
stackoverflow,scala,2024,data_ai
stackoverflow,php,2024,web frontend
stackoverflow,scala,2024,data_ai
stackoverflow,r,2023,data_ai
stackoverflow,ruby,2024,web backend
stackoverflow,scala,2024,data_ai
stackoverflow,dart,2025,mobile
stackoverflow,php,2025,web backend
stackoverflow,c++,2023,developer tools
stackoverflow,javascript,2023,mobile
stackoverflow,rust,2023,developer tools
stackoverflow,r,2025,testing_qa
stackoverflow,javascript,2025,web frontend
stackoverflow,swift,2025,mobile
stackoverflow,swift,2025,developer tools
stackoverflow,python,2024,data_ai
stackoverflow,go,2025,data_ai
stackoverflow,dart,2025,mobile
stackoverflow,python,2023,web frontend
stackoverflow,javascript,2024,developer tools
stackoverflow,c,2023,developer tools
stackoverflow,c,2025,embedded
stackoverflow,typescript,2025,data_ai
stackoverflow,typescript,2023,web backend
stackoverflow,r,2024,developer tools
stackoverflow,c++,2023,embedded
stackoverflow,c#,2023,web backend
stackoverflow,java,2023,mobile
stackoverflow,lua,2023,embedded
stackoverflow,scala,2023,data_ai
stackoverflow,php,2023,web backend
stackoverflow,dart,2023,mobile
stackoverflow,swift,2025,developer tools
stackoverflow,javascript,2024,web frontend
stackoverflow,c++,2024,developer tools
stackoverflow,dart,2023,mobile
stackoverflow,typescript,2024,data_ai
stackoverflow,perl,2023,developer tools
stackoverflow,java,2025,web backend
stackoverflow,lua,2025,data_ai
stackoverflow,dart,2023,mobile
stackoverflow,java,2025,data_ai
stackoverflow,kotlin,2025,mobile
stackoverflow,ruby,2023,security
stackoverflow,php,2024,web backend
stackoverflow,php,2025,web backend
stackoverflow,scala,2023,developer tools
stackoverflow,c,2025,embedded
stackoverflow,c,2024,developer tools
stackoverflow,ruby,2025,web backend
stackoverflow,python,2024,web backend
stackoverflow,lua,2024,developer tools
stackoverflow,go,2024,devops_cloud
stackoverflow,rust,2025,data_ai
stackoverflow,scala,2023,data_ai
stackoverflow,rust,2023,testing_qa
stackoverflow,swift,2023,mobile
stackoverflow,java,2024,web backend
stackoverflow,ruby,2024,web backend
stackoverflow,r,2025,data_ai
stackoverflow,java,2023,embedded
stackoverflow,kotlin,2024,data_ai
stackoverflow,c,2024,data_ai
stackoverflow,swift,2025,mobile
stackoverflow,scala,2023,web backend
stackoverflow,c,2025,devops_cloud
stackoverflow,ruby,2024,web backend
stackoverflow,python,2024,data_ai
stackoverflow,scala,2023,web backend
stackoverflow,python,2024,developer tools
stackoverflow,typescript,2025,web frontend
stackoverflow,c,2024,developer tools
stackoverflow,swift,2024,mobile
stackoverflow,java,2023,mobile
stackoverflow,perl,2025,developer tools
stackoverflow,c++,2023,embedded
stackoverflow,swift,2023,testing_qa
stackoverflow,c#,2023,devops_cloud
stackoverflow,php,2025,web frontend
stackoverflow,javascript,2025,web frontend
stackoverflow,swift,2023,developer tools
stackoverflow,perl,2024,embedded
stackoverflow,java,2023,devops_cloud
stackoverflow,ruby,2023,devops_cloud
stackoverflow,c,2024,developer tools
stackoverflow,python,2023,developer tools
stackoverflow,php,2023,web backend
stackoverflow,javascript,2023,web frontend
stackoverflow,php,2024,web frontend
stackoverflow,rust,2025,developer tools
stackoverflow,scala,2024,developer tools
stackoverflow,typescript,2025,embedded
stackoverflow,javascript,2025,embedded
stackoverflow,java,2024,data_ai
stackoverflow,c#,2024,developer tools
stackoverflow,go,2023,devops_cloud
stackoverflow,perl,2025,developer tools
stackoverflow,lua,2023,game
stackoverflow,r,2023,web frontend
stackoverflow,c++,2023,embedded
stackoverflow,swift,2023,mobile
stackoverflow,rust,2025,developer tools
stackoverflow,javascript,2025,web frontend
stackoverflow,rust,2023,data_ai
stackoverflow,python,2023,data_ai
stackoverflow,go,2024,developer tools
stackoverflow,perl,2024,data_ai
stackoverflow,scala,2023,data_ai
stackoverflow,java,2025,web backend
stackoverflow,typescript,2025,web frontend
stackoverflow,dart,2024,mobile
stackoverflow,kotlin,2023,mobile
stackoverflow,ruby,2024,web frontend
stackoverflow,swift,2023,data_ai
stackoverflow,r,2025,data_ai
stackoverflow,ruby,2023,developer tools
stackoverflow,ruby,2025,web backend
stackoverflow,scala,2023,data_ai
stackoverflow,python,2024,developer tools
stackoverflow,go,2023,data_ai
stackoverflow,python,2023,data_ai
stackoverflow,javascript,2025,web frontend
stackoverflow,scala,2024,data_ai
stackoverflow,r,2024,data_ai
stackoverflow,dart,2023,mobile
stackoverflow,c#,2023,web backend
stackoverflow,python,2025,developer tools
stackoverflow,c,2023,embedded
stackoverflow,python,2025,developer tools
stackoverflow,typescript,2025,web frontend
stackoverflow,perl,2024,developer tools
stackoverflow,typescript,2023,web frontend
stackoverflow,rust,2023,web backend
stackoverflow,scala,2023,web backend
stackoverflow,java,2023,security
stackoverflow,rust,2024,developer tools
stackoverflow,swift,2025,mobile
stackoverflow,python,2023,developer tools
stackoverflow,perl,2025,embedded
stackoverflow,java,2023,data_ai
stackoverflow,java,2024,testing_qa
stackoverflow,php,2025,devops_cloud
stackoverflow,python,2025,data_ai
stackoverflow,go,2023,devops_cloud
stackoverflow,javascript,2025,web frontend
stackoverflow,c++,2024,testing_qa
stackoverflow,c,2024,embedded
stackoverflow,perl,2023,web backend
stackoverflow,typescript,2025,web frontend
stackoverflow,javascript,2025,web backend
stackoverflow,c++,2025,developer tools
stackoverflow,java,2024,web backend
stackoverflow,c,2025,embedded
stackoverflow,c,2025,developer tools
stackoverflow,swift,2024,mobile
stackoverflow,javascript,2024,web frontend
stackoverflow,javascript,2023,web backend
stackoverflow,c,2024,embedded
stackoverflow,python,2024,embedded
stackoverflow,java,2025,mobile
stackoverflow,javascript,2024,security
stackoverflow,r,2023,data_ai
stackoverflow,c#,2023,web backend
stackoverflow,go,2024,security
stackoverflow,ruby,2025,web backend
stackoverflow,scala,2024,web backend
stackoverflow,r,2025,devops_cloud
stackoverflow,c++,2025,embedded
stackoverflow,php,2025,web backend
stackoverflow,typescript,2023,web frontend
stackoverflow,perl,2024,testing_qa
stackoverflow,lua,2023,developer tools
stackoverflow,scala,2025,developer tools
stackoverflow,r,2024,data_ai
stackoverflow,c,2023,embedded
stackoverflow,swift,2023,mobile
stackoverflow,c,2025,embedded
stackoverflow,scala,2024,data_ai
stackoverflow,python,2024,data_ai
stackoverflow,java,2024,web backend
stackoverflow,java,2025,mobile
stackoverflow,kotlin,2025,mobile
stackoverflow,swift,2024,developer tools
stackoverflow,c#,2025,devops_cloud
stackoverflow,swift,2023,mobile
stackoverflow,java,2023,data_ai
stackoverflow,ruby,2024,testing_qa
stackoverflow,typescript,2023,web frontend
stackoverflow,javascript,2023,web frontend
stackoverflow,kotlin,2024,mobile
stackoverflow,kotlin,2023,mobile
stackoverflow,kotlin,2023,mobile
stackoverflow,c++,2024,developer tools
stackoverflow,lua,2024,developer tools
stackoverflow,r,2024,data_ai
stackoverflow,go,2024,developer tools
stackoverflow,kotlin,2024,mobile
stackoverflow,swift,2024,developer tools
stackoverflow,c#,2025,web frontend
stackoverflow,typescript,2025,web frontend
stackoverflow,swift,2024,mobile
stackoverflow,rust,2025,data_ai
stackoverflow,c++,2024,data_ai
stackoverflow,c,2024,developer tools
stackoverflow,c,2023,embedded
stackoverflow,r,2024,data_ai
stackoverflow,javascript,2023,data_ai
stackoverflow,typescript,2023,developer tools
stackoverflow,typescript,2023,developer tools
stackoverflow,javascript,2023,developer tools
stackoverflow,lua,2024,embedded
stackoverflow,r,2025,data_ai
stackoverflow,dart,2024,mobile
stackoverflow,kotlin,2023,web backend
stackoverflow,perl,2025,developer tools
stackoverflow,swift,2025,mobile
stackoverflow,kotlin,2025,data_ai
stackoverflow,javascript,2024,developer tools
stackoverflow,typescript,2023,web backend
stackoverflow,go,2024,devops_cloud
stackoverflow,go,2024,devops_cloud
stackoverflow,dart,2024,mobile
stackoverflow,lua,2025,developer tools
stackoverflow,kotlin,2023,testing_qa
stackoverflow,c,2024,embedded
stackoverflow,r,2023,developer tools
stackoverflow,perl,2024,embedded
stackoverflow,rust,2023,developer tools
stackoverflow,perl,2023,embedded
stackoverflow,swift,2025,mobile
stackoverflow,ruby,2024,developer tools
stackoverflow,scala,2025,developer tools
stackoverflow,swift,2025,mobile
stackoverflow,c#,2025,data_ai
stackoverflow,perl,2024,developer tools
stackoverflow,swift,2023,iot
stackoverflow,c#,2025,mobile
stackoverflow,python,2024,data_ai
stackoverflow,ruby,2024,developer tools
stackoverflow,lua,2023,developer tools
stackoverflow,ruby,2023,web backend
stackoverflow,python,2025,data_ai
stackoverflow,kotlin,2025,web backend
stackoverflow,php,2023,testing_qa
stackoverflow,rust,2023,data_ai
stackoverflow,perl,2024,developer tools
stackoverflow,typescript,2023,developer tools
stackoverflow,swift,2024,mobile
stackoverflow,go,2023,devops_cloud
stackoverflow,java,2025,developer tools
stackoverflow,scala,2025,developer tools
stackoverflow,scala,2024,developer tools
stackoverflow,go,2025,web backend
stackoverflow,javascript,2025,web frontend
stackoverflow,go,2024,developer tools
stackoverflow,c,2024,embedded
stackoverflow,swift,2025,mobile
stackoverflow,rust,2023,data_ai
stackoverflow,java,2025,web backend
stackoverflow,swift,2024,mobile
stackoverflow,java,2023,web backend
stackoverflow,lua,2024,developer tools
stackoverflow,java,2025,security
stackoverflow,scala,2025,security
stackoverflow,swift,2024,mobile
stackoverflow,javascript,2025,developer tools
stackoverflow,scala,2025,developer tools
stackoverflow,dart,2025,mobile
stackoverflow,ruby,2025,data_ai
stackoverflow,perl,2025,developer tools
stackoverflow,go,2023,blockchain
stackoverflow,go,2023,mobile
stackoverflow,rust,2024,embedded
stackoverflow,kotlin,2023,mobile
stackoverflow,c++,2024,developer tools
stackoverflow,rust,2024,developer tools
stackoverflow,scala,2024,developer tools
stackoverflow,php,2024,web backend
stackoverflow,go,2025,data_ai
stackoverflow,lua,2023,developer tools
stackoverflow,go,2025,web frontend
stackoverflow,python,2023,developer tools
stackoverflow,kotlin,2025,mobile
stackoverflow,kotlin,2024,developer tools
stackoverflow,r,2024,developer tools
stackoverflow,c,2023,embedded
stackoverflow,perl,2023,developer tools
stackoverflow,go,2024,developer tools
stackoverflow,c#,2024,developer tools
stackoverflow,lua,2023,game
stackoverflow,lua,2025,developer tools
stackoverflow,lua,2023,developer tools
stackoverflow,scala,2023,developer tools
stackoverflow,go,2025,embedded
stackoverflow,java,2024,embedded
stackoverflow,rust,2025,embedded
stackoverflow,rust,2025,developer tools
stackoverflow,python,2025,developer tools
stackoverflow,lua,2023,embedded
stackoverflow,c++,2023,embedded
stackoverflow,c#,2025,web frontend
stackoverflow,scala,2024,data_ai
stackoverflow,rust,2024,data_ai
stackoverflow,javascript,2023,testing_qa
stackoverflow,typescript,2025,developer tools
stackoverflow,c++,2025,developer tools
stackoverflow,perl,2024,data_ai
stackoverflow,c++,2024,embedded
stackoverflow,rust,2025,data_ai
stackoverflow,go,2024,web frontend
stackoverflow,python,2024,data_ai
stackoverflow,c,2025,embedded
stackoverflow,c#,2024,web frontend
stackoverflow,perl,2024,developer tools
stackoverflow,javascript,2025,web frontend
stackoverflow,javascript,2025,devops_cloud
stackoverflow,php,2025,testing_qa
stackoverflow,perl,2024,developer tools
stackoverflow,perl,2023,devops_cloud
stackoverflow,php,2024,web frontend
stackoverflow,lua,2025,developer tools
stackoverflow,scala,2024,data_ai
stackoverflow,typescript,2023,web frontend
stackoverflow,javascript,2023,web frontend
stackoverflow,kotlin,2025,web frontend
stackoverflow,lua,2023,developer tools
stackoverflow,c,2025,security
stackoverflow,typescript,2023,developer tools
stackoverflow,dart,2023,mobile
stackoverflow,kotlin,2024,mobile
stackoverflow,lua,2025,developer tools
stackoverflow,dart,2025,mobile
stackoverflow,dart,2023,mobile
stackoverflow,javascript,2024,web frontend
stackoverflow,javascript,2024,web backend
stackoverflow,dart,2025,mobile
stackoverflow,lua,2025,developer tools
stackoverflow,rust,2023,developer tools
stackoverflow,rust,2025,embedded
stackoverflow,php,2024,web backend
stackoverflow,php,2025,web backend
stackoverflow,r,2023,data_ai
stackoverflow,c,2024,developer tools
stackoverflow,c,2023,embedded
stackoverflow,kotlin,2023,embedded
stackoverflow,c++,2023,embedded
stackoverflow,rust,2025,developer tools
stackoverflow,scala,2023,embedded
stackoverflow,php,2023,web backend
stackoverflow,scala,2024,data_ai
stackoverflow,typescript,2025,web backend
stackoverflow,python,2024,data_ai
stackoverflow,javascript,2025,web backend
stackoverflow,rust,2025,embedded
stackoverflow,c,2025,embedded
stackoverflow,lua,2024,game
stackoverflow,c++,2023,data_ai
stackoverflow,python,2024,data_ai
stackoverflow,kotlin,2025,web frontend
stackoverflow,java,2023,web backend
stackoverflow,scala,2023,data_ai
stackoverflow,c#,2025,web frontend
stackoverflow,r,2023,data_ai
stackoverflow,typescript,2023,developer tools
stackoverflow,php,2023,web backend
stackoverflow,lua,2025,developer tools
stackoverflow,c#,2024,web backend
stackoverflow,javascript,2023,game
stackoverflow,scala,2025,developer tools
stackoverflow,php,2024,web backend
stackoverflow,swift,2023,mobile
stackoverflow,ruby,2025,developer tools
stackoverflow,c,2024,embedded
stackoverflow,typescript,2023,web backend
stackoverflow,python,2025,developer tools
stackoverflow,swift,2023,mobile
stackoverflow,perl,2024,devops_cloud
stackoverflow,scala,2024,data_ai
stackoverflow,c,2024,embedded
stackoverflow,r,2025,data_ai
stackoverflow,lua,2025,embedded
stackoverflow,lua,2025,developer tools
stackoverflow,php,2024,web backend
stackoverflow,java,2025,developer tools
stackoverflow,c#,2023,data_ai
stackoverflow,swift,2023,mobile
stackoverflow,javascript,2024,web frontend
stackoverflow,python,2024,data_ai
stackoverflow,r,2025,developer tools
stackoverflow,perl,2024,data_ai
stackoverflow,javascript,2025,developer tools
stackoverflow,go,2024,web frontend
stackoverflow,java,2024,data_ai
stackoverflow,scala,2024,data_ai
stackoverflow,dart,2023,web backend
stackoverflow,c#,2025,security
stackoverflow,r,2024,data_ai
stackoverflow,java,2024,devops_cloud
stackoverflow,kotlin,2023,mobile
stackoverflow,c,2023,developer tools
stackoverflow,python,2025,data_ai
stackoverflow,perl,2024,data_ai
stackoverflow,javascript,2024,web frontend
stackoverflow,lua,2024,web frontend
stackoverflow,java,2023,web backend
stackoverflow,c++,2025,embedded
stackoverflow,r,2025,data_ai
stackoverflow,go,2023,data_ai
stackoverflow,rust,2025,embedded
stackoverflow,r,2023,data_ai
stackoverflow,python,2024,devops_cloud
stackoverflow,c,2025,embedded
stackoverflow,scala,2025,embedded
stackoverflow,scala,2024,developer tools
stackoverflow,python,2023,data_ai
stackoverflow,c,2024,data_ai
stackoverflow,c#,2025,testing_qa
stackoverflow,c++,2023,embedded
stackoverflow,swift,2025,security
stackoverflow,perl,2023,security
stackoverflow,dart,2025,mobile
stackoverflow,c++,2025,embedded
stackoverflow,go,2023,embedded
stackoverflow,typescript,2024,developer tools
stackoverflow,scala,2024,testing_qa
stackoverflow,c,2025,embedded
stackoverflow,c#,2024,game
stackoverflow,java,2024,developer tools
stackoverflow,typescript,2024,developer tools
stackoverflow,php,2025,web backend
stackoverflow,typescript,2025,web backend
stackoverflow,go,2023,web backend
stackoverflow,scala,2023,data_ai
stackoverflow,lua,2024,embedded
stackoverflow,swift,2023,mobile
stackoverflow,rust,2024,data_ai
stackoverflow,c++,2024,developer tools
stackoverflow,c,2024,developer tools
stackoverflow,dart,2023,mobile
stackoverflow,ruby,2023,web frontend
stackoverflow,c++,2024,embedded
stackoverflow,r,2025,developer tools
stackoverflow,lua,2024,embedded
stackoverflow,c++,2023,data_ai
stackoverflow,perl,2025,developer tools
stackoverflow,ruby,2024,web backend
stackoverflow,typescript,2024,web frontend
stackoverflow,ruby,2023,web backend
stackoverflow,c,2024,embedded
stackoverflow,java,2024,developer tools
stackoverflow,scala,2025,developer tools
stackoverflow,swift,2025,mobile
stackoverflow,php,2025,web backend
stackoverflow,python,2024,data_ai
stackoverflow,scala,2025,developer tools
stackoverflow,perl,2024,developer tools
stackoverflow,typescript,2025,web frontend
stackoverflow,javascript,2025,web frontend
stackoverflow,lua,2025,embedded
stackoverflow,lua,2024,data_ai
stackoverflow,php,2023,web backend
stackoverflow,c++,2024,embedded
stackoverflow,r,2023,data_ai
stackoverflow,c++,2025,embedded
stackoverflow,go,2024,web backend
stackoverflow,go,2025,iot
stackoverflow,dart,2024,developer tools
stackoverflow,php,2025,data_ai
stackoverflow,c,2023,embedded
stackoverflow,typescript,2023,testing_qa
stackoverflow,c,2024,security
stackoverflow,c#,2024,security
stackoverflow,r,2025,data_ai
stackoverflow,javascript,2023,web frontend
stackoverflow,javascript,2024,testing_qa
stackoverflow,r,2025,data_ai
stackoverflow,scala,2024,data_ai
stackoverflow,c++,2025,data_ai
stackoverflow,php,2024,web backend
stackoverflow,swift,2025,mobile
stackoverflow,c,2023,embedded
stackoverflow,kotlin,2024,mobile
stackoverflow,c++,2024,developer tools
stackoverflow,dart,2024,devops_cloud
stackoverflow,php,2023,web backend
stackoverflow,python,2023,web backend
stackoverflow,java,2025,developer tools
stackoverflow,python,2024,data_ai
stackoverflow,swift,2024,mobile
stackoverflow,java,2025,data_ai
stackoverflow,c,2024,embedded
stackoverflow,scala,2023,data_ai
stackoverflow,lua,2023,developer tools
stackoverflow,c++,2023,embedded
stackoverflow,javascript,2025,web frontend
stackoverflow,java,2025,mobile
stackoverflow,c#,2023,testing_qa
stackoverflow,java,2025,mobile
stackoverflow,perl,2025,data_ai
stackoverflow,lua,2023,embedded
stackoverflow,php,2024,web backend
stackoverflow,dart,2025,mobile
stackoverflow,java,2025,mobile
stackoverflow,kotlin,2025,mobile
stackoverflow,swift,2024,embedded
stackoverflow,c#,2023,developer tools
stackoverflow,python,2024,data_ai
stackoverflow,python,2023,data_ai
stackoverflow,rust,2025,developer tools
stackoverflow,c#,2024,developer tools
stackoverflow,c,2025,embedded
stackoverflow,ruby,2023,devops_cloud
stackoverflow,scala,2025,data_ai
stackoverflow,c++,2024,embedded
stackoverflow,python,2025,developer tools
stackoverflow,java,2024,mobile
stackoverflow,ruby,2024,data_ai
stackoverflow,rust,2025,developer tools
stackoverflow,kotlin,2025,mobile
stackoverflow,c,2023,security
stackoverflow,r,2023,data_ai
stackoverflow,r,2024,data_ai
stackoverflow,ruby,2025,testing_qa
stackoverflow,python,2024,data_ai
stackoverflow,swift,2025,mobile
stackoverflow,python,2023,data_ai
stackoverflow,dart,2025,testing_qa
stackoverflow,java,2025,web backend
stackoverflow,lua,2025,developer tools
stackoverflow,c,2024,developer tools
stackoverflow,rust,2023,developer tools
stackoverflow,python,2023,developer tools
stackoverflow,java,2024,developer tools
stackoverflow,kotlin,2024,developer tools
stackoverflow,python,2025,data_ai
stackoverflow,typescript,2024,developer tools
stackoverflow,c,2024,embedded
stackoverflow,c,2023,blockchain
stackoverflow,scala,2025,developer tools
stackoverflow,go,2024,devops_cloud
stackoverflow,r,2023,data_ai
stackoverflow,python,2023,data_ai
stackoverflow,c++,2025,developer tools
stackoverflow,javascript,2023,web backend
stackoverflow,c++,2024,embedded
stackoverflow,rust,2024,developer tools
stackoverflow,dart,2025,mobile
stackoverflow,python,2023,web backend
stackoverflow,java,2025,developer tools
stackoverflow,lua,2025,developer tools
stackoverflow,c#,2023,web frontend
stackoverflow,c#,2024,web backend
stackoverflow,perl,2024,developer tools
stackoverflow,lua,2024,developer tools
stackoverflow,scala,2025,data_ai
stackoverflow,c#,2023,data_ai
stackoverflow,php,2025,devops_cloud
stackoverflow,r,2025,data_ai
stackoverflow,java,2025,mobile
stackoverflow,c++,2025,embedded
stackoverflow,javascript,2025,web frontend
stackoverflow,c#,2025,web backend
stackoverflow,c#,2023,data_ai
stackoverflow,perl,2023,web backend
stackoverflow,swift,2025,mobile
stackoverflow,ruby,2023,data_ai
stackoverflow,lua,2025,game
stackoverflow,swift,2023,mobile
stackoverflow,c++,2025,embedded
stackoverflow,php,2023,devops_cloud
stackoverflow,python,2024,testing_qa
stackoverflow,swift,2025,mobile
stackoverflow,python,2023,security
stackoverflow,kotlin,2023,mobile
stackoverflow,php,2023,developer tools
stackoverflow,ruby,2023,web backend
stackoverflow,kotlin,2024,developer tools
stackoverflow,kotlin,2023,web backend
stackoverflow,r,2024,data_ai
stackoverflow,c,2023,developer tools
stackoverflow,python,2023,developer tools
stackoverflow,rust,2024,game
stackoverflow,lua,2024,game
stackoverflow,ruby,2023,developer tools
stackoverflow,kotlin,2023,mobile
stackoverflow,scala,2025,developer tools
stackoverflow,lua,2023,web backend
stackoverflow,javascript,2023,web frontend
stackoverflow,perl,2025,data_ai
stackoverflow,go,2024,testing_qa
stackoverflow,javascript,2023,web frontend
stackoverflow,c++,2025,data_ai
stackoverflow,rust,2025,embedded
stackoverflow,swift,2025,data_ai
stackoverflow,php,2025,web backend
stackoverflow,java,2023,mobile
stackoverflow,kotlin,2023,mobile
stackoverflow,swift,2023,mobile
stackoverflow,php,2025,web backend
stackoverflow,lua,2024,developer tools
stackoverflow,scala,2025,data_ai
stackoverflow,c++,2025,embedded
stackoverflow,dart,2023,mobile
stackoverflow,rust,2025,data_ai
stackoverflow,c,2024,embedded
stackoverflow,c#,2025,security
stackoverflow,swift,2023,mobile
stackoverflow,scala,2025,web backend
stackoverflow,perl,2025,developer tools
stackoverflow,r,2024,data_ai
stackoverflow,scala,2023,data_ai
stackoverflow,php,2025,web backend
stackoverflow,scala,2025,embedded
stackoverflow,dart,2024,mobile
stackoverflow,c#,2024,developer tools
stackoverflow,javascript,2023,web frontend
stackoverflow,ruby,2024,data_ai
stackoverflow,kotlin,2024,developer tools
stackoverflow,c,2024,embedded
stackoverflow,java,2024,web backend
stackoverflow,go,2023,devops_cloud
stackoverflow,javascript,2024,mobile
stackoverflow,typescript,2023,web frontend
stackoverflow,c++,2025,data_ai
stackoverflow,c#,2025,data_ai
stackoverflow,kotlin,2023,mobile
stackoverflow,rust,2024,security
stackoverflow,lua,2024,game
stackoverflow,javascript,2025,web frontend
stackoverflow,java,2025,developer tools
stackoverflow,go,2024,web backend
stackoverflow,ruby,2023,web backend
stackoverflow,dart,2023,mobile
stackoverflow,c++,2024,developer tools
stackoverflow,perl,2023,web backend
stackoverflow,kotlin,2025,mobile
stackoverflow,scala,2024,testing_qa
stackoverflow,c++,2023,embedded
stackoverflow,rust,2023,embedded
stackoverflow,go,2024,web backend
stackoverflow,go,2025,developer tools
stackoverflow,ruby,2023,web backend
stackoverflow,python,2025,data_ai
stackoverflow,c++,2024,developer tools
stackoverflow,scala,2023,developer tools
stackoverflow,perl,2023,data_ai
stackoverflow,rust,2023,developer tools
stackoverflow,php,2024,web backend
stackoverflow,java,2023,data_ai
stackoverflow,scala,2023,data_ai
stackoverflow,perl,2023,devops_cloud
stackoverflow,c#,2024,developer tools
stackoverflow,c++,2023,embedded
stackoverflow,perl,2025,developer tools
stackoverflow,python,2025,web frontend
stackoverflow,r,2023,data_ai
stackoverflow,c#,2023,web backend
stackoverflow,java,2025,developer tools
stackoverflow,rust,2023,developer tools
stackoverflow,r,2023,data_ai
stackoverflow,c,2023,embedded
stackoverflow,javascript,2023,embedded
stackoverflow,perl,2023,embedded
stackoverflow,swift,2024,developer tools
stackoverflow,javascript,2024,mobile
stackoverflow,c,2023,devops_cloud
stackoverflow,c++,2025,developer tools
stackoverflow,c,2025,embedded
stackoverflow,java,2023,data_ai
stackoverflow,php,2023,web backend
stackoverflow,ruby,2023,web frontend
stackoverflow,javascript,2023,web frontend
stackoverflow,java,2025,testing_qa
stackoverflow,r,2025,data_ai
stackoverflow,java,2024,web backend
stackoverflow,perl,2024,developer tools
stackoverflow,javascript,2023,data_ai
stackoverflow,swift,2024,mobile
stackoverflow,javascript,2023,web frontend
stackoverflow,python,2023,data_ai
stackoverflow,kotlin,2023,mobile
stackoverflow,r,2025,data_ai
stackoverflow,rust,2024,embedded
stackoverflow,javascript,2023,mobile
stackoverflow,perl,2024,developer tools
stackoverflow,rust,2023,developer tools
stackoverflow,python,2025,developer tools
stackoverflow,c++,2024,embedded
stackoverflow,kotlin,2024,mobile
stackoverflow,dart,2023,web frontend
stackoverflow,perl,2024,data_ai
stackoverflow,php,2025,web backend
stackoverflow,r,2023,data_ai
stackoverflow,c#,2024,developer tools
stackoverflow,php,2024,devops_cloud
stackoverflow,go,2023,devops_cloud
stackoverflow,r,2023,data_ai
stackoverflow,python,2023,data_ai
stackoverflow,c#,2024,developer tools
stackoverflow,javascript,2025,web frontend
stackoverflow,r,2023,data_ai
stackoverflow,python,2025,developer tools
stackoverflow,ruby,2024,web backend
stackoverflow,javascript,2024,web backend
stackoverflow,java,2025,mobile
stackoverflow,c++,2023,developer tools
stackoverflow,typescript,2023,developer tools
stackoverflow,kotlin,2023,mobile
stackoverflow,javascript,2025,web frontend
stackoverflow,javascript,2023,web frontend
stackoverflow,php,2023,web backend
stackoverflow,swift,2023,embedded
stackoverflow,c++,2025,developer tools
stackoverflow,scala,2025,testing_qa
stackoverflow,c#,2025,web backend
stackoverflow,lua,2024,embedded
stackoverflow,php,2023,web backend
stackoverflow,java,2025,mobile
stackoverflow,kotlin,2025,mobile
stackoverflow,php,2024,testing_qa
stackoverflow,lua,2025,embedded
stackoverflow,java,2024,web backend
stackoverflow,scala,2024,web backend
stackoverflow,lua,2024,developer tools
stackoverflow,python,2024,developer tools
stackoverflow,swift,2024,mobile
stackoverflow,python,2025,testing_qa
stackoverflow,c,2024,testing_qa
stackoverflow,perl,2024,data_ai
stackoverflow,perl,2024,developer tools
stackoverflow,typescript,2024,web frontend
stackoverflow,perl,2023,embedded
stackoverflow,scala,2025,data_ai
stackoverflow,c#,2024,embedded
stackoverflow,java,2023,mobile
stackoverflow,kotlin,2023,mobile
stackoverflow,ruby,2025,web backend
stackoverflow,python,2024,data_ai
stackoverflow,r,2024,data_ai
stackoverflow,scala,2025,developer tools
stackoverflow,lua,2024,developer tools
stackoverflow,r,2023,developer tools
stackoverflow,perl,2025,developer tools
stackoverflow,java,2025,developer tools
stackoverflow,kotlin,2025,developer tools
stackoverflow,c,2023,developer tools
stackoverflow,javascript,2024,web backend
stackoverflow,java,2023,devops_cloud
stackoverflow,ruby,2025,devops_cloud
stackoverflow,lua,2023,developer tools
stackoverflow,scala,2024,developer tools
stackoverflow,r,2024,data_ai
stackoverflow,typescript,2024,developer tools
stackoverflow,c++,2025,embedded
stackoverflow,dart,2025,mobile
stackoverflow,scala,2024,data_ai
stackoverflow,c#,2024,embedded
stackoverflow,typescript,2025,mobile
stackoverflow,javascript,2025,mobile
stackoverflow,rust,2024,embedded
stackoverflow,scala,2023,developer tools
stackoverflow,typescript,2023,developer tools
stackoverflow,c++,2023,developer tools
stackoverflow,c++,2023,developer tools
stackoverflow,rust,2024,web frontend
stackoverflow,typescript,2024,web frontend
stackoverflow,scala,2025,data_ai
stackoverflow,typescript,2024,developer tools
stackoverflow,dart,2025,web frontend
stackoverflow,ruby,2023,developer tools
stackoverflow,rust,2025,data_ai
stackoverflow,dart,2024,mobile
stackoverflow,go,2024,web backend
stackoverflow,ruby,2023,web backend
stackoverflow,java,2025,web backend
stackoverflow,lua,2023,developer tools
stackoverflow,perl,2025,developer tools
stackoverflow,c,2023,developer tools
stackoverflow,c++,2023,embedded
stackoverflow,ruby,2024,web backend
stackoverflow,java,2025,embedded
stackoverflow,javascript,2024,web frontend
stackoverflow,c#,2025,web backend
stackoverflow,dart,2023,mobile
stackoverflow,c++,2025,developer tools
stackoverflow,swift,2023,mobile
stackoverflow,c++,2025,embedded
stackoverflow,c++,2023,embedded
stackoverflow,c,2023,embedded
stackoverflow,ruby,2023,developer tools
stackoverflow,javascript,2025,web frontend
stackoverflow,javascript,2024,web frontend
stackoverflow,kotlin,2025,developer tools
stackoverflow,python,2023,testing_qa
stackoverflow,c++,2023,embedded
stackoverflow,swift,2023,embedded
github,swift,2016,mobile
github,python,2016,other
github,go,2016,other
github,java,2016,mobile
github,typescript,2016,developer tools
github,go,2016,other
github,kotlin,2016,mobile
github,kotlin,2016,other
github,java,2016,mobile
github,c#,2016,enterprise
github,javascript,2016,web frontend
github,swift,2016,mobile
github,javascript,2016,web frontend
github,kotlin,2016,mobile
github,go,2016,developer tools
github,swift,2016,iot
github,swift,2016,mobile
github,c#,2016,developer tools
github,c++,2016,embedded
github,c#,2016,other
github,go,2016,developer tools
github,typescript,2016,developer tools
github,typescript,2016,developer tools
github,java,2016,web backend
github,swift,2016,mobile
github,swift,2016,mobile
github,go,2016,developer tools
github,javascript,2016,embedded
github,swift,2016,mobile
github,java,2016,mobile
github,swift,2016,mobile
github,go,2016,security
github,java,2016,mobile
github,go,2016,other
github,javascript,2016,web frontend
github,go,2016,data_ai
github,typescript,2016,developer tools
github,go,2016,devops_cloud
github,go,2016,devops_cloud
github,swift,2016,mobile
github,javascript,2016,other
github,go,2016,developer tools
github,c++,2016,developer tools
github,c#,2016,other
github,swift,2016,mobile
github,rust,2016,security
github,kotlin,2016,mobile
github,java,2016,mobile
github,c++,2016,security
github,swift,2016,mobile
github,java,2016,mobile
github,c#,2016,game
github,c#,2016,testing_qa
github,swift,2016,mobile
github,java,2016,other
github,swift,2016,mobile
github,swift,2016,mobile
github,swift,2016,mobile
github,javascript,2016,web backend
github,python,2016,data_ai
github,swift,2016,mobile
github,swift,2016,other
github,rust,2016,developer tools
github,java,2016,mobile
github,java,2016,other
github,swift,2016,mobile
github,swift,2016,mobile
github,c#,2016,other
github,java,2016,other
github,kotlin,2016,mobile
github,rust,2016,developer tools
github,python,2016,blockchain
github,swift,2016,web backend
github,kotlin,2016,testing_qa
github,java,2016,other
github,javascript,2016,developer tools
github,swift,2016,mobile
github,swift,2016,mobile
github,java,2016,mobile
github,java,2016,enterprise
github,kotlin,2016,mobile
github,python,2016,data_ai
github,go,2016,other
github,swift,2016,mobile
github,typescript,2016,web backend
github,kotlin,2016,mobile
github,javascript,2016,developer tools
github,swift,2016,mobile
github,swift,2016,mobile
github,kotlin,2016,mobile
github,javascript,2016,other
github,typescript,2016,web frontend
github,python,2016,data_ai
github,kotlin,2016,mobile
github,swift,2016,mobile
github,c#,2016,mobile
github,go,2016,game
github,java,2016,iot
github,go,2016,web backend
github,rust,2016,developer tools
github,swift,2016,mobile
github,go,2016,developer tools
github,kotlin,2016,mobile
github,java,2016,mobile
github,java,2016,mobile
github,rust,2016,other
github,swift,2016,mobile
github,typescript,2016,web frontend
github,swift,2016,mobile
github,python,2016,developer tools
github,c++,2016,embedded
github,c++,2016,embedded
github,go,2016,other
github,c#,2016,other
github,javascript,2016,web frontend
github,java,2016,mobile
github,c++,2016,developer tools
github,javascript,2016,web frontend
github,swift,2016,mobile
github,typescript,2016,web frontend
github,javascript,2016,mobile
github,go,2016,web backend
github,c#,2016,developer tools
github,kotlin,2016,mobile
github,swift,2016,mobile
github,c#,2016,developer tools
github,python,2016,data_ai
github,javascript,2016,web frontend
github,go,2016,game
github,swift,2016,mobile
github,go,2016,devops_cloud
github,go,2016,developer tools
github,rust,2016,other
github,go,2016,web backend
github,c#,2016,devops_cloud
github,python,2016,data_ai
github,kotlin,2016,mobile
github,typescript,2016,web frontend
github,java,2016,web backend
github,c#,2016,web frontend
github,rust,2016,data_ai
github,typescript,2016,web frontend
github,javascript,2016,web frontend
github,c++,2016,other
github,python,2016,web backend
github,python,2016,security
github,java,2016,mobile
github,java,2016,web backend
github,swift,2016,mobile
github,swift,2016,mobile
github,go,2016,devops_cloud
github,swift,2016,mobile
github,javascript,2016,web frontend
github,go,2016,devops_cloud
github,swift,2016,mobile
github,java,2016,devops_cloud
github,c#,2016,game
github,javascript,2016,developer tools
github,c++,2016,other
github,swift,2016,mobile
github,c#,2016,other
github,java,2016,mobile
github,rust,2016,developer tools
github,swift,2016,mobile
github,javascript,2016,web frontend
github,java,2016,mobile
github,c#,2016,game
github,java,2016,mobile
github,go,2016,other
github,javascript,2016,devops_cloud
github,java,2016,mobile
github,swift,2016,mobile
github,java,2016,mobile
github,python,2016,other
github,swift,2016,mobile
github,rust,2016,devops_cloud
github,c++,2016,other
github,kotlin,2016,mobile
github,c#,2016,game
github,swift,2016,mobile
github,swift,2016,mobile
github,rust,2016,embedded
github,kotlin,2016,mobile
github,java,2016,mobile
github,python,2016,data_ai
github,go,2016,other
github,java,2016,mobile
github,c++,2016,developer tools
github,c++,2016,developer tools
github,java,2016,web frontend
github,c#,2016,developer tools
github,javascript,2016,web frontend
github,c#,2016,other
github,c++,2016,game
github,go,2016,blockchain
github,go,2016,devops_cloud
github,swift,2016,mobile
github,swift,2016,mobile
github,java,2016,web backend
github,swift,2016,mobile
github,swift,2016,mobile
github,kotlin,2016,other
github,c#,2016,devops_cloud
github,java,2016,mobile
github,swift,2016,mobile
github,kotlin,2016,mobile
github,c#,2016,data_ai
github,javascript,2016,mobile
github,python,2016,other
github,rust,2016,game
github,javascript,2016,other
github,typescript,2016,data_ai
github,java,2016,mobile
github,swift,2016,mobile
github,swift,2016,developer tools
github,swift,2016,mobile
github,go,2016,blockchain
github,c#,2016,devops_cloud
github,go,2016,developer tools
github,go,2016,web backend
github,kotlin,2016,mobile
github,python,2016,developer tools
github,javascript,2016,blockchain
github,swift,2016,mobile
github,c++,2016,game
github,swift,2016,mobile
github,javascript,2016,web frontend
github,swift,2016,mobile
github,c++,2016,game
github,swift,2016,security
github,javascript,2016,mobile
github,c++,2016,embedded
github,kotlin,2016,mobile
github,c++,2016,other
github,python,2016,devops_cloud
github,c++,2016,game
github,c++,2016,data_ai
github,python,2016,data_ai
github,typescript,2016,mobile
github,typescript,2016,web frontend
github,python,2016,data_ai
github,java,2016,mobile
github,java,2016,mobile
github,go,2016,devops_cloud
github,javascript,2016,web frontend
github,kotlin,2016,mobile
github,c++,2016,embedded
github,rust,2016,developer tools
github,java,2016,enterprise
github,go,2016,other
github,swift,2016,mobile
github,typescript,2016,web frontend
github,c++,2016,other
github,c#,2016,other
github,swift,2016,mobile
github,swift,2016,mobile
github,go,2016,web backend
github,swift,2016,mobile
github,java,2016,mobile
github,go,2016,other
github,go,2016,developer tools
github,javascript,2016,testing_qa
github,typescript,2016,developer tools
github,python,2016,data_ai
github,swift,2016,mobile
github,c#,2016,other
github,rust,2016,developer tools
github,typescript,2016,web frontend
github,java,2016,mobile
github,javascript,2016,web frontend
github,swift,2016,mobile
github,rust,2016,developer tools
github,javascript,2016,mobile
github,swift,2016,mobile
github,java,2016,mobile
github,rust,2016,developer tools
github,java,2016,other
github,swift,2016,mobile
github,kotlin,2016,mobile
github,swift,2016,developer tools
github,kotlin,2016,mobile
github,swift,2016,mobile
github,c++,2016,game
github,swift,2016,mobile
github,swift,2016,mobile
github,python,2016,data_ai
github,c++,2016,developer tools
github,swift,2016,mobile
github,typescript,2016,testing_qa
github,c#,2016,other
github,typescript,2016,web frontend
github,kotlin,2016,mobile
github,c++,2016,embedded
github,java,2016,mobile
github,swift,2016,mobile
github,rust,2016,devops_cloud
github,rust,2016,developer tools
github,c#,2016,other
github,go,2016,other
github,typescript,2016,web frontend
github,typescript,2016,web frontend
github,java,2016,mobile
github,c++,2016,data_ai
github,kotlin,2016,data_ai
github,swift,2016,mobile
github,kotlin,2016,mobile
github,rust,2016,web backend
github,python,2016,data_ai
github,c#,2016,web backend
github,javascript,2016,other
github,swift,2016,mobile
github,go,2016,web backend
github,javascript,2016,web frontend
github,kotlin,2016,mobile
github,c++,2016,embedded
github,go,2016,security
github,kotlin,2016,game
github,python,2016,devops_cloud
github,java,2016,security
github,go,2016,embedded
github,java,2016,mobile
github,swift,2016,mobile
github,typescript,2016,web frontend
github,swift,2016,mobile
github,go,2016,other
github,javascript,2016,web frontend
github,java,2016,mobile
github,python,2016,security
github,javascript,2016,other
github,java,2016,mobile
github,javascript,2016,web frontend
github,python,2016,data_ai
github,go,2016,testing_qa
github,javascript,2016,developer tools
github,swift,2016,mobile
github,c#,2016,web backend
github,rust,2016,other
github,java,2016,mobile
github,java,2016,mobile
github,javascript,2016,web frontend
github,typescript,2016,web frontend
github,swift,2016,developer tools
github,go,2016,devops_cloud
github,c#,2016,web backend
github,kotlin,2016,mobile
github,go,2016,devops_cloud
github,rust,2016,developer tools
github,java,2016,mobile
github,swift,2016,mobile
github,javascript,2016,developer tools
github,c++,2016,data_ai
github,typescript,2016,devops_cloud
github,typescript,2016,web frontend
github,swift,2016,mobile
github,swift,2016,mobile
github,swift,2016,mobile
github,rust,2016,game
github,javascript,2016,web frontend
github,c#,2016,other
github,typescript,2016,web frontend
github,swift,2016,mobile
github,swift,2016,mobile
github,python,2016,other
github,swift,2016,developer tools
github,java,2016,mobile
github,rust,2016,other
github,java,2016,mobile
github,c++,2016,embedded
github,swift,2016,mobile
github,rust,2016,data_ai
github,java,2016,mobile
github,javascript,2016,web backend
github,javascript,2016,web backend
github,swift,2016,mobile
github,typescript,2016,web frontend
github,c++,2016,data_ai
github,go,2016,devops_cloud
github,javascript,2016,web frontend
github,swift,2016,mobile
github,swift,2016,mobile
github,c#,2016,other
github,c++,2016,other
github,kotlin,2016,mobile
github,java,2016,other
github,c#,2016,mobile
github,go,2016,developer tools
github,typescript,2016,web frontend
github,typescript,2016,web frontend
github,kotlin,2016,mobile
github,kotlin,2016,mobile
github,go,2016,devops_cloud
github,swift,2016,mobile
github,go,2016,other
github,javascript,2016,developer tools
github,swift,2016,mobile
github,go,2016,devops_cloud
github,typescript,2016,developer tools
github,kotlin,2016,mobile
github,go,2016,other
github,java,2016,mobile
github,python,2016,data_ai
github,javascript,2016,web frontend
github,javascript,2016,web backend
github,java,2016,other
github,c++,2016,game
github,c++,2016,data_ai
github,python,2016,data_ai
github,rust,2016,other
github,python,2016,data_ai
github,go,2016,other
github,rust,2016,web backend
github,c#,2016,other
github,c#,2016,game
github,python,2016,data_ai
github,c++,2016,security
github,kotlin,2016,mobile
github,c++,2016,other
github,java,2016,mobile
github,python,2016,developer tools
github,go,2016,developer tools
github,go,2016,other
github,typescript,2016,web frontend
github,go,2016,developer tools
github,swift,2016,mobile
github,kotlin,2016,mobile
github,typescript,2016,web frontend
github,java,2016,mobile
github,swift,2016,mobile
github,swift,2016,mobile
github,java,2016,other
github,swift,2016,mobile
github,java,2016,other
github,python,2016,developer tools
github,go,2016,devops_cloud
github,rust,2016,developer tools
github,go,2016,devops_cloud
github,swift,2016,mobile
github,python,2016,data_ai
github,go,2016,developer tools
github,java,2016,mobile
github,javascript,2016,web frontend
github,typescript,2016,other
github,go,2016,devops_cloud
github,python,2016,devops_cloud
github,swift,2016,mobile
github,python,2016,other
github,kotlin,2016,mobile
github,python,2016,data_ai
github,rust,2016,developer tools
github,javascript,2016,other
github,c++,2016,other
github,go,2016,web backend
github,typescript,2016,web frontend
github,go,2016,other
github,go,2016,developer tools
github,kotlin,2016,mobile
github,c++,2016,developer tools
github,javascript,2016,other
github,typescript,2016,developer tools
github,python,2016,blockchain
github,c#,2016,security
github,go,2016,embedded
github,python,2016,data_ai
github,go,2016,devops_cloud
github,go,2016,developer tools
github,python,2016,devops_cloud
github,swift,2016,mobile
github,c#,2016,web backend
github,c++,2016,embedded
github,c#,2016,other
github,swift,2016,mobile
github,rust,2016,game
github,c#,2016,web backend
github,swift,2016,mobile
github,javascript,2016,web frontend
github,rust,2016,developer tools
github,javascript,2016,data_ai
github,swift,2016,mobile
github,go,2016,iot
github,swift,2016,mobile
github,c#,2016,other
github,javascript,2016,mobile
github,swift,2016,mobile
github,typescript,2016,web frontend
github,javascript,2016,web frontend
github,java,2016,mobile
github,java,2016,game
github,rust,2016,security
github,python,2016,data_ai
github,kotlin,2016,mobile
github,kotlin,2016,mobile
github,java,2016,mobile
github,java,2016,mobile
github,kotlin,2016,mobile
github,go,2016,other
github,c++,2016,developer tools
github,c#,2016,game
github,kotlin,2016,mobile
github,java,2016,mobile
github,java,2016,mobile
github,swift,2016,mobile
github,java,2016,mobile
github,c#,2016,game
github,c++,2016,other
github,go,2016,devops_cloud
github,java,2016,mobile
github,c++,2016,other
github,java,2016,mobile
github,java,2016,mobile
github,java,2016,mobile
github,java,2016,mobile
github,kotlin,2016,mobile
github,go,2016,developer tools
github,python,2016,other
github,swift,2016,mobile
github,typescript,2016,other
github,swift,2016,mobile
github,java,2016,web backend
github,typescript,2016,web frontend
github,typescript,2016,other
github,go,2016,other
github,java,2016,mobile
github,swift,2016,mobile
github,c++,2016,other
github,python,2016,data_ai
github,kotlin,2016,mobile
github,c#,2016,enterprise
github,python,2016,security
github,javascript,2016,web frontend
github,go,2016,devops_cloud
github,go,2016,web backend
github,java,2016,other
github,rust,2016,blockchain
github,kotlin,2016,mobile
github,swift,2016,mobile
github,python,2016,data_ai
github,c++,2016,game
github,c++,2016,game
github,go,2016,blockchain
github,c++,2016,developer tools
github,c++,2016,other
github,java,2016,enterprise
github,c++,2016,other
github,c++,2016,other
github,c#,2016,mobile
github,typescript,2016,web backend
github,java,2016,devops_cloud
github,java,2016,web backend
github,java,2016,devops_cloud
github,kotlin,2016,mobile
github,go,2016,devops_cloud
github,go,2016,devops_cloud
github,java,2016,mobile
github,kotlin,2016,mobile
github,javascript,2016,web frontend
github,java,2016,mobile
github,javascript,2016,developer tools
github,rust,2016,developer tools
github,c++,2016,other
github,typescript,2016,testing_qa
github,go,2016,developer tools
github,go,2016,developer tools
github,swift,2016,mobile
github,swift,2016,mobile
github,java,2016,mobile
github,java,2016,mobile
github,python,2016,other
github,swift,2016,mobile
github,java,2016,enterprise
github,javascript,2016,developer tools
github,go,2016,developer tools
github,java,2016,mobile
github,javascript,2016,web frontend
github,typescript,2016,web frontend
github,c#,2016,game
github,c#,2016,developer tools
github,c++,2016,embedded
github,rust,2016,developer tools
github,javascript,2016,iot
github,rust,2016,other
github,java,2016,mobile
github,typescript,2016,developer tools
github,swift,2016,mobile
github,swift,2016,data_ai
github,c#,2016,blockchain
github,typescript,2016,web frontend
github,javascript,2016,web frontend
github,javascript,2016,web frontend
github,rust,2016,web frontend
github,c++,2016,developer tools
github,typescript,2016,web frontend
github,c++,2016,data_ai
github,c#,2016,developer tools
github,c++,2016,mobile
github,swift,2016,mobile
github,java,2016,other
github,typescript,2016,web frontend
github,python,2016,data_ai
github,javascript,2016,developer tools
github,python,2016,data_ai
github,typescript,2016,blockchain
github,python,2016,data_ai
github,java,2016,developer tools
github,java,2016,other
github,java,2016,mobile
github,c#,2016,developer tools
github,go,2016,developer tools
github,java,2016,mobile
github,go,2016,devops_cloud
github,go,2016,other
github,java,2016,mobile
github,typescript,2016,web frontend
github,swift,2016,mobile
github,java,2016,mobile
github,go,2016,data_ai
github,javascript,2016,web frontend
github,javascript,2016,web frontend
github,c#,2016,other
github,go,2016,developer tools
github,javascript,2016,web frontend
github,swift,2016,mobile
github,python,2016,other
github,typescript,2016,developer tools
github,c#,2016,game
github,kotlin,2016,mobile
github,go,2016,developer tools
github,python,2016,game
github,java,2016,mobile
github,swift,2016,mobile
github,rust,2016,other
github,typescript,2016,developer tools
github,java,2016,mobile
github,java,2016,mobile
github,javascript,2016,mobile
github,typescript,2016,web frontend
github,kotlin,2016,mobile
github,kotlin,2016,developer tools
github,go,2016,data_ai
github,c#,2016,devops_cloud
github,swift,2016,mobile
github,swift,2016,mobile
github,java,2016,mobile
github,kotlin,2016,mobile
github,go,2016,other
github,swift,2016,mobile
github,typescript,2016,web frontend
github,kotlin,2016,mobile
github,typescript,2016,web frontend
github,kotlin,2016,mobile
github,typescript,2016,web frontend
github,python,2016,other
github,typescript,2016,web backend
github,c++,2016,other
github,java,2016,enterprise
github,java,2016,testing_qa
github,kotlin,2016,mobile
github,swift,2016,other
github,python,2016,iot
github,swift,2016,mobile
github,swift,2016,mobile
github,swift,2016,mobile
github,c#,2016,enterprise
github,go,2016,developer tools
github,typescript,2016,web backend
github,javascript,2016,web frontend
github,typescript,2016,web backend
github,python,2016,data_ai
github,javascript,2016,data_ai
github,javascript,2016,web frontend
github,kotlin,2016,mobile
github,swift,2016,mobile
github,c++,2016,developer tools
github,c#,2016,game
github,typescript,2016,other
github,c++,2016,developer tools
github,c#,2016,other
github,javascript,2016,testing_qa
github,java,2016,mobile
github,go,2016,devops_cloud
github,c#,2016,other
github,c#,2016,web backend
github,java,2016,mobile
github,go,2016,other
github,go,2016,web backend
github,javascript,2016,web frontend
github,kotlin,2016,mobile
github,c++,2016,data_ai
github,typescript,2016,web frontend
github,go,2016,devops_cloud
github,swift,2016,mobile
github,java,2016,mobile
github,kotlin,2016,mobile
github,swift,2016,mobile
github,go,2016,web backend
github,python,2016,developer tools
github,kotlin,2016,mobile
github,c++,2016,other
github,go,2016,data_ai
github,c#,2016,web backend
github,java,2016,mobile
github,kotlin,2016,mobile
github,swift,2016,mobile
github,rust,2016,developer tools
github,java,2016,data_ai
github,c++,2016,data_ai
github,java,2016,other
github,swift,2016,developer tools
github,kotlin,2016,mobile
github,go,2016,developer tools
github,javascript,2016,developer tools
github,rust,2016,developer tools
github,rust,2016,other
github,c++,2016,developer tools
github,javascript,2016,web frontend
github,go,2016,data_ai
github,c#,2016,other
github,kotlin,2016,mobile
github,javascript,2016,web frontend
github,rust,2016,data_ai
github,typescript,2016,web frontend
github,kotlin,2016,mobile
github,kotlin,2016,web backend
github,c++,2016,embedded
github,go,2016,devops_cloud
github,javascript,2016,developer tools
github,java,2016,blockchain
github,java,2016,other
github,kotlin,2016,mobile
github,c#,2016,other
github,c++,2016,developer tools
github,java,2016,game
github,swift,2016,mobile
github,kotlin,2016,mobile
github,python,2016,other
github,c#,2016,other
github,kotlin,2016,mobile
github,javascript,2016,web frontend
github,kotlin,2016,mobile
github,c#,2016,data_ai
github,javascript,2016,developer tools
github,typescript,2016,other
github,javascript,2016,web backend
github,kotlin,2016,mobile
github,typescript,2016,web frontend
github,go,2016,developer tools
github,swift,2016,mobile
github,swift,2016,mobile
github,c++,2016,game
github,c++,2016,embedded
github,c#,2016,other
github,go,2016,other
github,swift,2016,mobile
github,java,2016,other
github,java,2016,mobile
github,javascript,2016,web frontend
github,java,2016,mobile
github,java,2016,mobile
github,c#,2016,web backend
github,c++,2016,other
github,c#,2016,mobile
github,java,2016,mobile
github,swift,2016,mobile
github,swift,2016,mobile
github,rust,2016,web backend
github,swift,2016,mobile
github,swift,2016,mobile
github,go,2016,devops_cloud
github,swift,2016,mobile
github,javascript,2016,web frontend
github,typescript,2016,web frontend
github,swift,2016,mobile
github,kotlin,2016,mobile
github,go,2016,devops_cloud
github,swift,2016,mobile
github,c++,2016,data_ai
github,kotlin,2016,mobile
github,c++,2016,game
github,swift,2016,mobile
github,go,2016,devops_cloud
github,swift,2016,mobile
github,javascript,2016,other
github,python,2016,data_ai
github,go,2016,devops_cloud
github,typescript,2016,developer tools
github,go,2016,developer tools
github,kotlin,2016,developer tools
github,c++,2016,other
github,c#,2016,data_ai
github,python,2016,web backend
github,go,2016,game
github,go,2016,data_ai
github,typescript,2016,developer tools
github,c#,2016,other
github,c#,2016,game
github,c++,2016,embedded
github,c#,2016,game
github,java,2016,mobile
github,swift,2016,testing_qa
github,c++,2016,developer tools
github,go,2016,data_ai
github,c#,2016,game
github,rust,2016,devops_cloud
github,javascript,2016,web frontend
github,swift,2016,mobile
github,javascript,2016,web frontend
github,java,2016,mobile
github,go,2016,devops_cloud
github,go,2016,devops_cloud
github,c#,2016,other
github,typescript,2016,web frontend
github,java,2016,security
github,kotlin,2016,mobile
github,kotlin,2016,mobile
github,swift,2016,mobile
github,kotlin,2016,mobile
github,go,2016,devops_cloud
github,javascript,2016,web frontend
github,typescript,2016,mobile
github,typescript,2016,web frontend
github,c++,2016,game
github,go,2016,developer tools
github,c#,2016,data_ai
github,typescript,2016,mobile
github,java,2016,other
github,python,2016,security
github,javascript,2016,testing_qa
github,kotlin,2016,mobile
github,c++,2016,other
github,c#,2016,game
github,c++,2016,other
github,c#,2016,developer tools
github,python,2016,other
github,java,2016,mobile
github,c++,2016,game
github,swift,2016,developer tools
github,rust,2016,developer tools
github,go,2016,developer tools
github,java,2016,developer tools
github,python,2016,devops_cloud
github,python,2016,data_ai
github,swift,2016,mobile
github,swift,2016,mobile
github,go,2016,other
github,javascript,2016,web frontend
github,swift,2016,mobile
github,c#,2016,blockchain
github,java,2016,enterprise
github,go,2016,devops_cloud
github,swift,2016,mobile
github,swift,2016,mobile
github,java,2016,other
github,typescript,2016,developer tools
github,kotlin,2016,mobile
github,swift,2016,developer tools
github,kotlin,2016,mobile
github,kotlin,2016,mobile
github,java,2016,mobile
github,javascript,2016,developer tools
github,go,2016,developer tools
github,kotlin,2016,mobile
github,javascript,2016,web frontend
github,java,2016,mobile
github,c#,2016,other
github,javascript,2016,blockchain
github,go,2016,developer tools
github,go,2016,devops_cloud
github,java,2016,mobile
github,kotlin,2016,web backend
github,swift,2016,mobile
github,java,2016,mobile
github,kotlin,2016,mobile
github,c#,2016,game
github,c++,2016,other
github,java,2016,mobile
github,rust,2016,developer tools
github,java,2016,iot
github,javascript,2016,web frontend
github,rust,2016,developer tools
github,c#,2016,game
github,c++,2016,data_ai
github,swift,2016,mobile
github,typescript,2016,data_ai
github,typescript,2016,web frontend
github,javascript,2016,other
github,javascript,2016,web frontend
github,typescript,2016,developer tools
github,swift,2016,mobile
github,java,2016,web backend
github,typescript,2016,web frontend
github,rust,2016,game
github,go,2016,devops_cloud
github,kotlin,2016,mobile
github,kotlin,2016,mobile
github,kotlin,2016,mobile
github,c#,2016,mobile
github,java,2016,mobile
github,go,2016,devops_cloud
github,javascript,2016,developer tools
github,swift,2016,mobile
github,go,2016,blockchain
github,typescript,2016,mobile
github,typescript,2016,developer tools
github,c++,2016,data_ai
github,kotlin,2016,mobile
github,swift,2016,mobile
github,java,2016,mobile
github,go,2016,developer tools
github,java,2016,mobile
github,c#,2016,developer tools
github,swift,2016,mobile
github,swift,2016,mobile
github,java,2016,mobile
github,javascript,2016,web frontend
github,kotlin,2016,mobile
github,go,2016,devops_cloud
github,typescript,2016,data_ai
github,go,2016,other
github,c#,2016,game
github,java,2017,mobile
github,kotlin,2017,mobile
github,python,2017,developer tools
github,swift,2017,mobile
github,swift,2017,mobile
github,java,2017,mobile
github,swift,2017,mobile
github,swift,2017,mobile
github,swift,2017,mobile
github,c++,2017,security
github,kotlin,2017,mobile
github,kotlin,2017,devops_cloud
github,javascript,2017,mobile
github,c#,2017,other
github,java,2017,developer tools
github,c++,2017,mobile
github,c#,2017,other
github,rust,2017,developer tools
github,kotlin,2017,developer tools
github,javascript,2017,web backend
github,c#,2017,other
github,kotlin,2017,mobile
github,java,2017,other
github,kotlin,2017,web frontend
github,swift,2017,developer tools
github,c++,2017,other
github,kotlin,2017,mobile
github,c++,2017,embedded
github,c#,2017,web backend
github,go,2017,other
github,typescript,2017,web frontend
github,java,2017,mobile
github,java,2017,mobile
github,python,2017,other
github,c#,2017,game
github,c#,2017,game
github,kotlin,2017,mobile
github,go,2017,developer tools
github,python,2017,other
github,java,2017,mobile
github,javascript,2017,mobile
github,python,2017,data_ai
github,rust,2017,developer tools
github,c#,2017,iot
github,java,2017,mobile
github,go,2017,other
github,python,2017,developer tools
github,c++,2017,developer tools
github,typescript,2017,web frontend
github,javascript,2017,web frontend
github,c++,2017,embedded
github,c#,2017,other
github,typescript,2017,web frontend
github,java,2017,mobile
github,swift,2017,mobile
github,rust,2017,other
github,typescript,2017,developer tools
github,java,2017,web backend
github,go,2017,other
github,java,2017,mobile
github,javascript,2017,developer tools
github,javascript,2017,web frontend
github,c#,2017,other
github,go,2017,devops_cloud
github,javascript,2017,security
github,javascript,2017,web frontend
github,c#,2017,other
github,c#,2017,developer tools
github,swift,2017,mobile
github,c++,2017,devops_cloud
github,java,2017,mobile
github,swift,2017,mobile
github,kotlin,2017,mobile
github,typescript,2017,web frontend
github,java,2017,mobile
github,java,2017,other
github,javascript,2017,developer tools
github,kotlin,2017,mobile
github,javascript,2017,web backend
github,swift,2017,mobile
github,kotlin,2017,mobile
github,python,2017,devops_cloud
github,go,2017,web backend
github,typescript,2017,web frontend
github,typescript,2017,devops_cloud
github,python,2017,data_ai
github,kotlin,2017,mobile
github,swift,2017,developer tools
github,go,2017,web backend
github,python,2017,data_ai
github,go,2017,developer tools
github,swift,2017,security
github,go,2017,web backend
github,java,2017,mobile
github,c++,2017,developer tools
github,c#,2017,developer tools
github,javascript,2017,web frontend
github,typescript,2017,data_ai
github,python,2017,security
github,c#,2017,game
github,python,2017,data_ai
github,javascript,2017,web frontend
github,c#,2017,game
github,c++,2017,embedded
github,swift,2017,mobile
github,c++,2017,developer tools
github,c#,2017,enterprise
github,kotlin,2017,mobile
github,swift,2017,mobile
github,javascript,2017,developer tools
github,swift,2017,mobile
github,rust,2017,developer tools
github,swift,2017,mobile
github,c++,2017,developer tools
github,go,2017,developer tools
github,typescript,2017,testing_qa
github,kotlin,2017,mobile
github,rust,2017,blockchain
github,c#,2017,web backend
github,typescript,2017,web frontend
github,javascript,2017,data_ai
github,typescript,2017,web frontend
github,typescript,2017,web backend
github,swift,2017,mobile
github,go,2017,other
github,kotlin,2017,mobile
github,kotlin,2017,devops_cloud
github,c++,2017,other
github,java,2017,mobile
github,python,2017,data_ai
github,java,2017,other
github,javascript,2017,web frontend
github,javascript,2017,devops_cloud
github,c#,2017,other
github,java,2017,web backend
github,swift,2017,mobile
github,c#,2017,developer tools
github,go,2017,other
github,typescript,2017,web frontend
github,python,2017,data_ai
github,swift,2017,mobile
github,java,2017,mobile
github,java,2017,web backend
github,swift,2017,mobile
github,go,2017,web backend
github,go,2017,devops_cloud
github,go,2017,web backend
github,python,2017,other
github,go,2017,developer tools
github,typescript,2017,developer tools
github,java,2017,data_ai
github,go,2017,devops_cloud
github,typescript,2017,web frontend
github,c#,2017,devops_cloud
github,swift,2017,mobile
github,c#,2017,other
github,go,2017,developer tools
github,rust,2017,other
github,javascript,2017,web frontend
github,swift,2017,data_ai
github,c++,2017,security
github,rust,2017,other
github,java,2017,security
github,java,2017,enterprise
github,python,2017,security
github,rust,2017,web frontend
github,c++,2017,security
github,java,2017,mobile
github,c#,2017,iot
github,python,2017,data_ai
github,go,2017,other
github,typescript,2017,developer tools
github,java,2017,other
github,java,2017,developer tools
github,javascript,2017,devops_cloud
github,go,2017,mobile
github,javascript,2017,web backend
github,swift,2017,mobile
github,go,2017,other
github,swift,2017,mobile
github,javascript,2017,web backend
github,swift,2017,mobile
github,python,2017,devops_cloud
github,typescript,2017,testing_qa
github,go,2017,developer tools
github,swift,2017,mobile
github,swift,2017,mobile
github,typescript,2017,web frontend
github,java,2017,other
github,go,2017,data_ai
github,rust,2017,other
github,typescript,2017,web frontend
github,typescript,2017,web frontend
github,swift,2017,mobile
github,java,2017,mobile
github,go,2017,devops_cloud
github,swift,2017,mobile
github,typescript,2017,web frontend
github,java,2017,mobile
github,c++,2017,other
github,swift,2017,mobile
github,c#,2017,other
github,javascript,2017,security
github,go,2017,game
github,javascript,2017,developer tools
github,c++,2017,mobile
github,javascript,2017,web frontend
github,swift,2017,mobile
github,kotlin,2017,mobile
github,c#,2017,devops_cloud
github,javascript,2017,web frontend
github,c++,2017,other
github,go,2017,developer tools
github,javascript,2017,developer tools
github,go,2017,devops_cloud
github,kotlin,2017,mobile
github,c++,2017,web frontend
github,swift,2017,mobile
github,swift,2017,mobile
github,c#,2017,other
github,java,2017,enterprise
github,c#,2017,game
github,python,2017,data_ai
github,rust,2017,developer tools
github,go,2017,devops_cloud
github,swift,2017,mobile
github,typescript,2017,web frontend
github,java,2017,devops_cloud
github,typescript,2017,web backend
github,kotlin,2017,other
github,swift,2017,mobile
github,swift,2017,mobile
github,java,2017,mobile
github,typescript,2017,game
github,javascript,2017,devops_cloud
github,java,2017,mobile
github,typescript,2017,other
github,swift,2017,mobile
github,java,2017,web backend
github,typescript,2017,web frontend
github,swift,2017,mobile
github,java,2017,mobile
github,python,2017,security
github,kotlin,2017,other
github,java,2017,web backend
github,java,2017,data_ai
github,c++,2017,developer tools
github,swift,2017,mobile
github,go,2017,devops_cloud
github,python,2017,data_ai
github,typescript,2017,web frontend
github,swift,2017,mobile
github,kotlin,2017,mobile
github,go,2017,developer tools
github,javascript,2017,web frontend
github,java,2017,mobile
github,go,2017,other
github,go,2017,developer tools
github,python,2017,data_ai
github,typescript,2017,web frontend
github,swift,2017,mobile
github,go,2017,developer tools
github,java,2017,mobile
github,typescript,2017,data_ai
github,c#,2017,game
github,go,2017,blockchain
github,swift,2017,mobile
github,java,2017,other
github,c#,2017,game
github,kotlin,2017,mobile
github,kotlin,2017,mobile
github,python,2017,data_ai
github,rust,2017,data_ai
github,javascript,2017,developer tools
github,kotlin,2017,mobile
github,kotlin,2017,testing_qa
github,rust,2017,embedded
github,rust,2017,developer tools
github,swift,2017,mobile
github,kotlin,2017,mobile
github,swift,2017,mobile
github,c#,2017,web backend
github,swift,2017,mobile
github,go,2017,devops_cloud
github,python,2017,data_ai
github,swift,2017,mobile
github,go,2017,developer tools
github,swift,2017,mobile
github,swift,2017,mobile
github,go,2017,developer tools
github,java,2017,mobile
github,kotlin,2017,mobile
github,javascript,2017,web frontend
github,java,2017,mobile
github,javascript,2017,web backend
github,c#,2017,other
github,swift,2017,mobile
github,typescript,2017,web backend
github,javascript,2017,web frontend
github,typescript,2017,mobile
github,javascript,2017,other
github,go,2017,developer tools
github,kotlin,2017,mobile
github,typescript,2017,web frontend
github,javascript,2017,developer tools
github,java,2017,mobile
github,c++,2017,developer tools
github,typescript,2017,developer tools
github,c++,2017,game
github,rust,2017,blockchain
github,swift,2017,mobile
github,go,2017,other
github,java,2017,mobile
github,typescript,2017,web frontend
github,kotlin,2017,mobile
github,typescript,2017,other
github,javascript,2017,web frontend
github,go,2017,web backend
github,typescript,2017,web frontend
github,typescript,2017,other
github,go,2017,developer tools
github,python,2017,data_ai
github,python,2017,data_ai
github,c++,2017,other
github,python,2017,data_ai
github,c#,2017,security
github,java,2017,mobile
github,swift,2017,mobile
github,java,2017,mobile
github,typescript,2017,web frontend
github,typescript,2017,blockchain
github,typescript,2017,web frontend
github,java,2017,mobile
github,javascript,2017,web backend
github,java,2017,web backend
github,kotlin,2017,mobile
github,java,2017,other
github,java,2017,mobile
github,swift,2017,mobile
github,c++,2017,other
github,java,2017,mobile
github,java,2017,mobile
github,python,2017,data_ai
github,go,2017,devops_cloud
github,swift,2017,mobile
github,javascript,2017,developer tools
github,go,2017,other
github,java,2017,mobile
github,javascript,2017,web frontend
github,java,2017,mobile
github,c++,2017,data_ai
github,c#,2017,game
github,kotlin,2017,mobile
github,c#,2017,game
github,go,2017,other
github,c#,2017,security
github,python,2017,data_ai
github,swift,2017,mobile
github,c++,2017,developer tools
github,typescript,2017,developer tools
github,c++,2017,other
github,go,2017,security
github,c#,2017,other
github,c++,2017,developer tools
github,typescript,2017,web frontend
github,kotlin,2017,mobile
github,javascript,2017,web frontend
github,c++,2017,developer tools
github,swift,2017,mobile
github,java,2017,other
github,javascript,2017,mobile
github,c#,2017,other
github,java,2017,mobile
github,kotlin,2017,mobile
github,c++,2017,developer tools
github,c++,2017,embedded
github,typescript,2017,developer tools
github,kotlin,2017,mobile
github,typescript,2017,developer tools
github,c#,2017,other
github,python,2017,other
github,javascript,2017,developer tools
github,rust,2017,game
github,java,2017,mobile
github,javascript,2017,web frontend
github,c#,2017,other
github,typescript,2017,web frontend
github,c#,2017,developer tools
github,c++,2017,embedded
github,swift,2017,mobile
github,go,2017,other
github,typescript,2017,mobile
github,c#,2017,enterprise
github,typescript,2017,web frontend
github,go,2017,devops_cloud
github,java,2017,mobile
github,typescript,2017,web frontend
github,java,2017,mobile
github,swift,2017,mobile
github,python,2017,data_ai
github,typescript,2017,developer tools
github,c#,2017,web backend
github,java,2017,other
github,c++,2017,other
github,c++,2017,other
github,swift,2017,developer tools
github,swift,2017,mobile
github,rust,2017,developer tools
github,c#,2017,web frontend
github,kotlin,2017,mobile
github,java,2017,mobile
github,swift,2017,mobile
github,go,2017,developer tools
github,typescript,2017,developer tools
github,java,2017,mobile
github,c#,2017,security
github,java,2017,developer tools
github,c++,2017,embedded
github,swift,2017,mobile
github,go,2017,other
github,javascript,2017,web frontend
github,swift,2017,mobile
github,typescript,2017,web frontend
github,c#,2017,developer tools
github,swift,2017,mobile
github,swift,2017,mobile
github,javascript,2017,web frontend
github,go,2017,devops_cloud
github,java,2017,mobile
github,swift,2017,mobile
github,c++,2017,data_ai
github,c++,2017,data_ai
github,swift,2017,mobile
github,java,2017,other
github,c++,2017,security
github,javascript,2017,mobile
github,javascript,2017,web backend
github,c++,2017,other
github,kotlin,2017,mobile
github,python,2017,data_ai
github,swift,2017,mobile
github,go,2017,devops_cloud
github,swift,2017,mobile
github,go,2017,developer tools
github,go,2017,developer tools
github,typescript,2017,web frontend
github,java,2017,devops_cloud
github,javascript,2017,developer tools
github,kotlin,2017,mobile
github,c++,2017,game
github,rust,2017,developer tools
github,swift,2017,mobile
github,go,2017,devops_cloud
github,java,2017,mobile
github,kotlin,2017,mobile
github,go,2017,other
github,java,2017,devops_cloud
github,c#,2017,other
github,swift,2017,mobile
github,typescript,2017,mobile
github,rust,2017,developer tools
github,swift,2017,mobile
github,java,2017,mobile
github,javascript,2017,web frontend
github,c#,2017,web backend
github,swift,2017,mobile
github,rust,2017,security
github,typescript,2017,web frontend
github,swift,2017,mobile
github,python,2017,other
github,go,2017,data_ai
github,go,2017,devops_cloud
github,swift,2017,other
github,typescript,2017,web frontend
github,javascript,2017,mobile
github,swift,2017,mobile
github,javascript,2017,web frontend
github,python,2017,developer tools
github,go,2017,other
github,java,2017,mobile
github,javascript,2017,web frontend
github,go,2017,devops_cloud
github,typescript,2017,developer tools
github,swift,2017,mobile
github,kotlin,2017,mobile
github,python,2017,data_ai
github,typescript,2017,developer tools
github,go,2017,developer tools
github,java,2017,mobile
github,c#,2017,game
github,swift,2017,mobile
github,rust,2017,data_ai
github,java,2017,mobile
github,kotlin,2017,mobile
github,swift,2017,mobile
github,python,2017,data_ai
github,javascript,2017,developer tools
github,rust,2017,developer tools
github,typescript,2017,developer tools
github,kotlin,2017,mobile
github,c++,2017,security
github,javascript,2017,developer tools
github,go,2017,devops_cloud
github,kotlin,2017,mobile
github,c++,2017,game
github,python,2017,data_ai
github,java,2017,mobile
github,rust,2017,web frontend
github,typescript,2017,web frontend
github,go,2017,devops_cloud
github,go,2017,devops_cloud
github,java,2017,mobile
github,java,2017,mobile
github,java,2017,mobile
github,kotlin,2017,mobile
github,go,2017,devops_cloud
github,go,2017,other
github,c++,2017,embedded
github,python,2017,data_ai
github,typescript,2017,developer tools
github,go,2017,developer tools
github,java,2017,mobile
github,java,2017,mobile
github,c++,2017,data_ai
github,kotlin,2017,mobile
github,go,2017,developer tools
github,typescript,2017,devops_cloud
github,c#,2017,other
github,kotlin,2017,web backend
github,swift,2017,mobile
github,java,2017,developer tools
github,typescript,2017,web frontend
github,kotlin,2017,mobile
github,javascript,2017,web frontend
github,go,2017,developer tools
github,rust,2017,other
github,java,2017,mobile
github,python,2017,developer tools
github,kotlin,2017,mobile
github,javascript,2017,web frontend
github,kotlin,2017,mobile
github,kotlin,2017,mobile
github,javascript,2017,developer tools
github,javascript,2017,testing_qa
github,go,2017,developer tools
github,go,2017,developer tools
github,go,2017,devops_cloud
github,c#,2017,other
github,go,2017,devops_cloud
github,java,2017,mobile
github,java,2017,mobile
github,rust,2017,game
github,go,2017,web frontend
github,javascript,2017,web frontend
github,java,2017,enterprise
github,swift,2017,mobile
github,c++,2017,data_ai
github,java,2017,other
github,typescript,2017,web frontend
github,typescript,2017,web backend
github,java,2017,developer tools
github,typescript,2017,web backend
github,python,2017,data_ai
github,swift,2017,mobile
github,c#,2017,game
github,javascript,2017,web frontend
github,go,2017,other
github,java,2017,mobile
github,swift,2017,mobile
github,python,2017,web backend
github,typescript,2017,web frontend
github,go,2017,devops_cloud
github,c++,2017,data_ai
github,typescript,2017,web frontend
github,swift,2017,mobile
github,rust,2017,other
github,c#,2017,web backend
github,swift,2017,mobile
github,kotlin,2017,game
github,python,2017,security
github,c++,2017,blockchain
github,c#,2017,other
github,c++,2017,data_ai
github,javascript,2017,web frontend
github,c++,2017,data_ai
github,javascript,2017,testing_qa
github,kotlin,2017,developer tools
github,c++,2017,data_ai
github,python,2017,other
github,python,2017,data_ai
github,rust,2017,developer tools
github,typescript,2017,web frontend
github,c#,2017,security
github,python,2017,developer tools
github,typescript,2017,web backend
github,javascript,2017,web frontend
github,javascript,2017,web frontend
github,java,2017,web backend
github,swift,2017,mobile
github,kotlin,2017,mobile
github,go,2017,developer tools
github,go,2017,other
github,javascript,2017,web frontend
github,c#,2017,developer tools
github,java,2017,mobile
github,c#,2017,game
github,go,2017,web backend
github,go,2017,other
github,kotlin,2017,mobile
github,go,2017,testing_qa
github,go,2017,developer tools
github,java,2017,other
github,java,2017,testing_qa
github,swift,2017,mobile
github,javascript,2017,developer tools
github,go,2017,web backend
github,typescript,2017,developer tools
github,c#,2017,data_ai
github,typescript,2017,developer tools
github,go,2017,developer tools
github,go,2017,devops_cloud
github,c#,2017,other
github,python,2017,data_ai
github,java,2017,game
github,javascript,2017,web backend
github,java,2017,developer tools
github,swift,2017,mobile
github,typescript,2017,mobile
github,go,2017,other
github,c++,2017,other
github,typescript,2017,other
github,go,2017,data_ai
github,python,2017,web backend
github,c++,2017,game
github,swift,2017,mobile
github,swift,2017,mobile
github,c++,2017,developer tools
github,kotlin,2017,mobile
github,kotlin,2017,mobile
github,c#,2017,other
github,swift,2017,mobile
github,kotlin,2017,mobile
github,swift,2017,mobile
github,python,2017,security
github,go,2017,devops_cloud
github,c++,2017,game
github,c#,2017,game
github,c#,2017,game
github,rust,2017,developer tools
github,c#,2017,web frontend
github,javascript,2017,testing_qa
github,c#,2017,developer tools
github,java,2017,mobile
github,javascript,2017,game
github,kotlin,2017,developer tools
github,kotlin,2017,mobile
github,kotlin,2017,mobile
github,kotlin,2017,mobile
github,kotlin,2017,developer tools
github,python,2017,data_ai
github,swift,2017,mobile
github,go,2017,data_ai
github,javascript,2017,testing_qa
github,typescript,2017,web frontend
github,kotlin,2017,mobile
github,swift,2017,mobile
github,typescript,2017,other
github,kotlin,2017,mobile
github,c++,2017,other
github,python,2017,data_ai
github,go,2017,devops_cloud
github,c#,2017,other
github,swift,2017,mobile
github,rust,2017,game
github,go,2017,other
github,swift,2017,mobile
github,c#,2017,enterprise
github,javascript,2017,blockchain
github,go,2017,data_ai
github,swift,2017,mobile
github,go,2017,other
github,typescript,2017,devops_cloud
github,swift,2017,mobile
github,swift,2017,mobile
github,go,2017,developer tools
github,java,2017,other
github,swift,2017,mobile
github,kotlin,2017,mobile
github,go,2017,other
github,typescript,2017,web frontend
github,swift,2017,mobile
github,typescript,2017,web frontend
github,c++,2017,other
github,java,2017,mobile
github,c#,2017,game
github,typescript,2017,web frontend
github,c++,2017,other
github,typescript,2017,web frontend
github,rust,2017,blockchain
github,javascript,2017,developer tools
github,java,2017,mobile
github,java,2017,other
github,swift,2017,other
github,swift,2017,mobile
github,rust,2017,other
github,java,2017,mobile
github,swift,2017,mobile
github,python,2017,data_ai
github,swift,2017,mobile
github,typescript,2017,web frontend
github,swift,2017,mobile
github,swift,2017,mobile
github,c++,2017,devops_cloud
github,java,2017,mobile
github,javascript,2017,web frontend
github,python,2017,security
github,javascript,2017,developer tools
github,kotlin,2017,mobile
github,c++,2017,data_ai
github,java,2017,web backend
github,javascript,2017,web frontend
github,typescript,2017,web frontend
github,c#,2017,game
github,c#,2017,developer tools
github,swift,2017,mobile
github,go,2017,developer tools
github,java,2017,web backend
github,java,2017,other
github,python,2017,other
github,python,2017,data_ai
github,go,2017,developer tools
github,java,2017,developer tools
github,typescript,2017,web frontend
github,c#,2017,game
github,java,2017,mobile
github,java,2017,web backend
github,swift,2017,other
github,kotlin,2017,mobile
github,c++,2017,data_ai
github,c++,2017,data_ai
github,c#,2017,other
github,kotlin,2017,mobile
github,go,2017,devops_cloud
github,go,2017,web backend
github,go,2017,other
github,kotlin,2017,mobile
github,c++,2017,other
github,kotlin,2017,mobile
github,c#,2017,mobile
github,javascript,2017,devops_cloud
github,swift,2017,mobile
github,javascript,2017,developer tools
github,swift,2017,mobile
github,java,2017,developer tools
github,swift,2017,mobile
github,c#,2017,developer tools
github,swift,2017,mobile
github,swift,2017,mobile
github,python,2017,data_ai
github,go,2017,devops_cloud
github,swift,2017,mobile
github,java,2017,mobile
github,python,2017,developer tools
github,java,2017,mobile
github,swift,2017,mobile
github,python,2017,data_ai
github,c#,2017,enterprise
github,swift,2017,mobile
github,java,2017,mobile
github,kotlin,2017,mobile
github,javascript,2017,devops_cloud
github,c++,2017,game
github,kotlin,2017,mobile
github,python,2017,data_ai
github,javascript,2017,web frontend
github,kotlin,2017,mobile
github,typescript,2017,developer tools
github,c++,2017,game
github,typescript,2017,web frontend
github,rust,2017,testing_qa
github,java,2017,mobile
github,javascript,2017,web frontend
github,rust,2017,other
github,c++,2017,other
github,typescript,2017,developer tools
github,c#,2017,enterprise
github,c++,2017,developer tools
github,go,2017,blockchain
github,javascript,2017,other
github,javascript,2017,web frontend
github,typescript,2017,blockchain
github,javascript,2017,web frontend
github,kotlin,2017,mobile
github,javascript,2017,other
github,javascript,2017,web backend
github,java,2017,developer tools
github,rust,2017,devops_cloud
github,swift,2017,testing_qa
github,typescript,2017,developer tools
github,swift,2017,mobile
github,typescript,2017,web frontend
github,c++,2017,developer tools
github,python,2017,other
github,go,2017,other
github,swift,2017,developer tools
github,go,2017,devops_cloud
github,typescript,2017,developer tools
github,java,2017,mobile
github,c#,2017,enterprise
github,rust,2017,developer tools
github,python,2017,data_ai
github,python,2017,other
github,java,2017,mobile
github,c#,2017,other
github,c#,2017,other
github,python,2017,data_ai
github,rust,2017,web frontend
github,c++,2017,blockchain
github,go,2017,developer tools
github,c#,2017,game
github,rust,2017,game
github,javascript,2017,web frontend
github,typescript,2017,web backend
github,python,2017,other
github,typescript,2017,web frontend
github,javascript,2017,web frontend
github,java,2017,web backend
github,javascript,2017,developer tools
github,java,2017,mobile
github,javascript,2017,security
github,kotlin,2017,mobile
github,c#,2017,web backend
github,swift,2017,mobile
github,kotlin,2017,mobile
github,c++,2017,data_ai
github,typescript,2017,blockchain
github,typescript,2017,developer tools
github,python,2017,developer tools
github,javascript,2017,web frontend
github,java,2017,other
github,typescript,2017,developer tools
github,javascript,2017,web frontend
github,swift,2017,mobile
github,typescript,2017,web frontend
github,javascript,2017,data_ai
github,javascript,2017,web frontend
github,java,2017,mobile
github,swift,2017,mobile
github,rust,2017,data_ai
github,swift,2017,mobile
github,go,2017,devops_cloud
github,c#,2017,game
github,kotlin,2017,developer tools
github,typescript,2017,web frontend
github,java,2017,mobile
github,kotlin,2017,mobile
github,javascript,2017,web frontend
github,c++,2017,data_ai
github,java,2017,security
github,go,2017,developer tools
github,kotlin,2017,mobile
github,go,2017,security
github,c#,2017,web frontend
github,javascript,2017,other
github,c++,2017,embedded
github,swift,2017,other
github,typescript,2017,web frontend
github,c#,2017,web backend
github,kotlin,2017,mobile
github,python,2017,data_ai
github,rust,2017,security
github,python,2017,data_ai
github,c#,2017,other
github,javascript,2017,developer tools
github,go,2017,web backend
github,java,2017,developer tools
github,python,2017,data_ai
github,swift,2017,mobile
github,c#,2017,developer tools
github,go,2017,security
github,python,2017,other
github,go,2017,devops_cloud
github,python,2017,developer tools
github,swift,2017,mobile
github,c++,2017,other
github,typescript,2017,other
github,c#,2017,other
github,javascript,2017,web frontend
github,python,2017,other
github,c++,2017,other
github,go,2017,developer tools
github,rust,2017,security
github,swift,2017,mobile
github,javascript,2017,web frontend
github,java,2017,developer tools
github,java,2017,data_ai
github,javascript,2017,web frontend
github,go,2017,mobile
github,kotlin,2017,mobile
github,swift,2017,mobile
github,javascript,2017,web frontend
github,go,2017,testing_qa
github,kotlin,2017,mobile
github,c#,2017,web backend
github,c#,2017,other
github,kotlin,2017,mobile
github,kotlin,2017,web frontend
github,c++,2017,data_ai
github,python,2017,devops_cloud
github,c#,2017,blockchain
github,javascript,2017,web frontend
github,python,2017,devops_cloud
github,rust,2017,developer tools
github,rust,2017,developer tools
github,javascript,2017,developer tools
github,kotlin,2017,mobile
github,swift,2017,mobile
github,c#,2017,developer tools
github,kotlin,2017,game
github,java,2017,web backend
github,go,2017,other
github,c++,2017,other
github,go,2017,devops_cloud
github,rust,2017,enterprise
github,python,2017,data_ai
github,c++,2017,security
github,rust,2017,game
github,typescript,2017,web frontend
github,c++,2017,other
github,c#,2017,embedded
github,go,2017,devops_cloud
github,python,2017,security
github,typescript,2017,devops_cloud
github,swift,2017,mobile
github,go,2017,web backend
github,rust,2017,blockchain
github,swift,2017,mobile
github,c++,2017,data_ai
github,javascript,2017,web frontend
github,python,2017,other
github,java,2017,data_ai
github,c#,2017,enterprise
github,c#,2017,data_ai
github,go,2017,data_ai
github,typescript,2017,web frontend
github,c#,2017,web backend
github,kotlin,2017,mobile
github,swift,2017,mobile
github,typescript,2017,other
github,swift,2017,mobile
github,rust,2017,devops_cloud
github,python,2017,data_ai
github,c++,2017,data_ai
github,java,2017,developer tools
github,java,2017,web backend
github,typescript,2017,other
github,c#,2017,game
github,swift,2017,mobile
github,go,2017,web backend
github,c#,2017,developer tools
github,swift,2017,mobile
github,swift,2017,game
github,c#,2017,web backend
github,go,2017,security
github,go,2017,devops_cloud
github,javascript,2017,web frontend
github,java,2017,security
github,java,2017,mobile
github,c++,2017,data_ai
github,rust,2017,other
github,c++,2017,developer tools
github,go,2017,web backend
github,javascript,2017,mobile
github,kotlin,2017,mobile
github,typescript,2017,web frontend
github,c#,2017,developer tools
github,go,2017,devops_cloud
github,typescript,2017,web backend
github,c#,2017,developer tools
github,go,2017,developer tools
github,javascript,2017,developer tools
github,c++,2017,other
github,c#,2017,other
github,typescript,2017,devops_cloud
github,go,2017,developer tools
github,kotlin,2017,mobile
github,c#,2017,web backend
github,javascript,2017,web backend
github,c#,2017,web backend
github,go,2017,data_ai
github,c++,2017,embedded
github,swift,2017,mobile
github,typescript,2017,web frontend
github,go,2017,devops_cloud
github,swift,2017,mobile
github,c++,2017,security
github,c#,2017,enterprise
github,c++,2017,other
github,java,2017,enterprise
github,rust,2017,blockchain
github,java,2017,other
github,c++,2017,other
github,go,2017,devops_cloud
github,rust,2017,developer tools
github,c#,2017,game
github,kotlin,2017,mobile
github,kotlin,2017,mobile
github,c++,2017,game
github,swift,2017,mobile
github,kotlin,2017,developer tools
github,go,2017,security
github,swift,2017,mobile
github,c++,2017,other
github,c#,2017,web backend
github,c++,2017,embedded
github,swift,2017,mobile
github,rust,2017,other
github,java,2017,mobile
github,go,2017,devops_cloud
github,go,2017,web backend
github,python,2017,devops_cloud
github,java,2017,mobile
github,java,2017,enterprise
github,swift,2017,mobile
github,java,2017,mobile
github,swift,2017,mobile
github,typescript,2017,web frontend
github,java,2017,developer tools
github,python,2017,testing_qa
github,javascript,2017,other
github,javascript,2017,web frontend
github,rust,2017,data_ai
github,swift,2017,developer tools
github,swift,2017,mobile
github,java,2017,web backend
github,swift,2017,mobile
github,swift,2017,mobile
github,c#,2017,other
github,typescript,2017,web frontend
github,swift,2017,mobile
github,go,2017,devops_cloud
github,c#,2017,developer tools
github,swift,2017,mobile
github,rust,2017,other
github,go,2017,devops_cloud
github,go,2017,devops_cloud
github,go,2017,devops_cloud
github,typescript,2017,developer tools
github,python,2017,data_ai
github,go,2017,developer tools
github,kotlin,2017,mobile
github,rust,2017,blockchain
github,swift,2017,mobile
github,c#,2017,game
github,c#,2017,other
github,c++,2017,developer tools
github,rust,2017,security
github,javascript,2017,web frontend
github,java,2017,other
github,java,2017,web backend
github,c#,2017,mobile
github,c++,2017,other
github,javascript,2017,security
github,typescript,2017,web frontend
github,java,2017,other
github,go,2017,devops_cloud
github,go,2017,devops_cloud
github,kotlin,2017,mobile
github,go,2017,web backend
github,kotlin,2017,mobile
github,swift,2017,mobile
github,python,2017,data_ai
github,swift,2017,mobile
github,swift,2017,mobile
github,typescript,2017,web frontend
github,typescript,2017,mobile
github,go,2017,devops_cloud
github,c++,2017,enterprise
github,javascript,2017,developer tools
github,kotlin,2017,mobile
github,typescript,2017,web frontend
github,swift,2017,mobile
github,typescript,2017,web frontend
github,kotlin,2017,mobile
github,go,2017,other
github,swift,2017,mobile
github,c++,2017,other
github,javascript,2017,web frontend
github,javascript,2017,web frontend
github,javascript,2017,web backend
github,javascript,2017,other
github,javascript,2017,web frontend
github,rust,2017,developer tools
github,javascript,2017,developer tools
github,javascript,2017,web backend
github,python,2017,data_ai
github,java,2017,other
github,javascript,2017,devops_cloud
github,typescript,2017,developer tools
github,c#,2017,embedded
github,typescript,2017,web frontend
github,java,2017,mobile
github,c#,2017,other
github,typescript,2017,web frontend
github,java,2017,mobile
github,c#,2017,developer tools
github,c++,2017,embedded
github,kotlin,2017,developer tools
github,typescript,2017,data_ai
github,c#,2017,web backend
github,typescript,2017,web frontend
github,javascript,2017,web frontend
github,swift,2017,mobile
github,c++,2017,data_ai
github,c++,2017,other
github,c#,2017,other
github,kotlin,2017,mobile
github,rust,2017,blockchain
github,javascript,2017,web frontend
github,c++,2017,game
github,javascript,2017,developer tools
github,c#,2017,mobile
github,typescript,2017,other
github,swift,2017,mobile
github,python,2017,data_ai
github,c++,2017,embedded
github,python,2017,data_ai
github,c++,2017,data_ai
github,java,2017,enterprise
github,kotlin,2017,mobile
github,c#,2017,game
github,c#,2017,data_ai
github,typescript,2017,data_ai
github,typescript,2017,web frontend
github,c++,2017,embedded
github,java,2017,other
github,c#,2017,game
github,c#,2017,other
github,python,2017,data_ai
github,go,2017,developer tools
github,javascript,2017,security
github,go,2017,other
github,c++,2017,other
github,swift,2017,mobile
github,swift,2017,mobile
github,javascript,2017,web frontend
github,kotlin,2017,mobile
github,go,2017,devops_cloud
github,javascript,2017,web frontend
github,c++,2017,security
github,javascript,2017,web backend
github,kotlin,2017,mobile
github,c++,2017,game
github,c#,2017,developer tools
github,swift,2017,mobile
github,typescript,2017,developer tools
github,c++,2017,developer tools
github,python,2017,developer tools
github,swift,2017,mobile
github,javascript,2017,mobile
github,swift,2017,mobile
github,swift,2017,mobile
github,python,2017,data_ai
github,java,2017,data_ai
github,python,2017,security
github,java,2017,security
github,rust,2017,other
github,kotlin,2017,mobile
github,java,2017,other
github,typescript,2017,web frontend
github,go,2017,enterprise
github,javascript,2017,web frontend
github,rust,2017,developer tools
github,python,2017,developer tools
github,kotlin,2017,mobile
github,rust,2017,web backend
github,python,2017,data_ai
github,typescript,2017,web frontend
github,python,2017,other
github,c++,2017,other
github,kotlin,2017,mobile
github,rust,2017,data_ai
github,go,2017,devops_cloud
github,java,2017,other
github,kotlin,2017,mobile
github,c#,2017,other
github,c++,2017,other
github,java,2017,testing_qa
github,python,2017,other
github,kotlin,2017,mobile
github,java,2017,security
github,rust,2017,other
github,c++,2017,blockchain
github,c#,2017,enterprise
github,java,2017,mobile
github,go,2017,devops_cloud
github,python,2017,data_ai
github,kotlin,2017,mobile
github,javascript,2017,security
github,go,2017,developer tools
github,swift,2017,developer tools
github,swift,2017,mobile
github,c#,2017,data_ai
github,c++,2017,data_ai
github,typescript,2018,security
github,c++,2018,embedded
github,swift,2018,mobile
github,javascript,2018,blockchain
github,java,2018,web backend
github,go,2018,developer tools
github,python,2018,developer tools
github,swift,2018,mobile
github,typescript,2018,developer tools
github,go,2018,data_ai
github,c++,2018,game
github,javascript,2018,web frontend
github,go,2018,developer tools
github,c++,2018,blockchain
github,javascript,2018,iot
github,kotlin,2018,mobile
github,kotlin,2018,mobile
github,go,2018,devops_cloud
github,rust,2018,other
github,c#,2018,mobile
github,javascript,2018,devops_cloud
github,go,2018,security
github,c#,2018,game
github,typescript,2018,developer tools
github,kotlin,2018,devops_cloud
github,python,2018,data_ai
github,java,2018,mobile
github,rust,2018,developer tools
github,kotlin,2018,devops_cloud
github,swift,2018,mobile
github,rust,2018,developer tools
github,python,2018,data_ai
github,c++,2018,embedded
github,swift,2018,mobile
github,rust,2018,web frontend
github,typescript,2018,web frontend
github,kotlin,2018,mobile
github,c#,2018,other
github,go,2018,other
github,javascript,2018,web frontend
github,javascript,2018,devops_cloud
github,typescript,2018,web backend
github,kotlin,2018,mobile
github,go,2018,devops_cloud
github,go,2018,security
github,swift,2018,mobile
github,go,2018,developer tools
github,c++,2018,embedded
github,swift,2018,mobile
github,javascript,2018,web frontend
github,javascript,2018,developer tools
github,rust,2018,developer tools
github,go,2018,blockchain
github,c++,2018,other
github,python,2018,security
github,kotlin,2018,mobile
github,go,2018,security
github,kotlin,2018,mobile
github,go,2018,security
github,javascript,2018,testing_qa
github,python,2018,data_ai
github,c#,2018,other
github,c++,2018,game
github,rust,2018,web backend
github,c++,2018,security
github,typescript,2018,web frontend
github,rust,2018,developer tools
github,typescript,2018,web backend
github,go,2018,developer tools
github,python,2018,developer tools
github,c#,2018,web backend
github,javascript,2018,mobile
github,c++,2018,embedded
github,go,2018,embedded
github,c++,2018,data_ai
github,java,2018,mobile
github,python,2018,security
github,c#,2018,game
github,java,2018,developer tools
github,javascript,2018,web frontend
github,kotlin,2018,mobile
github,go,2018,other
github,go,2018,other
github,python,2018,data_ai
github,javascript,2018,devops_cloud
github,python,2018,data_ai
github,java,2018,developer tools
github,c++,2018,other
github,go,2018,security
github,go,2018,blockchain
github,python,2018,web backend
github,swift,2018,blockchain
github,java,2018,enterprise
github,swift,2018,mobile
github,swift,2018,mobile
github,c++,2018,developer tools
github,c#,2018,game
github,c++,2018,blockchain
github,swift,2018,blockchain
github,go,2018,web backend
github,javascript,2018,web backend
github,python,2018,security
github,go,2018,devops_cloud
github,c++,2018,other
github,go,2018,developer tools
github,python,2018,data_ai
github,go,2018,security
github,swift,2018,mobile
github,swift,2018,mobile
github,python,2018,data_ai
github,go,2018,blockchain
github,c#,2018,other
github,c#,2018,enterprise
github,swift,2018,mobile
github,swift,2018,developer tools
github,kotlin,2018,mobile
github,typescript,2018,other
github,kotlin,2018,mobile
github,c#,2018,game
github,c++,2018,mobile
github,rust,2018,other
github,go,2018,other
github,rust,2018,devops_cloud
github,rust,2018,developer tools
github,go,2018,developer tools
github,c++,2018,other
github,python,2018,security
github,go,2018,iot
github,c#,2018,enterprise
github,kotlin,2018,mobile
github,go,2018,web backend
github,javascript,2018,other
github,python,2018,data_ai
github,typescript,2018,web frontend
github,go,2018,other
github,swift,2018,mobile
github,go,2018,other
github,javascript,2018,web backend
github,rust,2018,embedded
github,c#,2018,mobile
github,javascript,2018,other
github,rust,2018,web frontend
github,rust,2018,data_ai
github,swift,2018,mobile
github,kotlin,2018,mobile
github,swift,2018,mobile
github,typescript,2018,other
github,python,2018,developer tools
github,swift,2018,mobile
github,javascript,2018,web frontend
github,rust,2018,security
github,c++,2018,other
github,kotlin,2018,mobile
github,kotlin,2018,mobile
github,python,2018,data_ai
github,python,2018,developer tools
github,rust,2018,game
github,python,2018,data_ai
github,typescript,2018,developer tools
github,go,2018,web backend
github,c#,2018,developer tools
github,kotlin,2018,mobile
github,c++,2018,other
github,go,2018,developer tools
github,javascript,2018,web frontend
github,c++,2018,other
github,swift,2018,mobile
github,go,2018,game
github,c#,2018,iot
github,kotlin,2018,mobile
github,python,2018,developer tools
github,kotlin,2018,mobile
github,typescript,2018,web backend
github,c++,2018,developer tools
github,swift,2018,mobile
github,python,2018,data_ai
github,typescript,2018,web frontend
github,kotlin,2018,mobile
github,swift,2018,mobile
github,kotlin,2018,mobile
github,swift,2018,mobile
github,python,2018,web backend
github,go,2018,developer tools
github,kotlin,2018,mobile
github,kotlin,2018,mobile
github,c#,2018,devops_cloud
github,swift,2018,mobile
github,c#,2018,developer tools
github,c++,2018,security
github,go,2018,security
github,go,2018,developer tools
github,javascript,2018,web frontend
github,python,2018,data_ai
github,swift,2018,mobile
github,go,2018,devops_cloud
github,python,2018,data_ai
github,kotlin,2018,mobile
github,javascript,2018,web frontend
github,kotlin,2018,developer tools
github,c#,2018,game
github,c++,2018,embedded
github,python,2018,data_ai
github,c++,2018,game
github,go,2018,other
github,swift,2018,mobile
github,java,2018,other
github,javascript,2018,web frontend
github,c++,2018,embedded
github,c++,2018,embedded
github,kotlin,2018,mobile
github,kotlin,2018,mobile
github,javascript,2018,web frontend
github,c#,2018,other
github,javascript,2018,data_ai
github,c++,2018,other
github,rust,2018,developer tools
github,c++,2018,security
github,go,2018,web backend
github,typescript,2018,security
github,java,2018,mobile
github,swift,2018,other
github,c++,2018,other
github,java,2018,security
github,typescript,2018,developer tools
github,c++,2018,security
github,rust,2018,developer tools
github,kotlin,2018,mobile
github,rust,2018,developer tools
github,c++,2018,blockchain
github,c#,2018,web backend
github,java,2018,data_ai
github,kotlin,2018,mobile
github,c#,2018,game
github,kotlin,2018,mobile
github,python,2018,data_ai
github,rust,2018,other
github,go,2018,data_ai
github,kotlin,2018,mobile
github,rust,2018,other
github,typescript,2018,web frontend
github,c#,2018,developer tools
github,typescript,2018,web frontend
github,javascript,2018,web frontend
github,typescript,2018,web frontend
github,typescript,2018,web frontend
github,javascript,2018,developer tools
github,c#,2018,security
github,go,2018,other
github,rust,2018,developer tools
github,java,2018,mobile
github,swift,2018,mobile
github,go,2018,developer tools
github,c++,2018,data_ai
github,c#,2018,game
github,c#,2018,enterprise
github,python,2018,data_ai
github,kotlin,2018,developer tools
github,swift,2018,mobile
github,kotlin,2018,mobile
github,go,2018,blockchain
github,go,2018,other
github,typescript,2018,web frontend
github,swift,2018,mobile
github,kotlin,2018,mobile
github,javascript,2018,web frontend
github,swift,2018,mobile
github,go,2018,other
github,rust,2018,embedded
github,java,2018,developer tools
github,go,2018,devops_cloud
github,kotlin,2018,mobile
github,c++,2018,game
github,rust,2018,embedded
github,java,2018,mobile
github,go,2018,game
github,go,2018,data_ai
github,go,2018,other
github,rust,2018,iot
github,python,2018,data_ai
github,python,2018,data_ai
github,typescript,2018,developer tools
github,c#,2018,devops_cloud
github,typescript,2018,web frontend
github,go,2018,other
github,kotlin,2018,mobile
github,java,2018,enterprise
github,swift,2018,mobile
github,go,2018,web backend
github,python,2018,data_ai
github,swift,2018,mobile
github,c++,2018,other
github,swift,2018,developer tools
github,c#,2018,developer tools
github,go,2018,developer tools
github,typescript,2018,developer tools
github,go,2018,other
github,swift,2018,mobile
github,go,2018,blockchain
github,go,2018,web backend
github,c++,2018,mobile
github,java,2018,mobile
github,swift,2018,mobile
github,java,2018,other
github,rust,2018,security
github,python,2018,data_ai
github,kotlin,2018,data_ai
github,swift,2018,mobile
github,c++,2018,data_ai
github,typescript,2018,testing_qa
github,go,2018,web backend
github,kotlin,2018,mobile
github,javascript,2018,web frontend
github,javascript,2018,security
github,rust,2018,developer tools
github,rust,2018,other
github,swift,2018,mobile
github,c++,2018,developer tools
github,python,2018,data_ai
github,python,2018,other
github,go,2018,devops_cloud
github,kotlin,2018,mobile
github,kotlin,2018,mobile
github,kotlin,2018,mobile
github,typescript,2018,web backend
github,swift,2018,mobile
github,java,2018,other
github,kotlin,2018,mobile
github,typescript,2018,web frontend
github,swift,2018,mobile
github,javascript,2018,web frontend
github,python,2018,data_ai
github,java,2018,enterprise
github,swift,2018,mobile
github,javascript,2018,web frontend
github,typescript,2018,web frontend
github,go,2018,developer tools
github,swift,2018,developer tools
github,java,2018,mobile
github,c#,2018,developer tools
github,java,2018,mobile
github,kotlin,2018,mobile
github,kotlin,2018,testing_qa
github,c++,2018,embedded
github,kotlin,2018,mobile
github,kotlin,2018,mobile
github,typescript,2018,web frontend
github,java,2018,other
github,swift,2018,mobile
github,c#,2018,other
github,swift,2018,other
github,c#,2018,other
github,java,2018,mobile
github,rust,2018,security
github,kotlin,2018,mobile
github,go,2018,web backend
github,kotlin,2018,mobile
github,kotlin,2018,mobile
github,c#,2018,web frontend
github,java,2018,game
github,c++,2018,other
github,python,2018,data_ai
github,typescript,2018,developer tools
github,java,2018,other
github,go,2018,other
github,c++,2018,data_ai
github,swift,2018,mobile
github,c++,2018,security
github,swift,2018,mobile
github,java,2018,enterprise
github,kotlin,2018,other
github,c++,2018,developer tools
github,kotlin,2018,mobile
github,c#,2018,security
github,python,2018,data_ai
github,kotlin,2018,enterprise
github,javascript,2018,web frontend
github,java,2018,mobile
github,javascript,2018,web frontend
github,javascript,2018,web frontend
github,rust,2018,blockchain
github,kotlin,2018,mobile
github,c#,2018,other
github,typescript,2018,web frontend
github,javascript,2018,web backend
github,go,2018,blockchain
github,c#,2018,game
github,python,2018,data_ai
github,c#,2018,game
github,javascript,2018,web frontend
github,java,2018,devops_cloud
github,swift,2018,mobile
github,go,2018,devops_cloud
github,python,2018,data_ai
github,typescript,2018,web frontend
github,typescript,2018,data_ai
github,c++,2018,game
github,go,2018,developer tools
github,c#,2018,enterprise
github,c++,2018,other
github,kotlin,2018,mobile
github,c++,2018,game
github,swift,2018,mobile
github,javascript,2018,web backend
github,rust,2018,developer tools
github,c#,2018,web backend
github,c++,2018,game
github,kotlin,2018,mobile
github,kotlin,2018,mobile
github,java,2018,mobile
github,c#,2018,other
github,c#,2018,web backend
github,kotlin,2018,mobile
github,javascript,2018,web frontend
github,javascript,2018,web frontend
github,kotlin,2018,enterprise
github,java,2018,other
github,java,2018,mobile
github,rust,2018,developer tools
github,go,2018,other
github,go,2018,developer tools
github,swift,2018,mobile
github,swift,2018,mobile
github,typescript,2018,web frontend
github,typescript,2018,developer tools
github,kotlin,2018,mobile
github,kotlin,2018,mobile
github,c++,2018,web backend
github,c++,2018,other
github,kotlin,2018,mobile
github,c++,2018,game
github,c++,2018,developer tools
github,python,2018,enterprise
github,java,2018,enterprise
github,c++,2018,mobile
github,python,2018,data_ai
github,swift,2018,other
github,python,2018,security
github,javascript,2018,testing_qa
github,swift,2018,mobile
github,swift,2018,mobile
github,rust,2018,web backend
github,python,2018,data_ai
github,kotlin,2018,mobile
github,swift,2018,mobile
github,c#,2018,devops_cloud
github,go,2018,game
github,python,2018,other
github,kotlin,2018,mobile
github,go,2018,security
github,typescript,2018,web frontend
github,c#,2018,security
github,c++,2018,other
github,python,2018,other
github,python,2018,data_ai
github,python,2018,security
github,typescript,2018,web frontend
github,go,2018,developer tools
github,go,2018,developer tools
github,go,2018,web backend
github,javascript,2018,devops_cloud
github,swift,2018,other
github,python,2018,other
github,python,2018,other
github,typescript,2018,developer tools
github,swift,2018,mobile
github,typescript,2018,developer tools
github,java,2018,other
github,kotlin,2018,mobile
github,python,2018,data_ai
github,c#,2018,other
github,c#,2018,mobile
github,kotlin,2018,mobile
github,typescript,2018,web frontend
github,python,2018,data_ai
github,go,2018,security
github,swift,2018,mobile
github,swift,2018,mobile
github,c#,2018,developer tools
github,go,2018,mobile
github,go,2018,security
github,typescript,2018,developer tools
github,c++,2018,data_ai
github,c++,2018,data_ai
github,kotlin,2018,mobile
github,rust,2018,developer tools
github,rust,2018,blockchain
github,rust,2018,developer tools
github,typescript,2018,developer tools
github,java,2018,mobile
github,python,2018,game
github,java,2018,mobile
github,kotlin,2018,mobile
github,typescript,2018,testing_qa
github,c++,2018,data_ai
github,c++,2018,data_ai
github,python,2018,data_ai
github,typescript,2018,web frontend
github,c#,2018,enterprise
github,c#,2018,game
github,c++,2018,other
github,c#,2018,game
github,c++,2018,data_ai
github,java,2018,other
github,rust,2018,developer tools
github,javascript,2018,web frontend
github,rust,2018,developer tools
github,c++,2018,other
github,python,2018,data_ai
github,c++,2018,data_ai
github,c#,2018,other
github,kotlin,2018,mobile
github,typescript,2018,web frontend
github,javascript,2018,developer tools
github,typescript,2018,web frontend
github,javascript,2018,web frontend
github,c++,2018,game
github,typescript,2018,web frontend
github,typescript,2018,web frontend
github,python,2018,other
github,c#,2018,game
github,kotlin,2018,mobile
github,rust,2018,game
github,c++,2018,data_ai
github,c#,2018,security
github,kotlin,2018,mobile
github,c#,2018,data_ai
github,typescript,2018,mobile
github,python,2018,security
github,python,2018,other
github,python,2018,devops_cloud
github,java,2018,game
github,kotlin,2018,mobile
github,python,2018,data_ai
github,rust,2018,embedded
github,kotlin,2018,developer tools
github,javascript,2018,other
github,java,2018,web backend
github,c#,2018,data_ai
github,typescript,2018,developer tools
github,c++,2018,other
github,typescript,2018,developer tools
github,c++,2018,other
github,c#,2018,game
github,c++,2018,other
github,java,2018,devops_cloud
github,c++,2018,other
github,c#,2018,other
github,go,2018,other
github,kotlin,2018,mobile
github,java,2018,web backend
github,kotlin,2018,mobile
github,rust,2018,game
github,kotlin,2018,mobile
github,go,2018,devops_cloud
github,javascript,2018,web frontend
github,python,2018,developer tools
github,python,2018,data_ai
github,java,2018,blockchain
github,c#,2018,game
github,go,2018,developer tools
github,typescript,2018,other
github,kotlin,2018,mobile
github,rust,2018,other
github,kotlin,2018,mobile
github,go,2018,testing_qa
github,go,2018,blockchain
github,rust,2018,blockchain
github,c#,2018,mobile
github,c#,2018,data_ai
github,python,2018,web backend
github,kotlin,2018,mobile
github,rust,2018,other
github,python,2018,data_ai
github,go,2018,other
github,c++,2018,game
github,typescript,2018,web frontend
github,typescript,2018,mobile
github,c++,2018,embedded
github,kotlin,2018,mobile
github,javascript,2018,web frontend
github,kotlin,2018,mobile
github,c#,2018,other
github,go,2018,other
github,rust,2018,blockchain
github,kotlin,2018,mobile
github,typescript,2018,web frontend
github,rust,2018,iot
github,go,2018,developer tools
github,typescript,2018,web frontend
github,kotlin,2018,mobile
github,rust,2018,developer tools
github,typescript,2018,other
github,typescript,2018,web frontend
github,javascript,2018,web frontend
github,c++,2018,mobile
github,typescript,2018,web frontend
github,typescript,2018,developer tools
github,python,2018,data_ai
github,javascript,2018,web frontend
github,c#,2018,developer tools
github,go,2018,devops_cloud
github,python,2018,security
github,typescript,2018,web frontend
github,java,2018,mobile
github,c++,2018,other
github,java,2018,mobile
github,go,2018,other
github,kotlin,2018,mobile
github,typescript,2018,web frontend
github,javascript,2018,web frontend
github,typescript,2018,web frontend
github,java,2018,other
github,javascript,2018,mobile
github,go,2018,other
github,c++,2018,developer tools
github,kotlin,2018,mobile
github,go,2018,other
github,kotlin,2018,mobile
github,javascript,2018,other
github,c++,2018,security
github,java,2018,mobile
github,java,2018,mobile
github,go,2018,other
github,c++,2018,game
github,kotlin,2018,mobile
github,python,2018,data_ai
github,java,2018,mobile
github,go,2018,devops_cloud
github,typescript,2018,developer tools
github,javascript,2018,developer tools
github,java,2018,mobile
github,java,2018,mobile
github,go,2018,devops_cloud
github,java,2018,data_ai
github,kotlin,2018,mobile
github,python,2018,data_ai
github,c#,2018,web backend
github,typescript,2018,developer tools
github,go,2018,web backend
github,go,2018,other
github,c++,2018,embedded
github,python,2018,data_ai
github,go,2018,other
github,c++,2018,other
github,java,2018,enterprise
github,go,2018,data_ai
github,kotlin,2018,mobile
github,c#,2018,enterprise
github,rust,2018,devops_cloud
github,kotlin,2018,developer tools
github,c++,2018,developer tools
github,c#,2018,web backend
github,rust,2018,devops_cloud
github,c++,2018,data_ai
github,go,2018,other
github,c++,2018,other
github,go,2018,developer tools
github,go,2018,other
github,c++,2018,mobile
github,python,2018,data_ai
github,c#,2018,data_ai
github,typescript,2018,developer tools
github,python,2018,data_ai
github,typescript,2018,developer tools
github,kotlin,2018,mobile
github,c#,2018,mobile
github,java,2018,security
github,rust,2018,developer tools
github,go,2018,data_ai
github,c++,2018,other
github,c++,2018,other
github,typescript,2018,data_ai
github,c++,2018,security
github,rust,2018,game
github,rust,2018,security
github,c++,2018,mobile
github,go,2018,developer tools
github,go,2018,data_ai
github,c#,2018,developer tools
github,rust,2018,developer tools
github,typescript,2018,developer tools
github,c++,2018,data_ai
github,c#,2018,web backend
github,go,2018,developer tools
github,go,2018,devops_cloud
github,kotlin,2018,mobile
github,python,2018,other
github,go,2018,web backend
github,c#,2018,other
github,c#,2018,game
github,java,2018,enterprise
github,python,2018,developer tools
github,java,2018,devops_cloud
github,javascript,2018,web frontend
github,typescript,2018,developer tools
github,rust,2018,developer tools
github,c++,2018,iot
github,python,2018,data_ai
github,kotlin,2018,mobile
github,java,2018,other
github,java,2018,other
github,java,2018,mobile
github,kotlin,2018,mobile
github,kotlin,2018,mobile
github,go,2018,other
github,rust,2018,data_ai
github,python,2018,data_ai
github,kotlin,2018,developer tools
github,kotlin,2018,mobile
github,c++,2018,security
github,python,2018,data_ai
github,go,2018,web backend
github,go,2018,other
github,c++,2018,game
github,kotlin,2018,game
github,c++,2018,data_ai
github,c#,2018,other
github,typescript,2018,web frontend
github,c#,2018,web backend
github,go,2018,security
github,javascript,2018,web frontend
github,c++,2018,data_ai
github,typescript,2018,web backend
github,c++,2018,data_ai
github,rust,2018,devops_cloud
github,java,2018,enterprise
github,rust,2018,developer tools
github,c#,2018,game
github,go,2018,developer tools
github,typescript,2018,web backend
github,c++,2018,developer tools
github,java,2018,mobile
github,typescript,2018,web frontend
github,typescript,2018,web frontend
github,kotlin,2018,mobile
github,go,2018,other
github,java,2018,security
github,kotlin,2018,mobile
github,go,2018,devops_cloud
github,go,2018,devops_cloud
github,python,2018,data_ai
github,c#,2018,game
github,c++,2018,game
github,python,2018,data_ai
github,rust,2018,other
github,c++,2018,other
github,javascript,2018,web frontend
github,c++,2018,developer tools
github,c#,2018,other
github,java,2018,developer tools
github,kotlin,2018,mobile
github,go,2018,security
github,c++,2018,other
github,go,2018,devops_cloud
github,c#,2018,data_ai
github,python,2018,testing_qa
github,go,2018,other
github,kotlin,2018,mobile
github,typescript,2018,other
github,python,2018,web backend
github,typescript,2018,web frontend
github,typescript,2018,other
github,java,2018,mobile
github,javascript,2018,developer tools
github,python,2018,data_ai
github,go,2018,web backend
github,go,2018,other
github,kotlin,2018,mobile
github,c++,2018,game
github,typescript,2018,web frontend
github,typescript,2018,web frontend
github,c++,2018,developer tools
github,c#,2018,other
github,typescript,2018,devops_cloud
github,javascript,2018,web frontend
github,typescript,2018,blockchain
github,go,2018,devops_cloud
github,typescript,2018,web frontend
github,python,2018,developer tools
github,kotlin,2018,mobile
github,go,2018,developer tools
github,go,2018,web frontend
github,rust,2018,data_ai
github,python,2018,other
github,kotlin,2018,mobile
github,go,2018,devops_cloud
github,c#,2018,other
github,go,2018,devops_cloud
github,kotlin,2018,mobile
github,go,2018,game
github,typescript,2018,security
github,python,2018,data_ai
github,kotlin,2018,mobile
github,typescript,2018,mobile
github,python,2018,data_ai
github,rust,2018,data_ai
github,python,2018,devops_cloud
github,c++,2018,developer tools
github,kotlin,2018,mobile
github,kotlin,2018,mobile
github,c++,2018,security
github,rust,2018,mobile
github,go,2018,developer tools
github,c#,2018,mobile
github,c++,2018,embedded
github,javascript,2018,game
github,typescript,2018,security
github,c++,2018,other
github,go,2018,developer tools
github,kotlin,2018,mobile
github,python,2018,data_ai
github,c++,2018,data_ai
github,rust,2018,developer tools
github,rust,2018,data_ai
github,java,2018,other
github,kotlin,2018,mobile
github,java,2018,mobile
github,rust,2018,blockchain
github,typescript,2018,web backend
github,c++,2018,game
github,go,2018,iot
github,python,2018,devops_cloud
github,java,2018,web backend
github,rust,2018,mobile
github,java,2018,web backend
github,go,2018,other
github,typescript,2018,web backend
github,go,2018,developer tools
github,kotlin,2018,mobile
github,rust,2018,web backend
github,c#,2018,developer tools
github,typescript,2018,developer tools
github,kotlin,2018,mobile
github,typescript,2018,web frontend
github,c++,2018,web backend
github,c++,2018,embedded
github,typescript,2018,developer tools
github,go,2018,developer tools
github,javascript,2018,devops_cloud
github,kotlin,2018,developer tools
github,go,2018,other
github,typescript,2018,developer tools
github,typescript,2018,developer tools
github,kotlin,2018,mobile
github,go,2018,devops_cloud
github,go,2018,developer tools
github,c#,2018,other
github,c++,2018,embedded
github,javascript,2018,developer tools
github,java,2018,other
github,kotlin,2018,mobile
github,c#,2018,developer tools
github,c++,2018,other
github,c#,2018,blockchain
github,java,2018,mobile
github,kotlin,2018,mobile
github,python,2018,data_ai
github,rust,2018,devops_cloud
github,kotlin,2018,mobile
github,go,2018,data_ai
github,go,2018,other
github,kotlin,2018,mobile
github,c++,2018,game
github,c#,2018,enterprise
github,go,2018,data_ai
github,c#,2018,game
github,javascript,2018,web frontend
github,typescript,2019,developer tools
github,go,2019,other
github,kotlin,2019,developer tools
github,rust,2019,developer tools
github,kotlin,2019,game
github,java,2019,data_ai
github,rust,2019,developer tools
github,python,2019,other
github,go,2019,web backend
github,c#,2019,other
github,javascript,2019,security
github,python,2019,data_ai
github,typescript,2019,mobile
github,go,2019,web backend
github,c#,2019,testing_qa
github,python,2019,other
github,go,2019,developer tools
github,go,2019,devops_cloud
github,typescript,2019,web frontend
github,kotlin,2019,mobile
github,c++,2019,data_ai
github,kotlin,2019,mobile
github,go,2019,other
github,go,2019,web backend
github,java,2019,enterprise
github,rust,2019,other
github,java,2019,mobile
github,kotlin,2019,mobile
github,typescript,2019,web frontend
github,go,2019,devops_cloud
github,python,2019,developer tools
github,go,2019,security
github,rust,2019,developer tools
github,kotlin,2019,mobile
github,javascript,2019,web frontend
github,javascript,2019,web frontend
github,c#,2019,devops_cloud
github,python,2019,security
github,c++,2019,other
github,python,2019,data_ai
github,javascript,2019,web frontend
github,go,2019,developer tools
github,kotlin,2019,mobile
github,java,2019,mobile
github,c++,2019,other
github,python,2019,data_ai
github,c#,2019,enterprise
github,go,2019,security
github,javascript,2019,other
github,c#,2019,web frontend
github,python,2019,data_ai
github,c++,2019,game
github,python,2019,data_ai
github,javascript,2019,web backend
github,c#,2019,developer tools
github,go,2019,devops_cloud
github,rust,2019,devops_cloud
github,c#,2019,security
github,c++,2019,other
github,c++,2019,data_ai
github,javascript,2019,web frontend
github,go,2019,devops_cloud
github,kotlin,2019,mobile
github,python,2019,other
github,go,2019,devops_cloud
github,javascript,2019,web frontend
github,go,2019,devops_cloud
github,rust,2019,developer tools
github,go,2019,devops_cloud
github,go,2019,developer tools
github,javascript,2019,testing_qa
github,javascript,2019,web frontend
github,typescript,2019,web frontend
github,c++,2019,mobile
github,c++,2019,game
github,rust,2019,developer tools
github,typescript,2019,web frontend
github,c++,2019,other
github,javascript,2019,web frontend
github,go,2019,developer tools
github,c++,2019,embedded
github,typescript,2019,security
github,python,2019,data_ai
github,rust,2019,game
github,typescript,2019,data_ai
github,c#,2019,web frontend
github,typescript,2019,web frontend
github,javascript,2019,devops_cloud
github,typescript,2019,developer tools
github,go,2019,devops_cloud
github,c#,2019,developer tools
github,c#,2019,web frontend
github,java,2019,mobile
github,c#,2019,game
github,go,2019,other
github,kotlin,2019,mobile
github,c#,2019,game
github,c#,2019,enterprise
github,kotlin,2019,mobile
github,c#,2019,other
github,kotlin,2019,mobile
github,kotlin,2019,web frontend
github,c++,2019,game
github,rust,2019,other
github,typescript,2019,developer tools
github,go,2019,developer tools
github,c++,2019,game
github,javascript,2019,web frontend
github,c#,2019,security
github,kotlin,2019,mobile
github,typescript,2019,web backend
github,go,2019,web backend
github,javascript,2019,other
github,typescript,2019,developer tools
github,kotlin,2019,mobile
github,python,2019,data_ai
github,c++,2019,embedded
github,c#,2019,web backend
github,c#,2019,other
github,rust,2019,data_ai
github,c#,2019,mobile
github,rust,2019,blockchain
github,java,2019,web backend
github,c#,2019,embedded
github,java,2019,developer tools
github,c#,2019,other
github,c#,2019,game
github,go,2019,testing_qa
github,c#,2019,iot
github,go,2019,security
github,c++,2019,game
github,typescript,2019,web frontend
github,python,2019,data_ai
github,c++,2019,developer tools
github,python,2019,web backend
github,rust,2019,other
github,go,2019,other
github,typescript,2019,web frontend
github,go,2019,security
github,rust,2019,developer tools
github,c#,2019,developer tools
github,python,2019,data_ai
github,typescript,2019,web frontend
github,go,2019,other
github,python,2019,other
github,java,2019,devops_cloud
github,typescript,2019,web frontend
github,c++,2019,embedded
github,python,2019,data_ai
github,python,2019,security
github,go,2019,security
github,kotlin,2019,mobile
github,go,2019,other
github,python,2019,data_ai
github,java,2019,web backend
github,go,2019,developer tools
github,c#,2019,other
github,java,2019,web backend
github,python,2019,data_ai
github,python,2019,security
github,rust,2019,web backend
github,java,2019,developer tools
github,kotlin,2019,mobile
github,python,2019,data_ai
github,rust,2019,developer tools
github,rust,2019,other
github,python,2019,data_ai
github,c++,2019,embedded
github,c#,2019,game
github,kotlin,2019,mobile
github,go,2019,devops_cloud
github,javascript,2019,devops_cloud
github,javascript,2019,other
github,c#,2019,web frontend
github,java,2019,web backend
github,rust,2019,game
github,java,2019,other
github,rust,2019,mobile
github,c#,2019,other
github,kotlin,2019,mobile
github,kotlin,2019,mobile
github,python,2019,data_ai
github,typescript,2019,web frontend
github,python,2019,data_ai
github,rust,2019,developer tools
github,c#,2019,web backend
github,kotlin,2019,mobile
github,rust,2019,developer tools
github,rust,2019,embedded
github,go,2019,mobile
github,typescript,2019,web backend
github,typescript,2019,web frontend
github,javascript,2019,web frontend
github,python,2019,developer tools
github,kotlin,2019,mobile
github,java,2019,mobile
github,c++,2019,other
github,typescript,2019,developer tools
github,go,2019,devops_cloud
github,typescript,2019,security
github,c++,2019,game
github,rust,2019,developer tools
github,python,2019,data_ai
github,python,2019,data_ai
github,go,2019,other
github,typescript,2019,web frontend
github,java,2019,other
github,java,2019,mobile
github,javascript,2019,game
github,rust,2019,web frontend
github,c#,2019,developer tools
github,python,2019,security
github,rust,2019,developer tools
github,python,2019,security
github,c++,2019,other
github,rust,2019,game
github,javascript,2019,web frontend
github,c++,2019,security
github,kotlin,2019,mobile
github,go,2019,devops_cloud
github,rust,2019,developer tools
github,c#,2019,other
github,python,2019,data_ai
github,javascript,2019,mobile
github,javascript,2019,mobile
github,java,2019,iot
github,rust,2019,game
github,go,2019,devops_cloud
github,go,2019,web backend
github,go,2019,devops_cloud
github,typescript,2019,web frontend
github,c++,2019,other
github,kotlin,2019,mobile
github,go,2019,web backend
github,javascript,2019,web frontend
github,go,2019,developer tools
github,kotlin,2019,mobile
github,kotlin,2019,mobile
github,c#,2019,other
github,go,2019,other
github,javascript,2019,web frontend
github,c++,2019,other
github,python,2019,data_ai
github,c#,2019,game
github,kotlin,2019,mobile
github,java,2019,mobile
github,typescript,2019,developer tools
github,java,2019,other
github,python,2019,data_ai
github,python,2019,data_ai
github,kotlin,2019,mobile
github,typescript,2019,web frontend
github,go,2019,other
github,rust,2019,developer tools
github,kotlin,2019,mobile
github,c#,2019,devops_cloud
github,java,2019,devops_cloud
github,python,2019,security
github,kotlin,2019,mobile
github,go,2019,developer tools
github,python,2019,developer tools
github,python,2019,developer tools
github,kotlin,2019,mobile
github,rust,2019,developer tools
github,python,2019,data_ai
github,javascript,2019,web frontend
github,kotlin,2019,mobile
github,python,2019,security
github,java,2019,mobile
github,c#,2019,other
github,kotlin,2019,mobile
github,c#,2019,developer tools
github,python,2019,data_ai
github,python,2019,data_ai
github,rust,2019,game
github,kotlin,2019,mobile
github,c#,2019,other
github,typescript,2019,web backend
github,kotlin,2019,mobile
github,python,2019,data_ai
github,java,2019,web backend
github,rust,2019,devops_cloud
github,javascript,2019,web frontend
github,kotlin,2019,mobile
github,c++,2019,other
github,rust,2019,other
github,python,2019,data_ai
github,python,2019,data_ai
github,c++,2019,data_ai
github,kotlin,2019,mobile
github,kotlin,2019,mobile
github,python,2019,data_ai
github,python,2019,data_ai
github,rust,2019,web backend
github,typescript,2019,other
github,typescript,2019,developer tools
github,c++,2019,other
github,typescript,2019,other
github,rust,2019,developer tools
github,c++,2019,data_ai
github,rust,2019,security
github,rust,2019,web backend
github,java,2019,developer tools
github,c#,2019,enterprise
github,java,2019,developer tools
github,typescript,2019,web frontend
github,kotlin,2019,mobile
github,python,2019,data_ai
github,c#,2019,developer tools
github,c++,2019,data_ai
github,c#,2019,devops_cloud
github,typescript,2019,web frontend
github,python,2019,data_ai
github,javascript,2019,other
github,rust,2019,other
github,c++,2019,iot
github,rust,2019,developer tools
github,c++,2019,other
github,kotlin,2019,mobile
github,c++,2019,game
github,javascript,2019,web frontend
github,typescript,2019,web frontend
github,typescript,2019,web frontend
github,python,2019,data_ai
github,typescript,2019,developer tools
github,rust,2019,developer tools
github,c++,2019,other
github,c#,2019,web frontend
github,python,2019,other
github,c++,2019,data_ai
github,c++,2019,developer tools
github,kotlin,2019,mobile
github,c#,2019,game
github,rust,2019,web backend
github,javascript,2019,web backend
github,kotlin,2019,mobile
github,typescript,2019,web backend
github,c#,2019,mobile
github,c#,2019,game
github,javascript,2019,web frontend
github,typescript,2019,web frontend
github,c#,2019,game
github,python,2019,other
github,kotlin,2019,mobile
github,c#,2019,game
github,rust,2019,devops_cloud
github,c++,2019,security
github,python,2019,data_ai
github,rust,2019,data_ai
github,rust,2019,other
github,typescript,2019,web frontend
github,c++,2019,other
github,rust,2019,developer tools
github,c#,2019,web frontend
github,kotlin,2019,mobile
github,python,2019,other
github,kotlin,2019,mobile
github,rust,2019,developer tools
github,c#,2019,game
github,kotlin,2019,mobile
github,javascript,2019,web backend
github,typescript,2019,mobile
github,python,2019,other
github,c++,2019,data_ai
github,c#,2019,other
github,c++,2019,embedded
github,rust,2019,other
github,c#,2019,game
github,typescript,2019,other
github,c++,2019,embedded
github,typescript,2019,web frontend
github,c++,2019,mobile
github,rust,2019,developer tools
github,rust,2019,game
github,python,2019,mobile
github,python,2019,security
github,rust,2019,developer tools
github,typescript,2019,data_ai
github,typescript,2019,enterprise
github,kotlin,2019,mobile
github,c#,2019,developer tools
github,kotlin,2019,devops_cloud
github,kotlin,2019,mobile
github,python,2019,data_ai
github,rust,2019,devops_cloud
github,python,2019,data_ai
github,kotlin,2019,mobile
github,python,2019,data_ai
github,c++,2019,game
github,kotlin,2019,mobile
github,kotlin,2019,mobile
github,typescript,2019,web backend
github,typescript,2019,web frontend
github,python,2019,other
github,c++,2019,mobile
github,python,2019,data_ai
github,c++,2019,embedded
github,c#,2019,security
github,kotlin,2019,mobile
github,kotlin,2019,mobile
github,c#,2019,game
github,typescript,2019,embedded
github,c++,2019,game
github,rust,2019,developer tools
github,c++,2019,other
github,rust,2019,developer tools
github,kotlin,2019,mobile
github,rust,2019,other
github,kotlin,2019,mobile
github,c#,2019,other
github,kotlin,2019,mobile
github,typescript,2019,web frontend
github,javascript,2019,web frontend
github,rust,2019,other
github,typescript,2019,other
github,rust,2019,game
github,c++,2019,data_ai
github,c#,2019,developer tools
github,rust,2019,web backend
github,c#,2019,other
github,typescript,2019,other
github,javascript,2019,data_ai
github,kotlin,2019,mobile
github,rust,2019,developer tools
github,javascript,2019,web backend
github,c++,2019,other
github,python,2019,data_ai
github,kotlin,2019,developer tools
github,kotlin,2019,mobile
github,c++,2019,data_ai
github,c++,2019,embedded
github,python,2019,data_ai
github,c++,2019,other
github,rust,2019,other
github,c#,2019,game
github,rust,2019,developer tools
github,javascript,2019,web frontend
github,javascript,2019,web frontend
github,typescript,2019,mobile
github,python,2019,data_ai
github,typescript,2019,web frontend
github,typescript,2019,web frontend
github,rust,2019,other
github,c++,2019,embedded
github,typescript,2019,devops_cloud
github,kotlin,2019,developer tools
github,kotlin,2019,mobile
github,c++,2019,developer tools
github,c++,2019,embedded
github,javascript,2019,other
github,c++,2019,embedded
github,typescript,2019,security
github,python,2019,security
github,kotlin,2019,mobile
github,kotlin,2019,mobile
github,typescript,2019,web backend
github,kotlin,2019,mobile
github,c++,2019,embedded
github,c#,2019,other
github,c#,2019,game
github,rust,2019,other
github,kotlin,2019,mobile
github,kotlin,2019,mobile
github,javascript,2019,web frontend
github,javascript,2019,web frontend
github,rust,2019,game
github,c#,2019,other
github,rust,2019,embedded
github,javascript,2019,web frontend
github,c#,2019,testing_qa
github,kotlin,2019,mobile
github,rust,2019,developer tools
github,kotlin,2019,mobile
github,python,2019,devops_cloud
github,c#,2019,developer tools
github,python,2019,other
github,kotlin,2019,mobile
github,c#,2019,game
github,c++,2019,developer tools
github,c#,2019,game
github,kotlin,2019,mobile
github,typescript,2019,web frontend
github,kotlin,2019,mobile
github,c++,2019,data_ai
github,kotlin,2019,mobile
github,c#,2019,enterprise
github,c++,2019,other
github,c++,2019,embedded
github,rust,2019,other
github,rust,2019,developer tools
github,c++,2019,developer tools
github,kotlin,2019,mobile
github,python,2019,security
github,kotlin,2019,mobile
github,python,2019,data_ai
github,kotlin,2019,mobile
github,rust,2019,developer tools
github,c#,2019,other
github,kotlin,2019,mobile
github,kotlin,2019,mobile
github,c++,2019,other
github,kotlin,2019,developer tools
github,rust,2019,developer tools
github,c#,2019,other
github,javascript,2019,devops_cloud
github,rust,2019,developer tools
github,c#,2019,developer tools
github,rust,2019,embedded
github,kotlin,2019,mobile
github,typescript,2019,developer tools
github,python,2019,data_ai
github,typescript,2019,web frontend
github,rust,2019,developer tools
github,kotlin,2019,mobile
github,c#,2019,web backend
github,c#,2019,security
github,rust,2019,security
github,c++,2019,data_ai
github,kotlin,2019,mobile
github,c++,2019,other
github,kotlin,2019,mobile
github,kotlin,2019,mobile
github,c++,2019,embedded
github,javascript,2019,web frontend
github,rust,2019,developer tools
github,kotlin,2019,mobile
github,rust,2019,devops_cloud
github,c++,2019,developer tools
github,kotlin,2019,mobile
github,kotlin,2019,mobile
github,c++,2019,mobile
github,kotlin,2019,mobile
github,typescript,2019,devops_cloud
github,c++,2019,developer tools
github,rust,2019,other
github,kotlin,2019,mobile
github,python,2019,other
github,typescript,2019,other
github,typescript,2019,enterprise
github,typescript,2019,web frontend
github,typescript,2019,data_ai
github,typescript,2019,mobile
github,c++,2019,developer tools
github,rust,2019,developer tools
github,c++,2019,other
github,c#,2019,web backend
github,rust,2019,web backend
github,rust,2019,other
github,python,2019,security
github,typescript,2019,developer tools
github,rust,2019,developer tools
github,typescript,2019,other
github,c++,2019,developer tools
github,typescript,2019,web frontend
github,python,2019,data_ai
github,c++,2019,other
github,c#,2019,web backend
github,c++,2019,developer tools
github,typescript,2019,web frontend
github,c#,2019,other
github,c#,2019,enterprise
github,c#,2019,web backend
github,typescript,2019,web backend
github,c++,2019,security
github,c++,2019,other
github,javascript,2019,web frontend
github,javascript,2019,web frontend
github,typescript,2019,developer tools
github,c#,2019,other
github,rust,2019,game
github,c#,2019,game
github,c++,2019,data_ai
github,python,2019,other
github,c#,2019,developer tools
github,c#,2019,other
github,typescript,2019,developer tools
github,rust,2019,other
github,typescript,2019,web backend
github,typescript,2019,developer tools
github,c++,2019,embedded
github,rust,2019,devops_cloud
github,rust,2019,embedded
github,typescript,2019,web frontend
github,c++,2019,security
github,rust,2019,developer tools
github,rust,2019,developer tools
github,python,2019,web backend
github,javascript,2019,developer tools
github,c++,2019,data_ai
github,python,2019,security
github,rust,2019,game
github,python,2019,devops_cloud
github,c#,2019,web frontend
github,typescript,2019,mobile
github,c++,2019,embedded
github,rust,2019,developer tools
github,javascript,2019,blockchain
github,c#,2019,other
github,rust,2019,embedded
github,c#,2019,other
github,typescript,2019,web frontend
github,rust,2019,web frontend
github,c++,2019,game
github,typescript,2019,web frontend
github,javascript,2019,web frontend
github,c#,2019,data_ai
github,typescript,2019,web frontend
github,c#,2019,web backend
github,python,2019,developer tools
github,rust,2019,developer tools
github,typescript,2019,developer tools
github,rust,2019,developer tools
github,python,2019,data_ai
github,c#,2019,devops_cloud
github,python,2019,data_ai
github,python,2019,data_ai
github,c++,2019,data_ai
github,typescript,2019,other
github,python,2019,other
github,c#,2019,game
github,rust,2019,devops_cloud
github,rust,2019,developer tools
github,c++,2019,game
github,rust,2019,web backend
github,c++,2019,other
github,c#,2019,other
github,typescript,2019,web backend
github,javascript,2019,mobile
github,c++,2019,embedded
github,c++,2019,data_ai
github,c++,2019,other
github,c++,2019,other
github,typescript,2019,web frontend
github,c#,2019,other
github,python,2019,data_ai
github,typescript,2019,web frontend
github,python,2019,iot
github,typescript,2019,web frontend
github,c#,2019,game
github,c++,2019,game
github,typescript,2019,other
github,c++,2019,data_ai
github,c#,2019,web backend
github,c#,2020,developer tools
github,typescript,2020,other
github,javascript,2020,web frontend
github,c#,2020,web backend
github,typescript,2020,web frontend
github,rust,2020,embedded
github,python,2020,other
github,javascript,2020,web frontend
github,python,2020,data_ai
github,rust,2020,developer tools
github,rust,2020,web backend
github,python,2020,data_ai
github,typescript,2020,web backend
github,c#,2020,developer tools
github,typescript,2020,web backend
github,c#,2020,game
github,typescript,2020,security
github,python,2020,security
github,rust,2020,developer tools
github,rust,2020,developer tools
github,python,2020,data_ai
github,typescript,2020,web frontend
github,rust,2020,developer tools
github,c#,2020,other
github,rust,2020,embedded
github,typescript,2020,web frontend
github,typescript,2020,web backend
github,c++,2020,other
github,c#,2020,game
github,c++,2020,game
github,rust,2020,other
github,c++,2020,mobile
github,c++,2020,game
github,python,2020,devops_cloud
github,c#,2020,security
github,typescript,2020,devops_cloud
github,c#,2020,other
github,python,2020,data_ai
github,rust,2020,other
github,c#,2020,game
github,c#,2020,other
github,c#,2020,web backend
github,python,2020,data_ai
github,typescript,2020,web frontend
github,rust,2020,other
github,c#,2020,security
github,rust,2020,developer tools
github,typescript,2020,developer tools
github,rust,2020,developer tools
github,c++,2020,other
github,python,2020,other
github,rust,2020,developer tools
github,typescript,2020,web frontend
github,c++,2020,game
github,rust,2020,other
github,rust,2020,other
github,typescript,2020,web frontend
github,c++,2020,data_ai
github,javascript,2020,web frontend
github,typescript,2020,web frontend
github,typescript,2020,developer tools
github,typescript,2020,game
github,rust,2020,data_ai
github,rust,2020,developer tools
github,python,2020,data_ai
github,typescript,2020,web backend
github,typescript,2020,web frontend
github,c#,2020,game
github,c#,2020,other
github,typescript,2020,devops_cloud
github,c++,2020,other
github,c#,2020,web backend
github,python,2020,data_ai
github,typescript,2020,web frontend
github,c++,2020,developer tools
github,javascript,2020,web frontend
github,python,2020,data_ai
github,typescript,2020,web frontend
github,rust,2020,embedded
github,python,2020,data_ai
github,c++,2020,data_ai
github,typescript,2020,web frontend
github,c#,2020,other
github,javascript,2020,web frontend
github,typescript,2020,web frontend
github,python,2020,data_ai
github,typescript,2020,web frontend
github,python,2020,data_ai
github,rust,2020,developer tools
github,python,2020,data_ai
github,javascript,2020,web frontend
github,javascript,2020,web frontend
github,c++,2020,embedded
github,typescript,2020,data_ai
github,c++,2020,data_ai
github,python,2020,data_ai
github,typescript,2020,web frontend
github,rust,2020,other
github,typescript,2020,web frontend
github,c++,2020,other
github,python,2020,data_ai
github,typescript,2020,web frontend
github,javascript,2020,security
github,c#,2020,game
github,c++,2020,embedded
github,c++,2020,developer tools
github,javascript,2020,web frontend
github,typescript,2020,web frontend
github,rust,2020,devops_cloud
github,c#,2020,data_ai
github,python,2020,data_ai
github,rust,2020,game
github,c++,2020,other
github,c#,2020,other
github,rust,2020,developer tools
github,c++,2020,other
github,rust,2020,developer tools
github,typescript,2020,other
github,c#,2020,game
github,python,2020,game
github,c#,2020,other
github,typescript,2020,developer tools
github,typescript,2020,web frontend
github,rust,2020,developer tools
github,rust,2020,embedded
github,rust,2020,game
github,typescript,2020,web frontend
github,c++,2020,other
github,c++,2020,game
github,typescript,2020,web frontend
github,typescript,2020,web backend
github,rust,2020,other
github,typescript,2020,web frontend
github,rust,2020,iot
github,c++,2020,other
github,typescript,2020,web frontend
github,python,2020,other
github,python,2020,web backend
github,c#,2020,security
github,typescript,2020,game
github,javascript,2020,web frontend
github,rust,2020,testing_qa
github,c++,2020,iot
github,python,2020,data_ai
github,c#,2020,game
github,c++,2020,other
github,python,2020,mobile
github,python,2020,data_ai
github,python,2020,web backend
github,rust,2020,other
github,c#,2020,game
github,rust,2020,web backend
github,typescript,2020,data_ai
github,typescript,2020,web frontend
github,c#,2020,other
github,javascript,2020,web frontend
github,typescript,2020,blockchain
github,c++,2020,data_ai
github,c++,2020,other
github,c#,2020,developer tools
github,typescript,2020,web frontend
github,c++,2020,game
github,typescript,2020,mobile
github,python,2020,security
github,rust,2020,game
github,c++,2020,blockchain
github,c++,2020,embedded
github,c++,2020,other
github,typescript,2020,web frontend
github,python,2020,security
github,c#,2020,enterprise
github,rust,2020,developer tools
github,python,2020,other
github,python,2020,data_ai
github,python,2020,data_ai
github,rust,2020,other
github,c#,2020,security
github,c++,2020,security
github,rust,2020,developer tools
github,rust,2020,security
github,c#,2020,game
github,typescript,2020,web frontend
github,rust,2020,developer tools
github,typescript,2020,web backend
github,typescript,2020,developer tools
github,typescript,2020,web backend
github,rust,2020,devops_cloud
github,c#,2020,web backend
github,c++,2020,embedded
github,python,2020,data_ai
github,rust,2020,other
github,typescript,2020,data_ai
github,typescript,2020,developer tools
github,rust,2020,developer tools
github,python,2020,data_ai
github,rust,2020,blockchain
github,javascript,2020,web frontend
github,javascript,2020,web frontend
github,rust,2020,security
github,javascript,2020,data_ai
github,python,2020,data_ai
github,c++,2020,other
github,rust,2020,devops_cloud
github,c#,2020,web backend
github,c#,2020,developer tools
github,typescript,2020,mobile
github,c++,2020,web frontend
github,rust,2020,developer tools
github,c#,2020,other
github,typescript,2020,developer tools
github,rust,2020,developer tools
github,c++,2020,other
github,typescript,2020,web frontend
github,rust,2020,other
github,python,2020,developer tools
github,rust,2020,other
github,python,2020,data_ai
github,c#,2020,security
github,rust,2020,other
github,python,2020,other
github,python,2020,data_ai
github,c#,2020,security
github,c++,2020,data_ai
github,typescript,2020,web frontend
github,c#,2020,enterprise
github,python,2020,data_ai
github,python,2020,data_ai
github,c#,2020,game
github,javascript,2020,web frontend
github,c#,2020,mobile
github,c#,2020,web backend
github,c++,2020,other
github,c#,2020,security
github,rust,2020,developer tools
github,python,2020,data_ai
github,c++,2020,other
github,typescript,2020,devops_cloud
github,typescript,2020,web frontend
github,rust,2020,developer tools
github,c#,2020,web backend
github,c++,2020,mobile
github,javascript,2020,web frontend
github,typescript,2020,data_ai
github,c++,2020,other
github,rust,2020,other
github,rust,2020,developer tools
github,typescript,2020,web frontend
github,rust,2020,other
github,rust,2020,embedded
github,c++,2020,data_ai
github,rust,2020,other
github,c++,2020,devops_cloud
github,c#,2020,mobile
github,typescript,2020,web frontend
github,c++,2020,game
github,c#,2020,other
github,c++,2020,data_ai
github,typescript,2020,web backend
github,c++,2020,mobile
github,typescript,2020,web frontend
github,c#,2020,enterprise
github,c++,2020,security
github,javascript,2020,developer tools
github,c#,2020,developer tools
github,python,2020,data_ai
github,rust,2020,developer tools
github,rust,2020,developer tools
github,c#,2020,mobile
github,c++,2020,devops_cloud
github,c#,2020,other
github,javascript,2020,web frontend
github,javascript,2020,devops_cloud
github,c++,2020,data_ai
github,typescript,2020,web frontend
github,c#,2020,other
github,rust,2020,developer tools
github,typescript,2020,web frontend
github,c++,2020,data_ai
github,typescript,2020,developer tools
github,typescript,2020,web frontend
github,c++,2020,developer tools
github,c#,2020,other
github,typescript,2020,web frontend
github,c++,2020,other
github,typescript,2020,developer tools
github,typescript,2020,devops_cloud
github,javascript,2020,web frontend
github,c#,2020,game
github,rust,2020,other
github,typescript,2020,other
github,c#,2020,game
github,javascript,2020,developer tools
github,c#,2020,web backend
github,c++,2020,other
github,rust,2020,blockchain
github,c#,2020,other
github,c#,2020,data_ai
github,rust,2020,data_ai
github,typescript,2020,developer tools
github,typescript,2020,web frontend
github,javascript,2020,web frontend
github,typescript,2020,web frontend
github,rust,2020,mobile
github,c++,2020,game
github,c#,2020,game
github,javascript,2020,developer tools
github,python,2020,data_ai
github,rust,2020,developer tools
github,rust,2020,data_ai
github,c#,2020,game
github,c#,2020,enterprise
github,typescript,2020,web frontend
github,rust,2020,other
github,rust,2020,embedded
github,rust,2020,developer tools
github,javascript,2020,devops_cloud
github,c++,2020,security
github,typescript,2020,web frontend
github,rust,2020,web backend
github,typescript,2020,web frontend
github,c#,2020,enterprise
github,c#,2020,other
github,typescript,2020,other
github,javascript,2020,other
github,rust,2020,other
github,c#,2020,security
github,c#,2020,game
github,rust,2020,devops_cloud
github,python,2020,data_ai
github,python,2020,devops_cloud
github,rust,2020,testing_qa
github,typescript,2020,developer tools
github,python,2020,data_ai
github,python,2020,other
github,typescript,2020,devops_cloud
github,c#,2020,game
github,javascript,2020,game
github,python,2020,data_ai
github,rust,2020,developer tools
github,c#,2020,game
github,typescript,2020,developer tools
github,c++,2020,other
github,rust,2020,developer tools
github,rust,2020,game
github,typescript,2020,web frontend
github,rust,2020,other
github,python,2020,other
github,typescript,2020,web frontend
github,c++,2020,other
github,c++,2020,other
github,typescript,2020,web backend
github,rust,2020,developer tools
github,javascript,2020,developer tools
github,python,2020,other
github,python,2020,security
github,rust,2020,web backend
github,python,2020,data_ai
github,c++,2020,developer tools
github,rust,2020,web backend
github,javascript,2020,web frontend
github,python,2020,data_ai
github,python,2020,data_ai
github,rust,2020,developer tools
github,rust,2020,other
github,python,2020,other
github,python,2020,data_ai
github,rust,2020,developer tools
github,python,2020,data_ai
github,rust,2020,developer tools
github,rust,2020,embedded
github,python,2020,other
github,python,2020,data_ai
github,rust,2020,game
github,python,2020,other
github,rust,2020,blockchain
github,python,2020,data_ai
github,rust,2020,other
github,rust,2020,embedded
github,rust,2020,devops_cloud
github,python,2020,other
github,rust,2020,other
github,rust,2020,developer tools
github,rust,2020,testing_qa
github,rust,2020,other
github,rust,2020,devops_cloud
github,rust,2020,other
github,rust,2021,developer tools
github,rust,2021,other
github,rust,2021,blockchain
github,python,2021,data_ai
github,rust,2021,developer tools
github,rust,2021,other
github,python,2021,data_ai
github,python,2021,game
github,rust,2021,developer tools
github,rust,2021,data_ai
github,python,2021,other
github,python,2021,data_ai
github,rust,2021,developer tools
github,rust,2021,security
github,javascript,2021,web frontend
github,rust,2021,developer tools
github,javascript,2021,developer tools
github,python,2021,other
github,rust,2021,other
github,rust,2021,data_ai
github,rust,2021,other
github,rust,2021,web backend
github,python,2021,other
github,python,2021,web frontend
github,rust,2021,testing_qa
github,python,2021,data_ai
github,rust,2021,other
github,rust,2021,developer tools
github,rust,2021,embedded
github,rust,2021,other
github,python,2021,data_ai
github,python,2021,security
github,rust,2021,developer tools
github,rust,2021,devops_cloud
github,rust,2021,game
github,python,2021,data_ai
github,javascript,2021,web frontend
github,javascript,2021,web frontend
github,python,2021,data_ai
github,python,2021,data_ai
github,rust,2021,other
github,python,2021,data_ai
github,rust,2021,other
github,rust,2021,other
github,rust,2021,data_ai
github,python,2021,data_ai
github,rust,2021,other
github,rust,2021,security
github,rust,2021,other
github,rust,2021,other
github,javascript,2021,other
github,rust,2021,other
github,rust,2021,other
github,rust,2021,other
github,python,2021,data_ai
github,python,2021,data_ai
github,python,2021,security
github,rust,2021,security
github,rust,2021,security
github,javascript,2021,web frontend
github,rust,2021,game
github,python,2021,data_ai
github,rust,2021,other
github,rust,2021,other
github,python,2021,data_ai
github,rust,2021,other
github,python,2021,data_ai
github,rust,2021,other
github,rust,2021,developer tools
github,javascript,2021,other
github,javascript,2021,other
github,python,2021,data_ai
github,rust,2021,developer tools
github,javascript,2021,other
github,python,2021,data_ai
github,rust,2021,developer tools
github,javascript,2021,web frontend
github,rust,2021,developer tools
github,rust,2021,other
github,python,2021,data_ai
github,python,2021,data_ai
github,python,2021,data_ai
github,python,2021,devops_cloud
github,rust,2021,other
github,python,2021,developer tools
github,rust,2021,data_ai
github,rust,2021,developer tools
github,rust,2021,developer tools
github,rust,2021,data_ai
github,rust,2021,blockchain
github,rust,2021,developer tools
github,rust,2021,security
github,rust,2021,web backend
github,rust,2021,developer tools
github,rust,2021,data_ai
github,rust,2021,developer tools
github,rust,2021,security
github,rust,2021,data_ai
github,python,2021,testing_qa
github,rust,2021,embedded
github,rust,2021,mobile
github,javascript,2021,web frontend
github,rust,2021,security
github,rust,2021,data_ai
github,python,2021,data_ai
github,python,2021,data_ai
github,rust,2021,developer tools
github,python,2021,data_ai
github,rust,2021,other
github,rust,2021,developer tools
github,python,2021,developer tools
github,rust,2021,web frontend
github,rust,2021,web backend
github,rust,2021,developer tools
github,rust,2021,web backend
github,rust,2021,web backend
github,rust,2021,devops_cloud
github,python,2021,data_ai
github,python,2021,data_ai
github,python,2021,data_ai
github,python,2021,security
github,rust,2021,other
github,rust,2021,other
github,rust,2021,devops_cloud
github,javascript,2021,data_ai
github,python,2021,security
github,rust,2021,blockchain
github,javascript,2021,developer tools
github,rust,2021,security
github,python,2021,data_ai
github,rust,2021,developer tools
github,rust,2021,developer tools
github,rust,2022,other
github,python,2022,data_ai
github,python,2022,data_ai
github,rust,2022,other
github,rust,2022,security
github,rust,2022,web frontend
github,javascript,2022,web frontend
github,python,2022,other
github,rust,2022,data_ai
github,rust,2022,developer tools
github,python,2022,data_ai
github,rust,2022,developer tools
github,python,2022,data_ai
github,rust,2022,security
github,rust,2022,developer tools
github,rust,2022,other
github,rust,2022,developer tools
github,rust,2022,iot
github,rust,2022,security
github,javascript,2022,security
github,rust,2022,security
github,python,2022,data_ai
github,rust,2022,developer tools
github,python,2022,data_ai
github,python,2022,web backend
github,python,2022,security
github,python,2022,data_ai
github,python,2022,data_ai
github,python,2022,devops_cloud
github,python,2022,data_ai
github,python,2022,data_ai
github,python,2022,data_ai
github,python,2022,data_ai
github,javascript,2022,web frontend
github,python,2022,data_ai
github,python,2022,data_ai
github,python,2022,data_ai
github,python,2022,other
github,python,2022,developer tools
github,python,2022,other
github,python,2022,other
github,python,2022,data_ai
github,python,2022,other
github,javascript,2022,security
github,python,2022,data_ai
github,python,2022,testing_qa
github,python,2022,other
github,python,2022,data_ai
github,python,2022,data_ai
github,python,2022,data_ai
github,python,2022,data_ai
github,javascript,2022,web frontend
github,javascript,2022,web backend
github,javascript,2022,data_ai
github,javascript,2023,security
github,javascript,2023,data_ai
github,javascript,2023,data_ai
github,javascript,2024,developer tools
stackoverflow,c++,2018,embedded
stackoverflow,c++11,2018,embedded
stackoverflow,java,2018,web frontend
stackoverflow,string,2018,web frontend
stackoverflow,file,2018,web frontend
stackoverflow,arraylist,2018,web frontend
stackoverflow,java,2018,data_ai
stackoverflow,csv,2018,data_ai
stackoverflow,python,2018,web backend
stackoverflow,c,2018,embedded
stackoverflow,embedded,2018,embedded
stackoverflow,stdio,2018,embedded
stackoverflow,contiki,2018,embedded
stackoverflow,python,2018,web backend
stackoverflow,javascript,2018,web frontend
stackoverflow,lodash,2018,web frontend
stackoverflow,java,2018,web backend
stackoverflow,jpa,2018,web backend
stackoverflow,entity-relationship,2018,web backend
stackoverflow,python,2018,web frontend
stackoverflow,tkinter,2018,web frontend
stackoverflow,javascript,2018,web frontend
stackoverflow,c++,2018,web backend
stackoverflow,stl,2018,web backend
stackoverflow,stdmap,2018,web backend
stackoverflow,value-categories,2018,web backend
stackoverflow,javascript,2018,web frontend
stackoverflow,merge,2018,web frontend
stackoverflow,javascript-objects,2018,web frontend
stackoverflow,javascript,2018,game
stackoverflow,c++,2018,data_ai
stackoverflow,c#,2018,web backend
stackoverflow,.net,2018,web backend
stackoverflow,microsoft-graph-api,2018,web backend
stackoverflow,microsoft-teams,2018,web backend
stackoverflow,java,2018,data_ai
stackoverflow,performance,2018,data_ai
stackoverflow,c++,2018,data_ai
stackoverflow,arduino,2018,data_ai
stackoverflow,fft,2018,data_ai
stackoverflow,c++,2018,web backend
stackoverflow,boost,2018,web backend
stackoverflow,c#,2018,mobile
stackoverflow,forms,2018,mobile
stackoverflow,xaml,2018,mobile
stackoverflow,xamarin,2018,mobile
stackoverflow,php,2018,data_ai
stackoverflow,algorithm,2018,data_ai
stackoverflow,time-complexity,2018,data_ai
stackoverflow,palindrome,2018,data_ai
stackoverflow,longest-substring,2018,data_ai
stackoverflow,python,2018,data_ai
stackoverflow,python-3.x,2018,devops_cloud
stackoverflow,logging,2018,devops_cloud
stackoverflow,google-cloud-platform,2018,devops_cloud
stackoverflow,scala,2018,data_ai
stackoverflow,apache-spark,2018,data_ai
stackoverflow,apache-spark-sql,2018,data_ai
stackoverflow,python,2018,data_ai
stackoverflow,keras,2018,data_ai
stackoverflow,reshape,2018,data_ai
stackoverflow,keras-layer,2018,data_ai
stackoverflow,javascript,2018,web frontend
stackoverflow,performance,2018,web frontend
stackoverflow,google-apps-script,2018,web frontend
stackoverflow,google-sheets,2018,web frontend
stackoverflow,execution,2018,web frontend
stackoverflow,python,2018,data_ai
stackoverflow,list,2018,data_ai
stackoverflow,oop,2018,data_ai
stackoverflow,object,2018,data_ai
stackoverflow,php,2018,web frontend
stackoverflow,internet-explorer,2018,web frontend
stackoverflow,autocomplete,2018,web frontend
stackoverflow,webpage,2018,web frontend
stackoverflow,java,2018,web backend
stackoverflow,java-8,2018,web backend
stackoverflow,java-stream,2018,web backend
stackoverflow,grouping,2018,web backend
stackoverflow,c#,2018,embedded
stackoverflow,.net,2018,embedded
stackoverflow,wpf,2018,embedded
stackoverflow,bitblt,2018,embedded
stackoverflow,python,2018,web backend
stackoverflow,python-3.x,2018,web backend
stackoverflow,python-asyncio,2018,web backend
stackoverflow,python,2018,web frontend
stackoverflow,string,2018,web frontend
stackoverflow,capitalization,2018,web frontend
stackoverflow,javascript,2018,web frontend
stackoverflow,if-statement,2018,web frontend
stackoverflow,c,2018,embedded
stackoverflow,validation,2018,embedded
stackoverflow,passwords,2018,embedded
stackoverflow,javascript,2018,web frontend
stackoverflow,r,2018,web frontend
stackoverflow,shiny,2018,web frontend
stackoverflow,python,2018,data_ai
stackoverflow,sympy,2018,data_ai
stackoverflow,c#,2018,data_ai
stackoverflow,google-cloud-platform,2018,data_ai
stackoverflow,google-cloud-pubsub,2018,data_ai
stackoverflow,python-3.x,2018,devops_cloud
stackoverflow,celery,2018,devops_cloud
stackoverflow,workflow,2018,devops_cloud
stackoverflow,javascript,2018,embedded
stackoverflow,webassembly,2018,embedded
stackoverflow,assemblyscript,2018,embedded
stackoverflow,python,2018,security
stackoverflow,microsoft-graph-api,2018,security
stackoverflow,microsoft-graph-security,2018,security
stackoverflow,c#,2018,embedded
stackoverflow,dll,2018,embedded
stackoverflow,skiasharp,2018,embedded
stackoverflow,skia,2018,embedded
stackoverflow,fody-costura,2018,embedded
stackoverflow,c#,2018,web frontend
stackoverflow,.net,2018,web frontend
stackoverflow,botframework,2018,web frontend
stackoverflow,python,2018,data_ai
stackoverflow,elasticsearch,2018,data_ai
stackoverflow,elasticsearch-5,2018,data_ai
stackoverflow,java,2018,web backend
stackoverflow,database,2018,web backend
stackoverflow,db2,2018,web backend
stackoverflow,ip,2018,web backend
stackoverflow,ipv4,2018,web backend
stackoverflow,php,2018,data_ai
stackoverflow,codeigniter,2018,data_ai
stackoverflow,scala,2018,developer tools
stackoverflow,intellij-idea,2018,developer tools
stackoverflow,playframework,2018,developer tools
stackoverflow,sbt,2018,developer tools
stackoverflow,c#,2018,mobile
stackoverflow,asynchronous,2018,mobile
stackoverflow,xamarin,2018,mobile
stackoverflow,xamarin.forms,2018,mobile
stackoverflow,task,2018,mobile
stackoverflow,python,2018,web frontend
stackoverflow,beautifulsoup,2018,web frontend
stackoverflow,java,2018,web frontend
stackoverflow,design-patterns,2018,web frontend
stackoverflow,cucumber-jvm,2018,web frontend
stackoverflow,javascript,2018,web frontend
stackoverflow,csv,2018,web frontend
stackoverflow,c++,2018,embedded
stackoverflow,arrays,2018,embedded
stackoverflow,multidimensional-array,2018,embedded
stackoverflow,unions,2018,embedded
stackoverflow,python,2018,data_ai
stackoverflow,python-2.7,2018,data_ai
stackoverflow,pandas,2018,data_ai
stackoverflow,ms-word,2018,data_ai
stackoverflow,pivot-table,2018,data_ai
stackoverflow,python,2018,data_ai
stackoverflow,python-3.x,2018,data_ai
stackoverflow,c#,2018,web backend
stackoverflow,dependency-injection,2018,web backend
stackoverflow,asp.net-core-2.0,2018,web backend
stackoverflow,java,2018,web backend
stackoverflow,lambda,2018,web backend
stackoverflow,java-8,2018,web backend
stackoverflow,functional-interface,2018,web backend
stackoverflow,java,2018,data_ai
stackoverflow,apache-poi,2018,data_ai
stackoverflow,php,2018,web frontend
stackoverflow,jquery,2018,web frontend
stackoverflow,ajax,2018,web frontend
stackoverflow,codeigniter,2018,web frontend
stackoverflow,javascript,2018,web frontend
stackoverflow,jquery,2018,web frontend
stackoverflow,jqgrid,2018,web frontend
stackoverflow,free-jqgrid,2018,web frontend
stackoverflow,python,2018,web backend
stackoverflow,file,2018,web backend
stackoverflow,dictionary,2018,web backend
stackoverflow,request,2018,web backend
stackoverflow,fwrite,2018,web backend
stackoverflow,python,2018,data_ai
stackoverflow,lambda,2018,data_ai
stackoverflow,docstring,2018,data_ai
stackoverflow,c#,2018,security
stackoverflow,authentication,2018,security
stackoverflow,google-authentication,2018,security
stackoverflow,google-vision,2018,security
stackoverflow,python,2018,data_ai
stackoverflow,tensorflow,2018,data_ai
stackoverflow,c#,2018,testing_qa
stackoverflow,menubar,2018,testing_qa
stackoverflow,teststack,2018,testing_qa
stackoverflow,javascript,2018,web frontend
stackoverflow,three.js,2018,web frontend
stackoverflow,textures,2018,web frontend
stackoverflow,python,2018,data_ai
stackoverflow,operators,2018,data_ai
stackoverflow,contains,2018,data_ai
stackoverflow,python-3.x,2018,data_ai
stackoverflow,or-tools,2018,data_ai
stackoverflow,javascript,2018,web frontend
stackoverflow,mapbox,2018,web frontend
stackoverflow,typescript,2018,web frontend
stackoverflow,mixins,2018,web frontend
stackoverflow,javascript,2018,web frontend
stackoverflow,java,2018,data_ai
stackoverflow,csv,2018,data_ai
stackoverflow,stream,2018,data_ai
stackoverflow,bigdata,2018,data_ai
stackoverflow,javascript,2018,web frontend
stackoverflow,google-apps-script,2018,web frontend
stackoverflow,python,2018,data_ai
stackoverflow,pandas,2018,data_ai
stackoverflow,numpy,2018,data_ai
stackoverflow,dataframe,2018,data_ai
stackoverflow,python,2018,data_ai
stackoverflow,networkx,2018,data_ai
stackoverflow,javascript,2018,web frontend
stackoverflow,angularjs,2018,web frontend
stackoverflow,javascript,2018,web frontend
stackoverflow,php,2018,web frontend
stackoverflow,jquery,2018,web frontend
stackoverflow,c++,2018,testing_qa
stackoverflow,unit-testing,2018,testing_qa
stackoverflow,lambda,2018,testing_qa
stackoverflow,c++,2018,web frontend
stackoverflow,static-cast,2018,web frontend
stackoverflow,srand,2018,web frontend
stackoverflow,scala,2018,data_ai
stackoverflow,apache-spark,2018,data_ai
stackoverflow,apache-spark-sql,2018,data_ai
stackoverflow,c#,2018,developer tools
stackoverflow,linqpad,2018,developer tools
stackoverflow,c#,2018,web backend
stackoverflow,twitter,2018,web backend
stackoverflow,nuget-package,2018,web backend
stackoverflow,visual-studio-mac,2018,web backend
stackoverflow,linq-to-twitter,2018,web backend
stackoverflow,javascript,2018,web frontend
stackoverflow,javascript,2018,web frontend
stackoverflow,jquery,2018,web frontend
stackoverflow,ajax,2018,web frontend
stackoverflow,forms,2018,web frontend
stackoverflow,c++,2018,web frontend
stackoverflow,qt,2018,web frontend
stackoverflow,oop,2018,web frontend
stackoverflow,c++11,2018,web frontend
stackoverflow,design-patterns,2018,web frontend
stackoverflow,python,2018,web frontend
stackoverflow,python-3.x,2018,web frontend
stackoverflow,java,2018,embedded
stackoverflow,jshell,2018,embedded
stackoverflow,c++,2018,embedded
stackoverflow,std,2018,embedded
stackoverflow,allocator,2018,embedded
stackoverflow,c#,2018,embedded
stackoverflow,.net,2018,embedded
stackoverflow,window,2018,embedded
stackoverflow,haskell,2018,web frontend
stackoverflow,python,2018,embedded
stackoverflow,pyqt,2018,embedded
stackoverflow,pyqt4,2018,embedded
stackoverflow,qtabbar,2018,embedded
stackoverflow,haskell,2018,data_ai
stackoverflow,fold,2018,data_ai
stackoverflow,strictness,2018,data_ai
stackoverflow,python,2018,data_ai
stackoverflow,list,2018,data_ai
stackoverflow,pandas,2018,data_ai
stackoverflow,dataframe,2018,data_ai
stackoverflow,tolist,2018,data_ai
stackoverflow,python,2018,data_ai
stackoverflow,performance,2018,data_ai
stackoverflow,python,2018,developer tools
stackoverflow,string,2018,developer tools
stackoverflow,php,2018,web frontend
stackoverflow,attributes,2018,web frontend
stackoverflow,libxml2,2018,web frontend
stackoverflow,html-entities,2018,web frontend
stackoverflow,c#,2018,web backend
stackoverflow,asp.net-core,2018,web backend
stackoverflow,asp.net-core-2.1,2018,web backend
stackoverflow,razor-pages,2018,web backend
stackoverflow,java,2018,data_ai
stackoverflow,jvm,2018,data_ai
stackoverflow,c#,2018,web backend
stackoverflow,timer,2018,web backend
stackoverflow,javascript,2018,web frontend
stackoverflow,algolia,2018,web frontend
stackoverflow,java,2018,testing_qa
stackoverflow,appium,2018,testing_qa
stackoverflow,javascript,2018,web frontend
stackoverflow,exceljs,2018,web frontend
stackoverflow,python,2018,data_ai
stackoverflow,numpy,2018,data_ai
stackoverflow,python,2018,data_ai
stackoverflow,pandas,2018,data_ai
stackoverflow,numpy,2018,data_ai
stackoverflow,array-broadcasting,2018,data_ai
stackoverflow,python,2018,enterprise
stackoverflow,python-3.x,2018,enterprise
stackoverflow,windows,2018,enterprise
stackoverflow,python,2018,data_ai
stackoverflow,opencv,2018,data_ai
stackoverflow,javascript,2018,web frontend
stackoverflow,arrays,2018,web frontend
stackoverflow,javascript,2018,web frontend
stackoverflow,jquery,2018,web frontend
stackoverflow,toastr,2018,web frontend
stackoverflow,java,2018,enterprise
stackoverflow,itext,2018,enterprise
stackoverflow,c#,2018,data_ai
stackoverflow,c#,2018,enterprise
stackoverflow,linq,2018,enterprise
stackoverflow,entity-framework-core,2018,enterprise
stackoverflow,php,2018,web frontend
stackoverflow,cakephp,2018,web frontend
stackoverflow,cakephp-3.0,2018,web frontend
stackoverflow,java,2018,web backend
stackoverflow,c++,2018,embedded
stackoverflow,qt,2018,embedded
stackoverflow,qtableview,2018,embedded
stackoverflow,c#,2018,web backend
stackoverflow,visual-studio-code,2018,web backend
stackoverflow,asp.net-web-api2,2018,web backend
stackoverflow,asp.net-core-2.0,2018,web backend
stackoverflow,scala,2018,data_ai
stackoverflow,apache-spark,2018,data_ai
stackoverflow,apache-spark-sql,2018,data_ai
stackoverflow,python,2018,data_ai
stackoverflow,sorting,2018,data_ai
stackoverflow,dictionary,2018,data_ai
stackoverflow,nested,2018,data_ai
stackoverflow,python-3.x,2018,data_ai
stackoverflow,pandas,2018,data_ai
stackoverflow,csv,2018,data_ai
stackoverflow,dask,2018,data_ai
stackoverflow,typescript,2018,web frontend
stackoverflow,c,2018,embedded
stackoverflow,struct,2018,embedded
stackoverflow,enums,2018,embedded
stackoverflow,java,2018,data_ai
stackoverflow,resultset,2018,data_ai
stackoverflow,c++,2018,web frontend
stackoverflow,java,2018,web backend
stackoverflow,java,2018,web backend
stackoverflow,tomcat,2018,web backend
stackoverflow,jersey,2018,web backend
stackoverflow,javascript,2018,web frontend
stackoverflow,c#,2018,web frontend
stackoverflow,listview,2018,web frontend
stackoverflow,xamarin.forms,2018,web frontend
stackoverflow,c#,2018,web backend
stackoverflow,linq,2018,web backend
stackoverflow,javascript,2018,web frontend
stackoverflow,glsl,2018,web frontend
stackoverflow,shader,2018,web frontend
stackoverflow,bump-mapping,2018,web frontend
stackoverflow,scala,2018,web backend
stackoverflow,sbt,2018,web backend
stackoverflow,migration,2018,web backend
stackoverflow,c#,2018,embedded
stackoverflow,.net,2018,embedded
stackoverflow,wpf,2018,embedded
stackoverflow,winforms,2018,embedded
stackoverflow,unity3d,2018,embedded
stackoverflow,python,2018,web backend
stackoverflow,sqlalchemy,2018,web backend
stackoverflow,kotlin,2018,web frontend
stackoverflow,generics,2018,embedded
stackoverflow,rust,2018,embedded
stackoverflow,dynamic-dispatch,2018,embedded
stackoverflow,haskell,2018,developer tools
stackoverflow,java,2018,web frontend
stackoverflow,javafx,2018,web frontend
stackoverflow,php,2018,web frontend
stackoverflow,wordpress,2018,web frontend
stackoverflow,woocommerce,2018,web frontend
stackoverflow,product,2018,web frontend
stackoverflow,hook-woocommerce,2018,web frontend
stackoverflow,java,2018,web frontend
stackoverflow,image,2018,web frontend
stackoverflow,graphics,2018,web frontend
stackoverflow,awt,2018,web frontend
stackoverflow,python,2018,data_ai
stackoverflow,multidimensional-array,2018,data_ai
stackoverflow,scipy,2018,data_ai
stackoverflow,interpolation,2018,data_ai
stackoverflow,shift,2018,data_ai
stackoverflow,php,2018,web frontend
stackoverflow,jquery,2018,web frontend
stackoverflow,wordpress,2018,web frontend
stackoverflow,woocommerce,2018,web frontend
stackoverflow,arrays,2018,data_ai
stackoverflow,swift,2018,data_ai
stackoverflow,function,2018,data_ai
stackoverflow,dictionary,2018,data_ai
stackoverflow,lua,2018,data_ai
stackoverflow,coronasdk,2018,data_ai
stackoverflow,python,2018,data_ai
stackoverflow,vmware,2018,data_ai
stackoverflow,vsphere,2018,data_ai
stackoverflow,pyvmomi,2018,data_ai
stackoverflow,c#,2018,data_ai
stackoverflow,oop,2018,data_ai
stackoverflow,php,2018,devops_cloud
stackoverflow,aws-sdk,2018,devops_cloud
stackoverflow,java,2018,web backend
stackoverflow,scala,2018,web backend
stackoverflow,julia,2018,data_ai
stackoverflow,c#,2018,web frontend
stackoverflow,wpf,2018,web frontend
stackoverflow,fill,2018,web frontend
stackoverflow,rectangles,2018,web frontend
stackoverflow,c#,2018,embedded
stackoverflow,delegates,2018,embedded
stackoverflow,pinvoke,2018,embedded
stackoverflow,python,2018,data_ai
stackoverflow,logging,2018,data_ai
stackoverflow,scala,2018,data_ai
stackoverflow,apache-spark,2018,data_ai
stackoverflow,pyspark,2018,data_ai
stackoverflow,spark-structured-streaming,2018,data_ai
stackoverflow,javascript,2018,web frontend
stackoverflow,ms-word,2018,web frontend
stackoverflow,office-js,2018,web frontend
stackoverflow,c#,2018,web frontend
stackoverflow,winforms,2018,web frontend
stackoverflow,entity-framework,2018,web frontend
stackoverflow,ef-code-first,2018,web frontend
stackoverflow,c++,2018,embedded
stackoverflow,c++11,2018,embedded
stackoverflow,language-lawyer,2018,embedded
stackoverflow,constants,2018,embedded
stackoverflow,literals,2018,embedded
stackoverflow,swift,2018,mobile
stackoverflow,camera,2018,mobile
stackoverflow,focus,2018,mobile
stackoverflow,avcapturedevice,2018,mobile
stackoverflow,exposure,2018,mobile
stackoverflow,string,2018,data_ai
stackoverflow,python-3.x,2018,data_ai
stackoverflow,punctuation,2018,data_ai
stackoverflow,javascript,2018,web frontend
stackoverflow,tracking,2018,web frontend
stackoverflow,progressive-web-apps,2018,web frontend
stackoverflow,mixpanel,2018,web frontend
stackoverflow,python,2018,data_ai
stackoverflow,numpy,2018,data_ai
stackoverflow,python-3.5,2018,data_ai
stackoverflow,openblas,2018,data_ai
stackoverflow,scala,2018,data_ai
stackoverflow,ruby-on-rails,2018,web backend
stackoverflow,ruby,2018,web backend
stackoverflow,csv,2018,web backend
stackoverflow,actionmailer,2018,web backend
stackoverflow,javascript,2018,web frontend
stackoverflow,arrays,2018,web frontend
stackoverflow,object,2018,web frontend
stackoverflow,windows,2018,web backend
stackoverflow,python-3.x,2018,web backend
stackoverflow,cmd,2018,web backend
stackoverflow,python,2018,data_ai
stackoverflow,numpy,2018,data_ai
stackoverflow,random,2018,data_ai
stackoverflow,scipy,2018,data_ai
stackoverflow,weibull,2018,data_ai
stackoverflow,c#,2018,web frontend
stackoverflow,c#,2018,data_ai
stackoverflow,database,2018,data_ai
stackoverflow,entity-attribute-value,2018,data_ai
stackoverflow,php,2018,web frontend
stackoverflow,datetime,2018,web frontend
stackoverflow,if-statement,2018,web frontend
stackoverflow,pdo,2018,web frontend
stackoverflow,php,2018,web backend
stackoverflow,javascript,2018,data_ai
stackoverflow,vuejs2,2018,data_ai
stackoverflow,c++,2018,developer tools
stackoverflow,c++14,2018,developer tools
stackoverflow,c++17,2018,developer tools
stackoverflow,template-argument-deduction,2018,developer tools
stackoverflow,template-templates,2018,developer tools
stackoverflow,c#,2018,developer tools
stackoverflow,reference,2018,developer tools
stackoverflow,nuget,2018,developer tools
stackoverflow,nuget-package,2018,developer tools
stackoverflow,project-structure,2018,developer tools
stackoverflow,java,2018,web frontend
stackoverflow,list,2018,web frontend
stackoverflow,arraylist,2018,web frontend
stackoverflow,java-stream,2018,web frontend
stackoverflow,option-type,2018,web frontend
stackoverflow,javascript,2018,web frontend
stackoverflow,ecmascript-6,2018,web frontend
stackoverflow,ecmascript-2017,2018,web frontend
stackoverflow,c++,2018,web frontend
stackoverflow,boost,2018,web frontend
stackoverflow,rational-number,2018,web frontend
stackoverflow,python,2018,web frontend
stackoverflow,python-3.x,2018,web frontend
stackoverflow,dictionary,2018,web frontend
stackoverflow,php,2018,data_ai
stackoverflow,arrays,2018,data_ai
stackoverflow,recursion,2018,data_ai
stackoverflow,adyen,2018,data_ai
stackoverflow,typescript,2018,web frontend
stackoverflow,constructor,2018,web frontend
stackoverflow,abstract-class,2018,web frontend
stackoverflow,abstract,2018,web frontend
stackoverflow,haskell,2018,data_ai
stackoverflow,javascript,2018,data_ai
stackoverflow,types,2018,data_ai
stackoverflow,flowtype,2018,data_ai
stackoverflow,java,2018,enterprise
stackoverflow,windows,2018,enterprise
stackoverflow,file,2018,enterprise
stackoverflow,attributes,2018,enterprise
stackoverflow,java,2018,data_ai
stackoverflow,recursion,2018,data_ai
stackoverflow,backtracking,2018,data_ai
stackoverflow,maze,2018,data_ai
stackoverflow,java,2018,embedded
stackoverflow,pdfbox,2018,embedded
stackoverflow,c#,2018,web backend
stackoverflow,visual-studio-2017,2018,web backend
stackoverflow,yamldotnet,2018,web backend
stackoverflow,python,2018,data_ai
stackoverflow,numpy,2018,data_ai
stackoverflow,scipy,2018,data_ai
stackoverflow,python,2018,developer tools
stackoverflow,c++,2018,developer tools
stackoverflow,dll,2018,developer tools
stackoverflow,python,2018,data_ai
stackoverflow,pandas,2018,data_ai
stackoverflow,dataframe,2018,data_ai
stackoverflow,java,2018,data_ai
stackoverflow,list,2018,data_ai
stackoverflow,javascript,2018,data_ai
stackoverflow,javascript,2018,web frontend
stackoverflow,jquery,2018,web frontend
stackoverflow,magnific-popup,2018,web frontend
stackoverflow,python,2018,web frontend
stackoverflow,pyqt5,2018,web frontend
stackoverflow,variant,2018,web frontend
stackoverflow,haskell,2018,data_ai
stackoverflow,typescript,2018,web frontend
stackoverflow,swift,2018,mobile
stackoverflow,sorting,2018,mobile
stackoverflow,realm,2018,mobile
stackoverflow,keypaths,2018,mobile
stackoverflow,python,2018,data_ai
stackoverflow,python-3.x,2018,data_ai
stackoverflow,function,2018,data_ai
stackoverflow,class,2018,data_ai
stackoverflow,java,2018,web backend
stackoverflow,apache-camel,2018,web backend
stackoverflow,spring-integration,2018,web backend
stackoverflow,javascript,2018,web frontend
stackoverflow,typescript,2018,web frontend
stackoverflow,async-await,2018,web frontend
stackoverflow,python,2018,web frontend
stackoverflow,python-3.x,2018,web frontend
stackoverflow,emoji,2018,web frontend
stackoverflow,python-unicode,2018,web frontend
stackoverflow,unicode-string,2018,web frontend
stackoverflow,c#,2018,web frontend
stackoverflow,.net-core,2018,web frontend
stackoverflow,python,2018,web frontend
stackoverflow,python-3.x,2018,web frontend
stackoverflow,pandas,2018,web frontend
stackoverflow,openpyxl,2018,web frontend
stackoverflow,c#,2018,web backend
stackoverflow,.net,2018,web backend
stackoverflow,asp.net-mvc,2018,web backend
stackoverflow,javascript,2018,web frontend
stackoverflow,feathersjs,2018,web frontend
stackoverflow,feathers-sequelize,2018,web frontend
stackoverflow,feathers-hook,2018,web frontend
stackoverflow,feathers-service,2018,web frontend
stackoverflow,c#,2018,mobile
stackoverflow,xaml,2018,mobile
stackoverflow,animation,2018,mobile
stackoverflow,xamarin.forms,2018,mobile
stackoverflow,javascript,2018,devops_cloud
stackoverflow,cloudflare,2018,devops_cloud
stackoverflow,cloudflare-workers,2018,devops_cloud
stackoverflow,php,2018,web backend
stackoverflow,coldfusion,2018,web backend
stackoverflow,python,2018,data_ai
stackoverflow,python-3.x,2018,data_ai
stackoverflow,pandas,2018,data_ai
stackoverflow,scipy,2018,data_ai
stackoverflow,seaborn,2018,data_ai
stackoverflow,java,2018,devops_cloud
stackoverflow,netty,2018,devops_cloud
stackoverflow,php,2018,web backend
stackoverflow,soap,2018,web backend
stackoverflow,nusoap,2018,web backend
stackoverflow,soapserver,2018,web backend
stackoverflow,php,2018,web backend
stackoverflow,post,2018,web backend
stackoverflow,mysqli,2018,web backend
stackoverflow,c#,2018,web backend
stackoverflow,asynchronous,2018,web backend
stackoverflow,asp.net-core,2018,web backend
stackoverflow,python,2018,data_ai
stackoverflow,tensorflow,2018,data_ai
stackoverflow,keras,2018,data_ai
stackoverflow,convolution,2018,data_ai
stackoverflow,rust,2018,enterprise
stackoverflow,filepath,2018,enterprise
stackoverflow,python,2018,web frontend
stackoverflow,python-3.x,2018,web frontend
stackoverflow,tkinter,2018,web frontend
stackoverflow,python,2018,data_ai
stackoverflow,apache-spark,2018,data_ai
stackoverflow,pyspark,2018,data_ai
stackoverflow,rdd,2018,data_ai
stackoverflow,python,2018,enterprise
stackoverflow,outlook,2018,enterprise
stackoverflow,win32com,2018,enterprise
stackoverflow,python,2018,data_ai
stackoverflow,tensorflow,2018,data_ai
stackoverflow,neural-network,2018,data_ai
stackoverflow,keras,2018,data_ai
stackoverflow,java,2018,enterprise
stackoverflow,io,2018,enterprise
stackoverflow,bufferedreader,2018,enterprise
stackoverflow,c#,2018,enterprise
stackoverflow,.net,2018,enterprise
stackoverflow,wcf,2018,enterprise
stackoverflow,java,2018,web frontend
stackoverflow,java-8,2018,web frontend
stackoverflow,java-stream,2018,web frontend
stackoverflow,python,2018,data_ai
stackoverflow,set,2018,data_ai
stackoverflow,c#,2018,mobile
stackoverflow,xamarin,2018,mobile
stackoverflow,xamarin.forms,2018,mobile
stackoverflow,xamarin.android,2018,mobile
stackoverflow,shadow,2018,mobile
stackoverflow,c,2018,embedded
stackoverflow,generic-programming,2018,embedded
stackoverflow,c#,2018,enterprise
stackoverflow,sharepoint-2013,2018,enterprise
stackoverflow,repository-pattern,2018,enterprise
stackoverflow,unit-of-work,2018,enterprise
stackoverflow,csom,2018,enterprise
stackoverflow,python,2018,mobile
stackoverflow,admob,2018,mobile
stackoverflow,kivy,2018,mobile
stackoverflow,c#,2018,web backend
stackoverflow,linq,2018,web backend
stackoverflow,select,2018,web backend
stackoverflow,dynamic,2018,web backend
stackoverflow,php,2018,web frontend
stackoverflow,oop,2018,web frontend
stackoverflow,javascript,2018,web frontend
stackoverflow,typescript,2018,web frontend
stackoverflow,d3.js,2018,web frontend
stackoverflow,webgl,2018,web frontend
stackoverflow,php,2018,testing_qa
stackoverflow,unit-testing,2018,testing_qa
stackoverflow,testing,2018,testing_qa
stackoverflow,codeception,2018,testing_qa
stackoverflow,mockery,2018,testing_qa
stackoverflow,scala,2018,web backend
stackoverflow,f#,2018,web backend
stackoverflow,partialfunction,2018,web backend
stackoverflow,java,2018,web backend
stackoverflow,lombok,2018,web backend
stackoverflow,python,2018,embedded
stackoverflow,c,2018,embedded
stackoverflow,java,2018,enterprise
stackoverflow,itext,2018,enterprise
stackoverflow,acrofields,2018,enterprise
stackoverflow,kotlin,2018,web frontend
stackoverflow,jvm,2018,web frontend
stackoverflow,c++,2018,embedded
stackoverflow,qt,2018,embedded
stackoverflow,qml,2018,embedded
stackoverflow,qt5,2018,embedded
stackoverflow,qabstractitemmodel,2018,embedded
stackoverflow,python,2018,data_ai
stackoverflow,performance,2018,data_ai
stackoverflow,bytecode,2018,data_ai
stackoverflow,c++,2018,data_ai
stackoverflow,c,2018,data_ai
stackoverflow,binary,2018,data_ai
stackoverflow,integer,2018,data_ai
stackoverflow,bit-manipulation,2018,data_ai
stackoverflow,elixir,2018,data_ai
stackoverflow,phoenix-framework,2018,data_ai
stackoverflow,ecto,2018,data_ai
stackoverflow,php,2018,web frontend
stackoverflow,wordpress,2018,web frontend
stackoverflow,woocommerce,2018,web frontend
stackoverflow,shipping,2018,web frontend
stackoverflow,notice,2018,web frontend
stackoverflow,python,2018,data_ai
stackoverflow,c#,2018,web frontend
stackoverflow,wpf,2018,web frontend
stackoverflow,datagrid,2018,web frontend
stackoverflow,python,2018,devops_cloud
stackoverflow,google-cloud-platform,2018,devops_cloud
stackoverflow,google-bigquery,2018,devops_cloud
stackoverflow,google-cloud-storage,2018,devops_cloud
stackoverflow,php,2018,web backend
stackoverflow,doctrine-orm,2018,web backend
stackoverflow,orm,2018,web backend
stackoverflow,zend-framework3,2018,web backend
stackoverflow,javascript,2018,web frontend
stackoverflow,class,2018,web frontend
stackoverflow,frontend,2018,web frontend
stackoverflow,java,2018,web backend
stackoverflow,c#,2018,web backend
stackoverflow,asp.net-mvc,2018,web backend
stackoverflow,autofac,2018,web backend
stackoverflow,scala,2018,data_ai
stackoverflow,scala-collections,2018,data_ai
stackoverflow,type-mismatch,2018,data_ai
stackoverflow,python,2018,data_ai
stackoverflow,opencv,2018,data_ai
stackoverflow,image-processing,2018,data_ai
stackoverflow,python,2018,data_ai
stackoverflow,tensorflow,2018,data_ai
stackoverflow,c++,2018,enterprise
stackoverflow,multithreading,2018,enterprise
stackoverflow,c++11,2018,enterprise
stackoverflow,promise,2018,enterprise
stackoverflow,c#,2018,web frontend
stackoverflow,uwp,2018,web frontend
stackoverflow,python,2018,data_ai
stackoverflow,sql,2018,data_ai
stackoverflow,pandas,2018,data_ai
stackoverflow,where,2018,data_ai
stackoverflow,arrays,2018,web frontend
stackoverflow,ruby,2018,web frontend
stackoverflow,integer,2018,web frontend
stackoverflow,swift,2018,data_ai
stackoverflow,c#,2018,web frontend
stackoverflow,asp.net-core,2018,web frontend
stackoverflow,signalr,2018,web frontend
stackoverflow,c++,2018,web backend
stackoverflow,boost,2018,web backend
stackoverflow,tcp,2018,web backend
stackoverflow,boost-asio,2018,web backend
stackoverflow,javascript,2018,web frontend
stackoverflow,jquery,2018,web frontend
stackoverflow,kendo-ui,2018,web frontend
stackoverflow,kendo-grid,2018,web frontend
stackoverflow,kendo-asp.net-mvc,2018,web frontend
stackoverflow,php,2018,web frontend
stackoverflow,namespaces,2018,web frontend
stackoverflow,composer-php,2018,web frontend
stackoverflow,psr-4,2018,web frontend
stackoverflow,java,2018,web backend
stackoverflow,go,2018,web backend
stackoverflow,base64,2018,web backend
stackoverflow,slice,2018,web backend
stackoverflow,bigint,2018,web backend
stackoverflow,c,2018,embedded
stackoverflow,memory-leaks,2018,embedded
stackoverflow,mpi,2018,embedded
stackoverflow,communication,2018,embedded
stackoverflow,dynamic-memory-allocation,2018,embedded
stackoverflow,php,2018,web backend
stackoverflow,strtotime,2018,web backend
stackoverflow,python,2018,data_ai
stackoverflow,nlp,2018,data_ai
stackoverflow,nltk,2018,data_ai
stackoverflow,python,2018,data_ai
stackoverflow,pandas,2018,data_ai
stackoverflow,numpy,2018,data_ai
stackoverflow,java,2018,data_ai
stackoverflow,apache-spark,2018,data_ai
stackoverflow,java-8,2018,data_ai
stackoverflow,functional-programming,2018,data_ai
stackoverflow,parquet,2018,data_ai
stackoverflow,python,2018,embedded
stackoverflow,python-3.x,2018,embedded
stackoverflow,pyqt,2018,embedded
stackoverflow,pyqt5,2018,embedded
stackoverflow,qdialog,2018,embedded
stackoverflow,c#,2018,web backend
stackoverflow,asp.net-core,2018,web backend
stackoverflow,scala,2018,web backend
stackoverflow,akka,2018,web backend
stackoverflow,swift,2018,web frontend
stackoverflow,sprite-kit,2018,web frontend
stackoverflow,skspritenode,2018,web frontend
stackoverflow,skphysicsbody,2018,web frontend
stackoverflow,skphysicscontact,2018,web frontend
stackoverflow,typescript,2018,web backend
stackoverflow,typescript-types,2018,web backend
stackoverflow,c#,2018,security
stackoverflow,identityserver4,2018,security
stackoverflow,python,2018,web backend
stackoverflow,openpyxl,2018,web backend
stackoverflow,python,2018,data_ai
stackoverflow,matplotlib,2018,data_ai
stackoverflow,jupyter,2018,data_ai
stackoverflow,statsmodels,2018,data_ai
stackoverflow,confidence-interval,2018,data_ai
stackoverflow,java,2018,developer tools
stackoverflow,microbenchmark,2018,developer tools
stackoverflow,jmh,2018,developer tools
stackoverflow,python,2018,data_ai
stackoverflow,python-3.x,2018,data_ai
stackoverflow,pandas,2018,data_ai
stackoverflow,matplotlib,2018,data_ai
stackoverflow,c#,2018,data_ai
stackoverflow,generics,2018,data_ai
stackoverflow,inheritance,2018,data_ai
stackoverflow,c#,2018,data_ai
stackoverflow,csv,2018,data_ai
stackoverflow,java,2018,web backend
stackoverflow,c++,2018,data_ai
stackoverflow,c++11,2018,data_ai
stackoverflow,templates,2018,data_ai
stackoverflow,variadic-templates,2018,data_ai
stackoverflow,python,2018,data_ai
stackoverflow,tensorflow,2018,data_ai
stackoverflow,slice,2018,data_ai
stackoverflow,tensor,2018,data_ai
stackoverflow,c#,2018,web frontend
stackoverflow,.net,2018,web frontend
stackoverflow,winforms,2018,web frontend
stackoverflow,datagridview,2018,web frontend
stackoverflow,python,2018,web backend
stackoverflow,python-docx,2018,web backend
stackoverflow,javascript,2018,web frontend
stackoverflow,arrays,2018,web frontend
stackoverflow,javascript-objects,2018,web frontend
stackoverflow,arrow-functions,2018,web frontend
stackoverflow,java,2018,web frontend
stackoverflow,swing,2018,web frontend
stackoverflow,awt,2018,web frontend
stackoverflow,jslider,2018,web frontend
stackoverflow,java,2018,web frontend
stackoverflow,generics,2018,web frontend
stackoverflow,vavr,2018,web frontend
stackoverflow,scala,2018,data_ai
stackoverflow,apache-spark,2018,data_ai
stackoverflow,c,2018,embedded
stackoverflow,openmp,2018,embedded
stackoverflow,python,2018,data_ai
stackoverflow,pandas,2018,data_ai
stackoverflow,dataframe,2018,data_ai
stackoverflow,coordinates,2018,data_ai
stackoverflow,c++,2018,web frontend
stackoverflow,templates,2018,web frontend
stackoverflow,language-lawyer,2018,web frontend
stackoverflow,std,2018,web frontend
stackoverflow,c++17,2018,web frontend
stackoverflow,c#,2018,web backend
stackoverflow,asp.net-core,2018,web backend
stackoverflow,python,2018,data_ai
stackoverflow,matplotlib,2018,data_ai
stackoverflow,graph,2018,data_ai
stackoverflow,annotate,2018,data_ai
stackoverflow,c++,2018,embedded
stackoverflow,audio,2018,embedded
stackoverflow,ms-media-foundation,2018,embedded
stackoverflow,python,2018,data_ai
stackoverflow,object,2018,data_ai
stackoverflow,integer,2018,data_ai
stackoverflow,int,2018,data_ai
stackoverflow,instance-variables,2018,data_ai
stackoverflow,arrays,2018,web frontend
stackoverflow,swift,2018,web frontend
stackoverflow,enums,2018,web frontend
stackoverflow,uibutton,2018,web frontend
stackoverflow,constants,2018,web frontend
stackoverflow,python,2018,web backend
stackoverflow,flask-sqlalchemy,2018,web backend
stackoverflow,c++,2018,embedded
stackoverflow,c,2018,embedded
stackoverflow,language-lawyer,2018,embedded
stackoverflow,typedef,2018,embedded
stackoverflow,c,2018,embedded
stackoverflow,time,2018,embedded
stackoverflow,c#,2018,data_ai
stackoverflow,excel,2018,data_ai
stackoverflow,powerbi,2018,data_ai
stackoverflow,msbi,2018,data_ai
stackoverflow,python,2018,data_ai
stackoverflow,python,2018,data_ai
stackoverflow,tensorflow,2018,data_ai
stackoverflow,keras,2018,data_ai
stackoverflow,time-series,2018,data_ai
stackoverflow,lstm,2018,data_ai
stackoverflow,javascript,2018,web frontend
stackoverflow,arrays,2018,web frontend
stackoverflow,object,2018,web frontend
stackoverflow,ecmascript-6,2018,web frontend
stackoverflow,lodash,2018,web frontend
stackoverflow,c,2018,web frontend
stackoverflow,arrays,2018,web frontend
stackoverflow,string,2018,web frontend
stackoverflow,file,2018,web frontend
stackoverflow,input,2018,web frontend
stackoverflow,python-3.x,2018,data_ai
stackoverflow,pandas,2018,data_ai
stackoverflow,matplotlib,2018,data_ai
stackoverflow,seaborn,2018,data_ai
stackoverflow,python,2018,data_ai
stackoverflow,join,2018,data_ai
stackoverflow,row,2018,data_ai
stackoverflow,c,2018,embedded
stackoverflow,arrays,2018,embedded
stackoverflow,segmentation-fault,2018,embedded
stackoverflow,php,2018,web backend
stackoverflow,asana-api,2018,web backend
stackoverflow,c++,2018,embedded
stackoverflow,c,2018,embedded
stackoverflow,linux,2018,embedded
stackoverflow,unix,2018,embedded
stackoverflow,posix,2018,embedded
stackoverflow,c++,2018,enterprise
stackoverflow,multithreading,2018,enterprise
stackoverflow,static,2018,enterprise
stackoverflow,python-3.x,2018,data_ai
stackoverflow,pandas,2018,data_ai
stackoverflow,python-datetime,2018,data_ai
stackoverflow,java,2018,enterprise
stackoverflow,java-10,2018,enterprise
stackoverflow,python,2018,data_ai
stackoverflow,shapely,2018,data_ai
stackoverflow,java,2018,web backend
stackoverflow,java.util.scanner,2018,web backend
stackoverflow,c#,2018,data_ai
stackoverflow,.net,2018,data_ai
stackoverflow,linq,2018,data_ai
stackoverflow,casting,2018,data_ai
stackoverflow,arrays,2018,mobile
stackoverflow,swift,2018,mobile
stackoverflow,dictionary,2018,mobile
stackoverflow,serialization,2018,mobile
stackoverflow,python,2018,data_ai
stackoverflow,numpy,2018,data_ai
stackoverflow,c#,2018,mobile
stackoverflow,dependency-injection,2018,mobile
stackoverflow,xamarin.forms,2018,mobile
stackoverflow,dryioc,2018,mobile
stackoverflow,java,2018,data_ai
stackoverflow,javafx,2018,data_ai
stackoverflow,data-binding,2018,data_ai
stackoverflow,binding,2018,data_ai
stackoverflow,scala,2018,web backend
stackoverflow,implicit,2018,web backend
stackoverflow,rust,2018,developer tools
stackoverflow,c,2018,embedded
stackoverflow,php,2018,web frontend
stackoverflow,wordpress,2018,web frontend
stackoverflow,python,2018,data_ai
stackoverflow,arrays,2018,data_ai
stackoverflow,sorting,2018,data_ai
stackoverflow,javascript,2018,web frontend
stackoverflow,mount,2018,web frontend
stackoverflow,riot.js,2018,web frontend
stackoverflow,riot,2018,web frontend
stackoverflow,python,2018,data_ai
stackoverflow,pandas,2018,data_ai
stackoverflow,list,2018,data_ai
stackoverflow,dataframe,2018,data_ai
stackoverflow,python,2018,data_ai
stackoverflow,arrays,2018,data_ai
stackoverflow,numpy,2018,data_ai
stackoverflow,python,2018,web frontend
stackoverflow,pyqt,2018,web frontend
stackoverflow,pyqt5,2018,web frontend
stackoverflow,python-3.6,2018,web frontend
stackoverflow,qt-designer,2018,web frontend
stackoverflow,c#,2018,web frontend
stackoverflow,wpf,2018,web frontend
stackoverflow,c#,2018,enterprise
stackoverflow,python,2018,developer tools
stackoverflow,tensorflow,2018,developer tools
stackoverflow,visual-studio-code,2018,developer tools
stackoverflow,javascript,2018,web frontend
stackoverflow,jquery,2018,web frontend
stackoverflow,java,2018,web frontend
stackoverflow,string,2018,web frontend
stackoverflow,performance,2018,web frontend
stackoverflow,arraylist,2018,web frontend
stackoverflow,java,2018,devops_cloud
stackoverflow,open-liberty,2018,devops_cloud
stackoverflow,java,2018,devops_cloud
stackoverflow,bash,2018,devops_cloud
stackoverflow,ssh,2018,devops_cloud
stackoverflow,javascript,2018,web frontend
stackoverflow,c#,2018,web backend
stackoverflow,logging,2018,web backend
stackoverflow,.net-core,2018,web backend
stackoverflow,asp.net-core-2.1,2018,web backend
stackoverflow,java,2018,web backend
stackoverflow,rounding,2018,web backend
stackoverflow,currency,2018,web backend
stackoverflow,bigdecimal,2018,web backend
stackoverflow,java,2018,data_ai
stackoverflow,java-8,2018,data_ai
stackoverflow,java,2018,web backend
stackoverflow,sql,2018,web backend
stackoverflow,servlets,2018,web backend
stackoverflow,conditional-statements,2018,web backend
stackoverflow,haskell,2018,web backend
stackoverflow,python,2018,web frontend
stackoverflow,user-interface,2018,web frontend
stackoverflow,swift,2018,embedded
stackoverflow,enums,2018,embedded
stackoverflow,java,2018,testing_qa
stackoverflow,selenium-webdriver,2018,testing_qa
stackoverflow,safaridriver,2018,testing_qa
stackoverflow,database,2018,web backend
stackoverflow,python-3.x,2018,web backend
stackoverflow,connection,2018,web backend
stackoverflow,psycopg2,2018,web backend
stackoverflow,c,2018,enterprise
stackoverflow,gtk3,2018,enterprise
stackoverflow,glib,2018,enterprise
stackoverflow,gdbus,2018,enterprise
stackoverflow,c#,2018,web frontend
stackoverflow,haskell,2018,data_ai
stackoverflow,haskell-time,2018,data_ai
stackoverflow,java,2018,enterprise
stackoverflow,design-patterns,2018,enterprise
stackoverflow,entity,2018,enterprise
stackoverflow,design-principles,2018,enterprise
stackoverflow,python,2018,data_ai
stackoverflow,lda,2018,data_ai
stackoverflow,topic-modeling,2018,data_ai
stackoverflow,text-analysis,2018,data_ai
stackoverflow,java,2018,enterprise
stackoverflow,jms,2018,enterprise
stackoverflow,ejb,2018,enterprise
stackoverflow,activemq,2018,enterprise
stackoverflow,wildfly,2018,enterprise
stackoverflow,python,2018,data_ai
stackoverflow,scipy,2018,data_ai
stackoverflow,statistics,2018,data_ai
stackoverflow,networkx,2018,data_ai
stackoverflow,java,2018,embedded
stackoverflow,graphics,2018,embedded
stackoverflow,abstract-class,2018,embedded
stackoverflow,paintcomponent,2018,embedded
stackoverflow,java,2018,web backend
stackoverflow,osgi,2018,web backend
stackoverflow,websphere-liberty,2018,web backend
stackoverflow,osgi-bundle,2018,web backend
stackoverflow,javascript,2018,web frontend
stackoverflow,angularjs,2018,web frontend
stackoverflow,ng-options,2018,web frontend
stackoverflow,c#,2018,enterprise
stackoverflow,wcf,2018,enterprise
stackoverflow,protobuf-net,2018,enterprise
stackoverflow,python,2018,data_ai
stackoverflow,pandas,2018,data_ai
stackoverflow,c++,2018,web frontend
stackoverflow,cpp-core-guidelines,2018,web frontend
stackoverflow,guideline-support-library,2018,web frontend
stackoverflow,python,2018,data_ai
stackoverflow,python,2018,data_ai
stackoverflow,scikit-learn,2018,data_ai
stackoverflow,svd,2018,data_ai
stackoverflow,latent-semantic-indexing,2018,data_ai
stackoverflow,c,2018,web frontend
stackoverflow,c-preprocessor,2018,web frontend
stackoverflow,python,2018,data_ai
stackoverflow,tensorflow,2018,data_ai
stackoverflow,cartesian-product,2018,data_ai
stackoverflow,go,2018,developer tools
stackoverflow,python,2018,data_ai
stackoverflow,pandas,2018,data_ai
stackoverflow,matplotlib,2018,data_ai
stackoverflow,python,2018,data_ai
stackoverflow,python-3.x,2018,data_ai
stackoverflow,dictionary,2018,data_ai
stackoverflow,javascript,2018,web frontend
stackoverflow,google-cloud-firestore,2018,web frontend
stackoverflow,c,2018,embedded
stackoverflow,memory-management,2018,embedded
stackoverflow,malloc,2018,embedded
stackoverflow,language-lawyer,2018,embedded
stackoverflow,java,2018,enterprise
stackoverflow,algorithm,2018,enterprise
stackoverflow,data-structures,2018,enterprise
stackoverflow,red-black-tree,2018,enterprise
stackoverflow,python,2018,data_ai
stackoverflow,validation,2018,data_ai
stackoverflow,cerberus,2018,data_ai
stackoverflow,c#,2018,testing_qa
stackoverflow,.net,2018,testing_qa
stackoverflow,unit-testing,2018,testing_qa
stackoverflow,moq,2018,testing_qa
stackoverflow,javascript,2018,data_ai
stackoverflow,object,2018,data_ai
stackoverflow,c#,2018,web backend
stackoverflow,logging,2018,web backend
stackoverflow,dependency-injection,2018,web backend
stackoverflow,asp.net-core-2.1,2018,web backend
stackoverflow,polly,2018,web backend
stackoverflow,python,2018,web backend
stackoverflow,mypy,2018,web backend
stackoverflow,javascript,2018,web frontend
stackoverflow,arrays,2018,web frontend
stackoverflow,string,2018,web frontend
stackoverflow,loops,2018,web frontend
stackoverflow,c#,2018,security
stackoverflow,c++,2018,security
stackoverflow,forms,2018,security
stackoverflow,credential-providers,2018,security
stackoverflow,unmanagedexports,2018,security
stackoverflow,python-3.x,2018,data_ai
stackoverflow,ocr,2018,data_ai
stackoverflow,tesseract,2018,data_ai
stackoverflow,cv2,2018,data_ai
stackoverflow,java,2018,web backend
stackoverflow,parsing,2018,web backend
stackoverflow,time,2018,web backend
stackoverflow,jodatime,2018,web backend
stackoverflow,python,2018,enterprise
stackoverflow,python-3.x,2018,enterprise
stackoverflow,c++,2018,data_ai
stackoverflow,opencv,2018,data_ai
stackoverflow,svm,2018,data_ai
stackoverflow,python,2018,enterprise
stackoverflow,grouping,2018,enterprise
stackoverflow,openpyxl,2018,enterprise
stackoverflow,javascript,2018,web frontend
stackoverflow,ajax,2018,web frontend
stackoverflow,python,2018,data_ai
stackoverflow,pandas,2018,data_ai
stackoverflow,datetime,2018,data_ai
stackoverflow,difference,2018,data_ai
stackoverflow,python,2018,data_ai
stackoverflow,tensorflow,2018,data_ai
stackoverflow,neural-network,2018,data_ai
stackoverflow,lstm,2018,data_ai
stackoverflow,recurrent-neural-network,2018,data_ai
stackoverflow,php,2018,devops_cloud
stackoverflow,amazon-web-services,2018,devops_cloud
stackoverflow,amazon-s3,2018,devops_cloud
stackoverflow,aws-sdk,2018,devops_cloud
stackoverflow,aws-php-sdk,2018,devops_cloud
stackoverflow,python-3.x,2018,data_ai
stackoverflow,tree,2018,data_ai
stackoverflow,c++,2018,web backend
stackoverflow,templates,2018,web backend
stackoverflow,lambda,2018,web backend
stackoverflow,c++14,2018,web backend
stackoverflow,python,2018,data_ai
stackoverflow,python-3.x,2018,data_ai
stackoverflow,java,2018,data_ai
stackoverflow,random,2018,data_ai
stackoverflow,python,2018,data_ai
stackoverflow,pandas,2018,data_ai
stackoverflow,dataframe,2018,data_ai
stackoverflow,python,2018,web frontend
stackoverflow,python-3.x,2018,web frontend
stackoverflow,dictionary,2018,web frontend
stackoverflow,counter,2018,web frontend
stackoverflow,c#,2018,web frontend
stackoverflow,arrays,2018,web frontend
stackoverflow,python,2018,data_ai
stackoverflow,python-3.6,2018,data_ai
stackoverflow,c,2018,embedded
stackoverflow,linker,2018,embedded
stackoverflow,shared-libraries,2018,embedded
stackoverflow,dylib,2018,embedded
stackoverflow,mach-o,2018,embedded
stackoverflow,c#,2018,web frontend
stackoverflow,.net,2018,web frontend
stackoverflow,winforms,2018,web frontend
stackoverflow,picturebox,2018,web frontend
stackoverflow,system.drawing,2018,web frontend
stackoverflow,python,2018,data_ai
stackoverflow,pandas,2018,data_ai
stackoverflow,numpy,2018,data_ai
stackoverflow,matplotlib,2018,data_ai
stackoverflow,c++,2018,embedded
stackoverflow,sdl,2018,embedded
stackoverflow,sdl-2,2018,embedded
stackoverflow,c#,2018,web frontend
stackoverflow,properties,2018,web frontend
stackoverflow,python,2018,web backend
stackoverflow,arguments,2018,web backend
stackoverflow,argparse,2018,web backend
stackoverflow,c++,2018,web frontend
stackoverflow,function,2018,web frontend
stackoverflow,oop,2018,web frontend
stackoverflow,c++14,2018,web frontend
stackoverflow,python,2018,web backend
stackoverflow,python-2.7,2018,web backend
stackoverflow,c#,2018,web backend
stackoverflow,.net-core,2018,web backend
stackoverflow,.net-standard,2018,web backend
stackoverflow,python,2018,data_ai
stackoverflow,pandas,2018,data_ai
stackoverflow,csv,2018,data_ai
stackoverflow,numpy,2018,data_ai
stackoverflow,kotlin,2018,web frontend
stackoverflow,c#,2018,enterprise
stackoverflow,.net,2018,enterprise
stackoverflow,generics,2018,enterprise
stackoverflow,python,2018,data_ai
stackoverflow,numba,2018,data_ai
stackoverflow,c#,2018,web frontend
stackoverflow,asp.net-core,2018,web frontend
stackoverflow,asp.net-core-mvc,2018,web frontend
stackoverflow,html.actionlink,2018,web frontend
stackoverflow,asp.net-core-routing,2018,web frontend
stackoverflow,c,2018,enterprise
stackoverflow,variable-assignment,2018,enterprise
stackoverflow,multiple-assignment,2018,enterprise
stackoverflow,python,2018,web frontend
stackoverflow,observable,2018,web frontend
stackoverflow,reactive-programming,2018,web frontend
stackoverflow,reactivex,2018,web frontend
stackoverflow,rx-py,2018,web frontend
stackoverflow,python,2018,data_ai
stackoverflow,elasticsearch,2018,data_ai
stackoverflow,java,2018,web backend
stackoverflow,typescript,2018,web frontend
stackoverflow,python,2018,data_ai
stackoverflow,pandas,2018,data_ai
stackoverflow,python,2018,web frontend
stackoverflow,python-3.x,2018,web frontend
stackoverflow,expression-evaluation,2018,web frontend
stackoverflow,f-string,2018,web frontend
stackoverflow,c#,2018,web backend
stackoverflow,dictionary,2018,web backend
stackoverflow,merge,2018,web backend
stackoverflow,c,2018,web frontend
stackoverflow,arrays,2018,web frontend
stackoverflow,struct,2018,web frontend
stackoverflow,hashtable,2018,web frontend
stackoverflow,lookup-tables,2018,web frontend
stackoverflow,c#,2018,web backend
stackoverflow,swagger,2018,web backend
stackoverflow,asp.net-core-2.0,2018,web backend
stackoverflow,asp.net-core-webapi,2018,web backend
stackoverflow,swashbuckle,2018,web backend
stackoverflow,python,2018,data_ai
stackoverflow,pandas,2018,data_ai
stackoverflow,python-3.x,2018,data_ai
stackoverflow,pandas,2018,data_ai
stackoverflow,data-science,2018,data_ai
stackoverflow,javascript,2018,web frontend
stackoverflow,echarts,2018,web frontend
stackoverflow,c#,2018,enterprise
stackoverflow,.net,2018,enterprise
stackoverflow,com,2018,enterprise
stackoverflow,vb6,2018,enterprise
stackoverflow,typelib,2018,enterprise
stackoverflow,python,2018,web backend
stackoverflow,python-3.x,2018,web backend
stackoverflow,dictionary,2018,web backend
stackoverflow,javascript,2018,web frontend
stackoverflow,google-chrome-extension,2018,web frontend
stackoverflow,python,2018,data_ai
stackoverflow,matplotlib,2018,data_ai
stackoverflow,elixir,2018,web backend
stackoverflow,operators,2018,web backend
stackoverflow,anonymous-function,2018,web backend
stackoverflow,python,2018,data_ai
stackoverflow,pytorch,2018,data_ai
stackoverflow,gradient,2018,data_ai
stackoverflow,autograd,2018,data_ai
stackoverflow,javascript,2018,web frontend
stackoverflow,jquery,2018,web frontend
stackoverflow,mobile,2018,web frontend
stackoverflow,responsive,2018,web frontend
stackoverflow,php,2018,web frontend
stackoverflow,cron,2018,web frontend
stackoverflow,drupal-7,2018,web frontend
stackoverflow,cron-task,2018,web frontend
stackoverflow,python,2018,web backend
stackoverflow,websocket,2018,web backend
stackoverflow,python,2018,data_ai
stackoverflow,neural-network,2018,data_ai
stackoverflow,keras,2018,data_ai
stackoverflow,autoencoder,2018,data_ai
stackoverflow,python,2018,data_ai
stackoverflow,max,2018,data_ai
stackoverflow,min,2018,data_ai
stackoverflow,enumerate,2018,data_ai
stackoverflow,python-3.x,2018,data_ai
stackoverflow,scikit-learn,2018,data_ai
stackoverflow,classification,2018,data_ai
stackoverflow,sklearn-pandas,2018,data_ai
stackoverflow,python,2018,data_ai
stackoverflow,python-3.x,2018,data_ai
stackoverflow,pandas,2018,data_ai
stackoverflow,swift,2018,data_ai
stackoverflow,iequatable,2018,data_ai
stackoverflow,hashable,2018,data_ai
stackoverflow,java,2018,web frontend
stackoverflow,string,2018,web frontend
stackoverflow,filenames,2018,web frontend
stackoverflow,compression,2018,web frontend
stackoverflow,python,2018,web backend
stackoverflow,readline,2018,web backend
stackoverflow,end-of-line,2018,web backend
stackoverflow,python,2018,web backend
stackoverflow,sqlalchemy,2018,web backend
stackoverflow,flask-sqlalchemy,2018,web backend
stackoverflow,python,2018,data_ai
stackoverflow,spark-streaming,2018,data_ai
stackoverflow,databricks,2018,data_ai
stackoverflow,spark-structured-streaming,2018,data_ai
stackoverflow,c#,2018,data_ai
stackoverflow,linq,2018,data_ai
stackoverflow,reference,2018,data_ai
stackoverflow,javascript,2018,web frontend
stackoverflow,jquery,2018,web frontend
stackoverflow,c,2018,data_ai
stackoverflow,loops,2018,data_ai
stackoverflow,counter,2018,data_ai
stackoverflow,python,2018,web frontend
stackoverflow,unicode,2018,web frontend
stackoverflow,ascii,2018,web frontend
stackoverflow,python-unicode,2018,web frontend
stackoverflow,javascript,2018,web frontend
stackoverflow,ajax,2018,web frontend
stackoverflow,file-upload,2018,web frontend
stackoverflow,progress-bar,2018,web frontend
stackoverflow,jquery-file-upload,2018,web frontend
stackoverflow,python,2018,data_ai
stackoverflow,pandas,2018,data_ai
stackoverflow,conditional,2018,data_ai
stackoverflow,javascript,2018,web frontend
stackoverflow,object,2018,web frontend
stackoverflow,scope,2018,web frontend
stackoverflow,java,2018,web frontend
stackoverflow,content-management-system,2018,web frontend
stackoverflow,nodes,2018,web frontend
stackoverflow,jcr,2018,web frontend
stackoverflow,magnolia,2018,web frontend
stackoverflow,python,2018,web frontend
stackoverflow,list,2018,web frontend
stackoverflow,recursion,2018,web frontend
stackoverflow,javascript,2018,web frontend
stackoverflow,parsing,2018,web backend
stackoverflow,go,2018,web backend
stackoverflow,openssl,2018,web backend
stackoverflow,cryptography,2018,web backend
stackoverflow,x509,2018,web backend
stackoverflow,c++,2018,data_ai
stackoverflow,boost,2018,data_ai
stackoverflow,bimap,2018,data_ai
stackoverflow,boost-bimap,2018,data_ai
stackoverflow,javascript,2018,web frontend
stackoverflow,firefox,2018,web frontend
stackoverflow,input,2018,web frontend
stackoverflow,backspace,2018,web frontend
stackoverflow,python,2018,data_ai
stackoverflow,datetime,2018,data_ai
stackoverflow,unix-timestamp,2018,data_ai
stackoverflow,leap-second,2018,data_ai
stackoverflow,c++,2018,data_ai
stackoverflow,c++,2018,data_ai
stackoverflow,templates,2018,data_ai
stackoverflow,crtp,2018,data_ai
stackoverflow,java,2018,security
stackoverflow,validation,2018,security
stackoverflow,pdf,2018,security
stackoverflow,itext,2018,security
stackoverflow,python,2018,data_ai
stackoverflow,pandas,2018,data_ai
stackoverflow,dataframe,2018,data_ai
stackoverflow,merge,2018,data_ai
stackoverflow,php,2018,web frontend
stackoverflow,merge,2018,web frontend
stackoverflow,associative-array,2018,web frontend
stackoverflow,javascript,2018,web frontend
stackoverflow,function,2018,web frontend
stackoverflow,circular-reference,2018,web frontend
stackoverflow,python,2018,data_ai
stackoverflow,pandas,2018,data_ai
stackoverflow,performance,2018,data_ai
stackoverflow,dataframe,2018,data_ai
stackoverflow,javascript,2018,data_ai
stackoverflow,arrays,2018,data_ai
stackoverflow,ecmascript-6,2018,data_ai
stackoverflow,crossfilter,2018,data_ai
stackoverflow,javascript,2018,web frontend
stackoverflow,validation,2018,web frontend
stackoverflow,testing,2018,web frontend
stackoverflow,yup,2018,web frontend
stackoverflow,typescript,2018,testing_qa
stackoverflow,mocha.js,2018,testing_qa
stackoverflow,chai,2018,testing_qa
stackoverflow,chai-as-promised,2018,testing_qa
stackoverflow,c,2018,data_ai
stackoverflow,algorithm,2018,data_ai
stackoverflow,floating-point,2018,data_ai
stackoverflow,logarithm,2018,data_ai
stackoverflow,javascript,2018,web frontend
stackoverflow,arrays,2018,web frontend
stackoverflow,d3.js,2018,web frontend
stackoverflow,svg,2018,web frontend
stackoverflow,java,2018,web frontend
stackoverflow,lambda,2018,web frontend
stackoverflow,java-8,2018,web frontend
stackoverflow,javascript,2018,web frontend
stackoverflow,promise,2018,web frontend
stackoverflow,puppeteer,2018,web frontend
stackoverflow,java,2018,web frontend
stackoverflow,char,2018,web frontend
stackoverflow,java,2018,web frontend
stackoverflow,arrays,2018,web frontend
stackoverflow,c,2018,embedded
stackoverflow,segmentation-fault,2018,embedded
stackoverflow,shared-libraries,2018,embedded
stackoverflow,javascript,2018,web frontend
stackoverflow,arrays,2018,web frontend
stackoverflow,foreach,2018,web frontend
stackoverflow,concat,2018,web frontend
stackoverflow,javascript,2018,web frontend
stackoverflow,date,2018,web frontend
stackoverflow,java,2018,web backend
stackoverflow,arraylist,2018,web backend
stackoverflow,collections,2018,web backend
stackoverflow,java,2018,devops_cloud
stackoverflow,apache-kafka,2018,devops_cloud
stackoverflow,apache-kafka-connect,2018,devops_cloud
stackoverflow,python,2018,web backend
stackoverflow,testing,2018,web backend
stackoverflow,doctest,2018,web backend
stackoverflow,scala,2018,data_ai
stackoverflow,apache-spark,2018,data_ai
stackoverflow,spark-dataframe,2018,data_ai
stackoverflow,java,2018,enterprise
stackoverflow,multithreading,2018,enterprise
stackoverflow,java.util.concurrent,2018,enterprise
stackoverflow,python,2018,data_ai
stackoverflow,numpy,2018,data_ai
stackoverflow,scala,2018,web frontend
stackoverflow,python,2018,web backend
stackoverflow,stream,2018,web backend
stackoverflow,instance,2018,web backend
stackoverflow,php,2018,web backend
stackoverflow,sql,2018,web backend
stackoverflow,payment-gateway,2018,web backend
stackoverflow,braintree,2018,web backend
stackoverflow,c#,2018,mobile
stackoverflow,xamarin,2018,mobile
stackoverflow,xamarin.forms,2018,mobile
stackoverflow,gesture,2018,mobile
stackoverflow,pan,2018,mobile
stackoverflow,c++,2018,web frontend
stackoverflow,v8,2018,web frontend
stackoverflow,embedded-v8,2018,web frontend
stackoverflow,php,2018,web backend
stackoverflow,speech-recognition,2018,web backend
stackoverflow,speech-to-text,2018,web backend
stackoverflow,webspeech-api,2018,web backend
stackoverflow,mozilla-deepspeech,2018,web backend
stackoverflow,c#,2018,web frontend
stackoverflow,interface,2018,web frontend
stackoverflow,constraints,2018,web frontend
stackoverflow,python,2018,data_ai
stackoverflow,tensorflow,2018,data_ai
stackoverflow,java,2018,web backend
stackoverflow,pdfbox,2018,web backend
stackoverflow,rectangles,2018,web backend
stackoverflow,c++,2018,embedded
stackoverflow,stdtuple,2018,embedded
stackoverflow,php,2018,web frontend
stackoverflow,wordpress,2018,web frontend
stackoverflow,woocommerce,2018,web frontend
stackoverflow,cart,2018,web frontend
stackoverflow,shortcode,2018,web frontend
stackoverflow,c#,2018,game
stackoverflow,unity3d,2018,game
stackoverflow,controls,2018,game
stackoverflow,javascript,2018,web frontend
stackoverflow,jquery,2018,web frontend
stackoverflow,ajax,2018,web frontend
stackoverflow,javascript,2018,data_ai
stackoverflow,jquery,2018,data_ai
stackoverflow,javascript,2018,web frontend
stackoverflow,c#,2018,web frontend
stackoverflow,.net,2018,web frontend
stackoverflow,ternary-operator,2018,web frontend
stackoverflow,c#,2018,web backend
stackoverflow,sql-server,2018,web backend
stackoverflow,web-services,2018,web backend
stackoverflow,httpwebrequest,2018,web backend
stackoverflow,sqlclr,2018,web backend
stackoverflow,javascript,2018,web frontend
stackoverflow,jquery,2018,web frontend
stackoverflow,python,2018,web backend
stackoverflow,google-cloud-speech,2018,web backend
stackoverflow,c#,2018,web backend
stackoverflow,byte,2018,web backend
stackoverflow,short,2018,web backend
stackoverflow,icomparer,2018,web backend
stackoverflow,python,2018,web frontend
stackoverflow,rss,2018,web frontend
stackoverflow,feedparser,2018,web frontend
stackoverflow,ruby,2018,web backend
stackoverflow,enumerator,2018,web backend
stackoverflow,swift,2018,security
stackoverflow,twilio,2018,security
stackoverflow,javascript,2018,web frontend
stackoverflow,jquery,2018,web frontend
stackoverflow,jspdf,2018,web frontend
stackoverflow,java,2018,enterprise
stackoverflow,excel,2018,enterprise
stackoverflow,apache-poi,2018,enterprise
stackoverflow,python,2018,data_ai
stackoverflow,python-3.x,2018,data_ai
stackoverflow,list,2018,data_ai
stackoverflow,list-comprehension,2018,data_ai
stackoverflow,python,2018,data_ai
stackoverflow,pandas,2018,data_ai
stackoverflow,networkx,2018,data_ai
stackoverflow,string,2018,web frontend
stackoverflow,list,2018,web frontend
stackoverflow,haskell,2018,web frontend
stackoverflow,swift,2018,web frontend
stackoverflow,macos,2018,web frontend
stackoverflow,nstableview,2018,web frontend
stackoverflow,typescript,2018,web frontend
stackoverflow,generics,2018,web frontend
stackoverflow,interface,2018,web frontend
stackoverflow,go,2018,web backend
stackoverflow,interface,2018,web backend
stackoverflow,go-map,2018,web backend
stackoverflow,javascript,2018,web frontend
stackoverflow,jquery,2018,web frontend
stackoverflow,php,2018,web backend
stackoverflow,ubuntu,2018,web backend
stackoverflow,server,2018,web backend
stackoverflow,apache2,2018,web backend
stackoverflow,system-administration,2018,web backend
stackoverflow,c#,2018,web backend
stackoverflow,tfs,2018,web backend
stackoverflow,python,2018,devops_cloud
stackoverflow,amazon-web-services,2018,devops_cloud
stackoverflow,lambda,2018,devops_cloud
stackoverflow,errno,2018,devops_cloud
stackoverflow,tmp,2018,devops_cloud
stackoverflow,javascript,2018,web frontend
stackoverflow,ecmascript-6,2018,web frontend
stackoverflow,python,2018,data_ai
stackoverflow,database,2018,data_ai
stackoverflow,arangodb,2018,data_ai
stackoverflow,php,2018,web frontend
stackoverflow,wordpress,2018,web frontend
stackoverflow,woocommerce,2018,web frontend
stackoverflow,product,2018,web frontend
stackoverflow,custom-taxonomy,2018,web frontend
stackoverflow,javascript,2018,web frontend
stackoverflow,function,2018,web frontend
stackoverflow,for-loop,2018,web frontend
stackoverflow,jslint,2018,web frontend
stackoverflow,jshint,2018,web frontend
stackoverflow,python,2018,data_ai
stackoverflow,dictionary,2018,data_ai
stackoverflow,javascript,2018,web frontend
stackoverflow,functional-programming,2018,web frontend
stackoverflow,python,2018,web backend
stackoverflow,loops,2018,web backend
stackoverflow,for-loop,2018,web backend
stackoverflow,c#,2018,enterprise
stackoverflow,azure-devops,2018,enterprise
stackoverflow,azure-devops-rest-api,2018,enterprise
stackoverflow,javascript,2018,web frontend
stackoverflow,ruby-on-rails,2018,web frontend
stackoverflow,twitter-bootstrap,2018,web frontend
stackoverflow,coffeescript,2018,web frontend
stackoverflow,turbolinks,2018,web frontend
stackoverflow,c#,2018,web frontend
stackoverflow,cefsharp,2018,web frontend
stackoverflow,javascript,2018,web frontend
stackoverflow,jquery,2018,web frontend
stackoverflow,amazon-s3,2018,web frontend
stackoverflow,file-upload,2018,web frontend
stackoverflow,blueimp,2018,web frontend
stackoverflow,kotlin,2018,web frontend
stackoverflow,python,2018,testing_qa
stackoverflow,python-behave,2018,testing_qa
stackoverflow,c#,2018,web frontend
stackoverflow,sql,2018,web frontend
stackoverflow,linq,2018,web frontend
stackoverflow,lambda,2018,web frontend
stackoverflow,automapper,2018,web frontend
stackoverflow,javascript,2018,web frontend
stackoverflow,jquery,2018,web frontend
stackoverflow,checkbox,2018,web frontend
stackoverflow,input,2018,web frontend
stackoverflow,c#,2018,embedded
stackoverflow,.net,2018,embedded
stackoverflow,shared-memory,2018,embedded
stackoverflow,memory-mapped-files,2018,embedded
stackoverflow,cer,2018,embedded
stackoverflow,javascript,2018,web frontend
stackoverflow,php,2018,web frontend
stackoverflow,jquery,2018,web frontend
stackoverflow,twitter-bootstrap,2018,web frontend
stackoverflow,swift,2018,mobile
stackoverflow,deviceid,2018,mobile
stackoverflow,c++,2018,embedded
stackoverflow,vector,2018,embedded
stackoverflow,stl,2018,embedded
stackoverflow,c++,2018,enterprise
stackoverflow,lambda,2018,enterprise
stackoverflow,language-lawyer,2018,enterprise
stackoverflow,standards,2018,enterprise
stackoverflow,final,2018,enterprise
stackoverflow,python,2018,data_ai
stackoverflow,seaborn,2018,data_ai
stackoverflow,heatmap,2018,data_ai
stackoverflow,php,2018,devops_cloud
stackoverflow,composer-php,2018,devops_cloud
stackoverflow,amazon-elastic-beanstalk,2018,devops_cloud
stackoverflow,rust,2018,web frontend
stackoverflow,string-formatting,2018,web frontend
stackoverflow,javascript,2018,web frontend
stackoverflow,casting,2018,web frontend
stackoverflow,boolean,2018,web frontend
stackoverflow,operators,2018,web frontend
stackoverflow,python,2018,data_ai
stackoverflow,plot,2018,data_ai
stackoverflow,axis,2018,data_ai
stackoverflow,pyqtgraph,2018,data_ai
stackoverflow,python,2018,data_ai
stackoverflow,numpy,2018,data_ai
stackoverflow,gradient,2018,data_ai
stackoverflow,scala,2018,enterprise
stackoverflow,intellij-idea,2018,enterprise
stackoverflow,php,2018,web backend
stackoverflow,doctrine-orm,2018,web backend
stackoverflow,php,2018,security
stackoverflow,python,2018,data_ai
stackoverflow,pandas,2018,data_ai
stackoverflow,python,2018,data_ai
stackoverflow,networkx,2018,data_ai
stackoverflow,gephi,2018,data_ai
stackoverflow,typescript,2018,web frontend
stackoverflow,javascript,2018,web frontend
stackoverflow,angularjs,2018,web frontend
stackoverflow,single-sign-on,2018,web frontend
stackoverflow,saml-2.0,2018,web frontend
stackoverflow,shibboleth,2018,web frontend
stackoverflow,java,2018,data_ai
stackoverflow,google-cloud-firestore,2018,data_ai
stackoverflow,firebase-admin,2018,data_ai
stackoverflow,go,2018,web backend
stackoverflow,mongo-go,2018,web backend
stackoverflow,java,2018,web backend
stackoverflow,java-8,2018,web backend
stackoverflow,java-stream,2018,web backend
stackoverflow,java,2018,web backend
stackoverflow,c,2018,web backend
stackoverflow,udp,2018,web backend
stackoverflow,c#,2018,data_ai
stackoverflow,.net,2018,data_ai
stackoverflow,parsing,2018,data_ai
stackoverflow,datetime,2018,data_ai
stackoverflow,datetime-format,2018,data_ai
stackoverflow,c#,2018,web backend
stackoverflow,list,2018,web backend
stackoverflow,for-loop,2018,web backend
stackoverflow,iterator,2018,web backend
stackoverflow,javascript,2018,web frontend
stackoverflow,dictionary,2018,web frontend
stackoverflow,d3.js,2018,web frontend
stackoverflow,d3.js-lasso,2018,web frontend
stackoverflow,rust,2018,data_ai
stackoverflow,c++,2018,data_ai
stackoverflow,c++11,2018,data_ai
stackoverflow,c++14,2018,data_ai
stackoverflow,variadic-templates,2018,data_ai
stackoverflow,c++17,2018,data_ai
stackoverflow,parsing,2018,web frontend
stackoverflow,haskell,2018,web frontend
stackoverflow,functional-programming,2018,web frontend
stackoverflow,monads,2018,web frontend
stackoverflow,c++,2018,web frontend
stackoverflow,qt,2018,web frontend
stackoverflow,qt-designer,2018,web frontend
stackoverflow,python,2018,data_ai
stackoverflow,luigi,2018,data_ai
stackoverflow,c++,2018,embedded
stackoverflow,javascript,2018,web frontend
stackoverflow,inheritance,2018,web frontend
stackoverflow,es6-promise,2018,web frontend
stackoverflow,es6-class,2018,web frontend
stackoverflow,arrays,2018,web frontend
stackoverflow,python-3.x,2018,web frontend
stackoverflow,3d,2018,web frontend
stackoverflow,geometry,2018,web frontend
stackoverflow,python,2018,data_ai
stackoverflow,python-2.7,2018,data_ai
stackoverflow,pyspark,2018,data_ai
stackoverflow,pyspark-sql,2018,data_ai
stackoverflow,spss-modeler,2018,data_ai
stackoverflow,c++,2018,embedded
stackoverflow,codeblocks,2018,embedded
stackoverflow,wxwidgets,2018,embedded
stackoverflow,javascript,2018,web frontend
stackoverflow,angularjs,2018,web frontend
stackoverflow,date,2018,web frontend
stackoverflow,python-3.x,2018,game
stackoverflow,pygame,2018,game
stackoverflow,sprite,2018,game
stackoverflow,python,2018,data_ai
stackoverflow,pandas,2018,data_ai
stackoverflow,javascript,2018,web frontend
stackoverflow,jquery,2018,web frontend
stackoverflow,lightgallery,2018,web frontend
stackoverflow,kotlin,2018,data_ai
stackoverflow,python,2018,data_ai
stackoverflow,python-3.x,2018,data_ai
stackoverflow,dictionary,2018,data_ai
stackoverflow,rust,2018,developer tools
stackoverflow,protocol-buffers,2018,developer tools
stackoverflow,scala,2018,data_ai
stackoverflow,hdfs,2018,data_ai
stackoverflow,python,2018,data_ai
stackoverflow,python-3.x,2018,data_ai
stackoverflow,euclidean-distance,2018,data_ai
stackoverflow,javascript,2018,web frontend
stackoverflow,javascript-objects,2018,web frontend
stackoverflow,c#,2018,enterprise
stackoverflow,inheritance,2018,enterprise
stackoverflow,xamarin,2018,enterprise
stackoverflow,xamarin.forms,2018,enterprise
stackoverflow,python,2018,data_ai
stackoverflow,opencv,2018,data_ai
stackoverflow,c#,2018,web backend
stackoverflow,dependency-injection,2018,web backend
stackoverflow,autofac,2018,web backend
stackoverflow,asp.net-core-1.1,2018,web backend
stackoverflow,python,2018,testing_qa
stackoverflow,python-3.x,2018,testing_qa
stackoverflow,python-unittest,2018,testing_qa
stackoverflow,php,2018,web frontend
stackoverflow,woocommerce,2018,web frontend
stackoverflow,cart,2018,web frontend
stackoverflow,checkout,2018,web frontend
stackoverflow,custom-taxonomy,2018,web frontend
stackoverflow,python,2018,data_ai
stackoverflow,pandas,2018,data_ai
stackoverflow,group-by,2018,data_ai
stackoverflow,sum,2018,data_ai
stackoverflow,head,2018,data_ai
stackoverflow,c#,2018,web backend
stackoverflow,sql,2018,web backend
stackoverflow,winforms,2018,web backend
stackoverflow,python,2018,web frontend
stackoverflow,gzip,2018,web frontend
stackoverflow,python-2.6,2018,web frontend
stackoverflow,c#,2018,web backend
stackoverflow,asp.net-mvc,2018,web backend
stackoverflow,asp.net-core,2018,web backend
stackoverflow,asp.net-core-2.0,2018,web backend
stackoverflow,python,2018,data_ai
stackoverflow,pandas,2018,data_ai
stackoverflow,loops,2018,data_ai
stackoverflow,csv,2018,data_ai
stackoverflow,c,2018,embedded
stackoverflow,arrays,2018,embedded
stackoverflow,arrays,2018,mobile
stackoverflow,swift,2018,mobile
stackoverflow,string,2018,mobile
stackoverflow,algorithm,2018,mobile
stackoverflow,double,2018,mobile
stackoverflow,java,2018,web backend
stackoverflow,arrays,2018,web backend
stackoverflow,loops,2018,web backend
stackoverflow,python,2018,data_ai
stackoverflow,pandas,2018,data_ai
stackoverflow,time-series,2018,data_ai
stackoverflow,python,2018,data_ai
stackoverflow,tensorflow,2018,data_ai
stackoverflow,keras,2018,data_ai
stackoverflow,keras-layer,2018,data_ai
stackoverflow,c,2018,web backend
stackoverflow,python,2018,data_ai
stackoverflow,pandas,2018,data_ai
stackoverflow,scipy,2018,data_ai
stackoverflow,python,2018,web backend
stackoverflow,filenames,2018,web backend
stackoverflow,os.path,2018,web backend
stackoverflow,java,2018,web frontend
stackoverflow,jersey,2018,web frontend
stackoverflow,jax-rs,2018,web frontend
stackoverflow,swagger,2018,web frontend
stackoverflow,java,2018,web frontend
stackoverflow,javafx,2018,web frontend
stackoverflow,media-player,2018,web frontend
stackoverflow,scenebuilder,2018,web frontend
stackoverflow,seekbar,2018,web frontend
stackoverflow,java,2018,web frontend
stackoverflow,tree,2018,web frontend
stackoverflow,nashorn,2018,web frontend
stackoverflow,go,2018,web backend
stackoverflow,utf-8,2018,web backend
stackoverflow,c#,2018,web backend
stackoverflow,inheritance,2018,web backend
stackoverflow,unmarshalling,2018,web backend
stackoverflow,vtable,2018,web backend
stackoverflow,python,2018,data_ai
stackoverflow,tensorflow,2018,data_ai
stackoverflow,c#,2018,enterprise
stackoverflow,linq,2018,enterprise
stackoverflow,default-value,2018,enterprise
stackoverflow,python,2018,data_ai
stackoverflow,python-3.x,2018,data_ai
stackoverflow,python-2.7,2018,data_ai
stackoverflow,pandas,2018,data_ai
stackoverflow,statistics,2018,data_ai
stackoverflow,python,2018,data_ai
stackoverflow,pandas,2018,data_ai
stackoverflow,datetime,2018,data_ai
stackoverflow,dataframe,2018,data_ai
stackoverflow,type-conversion,2018,data_ai
stackoverflow,javascript,2018,web frontend
stackoverflow,canvas,2018,web frontend
stackoverflow,fabricjs,2018,web frontend
stackoverflow,java,2018,web frontend
stackoverflow,validation,2018,web frontend
stackoverflow,jtextfield,2018,web frontend
stackoverflow,scala,2018,devops_cloud
stackoverflow,akka,2018,devops_cloud
stackoverflow,cluster-computing,2018,devops_cloud
stackoverflow,sharding,2018,devops_cloud
stackoverflow,c++,2018,embedded
stackoverflow,c#,2018,web frontend
stackoverflow,localization,2018,web frontend
stackoverflow,asp.net-core-mvc,2018,web frontend
stackoverflow,python,2018,data_ai
stackoverflow,numpy,2018,data_ai
stackoverflow,matrix,2018,data_ai
stackoverflow,tensor,2018,data_ai
stackoverflow,javascript,2018,web frontend
stackoverflow,jquery,2018,web frontend
stackoverflow,c#,2018,web frontend
stackoverflow,math,2018,web frontend
stackoverflow,geometry,2018,web frontend
stackoverflow,python,2018,data_ai
stackoverflow,numpy,2018,data_ai
stackoverflow,java,2018,enterprise
stackoverflow,javascript,2018,web backend
stackoverflow,php,2018,web backend
stackoverflow,jquery,2018,web backend
stackoverflow,ajax,2018,web backend
stackoverflow,forms,2018,web backend
stackoverflow,php,2018,data_ai
stackoverflow,algorithm,2018,data_ai
stackoverflow,numbers,2018,data_ai
stackoverflow,python,2018,web frontend
stackoverflow,python-3.x,2018,web frontend
stackoverflow,discord.py,2018,web frontend
stackoverflow,javascript,2018,web frontend
stackoverflow,fabricjs,2018,web frontend
stackoverflow,c++,2018,embedded
stackoverflow,reference,2018,embedded
stackoverflow,javascript,2018,web frontend
stackoverflow,three.js,2018,web frontend
stackoverflow,python,2018,data_ai
stackoverflow,list,2018,data_ai
stackoverflow,for-loop,2018,data_ai
stackoverflow,javascript,2018,web frontend
stackoverflow,asynchronous,2018,web frontend
stackoverflow,rxjs,2018,web frontend
stackoverflow,reactivex,2018,web frontend
stackoverflow,java,2018,web backend
stackoverflow,guava,2018,web backend
stackoverflow,option-type,2018,web backend
stackoverflow,python,2018,data_ai
stackoverflow,pandas,2018,data_ai
stackoverflow,numpy,2018,data_ai
stackoverflow,dataframe,2018,data_ai
stackoverflow,python,2018,web backend
stackoverflow,smtplib,2018,web backend
stackoverflow,swift,2018,embedded
stackoverflow,audiokit,2018,embedded
stackoverflow,javascript,2018,data_ai
stackoverflow,arrays,2018,data_ai
stackoverflow,enums,2018,web frontend
stackoverflow,rust,2018,web frontend
stackoverflow,self,2018,web frontend
stackoverflow,php,2018,web backend
stackoverflow,vlc,2018,web backend
stackoverflow,http-status-code-403,2018,web backend
stackoverflow,python,2018,web frontend
stackoverflow,networkx,2018,web frontend
stackoverflow,cytoscape,2018,web frontend
stackoverflow,javascript,2018,web frontend
stackoverflow,canvas,2018,web frontend
stackoverflow,c#,2018,data_ai
stackoverflow,dictionary,2018,data_ai
stackoverflow,javascript,2018,web frontend
stackoverflow,c++,2018,web frontend
stackoverflow,qwebview,2018,web frontend
stackoverflow,qwebkit,2018,web frontend
stackoverflow,scala,2018,web backend
stackoverflow,playframework,2018,web backend
stackoverflow,traits,2018,web backend
stackoverflow,java,2018,web backend
stackoverflow,vert.x,2018,web backend
stackoverflow,javascript,2018,web frontend
stackoverflow,javascript-objects,2018,web frontend
stackoverflow,dom-events,2018,web frontend
stackoverflow,python,2018,data_ai
stackoverflow,java,2018,web backend
stackoverflow,debugging,2018,web backend
stackoverflow,intellij-idea,2018,web backend
stackoverflow,python,2018,web frontend
stackoverflow,python-3.x,2018,web frontend
stackoverflow,subprocess,2018,web frontend
stackoverflow,python,2018,web frontend
stackoverflow,openpyxl,2018,web frontend
stackoverflow,python,2018,embedded
stackoverflow,cython,2018,embedded
stackoverflow,static-typing,2018,embedded
stackoverflow,c++,2018,web frontend
stackoverflow,enums,2018,web frontend
stackoverflow,roman-numerals,2018,web frontend
stackoverflow,javascript,2018,web frontend
stackoverflow,string,2018,web frontend
stackoverflow,variables,2018,web frontend
stackoverflow,tostring,2018,web frontend
stackoverflow,python,2018,web frontend
stackoverflow,python-imaging-library,2018,web frontend
stackoverflow,c#,2018,embedded
stackoverflow,.net-core,2018,embedded
stackoverflow,screen-resolution,2018,embedded
stackoverflow,python,2018,embedded
stackoverflow,pyqt,2018,embedded
stackoverflow,pyqt5,2018,embedded
stackoverflow,qpushbutton,2018,embedded
stackoverflow,qlistview,2018,embedded
stackoverflow,python,2018,web frontend
stackoverflow,python-3.x,2018,web frontend
stackoverflow,python-3.6,2018,web frontend
stackoverflow,swift,2018,mobile
stackoverflow,watchkit,2018,mobile
stackoverflow,watchos-3,2018,mobile
stackoverflow,python,2018,data_ai
stackoverflow,excel,2018,data_ai
stackoverflow,python,2018,data_ai
stackoverflow,dictionary,2018,data_ai
stackoverflow,histogram,2018,data_ai
stackoverflow,arrays,2018,web backend
stackoverflow,ruby,2018,web backend
stackoverflow,string,2018,web backend
stackoverflow,integer,2018,web backend
stackoverflow,python,2018,data_ai
stackoverflow,pandas,2018,data_ai
stackoverflow,python,2018,data_ai
stackoverflow,pandas,2018,data_ai
stackoverflow,dataframe,2018,data_ai
stackoverflow,melt,2018,data_ai
stackoverflow,java,2018,data_ai
stackoverflow,performance,2018,data_ai
stackoverflow,clojure,2018,data_ai
stackoverflow,benchmarking,2018,data_ai
stackoverflow,microbenchmark,2018,data_ai
stackoverflow,php,2018,web backend
stackoverflow,stdclass,2018,web backend
stackoverflow,array-push,2018,web backend
stackoverflow,python,2018,mobile
stackoverflow,python-3.x,2018,mobile
stackoverflow,user-interface,2018,mobile
stackoverflow,kivy,2018,mobile
stackoverflow,kivy-language,2018,mobile
stackoverflow,scala,2018,web backend
stackoverflow,anonymous-inner-class,2018,web backend
stackoverflow,python,2018,data_ai
stackoverflow,opencv,2018,data_ai
stackoverflow,scikit-image,2018,data_ai
stackoverflow,itk,2018,data_ai
stackoverflow,typescript,2018,web frontend
stackoverflow,c,2018,embedded
stackoverflow,c#,2018,web backend
stackoverflow,powershell,2018,web backend
stackoverflow,python,2018,data_ai
stackoverflow,math,2018,data_ai
stackoverflow,statistics,2018,data_ai
stackoverflow,java,2018,enterprise
stackoverflow,constructor,2018,enterprise
stackoverflow,singleton,2018,enterprise
stackoverflow,java,2018,web backend
stackoverflow,optaplanner,2018,web backend
stackoverflow,go,2018,testing_qa
stackoverflow,makefile,2018,testing_qa
stackoverflow,c,2018,web frontend
stackoverflow,arrays,2018,web frontend
stackoverflow,string,2018,web frontend
stackoverflow,python,2018,data_ai
stackoverflow,pandas,2018,data_ai
stackoverflow,java,2018,web frontend
stackoverflow,spring-boot-test,2018,web frontend
stackoverflow,php,2018,web backend
stackoverflow,syntax,2018,web backend
stackoverflow,lint,2018,web backend
stackoverflow,javascript,2018,web frontend
stackoverflow,highcharts,2018,web frontend
stackoverflow,python,2018,data_ai
stackoverflow,cython,2018,data_ai
stackoverflow,sympy,2018,data_ai
stackoverflow,typescript,2018,data_ai
stackoverflow,typing,2018,data_ai
stackoverflow,java,2018,web backend
stackoverflow,stax,2018,web backend
stackoverflow,xmlstreamreader,2018,web backend
stackoverflow,kotlin,2018,web frontend
stackoverflow,kotlin-reflect,2018,web frontend
stackoverflow,php,2018,web frontend
stackoverflow,function,2018,web frontend
stackoverflow,function-signature,2018,web frontend
stackoverflow,java,2018,web frontend
stackoverflow,printstream,2018,web frontend
stackoverflow,java,2018,web backend
stackoverflow,database,2018,web backend
stackoverflow,servlets,2018,web backend
stackoverflow,model-view-controller,2018,web backend
stackoverflow,java,2018,data_ai
stackoverflow,collections,2018,data_ai
stackoverflow,python,2018,data_ai
stackoverflow,ubuntu,2018,data_ai
stackoverflow,multiprocessing,2018,data_ai
stackoverflow,python-multiprocessing,2018,data_ai
stackoverflow,pathos,2018,data_ai
stackoverflow,python-3.x,2018,data_ai
stackoverflow,tensorflow,2018,data_ai
stackoverflow,keras,2018,data_ai
stackoverflow,python,2018,data_ai
stackoverflow,pandas,2018,data_ai
stackoverflow,dataframe,2018,data_ai
stackoverflow,python,2018,data_ai
stackoverflow,parameters,2018,data_ai
stackoverflow,ode,2018,data_ai
stackoverflow,symfit,2018,data_ai
stackoverflow,python,2018,data_ai
stackoverflow,apache,2018,data_ai
stackoverflow,cgi,2018,data_ai
stackoverflow,python,2018,data_ai
stackoverflow,python-3.x,2018,data_ai
stackoverflow,formatting,2018,data_ai
stackoverflow,output,2018,data_ai
stackoverflow,elixir,2018,web backend
stackoverflow,swift,2018,embedded
stackoverflow,type-conversion,2018,embedded
stackoverflow,java,2018,data_ai
stackoverflow,arrays,2018,data_ai
stackoverflow,python,2018,data_ai
stackoverflow,python-3.x,2018,data_ai
stackoverflow,combinations,2018,data_ai
stackoverflow,itertools,2018,data_ai
stackoverflow,c#,2018,web frontend
stackoverflow,wpf,2018,web frontend
stackoverflow,windows,2018,web frontend
stackoverflow,data-binding,2018,web frontend
stackoverflow,php,2018,web backend
stackoverflow,python-3.x,2018,data_ai
stackoverflow,dask,2018,data_ai
stackoverflow,c++,2018,testing_qa
stackoverflow,boost-unit-test-framework,2018,testing_qa
stackoverflow,c++,2018,embedded
stackoverflow,arrays,2018,embedded
stackoverflow,c++11,2018,embedded
stackoverflow,operator-overloading,2018,embedded
stackoverflow,java,2018,security
stackoverflow,c,2018,security
stackoverflow,openssl,2018,security
stackoverflow,rsa,2018,security
stackoverflow,signing,2018,security
stackoverflow,go,2018,web frontend
stackoverflow,floating-point,2018,web frontend
stackoverflow,binary,2018,web frontend
stackoverflow,haskell,2018,web backend
stackoverflow,types,2018,web backend
stackoverflow,c++,2018,web frontend
stackoverflow,c++11,2018,web frontend
stackoverflow,overloading,2018,web frontend
stackoverflow,overload-resolution,2018,web frontend
stackoverflow,python,2018,data_ai
stackoverflow,python-3.x,2018,data_ai
stackoverflow,matplotlib,2018,data_ai
stackoverflow,plot,2018,data_ai
stackoverflow,axis-labels,2018,data_ai
stackoverflow,dart,2018,web backend
stackoverflow,aqueduct,2018,web backend
stackoverflow,python,2018,data_ai
stackoverflow,time-series,2018,data_ai
stackoverflow,detection,2018,data_ai
stackoverflow,anomaly-detection,2018,data_ai
stackoverflow,python,2018,security
stackoverflow,python-3.x,2018,security
stackoverflow,python-2.7,2018,security
stackoverflow,loops,2018,security
stackoverflow,input,2018,security
stackoverflow,php,2018,web frontend
stackoverflow,wordpress,2018,web frontend
stackoverflow,methods,2018,web frontend
stackoverflow,woocommerce,2018,web frontend
stackoverflow,orders,2018,web frontend
stackoverflow,c#,2018,enterprise
stackoverflow,wpf,2018,enterprise
stackoverflow,javascript,2018,web frontend
stackoverflow,php,2018,web frontend
stackoverflow,sdk,2018,web frontend
stackoverflow,javascript,2018,web frontend
stackoverflow,ecmascript-6,2018,web frontend
stackoverflow,async-await,2018,web frontend
stackoverflow,es6-promise,2018,web frontend
stackoverflow,python-3.x,2018,enterprise
stackoverflow,bots,2018,enterprise
stackoverflow,centos6,2018,enterprise
stackoverflow,discord,2018,enterprise
stackoverflow,discord.py,2018,enterprise
stackoverflow,python,2018,data_ai
stackoverflow,pandas,2018,data_ai
stackoverflow,dataframe,2018,data_ai
stackoverflow,scipy,2018,data_ai
stackoverflow,statistics,2018,data_ai
stackoverflow,python,2018,web frontend
stackoverflow,python-3.x,2018,web frontend
stackoverflow,class,2018,web frontend
stackoverflow,inheritance,2018,web frontend
stackoverflow,uml,2018,web frontend
stackoverflow,java,2018,data_ai
stackoverflow,date,2018,data_ai
stackoverflow,java-time,2018,data_ai
stackoverflow,datetimeoffset,2018,data_ai
stackoverflow,javascript,2018,web frontend
stackoverflow,jquery,2018,web frontend
stackoverflow,replacewith,2018,web frontend
stackoverflow,python,2018,web backend
stackoverflow,stripe-payments,2018,web backend
stackoverflow,python,2018,web backend
stackoverflow,javascript,2018,web frontend
stackoverflow,visual-studio-code,2018,web frontend
stackoverflow,c#,2018,web frontend
stackoverflow,wpf,2018,web frontend
stackoverflow,telerik,2018,web frontend
stackoverflow,c++,2018,data_ai
stackoverflow,fork,2018,data_ai
stackoverflow,command-line-interface,2018,data_ai
stackoverflow,julia,2018,data_ai
stackoverflow,python,2018,web frontend
stackoverflow,pyside,2018,web frontend
stackoverflow,java,2018,web backend
stackoverflow,multithreading,2018,web backend
stackoverflow,asynchronous,2018,web backend
stackoverflow,netty,2018,web backend
stackoverflow,nio,2018,web backend
stackoverflow,c#,2018,web backend
stackoverflow,linq,2018,web backend
stackoverflow,linq-to-sql,2018,web backend
stackoverflow,c,2018,embedded
stackoverflow,typescript,2018,testing_qa
stackoverflow,chai,2018,testing_qa
stackoverflow,chai-as-promised,2018,testing_qa
stackoverflow,syntax,2018,web frontend
stackoverflow,functional-programming,2018,web frontend
stackoverflow,kotlin,2018,web frontend
stackoverflow,c++,2018,web frontend
stackoverflow,arm,2018,web frontend
stackoverflow,embedded,2018,web frontend
stackoverflow,atmelstudio,2018,web frontend
stackoverflow,samd21,2018,web frontend
stackoverflow,python,2018,data_ai
stackoverflow,pandas,2018,data_ai
stackoverflow,matrix,2018,data_ai
stackoverflow,grid,2018,data_ai
stackoverflow,geo,2018,data_ai
stackoverflow,rust,2018,data_ai
stackoverflow,php,2018,web frontend
stackoverflow,eloquent,2018,web frontend
stackoverflow,typescript,2018,web frontend
stackoverflow,python,2018,data_ai
stackoverflow,matplotlib,2018,data_ai
stackoverflow,seaborn,2018,data_ai
stackoverflow,scatter-plot,2018,data_ai
stackoverflow,python-3.x,2018,web frontend
stackoverflow,pyqt,2018,web frontend
stackoverflow,pyqt5,2018,web frontend
stackoverflow,python,2018,web frontend
stackoverflow,function,2018,web frontend
stackoverflow,parameters,2018,web frontend
stackoverflow,java,2018,web backend
stackoverflow,java-9,2018,web backend
stackoverflow,java,2018,web frontend
stackoverflow,c#,2018,web frontend
stackoverflow,function,2018,web frontend
stackoverflow,c#-7.0,2018,web frontend
stackoverflow,python,2018,data_ai
stackoverflow,pandas,2018,data_ai
stackoverflow,python,2018,devops_cloud
stackoverflow,amazon-web-services,2018,devops_cloud
stackoverflow,amazon-s3,2018,devops_cloud
stackoverflow,boto3,2018,devops_cloud
stackoverflow,c#,2018,web frontend
stackoverflow,syntax,2018,web frontend
stackoverflow,string-interpolation,2018,web frontend
stackoverflow,c#,2018,mobile
stackoverflow,xaml,2018,mobile
stackoverflow,xamarin.forms,2018,mobile
stackoverflow,python,2018,data_ai
stackoverflow,python-3.x,2018,data_ai
stackoverflow,decision-tree,2018,data_ai
stackoverflow,sklearn-pandas,2018,data_ai
stackoverflow,python-3.x,2018,web frontend
stackoverflow,opengl,2018,web frontend
stackoverflow,qt5,2018,web frontend
stackoverflow,qt3d,2018,web frontend
stackoverflow,pyside2,2018,web frontend
stackoverflow,c#,2018,web backend
stackoverflow,.net,2018,web backend
stackoverflow,google-my-business-api,2018,web backend
stackoverflow,python,2018,web frontend
stackoverflow,python-3.x,2018,web frontend
stackoverflow,list,2018,web frontend
stackoverflow,tuples,2018,web frontend
stackoverflow,c++,2018,embedded
stackoverflow,opengl,2018,embedded
stackoverflow,glm-math,2018,embedded
stackoverflow,c,2018,web frontend
stackoverflow,strlen,2018,web frontend
stackoverflow,c++,2018,data_ai
stackoverflow,opencv,2018,data_ai
stackoverflow,matrix,2018,data_ai
stackoverflow,kalman-filter,2018,data_ai
stackoverflow,php,2018,web backend
stackoverflow,excel,2018,web backend
stackoverflow,merge,2018,web backend
stackoverflow,phpspreadsheet,2018,web backend
stackoverflow,java,2018,web frontend
stackoverflow,swing,2018,web frontend
stackoverflow,user-interface,2018,web frontend
stackoverflow,python,2018,data_ai
stackoverflow,pandas,2018,data_ai
stackoverflow,dataframe,2018,data_ai
stackoverflow,python,2018,data_ai
stackoverflow,pandas,2018,data_ai
stackoverflow,dataframe,2018,data_ai
stackoverflow,utf-8,2018,data_ai
stackoverflow,java,2018,data_ai
stackoverflow,scala,2018,web backend
stackoverflow,collections,2018,web backend
stackoverflow,sum,2018,web backend
stackoverflow,operator-overloading,2018,web backend
stackoverflow,implicit,2018,web backend
stackoverflow,java,2018,enterprise
stackoverflow,constructor,2018,enterprise
stackoverflow,c,2018,embedded
stackoverflow,language-lawyer,2018,embedded
stackoverflow,python-3.x,2018,data_ai
stackoverflow,xgboost,2018,data_ai
stackoverflow,c,2018,embedded
stackoverflow,c++,2018,embedded
stackoverflow,c++11,2018,embedded
stackoverflow,compiler-errors,2018,embedded
stackoverflow,stdthread,2018,embedded
stackoverflow,python,2018,data_ai
stackoverflow,algorithm,2018,data_ai
stackoverflow,opencv,2018,data_ai
stackoverflow,image-processing,2018,data_ai
stackoverflow,hough-transform,2018,data_ai
stackoverflow,java,2018,web backend
stackoverflow,asynchronous,2018,web backend
stackoverflow,callback,2018,web backend
stackoverflow,vert.x,2018,web backend
stackoverflow,scala,2018,web backend
stackoverflow,amazon-s3,2018,web backend
stackoverflow,akka-stream,2018,web backend
stackoverflow,akka-http,2018,web backend
stackoverflow,c#,2018,testing_qa
stackoverflow,winforms,2018,testing_qa
stackoverflow,automated-tests,2018,testing_qa
stackoverflow,python,2018,data_ai
stackoverflow,pandas,2018,data_ai
stackoverflow,c#,2018,testing_qa
stackoverflow,unit-testing,2018,testing_qa
stackoverflow,integration-testing,2018,testing_qa
stackoverflow,xunit,2018,testing_qa
stackoverflow,xunit.net,2018,testing_qa
stackoverflow,python,2018,data_ai
stackoverflow,tensorflow,2018,data_ai
stackoverflow,python,2018,web backend
stackoverflow,psycopg2,2018,web backend
stackoverflow,aiohttp,2018,web backend
stackoverflow,typescript,2018,web frontend
stackoverflow,uml,2018,web frontend
stackoverflow,c,2018,web backend
stackoverflow,algorithm,2018,web backend
stackoverflow,sha1,2018,web backend
stackoverflow,python,2018,data_ai
stackoverflow,pandas,2018,data_ai
stackoverflow,c++,2018,web backend
stackoverflow,r,2018,web backend
stackoverflow,cmake,2018,web backend
stackoverflow,python,2018,data_ai
stackoverflow,list,2018,data_ai
stackoverflow,dictionary,2018,data_ai
stackoverflow,c#,2018,web backend
stackoverflow,linq-expressions,2018,web backend
stackoverflow,python,2018,data_ai
stackoverflow,opencv,2018,data_ai
stackoverflow,image-processing,2018,data_ai
stackoverflow,computer-vision,2018,data_ai
stackoverflow,laplacianofgaussian,2018,data_ai
stackoverflow,java,2018,web frontend
stackoverflow,arrays,2018,web frontend
stackoverflow,arraylist,2018,web frontend
stackoverflow,multidimensional-array,2018,web frontend
stackoverflow,2d,2018,web frontend
stackoverflow,c#,2018,mobile
stackoverflow,xaml,2018,mobile
stackoverflow,xamarin,2018,mobile
stackoverflow,xamarin.forms,2018,mobile
stackoverflow,javascript,2018,web frontend
stackoverflow,canvas,2018,web frontend
stackoverflow,c#,2018,web frontend
stackoverflow,asp.net-mvc,2018,web frontend
stackoverflow,entity-framework,2018,web frontend
stackoverflow,asp.net-mvc-5,2018,web frontend
stackoverflow,summernote,2018,web frontend
stackoverflow,string,2018,web frontend
stackoverflow,python-3.x,2018,web frontend
stackoverflow,python,2018,web backend
stackoverflow,signals,2018,web backend
stackoverflow,python-asyncio,2018,web backend
stackoverflow,php,2018,web frontend
stackoverflow,gd,2018,web frontend
stackoverflow,kotlin,2018,mobile
stackoverflow,javascript,2018,game
stackoverflow,code.org,2018,game
stackoverflow,php,2018,devops_cloud
stackoverflow,macos,2018,devops_cloud
stackoverflow,apache,2018,devops_cloud
stackoverflow,apache2,2018,devops_cloud
stackoverflow,macos-mojave,2018,devops_cloud
stackoverflow,python,2018,data_ai
stackoverflow,pandas,2018,data_ai
stackoverflow,unique,2018,data_ai
stackoverflow,networkx,2018,data_ai
stackoverflow,relation,2018,data_ai
stackoverflow,python,2018,data_ai
stackoverflow,pandas,2018,data_ai
stackoverflow,dataframe,2018,data_ai
stackoverflow,java,2018,data_ai
stackoverflow,elasticsearch,2018,data_ai
stackoverflow,python,2018,web frontend
stackoverflow,python-3.x,2018,web frontend
stackoverflow,find,2018,web frontend
stackoverflow,c#,2018,web frontend
stackoverflow,.net,2018,web frontend
stackoverflow,wpf,2018,web frontend
stackoverflow,winforms,2018,web frontend
stackoverflow,opengl,2018,web frontend
stackoverflow,javascript,2018,web frontend
stackoverflow,arrays,2018,web frontend
stackoverflow,typeof,2018,web frontend
stackoverflow,c++,2018,data_ai
stackoverflow,pandas,2018,data_ai
stackoverflow,parquet,2018,data_ai
stackoverflow,pyarrow,2018,data_ai
stackoverflow,c#,2018,web backend
stackoverflow,asp.net-core,2018,web backend
stackoverflow,asp.net-core-webapi,2018,web backend
stackoverflow,tuples,2018,developer tools
stackoverflow,julia,2018,developer tools
stackoverflow,fill,2018,developer tools
stackoverflow,python,2018,data_ai
stackoverflow,pandas,2018,data_ai
stackoverflow,matplotlib,2018,data_ai
stackoverflow,seaborn,2018,data_ai
stackoverflow,python,2018,data_ai
stackoverflow,algorithm,2018,data_ai
stackoverflow,shuffle,2018,data_ai
stackoverflow,java,2018,web frontend
stackoverflow,java,2018,web backend
stackoverflow,date,2018,web backend
stackoverflow,converter,2018,web backend
stackoverflow,javascript,2018,web frontend
stackoverflow,ecmascript-6,2018,web frontend
stackoverflow,javascript,2018,data_ai
stackoverflow,function,2018,data_ai
stackoverflow,primes,2018,data_ai
stackoverflow,java,2018,data_ai
stackoverflow,date,2018,data_ai
stackoverflow,datetime,2018,data_ai
stackoverflow,jodatime,2018,data_ai
stackoverflow,java-time,2018,data_ai
stackoverflow,c#,2018,enterprise
stackoverflow,c#,2018,web frontend
stackoverflow,winforms,2018,web frontend
stackoverflow,keypress,2018,web frontend
stackoverflow,acceptbutton,2018,web frontend
stackoverflow,typescript,2018,web frontend
stackoverflow,aurelia,2018,web frontend
stackoverflow,ag-grid,2018,web frontend
stackoverflow,python,2018,data_ai
stackoverflow,arrays,2018,data_ai
stackoverflow,scipy,2018,data_ai
stackoverflow,entropy,2018,data_ai
stackoverflow,c++,2018,security
stackoverflow,language-lawyer,2018,security
stackoverflow,strict-aliasing,2018,security
stackoverflow,python,2018,data_ai
stackoverflow,c++,2018,data_ai
stackoverflow,numpy,2018,data_ai
stackoverflow,benchmarking,2018,data_ai
stackoverflow,eigen,2018,data_ai
stackoverflow,python,2018,data_ai
stackoverflow,javascript,2018,blockchain
stackoverflow,blockchain,2018,blockchain
stackoverflow,ethereum,2018,blockchain
stackoverflow,solidity,2018,blockchain
stackoverflow,python,2018,data_ai
stackoverflow,python-2.7,2018,data_ai
stackoverflow,input,2018,data_ai
stackoverflow,haskell,2018,web frontend
stackoverflow,c#,2018,web frontend
stackoverflow,winforms,2018,web frontend
stackoverflow,graphics,2018,web frontend
stackoverflow,label,2018,web frontend
stackoverflow,gdi+,2018,web frontend
stackoverflow,python,2018,embedded
stackoverflow,linux,2018,embedded
stackoverflow,debian,2018,embedded
stackoverflow,autokey,2018,embedded
stackoverflow,python,2018,data_ai
stackoverflow,pandas,2018,data_ai
stackoverflow,seaborn,2018,data_ai
stackoverflow,python,2018,data_ai
stackoverflow,pandas,2018,data_ai
stackoverflow,matplotlib,2018,data_ai
stackoverflow,seaborn,2018,data_ai
stackoverflow,python-3.x,2018,web frontend
stackoverflow,pandas,2018,web frontend
stackoverflow,matplotlib,2018,web frontend
stackoverflow,colors,2018,web frontend
stackoverflow,bokeh,2018,web frontend
stackoverflow,c++,2018,embedded
stackoverflow,visual-c++,2018,embedded
stackoverflow,linker,2018,embedded
stackoverflow,python,2018,security
stackoverflow,python,2018,data_ai
stackoverflow,python-3.x,2018,devops_cloud
stackoverflow,amazon-web-services,2018,devops_cloud
stackoverflow,aws-lambda,2018,devops_cloud
stackoverflow,c,2018,embedded
stackoverflow,misra,2018,embedded
stackoverflow,greenhills,2018,embedded
stackoverflow,python,2018,data_ai
stackoverflow,binary,2018,data_ai
stackoverflow,counting,2018,data_ai
stackoverflow,run-length-encoding,2018,data_ai
stackoverflow,python,2018,web frontend
stackoverflow,matplotlib,2018,web frontend
stackoverflow,rotation,2018,web frontend
stackoverflow,patch,2018,web frontend
stackoverflow,javascript,2018,web frontend
stackoverflow,leaflet,2018,web frontend
stackoverflow,popupwindow,2018,web frontend
stackoverflow,javascript,2018,web frontend
stackoverflow,service-worker,2018,web frontend
stackoverflow,progressive-web-apps,2018,web frontend
stackoverflow,offline-caching,2018,web frontend
stackoverflow,offlineapps,2018,web frontend
stackoverflow,scala,2018,data_ai
stackoverflow,python,2018,data_ai
stackoverflow,c,2018,data_ai
stackoverflow,floating-point,2018,data_ai
stackoverflow,java,2018,web backend
stackoverflow,jakarta-ee,2018,web backend
stackoverflow,jfr,2018,web backend
stackoverflow,javascript,2018,enterprise
stackoverflow,object,2018,enterprise
stackoverflow,overriding,2018,enterprise
stackoverflow,userscripts,2018,enterprise
stackoverflow,tampermonkey,2018,enterprise
stackoverflow,c#,2018,web backend
stackoverflow,botframework,2018,web backend
stackoverflow,azure-cosmosdb,2018,web backend
stackoverflow,php,2018,web frontend
stackoverflow,python,2018,data_ai
stackoverflow,list,2018,data_ai
stackoverflow,swap,2018,data_ai
stackoverflow,python,2018,data_ai
stackoverflow,datetime,2018,data_ai
stackoverflow,matplotlib,2018,data_ai
stackoverflow,timedelta,2018,data_ai
stackoverflow,php,2018,web frontend
stackoverflow,codeception,2018,web frontend
stackoverflow,web-api-testing,2018,web frontend
stackoverflow,python,2018,enterprise
stackoverflow,c++,2018,enterprise
stackoverflow,boost,2018,enterprise
stackoverflow,homebrew,2018,enterprise
stackoverflow,boost-python,2018,enterprise
stackoverflow,java,2018,web frontend
stackoverflow,date,2018,web frontend
stackoverflow,timestamp,2018,web frontend
stackoverflow,elixir,2018,web backend
stackoverflow,java,2018,enterprise
stackoverflow,string,2018,enterprise
stackoverflow,reference,2018,enterprise
stackoverflow,arrays,2018,web backend
stackoverflow,go,2018,web backend
stackoverflow,c#,2018,enterprise
stackoverflow,ms-access,2018,enterprise
stackoverflow,cmd,2018,enterprise
stackoverflow,python,2018,data_ai
stackoverflow,bash,2018,data_ai
stackoverflow,google-chrome,2018,data_ai
stackoverflow,indexeddb,2018,data_ai
stackoverflow,leveldb,2018,data_ai
stackoverflow,java,2018,security
stackoverflow,linux,2018,security
stackoverflow,centos,2018,security
stackoverflow,go,2018,web frontend
stackoverflow,go-templates,2018,web frontend
stackoverflow,python,2018,data_ai
stackoverflow,arrays,2018,data_ai
stackoverflow,excel,2018,data_ai
stackoverflow,csv,2018,data_ai
stackoverflow,numpy,2018,data_ai
stackoverflow,java,2018,developer tools
stackoverflow,sonarqube,2018,developer tools
stackoverflow,sonarlint,2018,developer tools
stackoverflow,c++,2018,embedded
stackoverflow,string,2018,embedded
stackoverflow,python,2018,data_ai
stackoverflow,python-3.x,2018,data_ai
stackoverflow,pandas,2018,data_ai
stackoverflow,java,2018,web frontend
stackoverflow,javafx,2018,web frontend
stackoverflow,python,2018,data_ai
stackoverflow,matplotlib,2018,data_ai
stackoverflow,colorbar,2018,data_ai
stackoverflow,javascript,2018,data_ai
stackoverflow,loops,2018,data_ai
stackoverflow,object,2018,data_ai
stackoverflow,python-3.x,2018,data_ai
stackoverflow,pandas,2018,data_ai
stackoverflow,plotly,2018,data_ai
stackoverflow,c++,2018,embedded
stackoverflow,gcc,2018,embedded
stackoverflow,sha,2018,embedded
stackoverflow,intrinsics,2018,embedded
stackoverflow,powerpc,2018,embedded
stackoverflow,c++,2018,embedded
stackoverflow,assembly,2018,embedded
stackoverflow,visual-c++,2018,embedded
stackoverflow,x86-64,2018,embedded
stackoverflow,disassembly,2018,embedded
stackoverflow,c,2018,embedded
stackoverflow,string,2018,embedded
stackoverflow,substring,2018,embedded
stackoverflow,instance,2018,embedded
stackoverflow,php,2018,web backend
stackoverflow,twitter-bootstrap-3,2018,web backend
stackoverflow,mpdf,2018,web backend
stackoverflow,java,2018,enterprise
stackoverflow,javafx,2018,enterprise
stackoverflow,java-8,2018,enterprise
stackoverflow,observablelist,2018,enterprise
stackoverflow,extractor,2018,enterprise
stackoverflow,java,2018,data_ai
stackoverflow,guava,2018,data_ai
stackoverflow,long-integer,2018,data_ai
stackoverflow,c++,2018,embedded
stackoverflow,templates,2018,embedded
stackoverflow,inheritance,2018,embedded
stackoverflow,java,2018,web backend
stackoverflow,hibernate,2018,web backend
stackoverflow,enums,2018,web backend
stackoverflow,lombok,2018,web backend
stackoverflow,java,2018,web frontend
stackoverflow,javafx-8,2018,web frontend
stackoverflow,scenebuilder,2018,web frontend
stackoverflow,python,2018,data_ai
stackoverflow,python-3.x,2018,data_ai
stackoverflow,multiprocessing,2018,data_ai
stackoverflow,python-multiprocessing,2018,data_ai
stackoverflow,python,2018,web frontend
stackoverflow,list,2018,web frontend
stackoverflow,list-comprehension,2018,web frontend
stackoverflow,lowercase,2018,web frontend
stackoverflow,typescript,2018,web frontend
stackoverflow,oop,2018,web frontend
stackoverflow,overloading,2018,web frontend
stackoverflow,php,2018,web frontend
stackoverflow,wordpress,2018,web frontend
stackoverflow,java,2018,web frontend
stackoverflow,javafx,2018,web frontend
stackoverflow,javascript,2018,web frontend
stackoverflow,dicom,2018,web frontend
stackoverflow,volume-rendering,2018,web frontend
stackoverflow,papaya,2018,web frontend
stackoverflow,c,2018,embedded
stackoverflow,linux,2018,embedded
stackoverflow,pthreads,2018,embedded
stackoverflow,python,2018,data_ai
stackoverflow,python-3.x,2018,data_ai
stackoverflow,loops,2018,data_ai
stackoverflow,sorting,2018,data_ai
stackoverflow,dictionary,2018,data_ai
stackoverflow,python,2018,web frontend
stackoverflow,button,2018,web frontend
stackoverflow,tkinter,2018,web frontend
stackoverflow,minesweeper,2018,web frontend
stackoverflow,javascript,2018,web frontend
stackoverflow,jquery,2018,web frontend
stackoverflow,c++,2018,embedded
stackoverflow,floating-point,2018,embedded
stackoverflow,type-conversion,2018,embedded
stackoverflow,integer,2018,embedded
stackoverflow,integer-overflow,2018,embedded
stackoverflow,c#,2018,web frontend
stackoverflow,wpf,2018,web frontend
stackoverflow,c#,2018,web frontend
stackoverflow,wpf,2018,web frontend
stackoverflow,shared-project,2018,web frontend
stackoverflow,python,2018,data_ai
stackoverflow,matplotlib,2018,data_ai
stackoverflow,python-xarray,2018,data_ai
stackoverflow,java,2018,web backend
stackoverflow,multithreading,2018,web backend
stackoverflow,rmi,2018,web backend
stackoverflow,java,2018,web frontend
stackoverflow,inheritance,2018,web frontend
stackoverflow,parameters,2018,web frontend
stackoverflow,constructor,2018,web frontend
stackoverflow,polymorphism,2018,web frontend
stackoverflow,c++,2018,embedded
stackoverflow,opengl,2018,embedded
stackoverflow,python,2018,data_ai
stackoverflow,arrays,2018,data_ai
stackoverflow,tensorflow,2018,data_ai
stackoverflow,variable-assignment,2018,data_ai
stackoverflow,c,2018,embedded
stackoverflow,fortran,2018,embedded
stackoverflow,gfortran,2018,embedded
stackoverflow,fortran-iso-c-binding,2018,embedded
stackoverflow,java,2018,web backend
stackoverflow,dice,2018,web backend
stackoverflow,seeding,2018,web backend
stackoverflow,python,2018,data_ai
stackoverflow,csv,2018,data_ai
stackoverflow,avro,2018,data_ai
stackoverflow,java,2018,web frontend
stackoverflow,arrays,2018,web frontend
stackoverflow,c++,2018,embedded
stackoverflow,c#,2018,web backend
stackoverflow,.net,2018,web backend
stackoverflow,file-upload,2018,web backend
stackoverflow,asp.net-core-webapi,2018,web backend
stackoverflow,c++,2018,embedded
stackoverflow,c++11,2018,embedded
stackoverflow,grpc,2018,embedded
stackoverflow,c++,2018,embedded
stackoverflow,header,2018,embedded
stackoverflow,namespaces,2018,embedded
stackoverflow,haskell,2018,enterprise
stackoverflow,c#,2018,web backend
stackoverflow,class,2018,web backend
stackoverflow,haskell,2018,data_ai
stackoverflow,ghc,2018,data_ai
stackoverflow,rust,2018,developer tools
stackoverflow,c#,2018,security
stackoverflow,.net-core,2018,security
stackoverflow,identityserver4,2018,security
stackoverflow,c++,2018,embedded
stackoverflow,qt,2018,embedded
stackoverflow,qml,2018,embedded
stackoverflow,java,2018,web backend
stackoverflow,modelmapper,2018,web backend
stackoverflow,c#,2018,web backend
stackoverflow,entity-framework-core,2018,web backend
stackoverflow,kotlin,2018,mobile
stackoverflow,corda,2018,mobile
stackoverflow,javascript,2018,data_ai
stackoverflow,lodash,2018,data_ai
stackoverflow,python,2018,game
stackoverflow,pygame,2018,game
stackoverflow,python,2018,web frontend
stackoverflow,python-3.x,2018,web frontend
stackoverflow,python-2.7,2018,web frontend
stackoverflow,c#,2018,enterprise
stackoverflow,python,2018,enterprise
stackoverflow,python,2018,data_ai
stackoverflow,matplotlib,2018,data_ai
stackoverflow,javascript,2018,web frontend
stackoverflow,jquery,2018,web frontend
stackoverflow,jquery-ui,2018,web frontend
stackoverflow,jquery-animate,2018,web frontend
stackoverflow,c++,2018,embedded
stackoverflow,qt,2018,embedded
stackoverflow,spdlog,2018,embedded
stackoverflow,python,2018,data_ai
stackoverflow,arrays,2018,data_ai
stackoverflow,csv,2018,data_ai
stackoverflow,c#,2018,enterprise
stackoverflow,castle-dynamicproxy,2018,enterprise
stackoverflow,tensorflow,2018,data_ai
stackoverflow,julia,2018,data_ai
stackoverflow,c,2018,web frontend
stackoverflow,string-parsing,2018,web frontend
stackoverflow,strtoul,2018,web frontend
stackoverflow,c#,2018,data_ai
stackoverflow,lambda,2018,data_ai
stackoverflow,python,2018,devops_cloud
stackoverflow,amazon-web-services,2018,devops_cloud
stackoverflow,amazon-s3,2018,devops_cloud
stackoverflow,boto3,2018,devops_cloud
stackoverflow,php,2018,web frontend
stackoverflow,typo3,2018,web frontend
stackoverflow,typoscript,2018,web frontend
stackoverflow,fluid,2018,web frontend
stackoverflow,typo3-8.x,2018,web frontend
stackoverflow,python,2018,data_ai
stackoverflow,python-3.x,2018,data_ai
stackoverflow,swift,2018,mobile
stackoverflow,codable,2018,mobile
stackoverflow,nskeyedarchiver,2018,mobile
stackoverflow,php,2018,web frontend
stackoverflow,excel,2018,web frontend
stackoverflow,yii,2018,web frontend
stackoverflow,scala,2018,data_ai
stackoverflow,apache-spark,2018,data_ai
stackoverflow,rdd,2018,data_ai
stackoverflow,python,2018,data_ai
stackoverflow,pandas,2018,data_ai
stackoverflow,dataframe,2018,data_ai
stackoverflow,c++,2018,embedded
stackoverflow,linux,2018,embedded
stackoverflow,qt,2018,embedded
stackoverflow,c#,2018,web frontend
stackoverflow,lua,2018,web frontend
stackoverflow,modulo,2018,web frontend
stackoverflow,python,2018,data_ai
stackoverflow,python-3.x,2018,data_ai
stackoverflow,haskell,2018,data_ai
stackoverflow,lambda,2018,data_ai
stackoverflow,types,2018,data_ai
stackoverflow,expression,2018,data_ai
stackoverflow,type-inference,2018,data_ai
stackoverflow,ruby-on-rails,2018,web backend
stackoverflow,ruby,2018,web backend
stackoverflow,c#,2018,web backend
stackoverflow,oop,2018,web backend
stackoverflow,constructor,2018,web backend
stackoverflow,asp.net-mvc-5,2018,web backend
stackoverflow,c++,2018,devops_cloud
stackoverflow,powershell,2018,devops_cloud
stackoverflow,certificate,2018,devops_cloud
stackoverflow,c++,2018,embedded
stackoverflow,friend,2018,embedded
stackoverflow,python,2018,data_ai
stackoverflow,pandas,2018,data_ai
stackoverflow,dataframe,2018,data_ai
stackoverflow,lambda,2018,data_ai
stackoverflow,sliding-window,2018,data_ai
stackoverflow,c#,2018,web backend
stackoverflow,entity-framework-core,2018,web backend
stackoverflow,asp.net-core-webapi,2018,web backend
stackoverflow,python,2018,web frontend
stackoverflow,class,2018,web frontend
stackoverflow,websocket,2018,web frontend
stackoverflow,javascript,2018,web frontend
stackoverflow,kml,2018,web frontend
stackoverflow,openlayers-3,2018,web frontend
stackoverflow,python,2018,data_ai
stackoverflow,list,2018,data_ai
stackoverflow,string-comparison,2018,data_ai
stackoverflow,python,2018,data_ai
stackoverflow,string,2018,data_ai
stackoverflow,python-3.x,2018,data_ai
stackoverflow,pandas,2018,data_ai
stackoverflow,javascript,2018,web frontend
stackoverflow,ecmascript-6,2018,web frontend
stackoverflow,dictionary,2018,data_ai
stackoverflow,julia,2018,data_ai
stackoverflow,java,2018,web frontend
stackoverflow,java-8,2018,web frontend
stackoverflow,wicket,2018,web frontend
stackoverflow,wicket-6,2018,web frontend
stackoverflow,python,2018,web frontend
stackoverflow,ctypes,2018,web frontend
stackoverflow,c,2018,security
stackoverflow,buffer-overflow,2018,security
stackoverflow,exploit,2018,security
stackoverflow,python,2018,data_ai
stackoverflow,python-3.x,2018,data_ai
stackoverflow,numpy,2018,data_ai
stackoverflow,optimization,2018,data_ai
stackoverflow,scipy,2018,data_ai
stackoverflow,python,2018,web frontend
stackoverflow,charts,2018,web frontend
stackoverflow,bokeh,2018,web frontend
stackoverflow,holoviews,2018,web frontend
stackoverflow,swift,2018,mobile
stackoverflow,sorting,2018,mobile
stackoverflow,copy-on-write,2018,mobile
stackoverflow,python-3.x,2018,security
stackoverflow,pycrypto,2018,security
stackoverflow,pycryptodome,2018,security
stackoverflow,python-cryptography,2018,security
stackoverflow,swift,2018,embedded
stackoverflow,audiokit,2018,embedded
stackoverflow,aksequencer,2018,embedded
stackoverflow,java,2018,testing_qa
stackoverflow,junit,2018,testing_qa
stackoverflow,code-coverage,2018,testing_qa
stackoverflow,jacoco,2018,testing_qa
stackoverflow,php,2018,web frontend
stackoverflow,yii,2018,web frontend
stackoverflow,yii1.x,2018,web frontend
stackoverflow,c#,2018,web frontend
stackoverflow,botframework,2018,web frontend
stackoverflow,azure-language-understanding,2018,web frontend
stackoverflow,qnamaker,2018,web frontend
stackoverflow,javascript,2018,web frontend
stackoverflow,c++,2018,embedded
stackoverflow,constructor,2018,embedded
stackoverflow,python,2018,data_ai
stackoverflow,pandas,2018,data_ai
stackoverflow,csv,2018,data_ai
stackoverflow,c#,2018,security
stackoverflow,encoding,2018,security
stackoverflow,binary,2018,security
stackoverflow,cryptography,2018,security
stackoverflow,asn.1,2018,security
stackoverflow,python,2018,data_ai
stackoverflow,pandas,2018,data_ai
stackoverflow,csv,2018,data_ai
stackoverflow,concatenation,2018,data_ai
stackoverflow,java,2018,web backend
stackoverflow,curl,2018,web backend
stackoverflow,spring-rest,2018,web backend
stackoverflow,java,2018,developer tools
stackoverflow,java-8,2018,developer tools
stackoverflow,mapstruct,2018,developer tools
stackoverflow,python,2018,data_ai
stackoverflow,status,2018,data_ai
stackoverflow,tensorflow-serving,2018,data_ai
stackoverflow,c++,2018,web frontend
stackoverflow,c++,2018,web backend
stackoverflow,enums,2018,web backend
stackoverflow,language-lawyer,2018,web backend
stackoverflow,partial-specialization,2018,web backend
stackoverflow,typescript,2018,web frontend
stackoverflow,generics,2018,web frontend
stackoverflow,type-inference,2018,web frontend
stackoverflow,python,2018,data_ai
stackoverflow,python-3.x,2018,data_ai
stackoverflow,itertools,2018,data_ai
stackoverflow,python,2018,web frontend
stackoverflow,python-3.x,2018,web frontend
stackoverflow,pandas,2018,web frontend
stackoverflow,function,2018,web frontend
stackoverflow,c#,2018,web frontend
stackoverflow,unzip,2018,web frontend
stackoverflow,python,2018,data_ai
stackoverflow,pandas,2018,data_ai
stackoverflow,dataframe,2018,data_ai
stackoverflow,data-analysis,2018,data_ai
stackoverflow,python,2018,web frontend
stackoverflow,robobrowser,2018,web frontend
stackoverflow,python,2018,data_ai
stackoverflow,pandas,2018,data_ai
stackoverflow,dataframe,2018,data_ai
stackoverflow,append,2018,data_ai
stackoverflow,c++,2018,web frontend
stackoverflow,c++14,2018,web frontend
stackoverflow,sfinae,2018,web frontend
stackoverflow,boost-hana,2018,web frontend
stackoverflow,c++,2018,web backend
stackoverflow,recursion,2018,web backend
stackoverflow,python,2018,data_ai
stackoverflow,networkx,2018,data_ai
stackoverflow,graph-theory,2018,data_ai
stackoverflow,go,2018,web backend
stackoverflow,default-value,2018,web backend
stackoverflow,python,2018,data_ai
stackoverflow,tensorflow,2018,data_ai
stackoverflow,conditional-statements,2018,data_ai
stackoverflow,distribution,2018,data_ai
stackoverflow,median,2018,data_ai
stackoverflow,java,2018,data_ai
stackoverflow,scala,2018,data_ai
stackoverflow,apache-spark,2018,data_ai
stackoverflow,apache-spark-sql,2018,data_ai
stackoverflow,spark-structured-streaming,2018,data_ai
stackoverflow,python,2018,data_ai
stackoverflow,pandas,2018,data_ai
stackoverflow,performance,2018,data_ai
stackoverflow,loops,2018,data_ai
stackoverflow,numpy,2018,data_ai
stackoverflow,c#,2018,web frontend
stackoverflow,wpf,2018,web frontend
stackoverflow,python,2018,data_ai
stackoverflow,matplotlib,2018,data_ai
stackoverflow,plot,2018,data_ai
stackoverflow,c++,2018,embedded
stackoverflow,gcc,2018,embedded
stackoverflow,variable-length-array,2018,embedded
stackoverflow,java,2018,security
stackoverflow,random,2018,security
stackoverflow,secure-random,2018,security
stackoverflow,javascript,2018,web frontend
stackoverflow,html2canvas,2018,web frontend
stackoverflow,javascript,2018,web frontend
stackoverflow,jquery,2018,web frontend
stackoverflow,daterangepicker,2018,web frontend
stackoverflow,java,2018,security
stackoverflow,tomcat,2018,security
stackoverflow,csrf,2018,security
stackoverflow,csrf-protection,2018,security
stackoverflow,nonce,2018,security
stackoverflow,java,2018,web frontend
stackoverflow,string,2018,web frontend
stackoverflow,list,2018,web frontend
stackoverflow,substring,2018,web frontend
stackoverflow,php,2018,web backend
stackoverflow,database,2018,web backend
stackoverflow,odbc,2018,web backend
stackoverflow,pick,2018,web backend
stackoverflow,scala,2018,testing_qa
stackoverflow,unit-testing,2018,testing_qa
stackoverflow,mockito,2018,testing_qa
stackoverflow,aws-glue,2018,testing_qa
stackoverflow,c#,2018,web backend
stackoverflow,asp.net-core,2018,web backend
stackoverflow,identity,2018,web backend
stackoverflow,asp.net-core-2.1,2018,web backend
stackoverflow,asp.net-core-2.2,2018,web backend
stackoverflow,c#,2018,data_ai
stackoverflow,linq,2018,data_ai
stackoverflow,entity-framework-core,2018,data_ai
stackoverflow,aspnetboilerplate,2018,data_ai
stackoverflow,scala,2018,data_ai
stackoverflow,apache-spark,2018,data_ai
stackoverflow,cross-validation,2018,data_ai
stackoverflow,xgboost,2018,data_ai
stackoverflow,apache-spark-ml,2018,data_ai
stackoverflow,java,2018,enterprise
stackoverflow,oop,2018,enterprise
stackoverflow,design-patterns,2018,enterprise
stackoverflow,abstraction,2018,enterprise
stackoverflow,bridge,2018,enterprise
stackoverflow,python,2018,web backend
stackoverflow,methods,2018,web backend
stackoverflow,python-3.6,2018,web backend
stackoverflow,argparse,2018,web backend
stackoverflow,scala,2018,web backend
stackoverflow,structural-typing,2018,web backend
stackoverflow,java,2018,web backend
stackoverflow,pdfbox,2018,web backend
stackoverflow,c++,2018,data_ai
stackoverflow,casting,2018,data_ai
stackoverflow,floating-point,2018,data_ai
stackoverflow,double,2018,data_ai
stackoverflow,standards,2018,data_ai
stackoverflow,c#,2018,enterprise
stackoverflow,.net,2018,enterprise
stackoverflow,ms-word,2018,enterprise
stackoverflow,vsto,2018,enterprise
stackoverflow,javascript,2018,web frontend
stackoverflow,sharepoint,2018,web frontend
stackoverflow,sharepoint-online,2018,web frontend
stackoverflow,sharepoint-2016,2018,web frontend
stackoverflow,java,2018,web backend
stackoverflow,relational-database,2018,web backend
stackoverflow,data-modeling,2018,web backend
stackoverflow,dao,2018,web backend
stackoverflow,python,2018,data_ai
stackoverflow,matplotlib,2018,data_ai
stackoverflow,sequential,2018,data_ai
stackoverflow,java,2018,web backend
stackoverflow,collections,2018,web backend
stackoverflow,java-8,2018,web backend
stackoverflow,java-stream,2018,web backend
stackoverflow,reduce,2018,web backend
stackoverflow,python,2018,data_ai
stackoverflow,gis,2018,data_ai
stackoverflow,geopandas,2018,data_ai
stackoverflow,python,2018,data_ai
stackoverflow,optimization,2018,data_ai
stackoverflow,python,2018,data_ai
stackoverflow,pandas,2018,data_ai
stackoverflow,dataframe,2018,data_ai
stackoverflow,python,2018,data_ai
stackoverflow,pandas,2018,data_ai
stackoverflow,dataframe,2018,data_ai
stackoverflow,java,2018,web backend
stackoverflow,sql,2018,web backend
stackoverflow,hibernate,2018,web backend
stackoverflow,many-to-many,2018,web backend
stackoverflow,python,2018,web frontend
stackoverflow,python-2.7,2018,web frontend
stackoverflow,unicode,2018,web frontend
stackoverflow,swift,2018,mobile
stackoverflow,design-patterns,2018,mobile
stackoverflow,boolean,2018,mobile
stackoverflow,c#,2018,enterprise
stackoverflow,excel,2018,enterprise
stackoverflow,openxml,2018,enterprise
stackoverflow,openxml-sdk,2018,enterprise
stackoverflow,python,2018,embedded
stackoverflow,python-3.x,2018,embedded
stackoverflow,mpi,2018,embedded
stackoverflow,mpi4py,2018,embedded
stackoverflow,scala,2018,data_ai
stackoverflow,apache-spark,2018,data_ai
stackoverflow,distributed-computing,2018,data_ai
stackoverflow,javascript,2018,web frontend
stackoverflow,discord,2018,web frontend
stackoverflow,discord.js,2018,web frontend
stackoverflow,javascript,2018,web frontend
stackoverflow,html-table,2018,web frontend
stackoverflow,prototypejs,2018,web frontend
stackoverflow,java,2018,data_ai
stackoverflow,generics,2018,data_ai
stackoverflow,javascript,2018,web frontend
stackoverflow,ajax,2018,web frontend
stackoverflow,puppeteer,2018,web frontend
stackoverflow,c,2018,web backend
stackoverflow,arrays,2018,web backend
stackoverflow,file,2018,web backend
stackoverflow,struct,2018,web backend
stackoverflow,python,2018,data_ai
stackoverflow,swift,2018,mobile
stackoverflow,types,2018,mobile
stackoverflow,range,2018,mobile
stackoverflow,python,2018,data_ai
stackoverflow,pandas,2018,data_ai
stackoverflow,dataframe,2018,data_ai
stackoverflow,c#,2018,data_ai
stackoverflow,reflection,2018,data_ai
stackoverflow,types,2018,data_ai
stackoverflow,expression,2018,data_ai
stackoverflow,python,2018,data_ai
stackoverflow,pandas,2018,data_ai
stackoverflow,dataframe,2018,data_ai
stackoverflow,merge,2018,data_ai
stackoverflow,c#,2018,web backend
stackoverflow,linq,2018,web backend
stackoverflow,return-type,2018,web backend
stackoverflow,anonymous,2018,web backend
stackoverflow,c#,2018,web backend
stackoverflow,.net-core,2018,web backend
stackoverflow,entity-framework-core,2018,web backend
stackoverflow,scala,2018,testing_qa
stackoverflow,scalatest,2018,testing_qa
stackoverflow,haskell,2018,data_ai
stackoverflow,vim,2018,data_ai
stackoverflow,java,2018,web backend
stackoverflow,apache-httpclient-4.x,2018,web backend
stackoverflow,spring-ws,2018,web backend
stackoverflow,javascript,2018,web frontend
stackoverflow,google-chrome,2018,web frontend
stackoverflow,audio,2018,web frontend
stackoverflow,google-chrome-app,2018,web frontend
stackoverflow,c#,2018,web backend
stackoverflow,asp.net-mvc,2018,web backend
stackoverflow,asp.net-core,2018,web backend
stackoverflow,partial-views,2018,web backend
stackoverflow,razor-pages,2018,web backend
stackoverflow,python,2018,embedded
stackoverflow,python-3.x,2018,embedded
stackoverflow,list,2018,embedded
stackoverflow,python,2018,developer tools
stackoverflow,python-3.x,2018,developer tools
stackoverflow,python-3.x,2018,game
stackoverflow,pygame,2018,game
stackoverflow,c#,2018,web backend
stackoverflow,.net,2018,web backend
stackoverflow,c#,2018,web backend
stackoverflow,dependency-injection,2018,web backend
stackoverflow,asp.net-core-mvc,2018,web backend
stackoverflow,c#,2018,game
stackoverflow,unity3d,2018,game
stackoverflow,collision,2018,game
stackoverflow,c++,2018,embedded
stackoverflow,c++11,2018,embedded
stackoverflow,try-catch,2018,embedded
stackoverflow,c++14,2018,embedded
stackoverflow,constexpr,2018,embedded
stackoverflow,c#,2018,developer tools
stackoverflow,datetime,2018,developer tools
stackoverflow,backend,2018,developer tools
stackoverflow,python,2018,data_ai
stackoverflow,arrays,2018,data_ai
stackoverflow,string,2018,data_ai
stackoverflow,list,2018,data_ai
stackoverflow,matplotlib,2018,data_ai
stackoverflow,typescript,2018,developer tools
stackoverflow,php,2018,web backend
stackoverflow,wordpress,2018,web backend
stackoverflow,woocommerce,2018,web backend
stackoverflow,product,2018,web backend
stackoverflow,shipping-method,2018,web backend
stackoverflow,php,2018,data_ai
stackoverflow,image,2018,data_ai
stackoverflow,gd,2018,data_ai
stackoverflow,imagick,2018,data_ai
stackoverflow,javascript,2018,developer tools
stackoverflow,declaration,2018,developer tools
stackoverflow,var,2018,developer tools
stackoverflow,c++,2018,developer tools
stackoverflow,fileinputstream,2018,developer tools
stackoverflow,stringstream,2018,developer tools
stackoverflow,string-parsing,2018,developer tools
stackoverflow,stdstring,2018,developer tools
stackoverflow,python,2018,data_ai
stackoverflow,pandas,2018,data_ai
stackoverflow,java,2018,developer tools
stackoverflow,string,2018,developer tools
stackoverflow,decode,2018,developer tools
stackoverflow,encode,2018,developer tools
stackoverflow,c#,2018,web backend
stackoverflow,asp.net-core-mvc,2018,web backend
stackoverflow,c#,2018,web backend
stackoverflow,asynchronous,2018,web backend
stackoverflow,async-await,2018,web backend
stackoverflow,c#,2018,web frontend
stackoverflow,python,2018,data_ai
stackoverflow,numpy,2018,data_ai
stackoverflow,neural-network,2018,data_ai
stackoverflow,c#,2018,web backend
stackoverflow,sql,2018,web backend
stackoverflow,linq,2018,web backend
stackoverflow,c++,2018,developer tools
stackoverflow,multithreading,2018,developer tools
stackoverflow,c++11,2018,developer tools
stackoverflow,atomic,2018,developer tools
stackoverflow,lock-free,2018,developer tools
stackoverflow,java,2018,developer tools
stackoverflow,java.util.scanner,2018,developer tools
stackoverflow,c,2018,developer tools
stackoverflow,stdout,2018,developer tools
stackoverflow,stdin,2018,developer tools
stackoverflow,getchar,2018,developer tools
stackoverflow,putchar,2018,developer tools
stackoverflow,python,2018,developer tools
stackoverflow,python-3.x,2018,developer tools
stackoverflow,python,2018,data_ai
stackoverflow,numpy,2018,data_ai
stackoverflow,scala,2018,developer tools
stackoverflow,c++,2018,developer tools
stackoverflow,pointers,2018,developer tools
stackoverflow,casting,2018,developer tools
stackoverflow,swift,2018,mobile
stackoverflow,statusbar,2018,mobile
stackoverflow,javascript,2018,web frontend
stackoverflow,jquery,2018,web frontend
stackoverflow,forms,2018,web frontend
stackoverflow,validation,2018,web frontend
stackoverflow,c++,2018,embedded
stackoverflow,winapi,2018,embedded
stackoverflow,visual-c++,2018,embedded
stackoverflow,windows-10-desktop,2018,embedded
stackoverflow,win64,2018,embedded
stackoverflow,python,2018,developer tools
stackoverflow,anaconda,2018,developer tools
stackoverflow,spyder,2018,developer tools
stackoverflow,python,2018,developer tools
stackoverflow,list,2018,developer tools
stackoverflow,pandas,2018,developer tools
stackoverflow,dataframe,2018,developer tools
stackoverflow,aggregate,2018,developer tools
stackoverflow,python,2018,developer tools
stackoverflow,multithreading,2018,developer tools
stackoverflow,python-3.x,2018,developer tools
stackoverflow,tkinter,2018,developer tools
stackoverflow,python-multithreading,2018,developer tools
stackoverflow,python,2018,data_ai
stackoverflow,numpy,2018,data_ai
stackoverflow,linear-algebra,2018,data_ai
stackoverflow,svd,2018,data_ai
stackoverflow,c++,2018,developer tools
stackoverflow,xlib,2018,developer tools
stackoverflow,go,2018,developer tools
stackoverflow,2d,2018,developer tools
stackoverflow,slice,2018,developer tools
stackoverflow,javascript,2018,web frontend
stackoverflow,arrays,2018,web frontend
stackoverflow,recursion,2018,web frontend
stackoverflow,c,2018,embedded
stackoverflow,segmentation-fault,2018,embedded
stackoverflow,c#,2018,web backend
stackoverflow,data-binding,2018,web backend
stackoverflow,observablecollection,2018,web backend
stackoverflow,javascript,2018,web frontend
stackoverflow,lodash,2018,web frontend
stackoverflow,php,2018,web backend
stackoverflow,mysqli,2018,web backend
stackoverflow,foreach,2018,web backend
stackoverflow,python,2018,developer tools
stackoverflow,list-comprehension,2018,developer tools
stackoverflow,javascript,2018,developer tools
stackoverflow,string,2018,developer tools
stackoverflow,java,2018,web backend
stackoverflow,liferay,2018,web backend
stackoverflow,liferay-7,2018,web backend
stackoverflow,liferay-6.2,2018,web backend
stackoverflow,c#,2018,enterprise
stackoverflow,wpf,2018,enterprise
stackoverflow,kotlin,2018,web backend
stackoverflow,urlencode,2018,web backend
stackoverflow,ktor,2018,web backend
stackoverflow,python,2018,data_ai
stackoverflow,pandas,2018,data_ai
stackoverflow,javascript,2018,developer tools
stackoverflow,if-statement,2018,developer tools
stackoverflow,boolean,2018,developer tools
stackoverflow,javascript,2018,developer tools
stackoverflow,visual-studio-code,2018,developer tools
stackoverflow,vscode-extensions,2018,developer tools
stackoverflow,python,2018,data_ai
stackoverflow,protocol-buffers,2018,data_ai
stackoverflow,conv-neural-network,2018,data_ai
stackoverflow,c,2018,devops_cloud
stackoverflow,linux,2018,devops_cloud
stackoverflow,multithreading,2018,devops_cloud
stackoverflow,fork,2018,devops_cloud
stackoverflow,waitpid,2018,devops_cloud
stackoverflow,python,2018,data_ai
stackoverflow,cython,2018,data_ai
stackoverflow,typed-memory-views,2018,data_ai
stackoverflow,pep3118,2018,data_ai
stackoverflow,c#,2018,web backend
stackoverflow,linq,2018,web backend
stackoverflow,iqueryable,2018,web backend
stackoverflow,c#,2018,web backend
stackoverflow,.net,2018,web backend
stackoverflow,asp.net-mvc,2018,web backend
stackoverflow,iis-express,2018,web backend
stackoverflow,static-files,2018,web backend
stackoverflow,c#,2018,web backend
stackoverflow,authentication,2018,web backend
stackoverflow,cookies,2018,web backend
stackoverflow,asp.net-core,2018,web backend
stackoverflow,jwt,2018,web backend
stackoverflow,python,2018,data_ai
stackoverflow,scikit-learn,2018,data_ai
stackoverflow,c++,2018,data_ai
stackoverflow,opencv,2018,data_ai
stackoverflow,c#,2018,data_ai
stackoverflow,.net,2018,data_ai
stackoverflow,java,2018,data_ai
stackoverflow,apache-kafka,2018,data_ai
stackoverflow,c,2018,embedded
stackoverflow,opengl,2018,embedded
stackoverflow,glsl,2018,embedded
stackoverflow,glfw,2018,embedded
stackoverflow,glew,2018,embedded
stackoverflow,javascript,2018,web frontend
stackoverflow,google-chrome,2018,web frontend
stackoverflow,unicode,2018,web frontend
stackoverflow,emoji,2018,web frontend
stackoverflow,java,2018,web backend
stackoverflow,rhino,2018,web backend
stackoverflow,javascript,2018,web frontend
stackoverflow,ecmascript-6,2018,web frontend
stackoverflow,proxy,2018,web frontend
stackoverflow,python,2018,data_ai
stackoverflow,matplotlib,2018,data_ai
stackoverflow,seaborn,2018,data_ai
stackoverflow,php,2018,devops_cloud
stackoverflow,google-cloud-platform,2018,devops_cloud
stackoverflow,google-cloud-storage,2018,devops_cloud
stackoverflow,c#,2018,web backend
stackoverflow,service,2018,web backend
stackoverflow,stream,2018,web backend
stackoverflow,using,2018,web backend
stackoverflow,haskell,2018,web frontend
stackoverflow,hakyll,2018,web frontend
stackoverflow,c++,2018,web backend
stackoverflow,multithreading,2018,web backend
stackoverflow,sockets,2018,web backend
stackoverflow,boost,2018,web backend
stackoverflow,boost-asio,2018,web backend
stackoverflow,javascript,2018,web frontend
stackoverflow,jquery,2018,web frontend
stackoverflow,rust,2018,embedded
stackoverflow,gstreamer,2018,embedded
stackoverflow,gif,2018,embedded
stackoverflow,c#,2019,developer tools
stackoverflow,linq,2019,developer tools
stackoverflow,python,2019,data_ai
stackoverflow,pandas,2019,data_ai
stackoverflow,scala,2019,web backend
stackoverflow,c++,2019,embedded
stackoverflow,variables,2019,embedded
stackoverflow,constructor,2019,embedded
stackoverflow,buffer,2019,embedded
stackoverflow,python,2019,data_ai
stackoverflow,matlab,2019,data_ai
stackoverflow,vector,2019,data_ai
stackoverflow,c++,2019,web backend
stackoverflow,pointers,2019,web backend
stackoverflow,vector,2019,web backend
stackoverflow,memory-management,2019,web backend
stackoverflow,python,2019,enterprise
stackoverflow,amazon,2019,enterprise
stackoverflow,boto,2019,enterprise
stackoverflow,mws,2019,enterprise
stackoverflow,c#,2019,web backend
stackoverflow,elasticsearch,2019,web backend
stackoverflow,nest,2019,web backend
stackoverflow,elasticsearch-6,2019,web backend
stackoverflow,c#,2019,game
stackoverflow,unity3d,2019,game
stackoverflow,rust,2019,developer tools
stackoverflow,c#,2019,mobile
stackoverflow,bluetooth,2019,mobile
stackoverflow,uwp,2019,mobile
stackoverflow,bluetooth-lowenergy,2019,mobile
stackoverflow,32feet,2019,mobile
stackoverflow,c++,2019,embedded
stackoverflow,inheritance,2019,embedded
stackoverflow,c++,2019,web backend
stackoverflow,winapi,2019,web backend
stackoverflow,c#,2019,enterprise
stackoverflow,generics,2019,enterprise
stackoverflow,compiler-optimization,2019,enterprise
stackoverflow,jit,2019,enterprise
stackoverflow,swift,2019,mobile
stackoverflow,unit-testing,2019,mobile
stackoverflow,rx-swift,2019,mobile
stackoverflow,swift4.2,2019,mobile
stackoverflow,rxtest,2019,mobile
stackoverflow,python,2019,web frontend
stackoverflow,python-3.x,2019,web frontend
stackoverflow,image,2019,web frontend
stackoverflow,numpy,2019,web frontend
stackoverflow,c++,2019,embedded
stackoverflow,class,2019,embedded
stackoverflow,lambda,2019,embedded
stackoverflow,python,2019,devops_cloud
stackoverflow,file,2019,devops_cloud
stackoverflow,directory,2019,devops_cloud
stackoverflow,os.walk,2019,devops_cloud
stackoverflow,subdirectory,2019,devops_cloud
stackoverflow,python,2019,data_ai
stackoverflow,pandas,2019,data_ai
stackoverflow,dataframe,2019,data_ai
stackoverflow,lambda,2019,data_ai
stackoverflow,python,2019,web frontend
stackoverflow,matplotlib,2019,web frontend
stackoverflow,opengl,2019,web frontend
stackoverflow,pyqtgraph,2019,web frontend
stackoverflow,haskell,2019,web frontend
stackoverflow,printing,2019,web frontend
stackoverflow,gtk2hs,2019,web frontend
stackoverflow,c#,2019,web frontend
stackoverflow,dynamic-values,2019,web frontend
stackoverflow,java,2019,web backend
stackoverflow,arrays,2019,web backend
stackoverflow,list,2019,web backend
stackoverflow,collections,2019,web backend
stackoverflow,java,2019,web backend
stackoverflow,replace,2019,web backend
stackoverflow,replaceall,2019,web backend
stackoverflow,python,2019,data_ai
stackoverflow,numpy,2019,data_ai
stackoverflow,matplotlib,2019,data_ai
stackoverflow,data-visualization,2019,data_ai
stackoverflow,javascript,2019,web frontend
stackoverflow,jquery,2019,web frontend
stackoverflow,python,2019,web backend
stackoverflow,pandas,2019,web backend
stackoverflow,for-loop,2019,web backend
stackoverflow,anaconda,2019,web backend
stackoverflow,spyder,2019,web backend
stackoverflow,python,2019,data_ai
stackoverflow,image-processing,2019,data_ai
stackoverflow,scikit-image,2019,data_ai
stackoverflow,c#,2019,testing_qa
stackoverflow,unit-testing,2019,testing_qa
stackoverflow,design-patterns,2019,testing_qa
stackoverflow,automated-tests,2019,testing_qa
stackoverflow,moq,2019,testing_qa
stackoverflow,php,2019,web backend
stackoverflow,bots,2019,web backend
stackoverflow,telegram,2019,web backend
stackoverflow,telegram-bot,2019,web backend
stackoverflow,php-telegram-bot,2019,web backend
stackoverflow,python,2019,data_ai
stackoverflow,pandas,2019,data_ai
stackoverflow,reindex,2019,data_ai
stackoverflow,c,2019,testing_qa
stackoverflow,multithreading,2019,testing_qa
stackoverflow,pthreads,2019,testing_qa
stackoverflow,mutex,2019,testing_qa
stackoverflow,scala,2019,testing_qa
stackoverflow,testing,2019,testing_qa
stackoverflow,akka,2019,testing_qa
stackoverflow,actor,2019,testing_qa
stackoverflow,akka-testkit,2019,testing_qa
stackoverflow,python,2019,data_ai
stackoverflow,pandas,2019,data_ai
stackoverflow,dataframe,2019,data_ai
stackoverflow,gis,2019,data_ai
stackoverflow,geopandas,2019,data_ai
stackoverflow,java,2019,web backend
stackoverflow,java-8,2019,web backend
stackoverflow,java-stream,2019,web backend
stackoverflow,c#,2019,data_ai
stackoverflow,c++,2019,enterprise
stackoverflow,c++14,2019,enterprise
stackoverflow,c++17,2019,enterprise
stackoverflow,c#,2019,developer tools
stackoverflow,visual-studio-2017,2019,developer tools
stackoverflow,java,2019,web frontend
stackoverflow,javafx,2019,web frontend
stackoverflow,javascript,2019,web frontend
stackoverflow,ruby-on-rails,2019,web frontend
stackoverflow,ruby-on-rails-5,2019,web frontend
stackoverflow,scala,2019,data_ai
stackoverflow,apache-spark,2019,data_ai
stackoverflow,spark-dataframe,2019,data_ai
stackoverflow,snappydata,2019,data_ai
stackoverflow,c#,2019,web backend
stackoverflow,asp.net-core,2019,web backend
stackoverflow,.net-core,2019,web backend
stackoverflow,asp.net-core-2.0,2019,web backend
stackoverflow,python,2019,data_ai
stackoverflow,pandas,2019,data_ai
stackoverflow,c,2019,embedded
stackoverflow,memory,2019,embedded
stackoverflow,linked-list,2019,embedded
stackoverflow,malloc,2019,embedded
stackoverflow,python,2019,data_ai
stackoverflow,pandas,2019,data_ai
stackoverflow,javascript,2019,data_ai
stackoverflow,d3.js,2019,data_ai
stackoverflow,svg,2019,data_ai
stackoverflow,python,2019,data_ai
stackoverflow,pandas,2019,data_ai
stackoverflow,c++,2019,web backend
stackoverflow,templates,2019,web backend
stackoverflow,vector,2019,web frontend
stackoverflow,rust,2019,web frontend
stackoverflow,c#,2019,web backend
stackoverflow,performance,2019,web backend
stackoverflow,substring,2019,web backend
stackoverflow,c++,2019,web frontend
stackoverflow,qt,2019,web frontend
stackoverflow,dll,2019,web frontend
stackoverflow,qmediaplayer,2019,web frontend
stackoverflow,python,2019,developer tools
stackoverflow,macos,2019,developer tools
stackoverflow,homebrew,2019,developer tools
stackoverflow,java,2019,web backend
stackoverflow,datetime,2019,web backend
stackoverflow,serialization,2019,web backend
stackoverflow,jackson,2019,web backend
stackoverflow,c#,2019,enterprise
stackoverflow,wpf,2019,enterprise
stackoverflow,xaml,2019,enterprise
stackoverflow,mediaelement,2019,enterprise
stackoverflow,c++,2019,embedded
stackoverflow,polymorphism,2019,embedded
stackoverflow,base-class,2019,embedded
stackoverflow,c#,2019,web backend
stackoverflow,escaping,2019,web backend
stackoverflow,newline,2019,web backend
stackoverflow,python,2019,data_ai
stackoverflow,loops,2019,data_ai
stackoverflow,python,2019,web backend
stackoverflow,url,2019,web backend
stackoverflow,python,2019,data_ai
stackoverflow,apache-beam,2019,data_ai
stackoverflow,flatmap,2019,data_ai
stackoverflow,swift,2019,web backend
stackoverflow,instance-variables,2019,web backend
stackoverflow,subclassing,2019,web backend
stackoverflow,python,2019,enterprise
stackoverflow,outlook,2019,enterprise
stackoverflow,pywin32,2019,enterprise
stackoverflow,win32com,2019,enterprise
stackoverflow,python,2019,web backend
stackoverflow,python,2019,data_ai
stackoverflow,python-3.x,2019,data_ai
stackoverflow,networkx,2019,data_ai
stackoverflow,shortest-path,2019,data_ai
stackoverflow,weighted-graph,2019,data_ai
stackoverflow,python,2019,data_ai
stackoverflow,python-3.x,2019,data_ai
stackoverflow,python-2.7,2019,data_ai
stackoverflow,python,2019,data_ai
stackoverflow,python-3.x,2019,data_ai
stackoverflow,windows,2019,data_ai
stackoverflow,python-2.7,2019,data_ai
stackoverflow,javascript,2019,enterprise
stackoverflow,python,2019,enterprise
stackoverflow,outlook,2019,enterprise
stackoverflow,outlook-addin,2019,enterprise
stackoverflow,c#,2019,web backend
stackoverflow,microsoft-graph-api,2019,web backend
stackoverflow,c++,2019,game
stackoverflow,vulkan,2019,game
stackoverflow,python,2019,game
stackoverflow,noise,2019,game
stackoverflow,python,2019,data_ai
stackoverflow,pandas,2019,data_ai
stackoverflow,numpy,2019,data_ai
stackoverflow,python-3.x,2019,data_ai
stackoverflow,tesseract,2019,data_ai
stackoverflow,python-tesseract,2019,data_ai
stackoverflow,go,2019,developer tools
stackoverflow,python,2019,data_ai
stackoverflow,pandas,2019,data_ai
stackoverflow,multi-index,2019,data_ai
stackoverflow,c#,2019,web backend
stackoverflow,excel,2019,web backend
stackoverflow,model-view-controller,2019,web backend
stackoverflow,epplus,2019,web backend
stackoverflow,javascript,2019,web frontend
stackoverflow,vuejs2,2019,web frontend
stackoverflow,vue-component,2019,web frontend
stackoverflow,vue-router,2019,web frontend
stackoverflow,c++,2019,testing_qa
stackoverflow,googletest,2019,testing_qa
stackoverflow,javascript,2019,web frontend
stackoverflow,google-chrome,2019,web frontend
stackoverflow,google-chrome-extension,2019,web frontend
stackoverflow,c++,2019,embedded
stackoverflow,qt,2019,embedded
stackoverflow,ruby-on-rails,2019,web backend
stackoverflow,ruby,2019,web backend
stackoverflow,c++,2019,data_ai
stackoverflow,templates,2019,data_ai
stackoverflow,generics,2019,data_ai
stackoverflow,java,2019,data_ai
stackoverflow,neo4j,2019,data_ai
stackoverflow,cypher,2019,data_ai
stackoverflow,relationship,2019,data_ai
stackoverflow,neo4j-ogm,2019,data_ai
stackoverflow,python,2019,web backend
stackoverflow,python-3.x,2019,web backend
stackoverflow,python-2.7,2019,web backend
stackoverflow,encoding,2019,web backend
stackoverflow,rot13,2019,web backend
stackoverflow,java,2019,enterprise
stackoverflow,user-interface,2019,enterprise
stackoverflow,gwt,2019,enterprise
stackoverflow,ruby,2019,web backend
stackoverflow,testing,2019,web backend
stackoverflow,tags,2019,web backend
stackoverflow,minitest,2019,web backend
stackoverflow,javascript,2019,web frontend
stackoverflow,c3.js,2019,web frontend
stackoverflow,javascript,2019,web backend
stackoverflow,jquery,2019,web backend
stackoverflow,ruby-on-rails,2019,web backend
stackoverflow,javascript,2019,web frontend
stackoverflow,c#,2019,data_ai
stackoverflow,wpf,2019,data_ai
stackoverflow,list,2019,data_ai
stackoverflow,user-interface,2019,data_ai
stackoverflow,java,2019,data_ai
stackoverflow,csv,2019,data_ai
stackoverflow,data-manipulation,2019,data_ai
stackoverflow,python,2019,data_ai
stackoverflow,python-3.x,2019,data_ai
stackoverflow,pandas,2019,data_ai
stackoverflow,numpy,2019,data_ai
stackoverflow,python,2019,data_ai
stackoverflow,arrays,2019,data_ai
stackoverflow,numpy,2019,data_ai
stackoverflow,javascript,2019,web frontend
stackoverflow,jquery,2019,web frontend
stackoverflow,tabs,2019,web frontend
stackoverflow,modal-dialog,2019,web frontend
stackoverflow,materialize,2019,web frontend
stackoverflow,c,2019,developer tools
stackoverflow,linux,2019,developer tools
stackoverflow,macos,2019,developer tools
stackoverflow,debugging,2019,developer tools
stackoverflow,gdb,2019,developer tools
stackoverflow,python,2019,data_ai
stackoverflow,numpy,2019,data_ai
stackoverflow,python-3.x,2019,data_ai
stackoverflow,opencv,2019,data_ai
stackoverflow,python,2019,web frontend
stackoverflow,python-3.x,2019,web frontend
stackoverflow,beautifulsoup,2019,web frontend
stackoverflow,ruby,2019,web backend
stackoverflow,python,2019,devops_cloud
stackoverflow,anaconda,2019,devops_cloud
stackoverflow,c#,2019,web frontend
stackoverflow,winforms,2019,web frontend
stackoverflow,graphics,2019,web frontend
stackoverflow,c#,2019,developer tools
stackoverflow,generics,2019,developer tools
stackoverflow,inheritance,2019,developer tools
stackoverflow,type-conversion,2019,developer tools
stackoverflow,extension-methods,2019,developer tools
stackoverflow,c,2019,security
stackoverflow,aes,2019,security
stackoverflow,public-key-encryption,2019,security
stackoverflow,pkcs#11,2019,security
stackoverflow,python-3.x,2019,data_ai
stackoverflow,blpapi,2019,data_ai
stackoverflow,java,2019,enterprise
stackoverflow,abstract-class,2019,enterprise
stackoverflow,multiple-inheritance,2019,enterprise
stackoverflow,diamond-problem,2019,enterprise
stackoverflow,python,2019,data_ai
stackoverflow,pandas,2019,data_ai
stackoverflow,java,2019,devops_cloud
stackoverflow,sql-server,2019,devops_cloud
stackoverflow,jdbc,2019,devops_cloud
stackoverflow,liquibase,2019,devops_cloud
stackoverflow,python,2019,data_ai
stackoverflow,recursion,2019,data_ai
stackoverflow,dynamic-programming,2019,data_ai
stackoverflow,fibonacci,2019,data_ai
stackoverflow,memoization,2019,data_ai
stackoverflow,c++,2019,web backend
stackoverflow,constants,2019,web backend
stackoverflow,undefined-behavior,2019,web backend
stackoverflow,const-cast,2019,web backend
stackoverflow,php,2019,web backend
stackoverflow,codeigniter,2019,web backend
stackoverflow,session,2019,web backend
stackoverflow,python,2019,data_ai
stackoverflow,python-3.x,2019,data_ai
stackoverflow,python,2019,data_ai
stackoverflow,yolo,2019,data_ai
stackoverflow,python,2019,data_ai
stackoverflow,matplotlib,2019,data_ai
stackoverflow,pytorch,2019,data_ai
stackoverflow,php,2019,web backend
stackoverflow,binary,2019,web backend
stackoverflow,scala,2019,data_ai
stackoverflow,apache-spark,2019,data_ai
stackoverflow,spark-dataframe,2019,data_ai
stackoverflow,apache-spark-dataset,2019,data_ai
stackoverflow,javascript,2019,web frontend
stackoverflow,animation,2019,web frontend
stackoverflow,canvas,2019,web frontend
stackoverflow,colors,2019,web frontend
stackoverflow,setinterval,2019,web frontend
stackoverflow,python,2019,devops_cloud
stackoverflow,kotlin,2019,data_ai
stackoverflow,rx-java2,2019,data_ai
stackoverflow,javascript,2019,web frontend
stackoverflow,python,2019,web frontend
stackoverflow,bit-manipulation,2019,web frontend
stackoverflow,crc,2019,web frontend
stackoverflow,python,2019,data_ai
stackoverflow,numpy,2019,data_ai
stackoverflow,opencv,2019,data_ai
stackoverflow,image-processing,2019,data_ai
stackoverflow,python,2019,data_ai
stackoverflow,pandas,2019,data_ai
stackoverflow,numpy,2019,data_ai
stackoverflow,c#,2019,web backend
stackoverflow,dll,2019,web backend
stackoverflow,litedb,2019,web backend
stackoverflow,go,2019,web backend
stackoverflow,middleware,2019,web backend
stackoverflow,go-gin,2019,web backend
stackoverflow,java,2019,web backend
stackoverflow,if-statement,2019,web backend
stackoverflow,switch-statement,2019,web backend
stackoverflow,javascript,2019,web frontend
stackoverflow,jquery,2019,web frontend
stackoverflow,animation,2019,web frontend
stackoverflow,kotlin,2019,mobile
stackoverflow,properties,2019,mobile
stackoverflow,overriding,2019,mobile
stackoverflow,constants,2019,mobile
stackoverflow,javascript,2019,web frontend
stackoverflow,pass-by-reference,2019,web frontend
stackoverflow,heap-memory,2019,web frontend
stackoverflow,c++,2019,web backend
stackoverflow,c++11,2019,web backend
stackoverflow,initialization,2019,web backend
stackoverflow,list-initialization,2019,web backend
stackoverflow,python,2019,data_ai
stackoverflow,string,2019,data_ai
stackoverflow,list,2019,data_ai
stackoverflow,integer,2019,data_ai
stackoverflow,javascript,2019,web frontend
stackoverflow,puppeteer,2019,web frontend
stackoverflow,python,2019,data_ai
stackoverflow,function,2019,data_ai
stackoverflow,c++,2019,data_ai
stackoverflow,simulation,2019,data_ai
stackoverflow,omnet++,2019,data_ai
stackoverflow,veins,2019,data_ai
stackoverflow,sumo,2019,data_ai
stackoverflow,c#,2019,mobile
stackoverflow,uwp,2019,mobile
stackoverflow,swift,2019,mobile
stackoverflow,phasset,2019,mobile
stackoverflow,java,2019,data_ai
stackoverflow,arraylist,2019,data_ai
stackoverflow,collections,2019,data_ai
stackoverflow,static,2019,data_ai
stackoverflow,python,2019,data_ai
stackoverflow,python-3.x,2019,data_ai
stackoverflow,datetime,2019,data_ai
stackoverflow,c,2019,embedded
stackoverflow,pointers,2019,embedded
stackoverflow,struct,2019,embedded
stackoverflow,c#,2019,web backend
stackoverflow,entity-framework,2019,web backend
stackoverflow,java,2019,data_ai
stackoverflow,scala,2019,data_ai
stackoverflow,collections,2019,data_ai
stackoverflow,concurrency,2019,data_ai
stackoverflow,c#,2019,web backend
stackoverflow,asp.net-core,2019,web backend
stackoverflow,.net-core,2019,web backend
stackoverflow,javascript,2019,web frontend
stackoverflow,stylesheet,2019,web frontend
stackoverflow,python,2019,data_ai
stackoverflow,avro,2019,data_ai
stackoverflow,avsc,2019,data_ai
stackoverflow,java,2019,embedded
stackoverflow,smartcard,2019,embedded
stackoverflow,javacard,2019,embedded
stackoverflow,apdu,2019,embedded
stackoverflow,smartcardio,2019,embedded
stackoverflow,python,2019,data_ai
stackoverflow,python-3.x,2019,data_ai
stackoverflow,python-imaging-library,2019,data_ai
stackoverflow,python-tesseract,2019,data_ai
stackoverflow,python,2019,data_ai
stackoverflow,python-3.x,2019,data_ai
stackoverflow,class,2019,data_ai
stackoverflow,oop,2019,data_ai
stackoverflow,self,2019,data_ai
stackoverflow,c#,2019,embedded
stackoverflow,c++,2019,embedded
stackoverflow,ndis,2019,embedded
stackoverflow,raw-ethernet,2019,embedded
stackoverflow,python,2019,game
stackoverflow,python-3.x,2019,game
stackoverflow,pygame,2019,game
stackoverflow,go,2019,devops_cloud
stackoverflow,parallel-processing,2019,devops_cloud
stackoverflow,python,2019,web backend
stackoverflow,python-2.7,2019,web backend
stackoverflow,javascript,2019,web backend
stackoverflow,c#,2019,web backend
stackoverflow,websocket,2019,web backend
stackoverflow,python,2019,data_ai
stackoverflow,combinatorics,2019,data_ai
stackoverflow,knapsack-problem,2019,data_ai
stackoverflow,python,2019,data_ai
stackoverflow,list,2019,data_ai
stackoverflow,python,2019,web backend
stackoverflow,python-3.x,2019,web backend
stackoverflow,validation,2019,web backend
stackoverflow,input,2019,web backend
stackoverflow,while-loop,2019,web backend
stackoverflow,python,2019,data_ai
stackoverflow,pandas,2019,data_ai
stackoverflow,dataframe,2019,data_ai
stackoverflow,series,2019,data_ai
stackoverflow,java,2019,devops_cloud
stackoverflow,multithreading,2019,devops_cloud
stackoverflow,amazon-web-services,2019,devops_cloud
stackoverflow,amazon-s3,2019,devops_cloud
stackoverflow,c++,2019,devops_cloud
stackoverflow,winapi,2019,devops_cloud
stackoverflow,python,2019,testing_qa
stackoverflow,python-2.7,2019,testing_qa
stackoverflow,unit-testing,2019,testing_qa
stackoverflow,mocking,2019,testing_qa
stackoverflow,php,2019,web frontend
stackoverflow,web-scraping,2019,web frontend
stackoverflow,simple-html-dom,2019,web frontend
stackoverflow,c,2019,data_ai
stackoverflow,arrays,2019,data_ai
stackoverflow,python,2019,data_ai
stackoverflow,python-3.x,2019,data_ai
stackoverflow,pandas,2019,data_ai
stackoverflow,export-to-csv,2019,data_ai
stackoverflow,missing-data,2019,data_ai
stackoverflow,c++,2019,embedded
stackoverflow,python,2019,data_ai
stackoverflow,pandas,2019,data_ai
stackoverflow,dataframe,2019,data_ai
stackoverflow,c++,2019,embedded
stackoverflow,uwp,2019,embedded
stackoverflow,windows-10-universal,2019,embedded
stackoverflow,smartcard,2019,embedded
stackoverflow,c#,2019,web backend
stackoverflow,asp.net-core,2019,web backend
stackoverflow,owin,2019,web backend
stackoverflow,python,2019,data_ai
stackoverflow,opencv,2019,data_ai
stackoverflow,contour,2019,data_ai
stackoverflow,c#,2019,web backend
stackoverflow,async-await,2019,web backend
stackoverflow,task,2019,web backend
stackoverflow,c,2019,devops_cloud
stackoverflow,linux,2019,devops_cloud
stackoverflow,bash,2019,devops_cloud
stackoverflow,shell,2019,devops_cloud
stackoverflow,python,2019,data_ai
stackoverflow,dictionary,2019,data_ai
stackoverflow,python,2019,data_ai
stackoverflow,z3,2019,data_ai
stackoverflow,z3py,2019,data_ai
stackoverflow,python,2019,iot
stackoverflow,audio,2019,iot
stackoverflow,raspberry-pi,2019,iot
stackoverflow,raspberry-pi3,2019,iot
stackoverflow,raspbian,2019,iot
stackoverflow,java,2019,web backend
stackoverflow,ubuntu,2019,web backend
stackoverflow,tomcat,2019,web backend
stackoverflow,javascript,2019,web frontend
stackoverflow,html5-canvas,2019,web frontend
stackoverflow,fabricjs,2019,web frontend
stackoverflow,python,2019,data_ai
stackoverflow,python-2.7,2019,data_ai
stackoverflow,dictionary,2019,data_ai
stackoverflow,python,2019,data_ai
stackoverflow,pandas,2019,data_ai
stackoverflow,dataframe,2019,data_ai
stackoverflow,c++,2019,enterprise
stackoverflow,design-patterns,2019,enterprise
stackoverflow,pattern-matching,2019,enterprise
stackoverflow,c#,2019,game
stackoverflow,unity3d,2019,game
stackoverflow,c,2019,devops_cloud
stackoverflow,locale,2019,devops_cloud
stackoverflow,codepage-437,2019,devops_cloud
stackoverflow,python,2019,data_ai
stackoverflow,scikit-learn,2019,data_ai
stackoverflow,xgboost,2019,data_ai
stackoverflow,python,2019,data_ai
stackoverflow,python-3.x,2019,data_ai
stackoverflow,google-colaboratory,2019,data_ai
stackoverflow,pydrive,2019,data_ai
stackoverflow,python,2019,data_ai
stackoverflow,ruby-on-rails,2019,testing_qa
stackoverflow,ruby,2019,testing_qa
stackoverflow,testing,2019,testing_qa
stackoverflow,file-upload,2019,testing_qa
stackoverflow,rspec,2019,testing_qa
stackoverflow,java,2019,data_ai
stackoverflow,ignite,2019,data_ai
stackoverflow,python-3.x,2019,devops_cloud
stackoverflow,google-cloud-platform,2019,devops_cloud
stackoverflow,google-cloud-storage,2019,devops_cloud
stackoverflow,google-compute-engine,2019,devops_cloud
stackoverflow,python,2019,data_ai
stackoverflow,numpy,2019,data_ai
stackoverflow,matplotlib,2019,data_ai
stackoverflow,gaussian,2019,data_ai
stackoverflow,kernel-density,2019,data_ai
stackoverflow,java,2019,enterprise
stackoverflow,generics,2019,enterprise
stackoverflow,collections,2019,enterprise
stackoverflow,types,2019,enterprise
stackoverflow,java,2019,data_ai
stackoverflow,scala,2019,data_ai
stackoverflow,loops,2019,data_ai
stackoverflow,enums,2019,data_ai
stackoverflow,python,2019,data_ai
stackoverflow,keras,2019,data_ai
stackoverflow,generator,2019,data_ai
stackoverflow,python,2019,developer tools
stackoverflow,haskell,2019,data_ai
stackoverflow,fold,2019,data_ai
stackoverflow,c#,2019,web backend
stackoverflow,asp.net-core,2019,web backend
stackoverflow,dependency-injection,2019,web backend
stackoverflow,entity-framework-core,2019,web backend
stackoverflow,python,2019,data_ai
stackoverflow,pandas,2019,data_ai
stackoverflow,javascript,2019,web frontend
stackoverflow,angularjs,2019,web frontend
stackoverflow,promise,2019,web frontend
stackoverflow,c++,2019,data_ai
stackoverflow,haskell,2019,data_ai
stackoverflow,ghc,2019,data_ai
stackoverflow,template-haskell,2019,data_ai
stackoverflow,php,2019,web backend
stackoverflow,git,2019,web backend
stackoverflow,xampp,2019,web backend
stackoverflow,content-management-system,2019,web backend
stackoverflow,craftcms,2019,web backend
stackoverflow,python,2019,data_ai
stackoverflow,class,2019,data_ai
stackoverflow,numpy,2019,data_ai
stackoverflow,vectorization,2019,data_ai
stackoverflow,javascript,2019,web frontend
stackoverflow,python,2019,web backend
stackoverflow,string,2019,web backend
stackoverflow,python-3.x,2019,web backend
stackoverflow,discord,2019,web backend
stackoverflow,discord.py,2019,web backend
stackoverflow,java,2019,testing_qa
stackoverflow,groovy,2019,testing_qa
stackoverflow,rest-assured-jsonpath,2019,testing_qa
stackoverflow,java,2019,devops_cloud
stackoverflow,performance,2019,devops_cloud
stackoverflow,compilation,2019,devops_cloud
stackoverflow,php,2019,web frontend
stackoverflow,wordpress,2019,web frontend
stackoverflow,woocommerce,2019,web frontend
stackoverflow,shipping,2019,web frontend
stackoverflow,orders,2019,web frontend
stackoverflow,python,2019,data_ai
stackoverflow,pandas,2019,data_ai
stackoverflow,java,2019,web backend
stackoverflow,arrays,2019,web backend
stackoverflow,sum,2019,web backend
stackoverflow,javascript,2019,web frontend
stackoverflow,mobile,2019,web frontend
stackoverflow,windows-phone,2019,web frontend
stackoverflow,microsoft-edge,2019,web frontend
stackoverflow,lumia,2019,web frontend
stackoverflow,c#,2019,web backend
stackoverflow,.net,2019,web backend
stackoverflow,wcf,2019,web backend
stackoverflow,x509,2019,web backend
stackoverflow,ws-security,2019,web backend
stackoverflow,python,2019,data_ai
stackoverflow,python-3.x,2019,data_ai
stackoverflow,influxdb,2019,data_ai
stackoverflow,c#,2019,devops_cloud
stackoverflow,azure-cosmosdb,2019,devops_cloud
stackoverflow,azure-cosmosdb-sqlapi,2019,devops_cloud
stackoverflow,python,2019,data_ai
stackoverflow,pandas,2019,data_ai
stackoverflow,dataframe,2019,data_ai
stackoverflow,anaconda,2019,data_ai
stackoverflow,python,2019,data_ai
stackoverflow,string,2019,data_ai
stackoverflow,python-3.x,2019,data_ai
stackoverflow,javascript,2019,web frontend
stackoverflow,python,2019,web frontend
stackoverflow,python-3.x,2019,web frontend
stackoverflow,list,2019,web frontend
stackoverflow,if-statement,2019,web frontend
stackoverflow,append,2019,web frontend
stackoverflow,javascript,2019,web frontend
stackoverflow,bootstrap-datetimepicker,2019,web frontend
stackoverflow,eonasdan-datetimepicker,2019,web frontend
stackoverflow,scala,2019,data_ai
stackoverflow,apache-spark,2019,data_ai
stackoverflow,join,2019,data_ai
stackoverflow,apache-spark-dataset,2019,data_ai
stackoverflow,typescript,2019,web frontend
stackoverflow,php,2019,web backend
stackoverflow,wordpress,2019,web backend
stackoverflow,advanced-custom-fields,2019,web backend
stackoverflow,python,2019,data_ai
stackoverflow,process,2019,data_ai
stackoverflow,monitoring,2019,data_ai
stackoverflow,concurrent.futures,2019,data_ai
stackoverflow,capacity,2019,data_ai
stackoverflow,php,2019,web backend
stackoverflow,.htaccess,2019,web backend
stackoverflow,get,2019,web backend
stackoverflow,python,2019,data_ai
stackoverflow,networkx,2019,data_ai
stackoverflow,graph-theory,2019,data_ai
stackoverflow,gurobi,2019,data_ai
stackoverflow,c,2019,blockchain
stackoverflow,png,2019,blockchain
stackoverflow,cairo,2019,blockchain
stackoverflow,c#,2019,enterprise
stackoverflow,generics,2019,enterprise
stackoverflow,php,2019,web backend
stackoverflow,doctrine-orm,2019,web backend
stackoverflow,doctrine,2019,web backend
stackoverflow,python,2019,data_ai
stackoverflow,audio,2019,data_ai
stackoverflow,scipy,2019,data_ai
stackoverflow,pyaudio,2019,data_ai
stackoverflow,java,2019,data_ai
stackoverflow,cassandra,2019,data_ai
stackoverflow,google-bigquery,2019,data_ai
stackoverflow,google-cloud-platform,2019,data_ai
stackoverflow,google-cloud-dataflow,2019,data_ai
stackoverflow,go,2019,devops_cloud
stackoverflow,logging,2019,devops_cloud
stackoverflow,timestamp,2019,devops_cloud
stackoverflow,php,2019,data_ai
stackoverflow,dynamic-programming,2019,data_ai
stackoverflow,knapsack-problem,2019,data_ai
stackoverflow,greedy,2019,data_ai
stackoverflow,minimum-spanning-tree,2019,data_ai
stackoverflow,python,2019,data_ai
stackoverflow,numpy,2019,data_ai
stackoverflow,python,2019,devops_cloud
stackoverflow,real-time,2019,devops_cloud
stackoverflow,raspbian,2019,devops_cloud
stackoverflow,c#,2019,web backend
stackoverflow,.net,2019,web backend
stackoverflow,async-await,2019,web backend
stackoverflow,method-chaining,2019,web backend
stackoverflow,scala,2019,web backend
stackoverflow,websocket,2019,web backend
stackoverflow,akka,2019,web backend
stackoverflow,akka-stream,2019,web backend
stackoverflow,akka-http,2019,web backend
stackoverflow,python,2019,mobile
stackoverflow,kivy,2019,mobile
stackoverflow,python,2019,data_ai
stackoverflow,pandas,2019,data_ai
stackoverflow,numpy,2019,data_ai
stackoverflow,datetime,2019,data_ai
stackoverflow,javascript,2019,web backend
stackoverflow,mongoose,2019,web backend
stackoverflow,mongoose-schema,2019,web backend
stackoverflow,mongoose-populate,2019,web backend
stackoverflow,c#,2019,web backend
stackoverflow,c#,2019,data_ai
stackoverflow,xamarin,2019,data_ai
stackoverflow,xamarin.android,2019,data_ai
stackoverflow,alpha-vantage,2019,data_ai
stackoverflow,java,2019,enterprise
stackoverflow,concurrenthashmap,2019,enterprise
stackoverflow,python,2019,web frontend
stackoverflow,tkinter,2019,web frontend
stackoverflow,c++,2019,testing_qa
stackoverflow,testing,2019,testing_qa
stackoverflow,googletest,2019,testing_qa
stackoverflow,c,2019,embedded
stackoverflow,php,2019,web frontend
stackoverflow,wordpress,2019,web frontend
stackoverflow,woocommerce,2019,web frontend
stackoverflow,passwords,2019,web frontend
stackoverflow,checkout,2019,web frontend
stackoverflow,java,2019,security
stackoverflow,single-sign-on,2019,security
stackoverflow,digital-signature,2019,security
stackoverflow,opensaml,2019,security
stackoverflow,javascript,2019,web frontend
stackoverflow,python,2019,web frontend
stackoverflow,python-2.7,2019,web frontend
stackoverflow,image-charts,2019,web frontend
stackoverflow,python,2019,data_ai
stackoverflow,pandas,2019,data_ai
stackoverflow,join,2019,data_ai
stackoverflow,group-by,2019,data_ai
stackoverflow,left-join,2019,data_ai
stackoverflow,python-3.x,2019,data_ai
stackoverflow,list,2019,data_ai
stackoverflow,pandas,2019,data_ai
stackoverflow,dictionary,2019,data_ai
stackoverflow,typescript,2019,web frontend
stackoverflow,python,2019,web frontend
stackoverflow,algorithm,2019,web frontend
stackoverflow,scheduling,2019,web frontend
stackoverflow,tournament,2019,web frontend
stackoverflow,sports-league-scheduling-problem,2019,web frontend
stackoverflow,c++,2019,data_ai
stackoverflow,matrix,2019,data_ai
stackoverflow,diagonal,2019,data_ai
stackoverflow,python,2019,data_ai
stackoverflow,statistics,2019,data_ai
stackoverflow,distribution,2019,data_ai
stackoverflow,java,2019,developer tools
stackoverflow,intellij-idea,2019,developer tools
stackoverflow,python-3.x,2019,web backend
stackoverflow,websocket,2019,web backend
stackoverflow,gtk3,2019,web backend
stackoverflow,python-asyncio,2019,web backend
stackoverflow,python,2019,enterprise
stackoverflow,.net,2019,enterprise
stackoverflow,linux,2019,enterprise
stackoverflow,python.net,2019,enterprise
stackoverflow,pythonnet,2019,enterprise
stackoverflow,c#,2019,web backend
stackoverflow,entity-framework,2019,web backend
stackoverflow,entity-framework-core,2019,web backend
stackoverflow,python,2019,data_ai
stackoverflow,python-3.x,2019,data_ai
stackoverflow,pandas,2019,data_ai
stackoverflow,scala,2019,data_ai
stackoverflow,python,2019,data_ai
stackoverflow,list,2019,data_ai
stackoverflow,dictionary,2019,data_ai
stackoverflow,nested-lists,2019,data_ai
stackoverflow,javascript,2019,web frontend
stackoverflow,jquery,2019,web frontend
stackoverflow,arrays,2019,web frontend
stackoverflow,multidimensional-array,2019,web frontend
stackoverflow,coldfusion,2019,web frontend
stackoverflow,python,2019,data_ai
stackoverflow,python-3.x,2019,data_ai
stackoverflow,python-3.6,2019,data_ai
stackoverflow,python,2019,data_ai
stackoverflow,dictionary,2019,data_ai
stackoverflow,c#,2019,web backend
stackoverflow,typescript,2019,web frontend
stackoverflow,typescript-typings,2019,web frontend
stackoverflow,python,2019,data_ai
stackoverflow,python-3.x,2019,data_ai
stackoverflow,chatbot,2019,data_ai
stackoverflow,chatterbot,2019,data_ai
stackoverflow,c++,2019,embedded
stackoverflow,static-libraries,2019,embedded
stackoverflow,dynamic-linking,2019,embedded
stackoverflow,dynamic-loading,2019,embedded
stackoverflow,c#,2019,web backend
stackoverflow,asp.net-core,2019,web backend
stackoverflow,asp.net-core-mvc,2019,web backend
stackoverflow,entity-framework-core,2019,web backend
stackoverflow,ef-core-2.0,2019,web backend
stackoverflow,php,2019,web backend
stackoverflow,doctrine-orm,2019,web backend
stackoverflow,orm,2019,web backend
stackoverflow,ruby-on-rails,2019,web backend
stackoverflow,ruby,2019,web backend
stackoverflow,rails-activerecord,2019,web backend
stackoverflow,javascript,2019,web frontend
stackoverflow,jquery,2019,web frontend
stackoverflow,javascript,2019,developer tools
stackoverflow,visual-studio-code,2019,developer tools
stackoverflow,node-modules,2019,developer tools
stackoverflow,c#,2019,web backend
stackoverflow,php,2019,web frontend
stackoverflow,hsts,2019,web frontend
stackoverflow,c++,2019,embedded
stackoverflow,arrays,2019,embedded
stackoverflow,multidimensional-array,2019,embedded
stackoverflow,python,2019,data_ai
stackoverflow,python-3.x,2019,data_ai
stackoverflow,python,2019,web backend
stackoverflow,tcl,2019,web backend
stackoverflow,exec,2019,web backend
stackoverflow,zip,2019,web backend
stackoverflow,java,2019,web backend
stackoverflow,deque,2019,web backend
stackoverflow,arraydeque,2019,web backend
stackoverflow,java,2019,developer tools
stackoverflow,command-line-interface,2019,developer tools
stackoverflow,console-application,2019,developer tools
stackoverflow,c#,2019,enterprise
stackoverflow,.net,2019,enterprise
stackoverflow,active-directory,2019,enterprise
stackoverflow,php,2019,web backend
stackoverflow,codeigniter,2019,web backend
stackoverflow,codeigniter-3,2019,web backend
stackoverflow,c++,2019,embedded
stackoverflow,c++11,2019,embedded
stackoverflow,undefined-behavior,2019,embedded
stackoverflow,python,2019,data_ai
stackoverflow,amazon-web-services,2019,data_ai
stackoverflow,opencv,2019,data_ai
stackoverflow,webcam,2019,data_ai
stackoverflow,amazon-rekognition,2019,data_ai
stackoverflow,scala,2019,data_ai
stackoverflow,apache-spark,2019,data_ai
stackoverflow,python-3.x,2019,data_ai
stackoverflow,pandas,2019,data_ai
stackoverflow,numpy,2019,data_ai
stackoverflow,multidimensional-array,2019,data_ai
stackoverflow,reshape,2019,data_ai
stackoverflow,scala,2019,web frontend
stackoverflow,monix,2019,web frontend
stackoverflow,javascript,2019,web frontend
stackoverflow,excel,2019,web frontend
stackoverflow,google-apps-script,2019,web frontend
stackoverflow,google-sheets,2019,web frontend
stackoverflow,vba,2019,web frontend
stackoverflow,haskell,2019,developer tools
stackoverflow,java,2019,web backend
stackoverflow,date,2019,web backend
stackoverflow,duration,2019,web backend
stackoverflow,java-time,2019,web backend
stackoverflow,iso8601,2019,web backend
stackoverflow,python,2019,data_ai
stackoverflow,arrays,2019,data_ai
stackoverflow,dataframe,2019,data_ai
stackoverflow,seaborn,2019,data_ai
stackoverflow,boxplot,2019,data_ai
stackoverflow,python,2019,data_ai
stackoverflow,python-3.x,2019,data_ai
stackoverflow,pandas,2019,data_ai
stackoverflow,c,2019,embedded
stackoverflow,log4cplus,2019,embedded
stackoverflow,javascript,2019,web frontend
stackoverflow,jquery,2019,web frontend
stackoverflow,dragula,2019,web frontend
stackoverflow,algorithm,2019,mobile
stackoverflow,data-structures,2019,mobile
stackoverflow,tree,2019,mobile
stackoverflow,kotlin,2019,mobile
stackoverflow,binary-search-tree,2019,mobile
stackoverflow,python,2019,data_ai
stackoverflow,javascript,2019,web frontend
stackoverflow,c#,2019,web backend
stackoverflow,c#,2019,game
stackoverflow,unity3d,2019,game
stackoverflow,collision-detection,2019,game
stackoverflow,c++,2019,enterprise
stackoverflow,for-loop,2019,enterprise
stackoverflow,c++,2019,web backend
stackoverflow,c++11,2019,web backend
stackoverflow,shared-ptr,2019,web backend
stackoverflow,unique-ptr,2019,web backend
stackoverflow,python,2019,data_ai
stackoverflow,loops,2019,data_ai
stackoverflow,dataframe,2019,data_ai
stackoverflow,split,2019,data_ai
stackoverflow,chunks,2019,data_ai
stackoverflow,arrays,2019,mobile
stackoverflow,swift,2019,mobile
stackoverflow,indexing,2019,mobile
stackoverflow,go,2019,web backend
stackoverflow,geolocation,2019,web backend
stackoverflow,geo,2019,web backend
stackoverflow,c#,2019,web frontend
stackoverflow,signaturepad,2019,web frontend
stackoverflow,wacom,2019,web frontend
stackoverflow,python,2019,data_ai
stackoverflow,arrays,2019,data_ai
stackoverflow,sorting,2019,data_ai
stackoverflow,numpy,2019,data_ai
stackoverflow,python,2019,data_ai
stackoverflow,web-scraping,2019,data_ai
stackoverflow,beautifulsoup,2019,data_ai
stackoverflow,c#,2019,enterprise
stackoverflow,dryioc,2019,enterprise
stackoverflow,generics,2019,developer tools
stackoverflow,rust,2019,developer tools
stackoverflow,traits,2019,developer tools
stackoverflow,lifetime,2019,developer tools
stackoverflow,ruby,2019,web backend
stackoverflow,python,2019,data_ai
stackoverflow,pandas,2019,data_ai
stackoverflow,encoding,2019,data_ai
stackoverflow,javascript,2019,web frontend
stackoverflow,arrays,2019,data_ai
stackoverflow,scala,2019,data_ai
stackoverflow,sorting,2019,data_ai
stackoverflow,python,2019,developer tools
stackoverflow,numpy,2019,developer tools
stackoverflow,sieve-of-eratosthenes,2019,developer tools
stackoverflow,typescript,2019,web frontend
stackoverflow,java,2019,devops_cloud
stackoverflow,multithreading,2019,devops_cloud
stackoverflow,concurrency,2019,devops_cloud
stackoverflow,java-8,2019,devops_cloud
stackoverflow,fork-join,2019,devops_cloud
stackoverflow,c,2019,data_ai
stackoverflow,data-structures,2019,data_ai
stackoverflow,bitset,2019,data_ai
stackoverflow,bitarray,2019,data_ai
stackoverflow,javascript,2019,web frontend
stackoverflow,java,2019,web frontend
stackoverflow,java-8,2019,web frontend
stackoverflow,java,2019,web backend
stackoverflow,concurrency,2019,web backend
stackoverflow,concurrenthashmap,2019,web backend
stackoverflow,python,2019,data_ai
stackoverflow,pandas,2019,data_ai
stackoverflow,c++,2019,embedded
stackoverflow,java,2019,web backend
stackoverflow,java-8,2019,web backend
stackoverflow,java,2019,web backend
stackoverflow,multithreading,2019,web backend
stackoverflow,concurrency,2019,web backend
stackoverflow,c#,2019,enterprise
stackoverflow,sendkeys,2019,enterprise
stackoverflow,python,2019,data_ai
stackoverflow,pandas,2019,data_ai
stackoverflow,php,2019,web frontend
stackoverflow,woocommerce,2019,web frontend
stackoverflow,hook-woocommerce,2019,web frontend
stackoverflow,php,2019,web frontend
stackoverflow,wordpress,2019,web frontend
stackoverflow,woocommerce,2019,web frontend
stackoverflow,hook-woocommerce,2019,web frontend
stackoverflow,price,2019,web frontend
stackoverflow,python,2019,embedded
stackoverflow,multithreading,2019,embedded
stackoverflow,serialization,2019,embedded
stackoverflow,ros,2019,embedded
stackoverflow,mutable,2019,embedded
stackoverflow,rust,2019,embedded
stackoverflow,extern,2019,embedded
stackoverflow,ffi,2019,embedded
stackoverflow,python,2019,embedded
stackoverflow,operators,2019,embedded
stackoverflow,python,2019,embedded
stackoverflow,pandas,2019,embedded
stackoverflow,dataframe,2019,embedded
stackoverflow,python,2019,embedded
stackoverflow,math,2019,embedded
stackoverflow,sympy,2019,embedded
stackoverflow,equation,2019,embedded
stackoverflow,python,2019,embedded
stackoverflow,pandas,2019,embedded
stackoverflow,c#,2019,embedded
stackoverflow,asp.net-mvc,2019,embedded
stackoverflow,asp.net-mvc-5,2019,embedded
stackoverflow,python,2019,data_ai
stackoverflow,scikit-learn,2019,data_ai
stackoverflow,countvectorizer,2019,data_ai
stackoverflow,java,2019,web backend
stackoverflow,timezone,2019,web backend
stackoverflow,spring-scheduled,2019,web backend
stackoverflow,python,2019,data_ai
stackoverflow,python-3.x,2019,data_ai
stackoverflow,python,2019,data_ai
stackoverflow,pandas,2019,data_ai
stackoverflow,javascript,2019,testing_qa
stackoverflow,selenium-webdriver,2019,testing_qa
stackoverflow,protractor,2019,testing_qa
stackoverflow,e2e-testing,2019,testing_qa
stackoverflow,selenium-iedriver,2019,testing_qa
stackoverflow,scala,2019,security
stackoverflow,monads,2019,security
stackoverflow,scalaz,2019,security
stackoverflow,ruby-on-rails,2019,web backend
stackoverflow,ruby,2019,web backend
stackoverflow,rspec,2019,web backend
stackoverflow,scala,2019,web backend
stackoverflow,future,2019,web backend
stackoverflow,executorservice,2019,web backend
stackoverflow,python,2019,developer tools
stackoverflow,dictionary,2019,developer tools
stackoverflow,data-structures,2019,developer tools
stackoverflow,range,2019,developer tools
stackoverflow,c#,2019,game
stackoverflow,unity3d,2019,game
stackoverflow,game-physics,2019,game
stackoverflow,rigid-bodies,2019,game
stackoverflow,javascript,2019,web frontend
stackoverflow,jquery,2019,web frontend
stackoverflow,handlebars.js,2019,web frontend
stackoverflow,java,2019,web frontend
stackoverflow,javafx,2019,web frontend
stackoverflow,python,2019,web backend
stackoverflow,overwrite,2019,web backend
stackoverflow,java,2019,developer tools
stackoverflow,jar,2019,developer tools
stackoverflow,sikuli,2019,developer tools
stackoverflow,sikuli-x,2019,developer tools
stackoverflow,python,2019,data_ai
stackoverflow,python-3.x,2019,data_ai
stackoverflow,algorithm,2019,data_ai
stackoverflow,sorting,2019,data_ai
stackoverflow,mergesort,2019,data_ai
stackoverflow,javascript,2019,web frontend
stackoverflow,arrays,2019,web frontend
stackoverflow,object,2019,web frontend
stackoverflow,nest-nested-object,2019,web frontend
stackoverflow,python,2019,web frontend
stackoverflow,image-processing,2019,web frontend
stackoverflow,roi,2019,web frontend
stackoverflow,java,2019,web frontend
stackoverflow,dependency-injection,2019,web frontend
stackoverflow,annotations,2019,web frontend
stackoverflow,guice,2019,web frontend
stackoverflow,dagger-2,2019,web frontend
stackoverflow,javascript,2019,web frontend
stackoverflow,numbers,2019,web frontend
stackoverflow,swift,2019,game
stackoverflow,macos,2019,game
stackoverflow,dictionary,2019,game
stackoverflow,cocoa,2019,game
stackoverflow,generator,2019,game
stackoverflow,python,2019,web frontend
stackoverflow,find,2019,web frontend
stackoverflow,python,2019,data_ai
stackoverflow,string,2019,data_ai
stackoverflow,pandas,2019,data_ai
stackoverflow,dataframe,2019,data_ai
stackoverflow,python-3.x,2019,web backend
stackoverflow,python-3.6,2019,web backend
stackoverflow,type-hinting,2019,web backend
stackoverflow,python,2019,data_ai
stackoverflow,montecarlo,2019,data_ai
stackoverflow,javascript,2019,mobile
stackoverflow,e2e-testing,2019,mobile
stackoverflow,detox,2019,mobile
stackoverflow,c++,2019,web backend
stackoverflow,c++,2019,embedded
stackoverflow,c,2019,embedded
stackoverflow,gdb,2019,embedded
stackoverflow,floor,2019,embedded
stackoverflow,java,2019,web frontend
stackoverflow,arraylist,2019,web frontend
stackoverflow,php,2019,data_ai
stackoverflow,lambda,2019,data_ai
stackoverflow,return,2019,data_ai
stackoverflow,anonymous-function,2019,data_ai
stackoverflow,javascript,2019,web frontend
stackoverflow,javascript,2019,web frontend
stackoverflow,arrays,2019,web frontend
stackoverflow,sorting,2019,web frontend
stackoverflow,javascript,2019,web frontend
stackoverflow,asp.net-mvc,2019,web frontend
stackoverflow,python,2019,data_ai
stackoverflow,pandas,2019,data_ai
stackoverflow,python,2019,data_ai
stackoverflow,python-2.7,2019,data_ai
stackoverflow,asynchronous,2019,data_ai
stackoverflow,python,2019,web frontend
stackoverflow,string,2019,web frontend
stackoverflow,c,2019,embedded
stackoverflow,generics,2019,embedded
stackoverflow,c-strings,2019,embedded
stackoverflow,python,2019,data_ai
stackoverflow,pandas,2019,data_ai
stackoverflow,list,2019,data_ai
stackoverflow,dataframe,2019,data_ai
stackoverflow,javascript,2019,web frontend
stackoverflow,arrays,2019,web frontend
stackoverflow,python,2019,data_ai
stackoverflow,function,2019,data_ai
stackoverflow,class,2019,data_ai
stackoverflow,object,2019,data_ai
stackoverflow,python,2019,data_ai
stackoverflow,pandas,2019,data_ai
stackoverflow,aggregate,2019,data_ai
stackoverflow,apply,2019,data_ai
stackoverflow,group-concat,2019,data_ai
stackoverflow,python-3.x,2019,data_ai
stackoverflow,csv,2019,data_ai
stackoverflow,lambda,2019,data_ai
stackoverflow,python,2019,data_ai
stackoverflow,numpy,2019,data_ai
stackoverflow,matrix,2019,data_ai
stackoverflow,vectorization,2019,data_ai
stackoverflow,combinatorics,2019,data_ai
stackoverflow,c,2019,data_ai
stackoverflow,c#,2019,web backend
stackoverflow,ssl,2019,web backend
stackoverflow,smtp,2019,web backend
stackoverflow,javascript,2019,web frontend
stackoverflow,jquery,2019,web frontend
stackoverflow,datepicker,2019,web frontend
stackoverflow,datetimepicker,2019,web frontend
stackoverflow,onselect,2019,web frontend
stackoverflow,scala,2019,data_ai
stackoverflow,apache-spark,2019,data_ai
stackoverflow,apache-spark-sql,2019,data_ai
stackoverflow,c,2019,embedded
stackoverflow,pointers,2019,embedded
stackoverflow,increment,2019,embedded
stackoverflow,javascript,2019,web frontend
stackoverflow,jquery,2019,web frontend
stackoverflow,python,2019,data_ai
stackoverflow,python-2.7,2019,data_ai
stackoverflow,list,2019,data_ai
stackoverflow,backtracking,2019,data_ai
stackoverflow,python,2019,data_ai
stackoverflow,pandas,2019,data_ai
stackoverflow,matplotlib,2019,data_ai
stackoverflow,line,2019,data_ai
stackoverflow,c++,2019,embedded
stackoverflow,pointers,2019,embedded
stackoverflow,memory-address,2019,embedded
stackoverflow,pointer-to-pointer,2019,embedded
stackoverflow,python,2019,data_ai
stackoverflow,list,2019,data_ai
stackoverflow,adjacency-matrix,2019,data_ai
stackoverflow,java,2019,enterprise
stackoverflow,active-directory,2019,enterprise
stackoverflow,ldap,2019,enterprise
stackoverflow,adlds,2019,enterprise
stackoverflow,python,2019,data_ai
stackoverflow,php,2019,developer tools
stackoverflow,sql,2019,developer tools
stackoverflow,version-control,2019,developer tools
stackoverflow,migration,2019,developer tools
stackoverflow,phinx,2019,developer tools
stackoverflow,c++,2019,embedded
stackoverflow,c++11,2019,embedded
stackoverflow,copy-constructor,2019,embedded
stackoverflow,unique-ptr,2019,embedded
stackoverflow,pimpl-idiom,2019,embedded
stackoverflow,javascript,2019,web frontend
stackoverflow,image,2019,web frontend
stackoverflow,dom,2019,web frontend
stackoverflow,svg,2019,web frontend
stackoverflow,clip-path,2019,web frontend
stackoverflow,c#,2019,web frontend
stackoverflow,asp.net-mvc,2019,web frontend
stackoverflow,razor,2019,web frontend
stackoverflow,c++,2019,embedded
stackoverflow,bit-shift,2019,embedded
stackoverflow,javascript,2019,web frontend
stackoverflow,python,2019,data_ai
stackoverflow,matplotlib,2019,data_ai
stackoverflow,python,2019,data_ai
stackoverflow,python-3.x,2019,data_ai
stackoverflow,csv,2019,data_ai
stackoverflow,parsing,2019,data_ai
stackoverflow,floating-point,2019,data_ai
stackoverflow,python,2019,data_ai
stackoverflow,namedtuple,2019,data_ai
stackoverflow,pep,2019,data_ai
stackoverflow,python-3.7,2019,data_ai
stackoverflow,python-dataclasses,2019,data_ai
stackoverflow,c#,2019,web backend
stackoverflow,asynchronous,2019,web backend
stackoverflow,async-await,2019,web backend
stackoverflow,parameter-passing,2019,web backend
stackoverflow,python,2019,developer tools
stackoverflow,python,2019,data_ai
stackoverflow,python-3.x,2019,data_ai
stackoverflow,dictionary,2019,data_ai
stackoverflow,filter,2019,data_ai
stackoverflow,iterator,2019,data_ai
stackoverflow,lua,2019,enterprise
stackoverflow,lua-patterns,2019,enterprise
stackoverflow,python,2019,web backend
stackoverflow,python-3.x,2019,web backend
stackoverflow,sqlalchemy,2019,web backend
stackoverflow,java,2019,web backend
stackoverflow,datetime,2019,web backend
stackoverflow,datetime-format,2019,web backend
stackoverflow,java-time,2019,web backend
stackoverflow,java,2019,data_ai
stackoverflow,java-8,2019,data_ai
stackoverflow,java-stream,2019,data_ai
stackoverflow,python,2019,data_ai
stackoverflow,list,2019,data_ai
stackoverflow,pandas,2019,data_ai
stackoverflow,indexing,2019,data_ai
stackoverflow,calculation,2019,data_ai
stackoverflow,c#,2019,data_ai
stackoverflow,cuda,2019,data_ai
stackoverflow,aleagpu,2019,data_ai
stackoverflow,python,2019,data_ai
stackoverflow,audio,2019,data_ai
stackoverflow,sox,2019,data_ai
stackoverflow,python,2019,web backend
stackoverflow,for-loop,2019,web backend
stackoverflow,local-variables,2019,web backend
stackoverflow,python-3.7,2019,web backend
stackoverflow,c,2019,data_ai
stackoverflow,search,2019,data_ai
stackoverflow,javascript,2019,mobile
stackoverflow,appcelerator,2019,mobile
stackoverflow,jtextarea,2019,mobile
stackoverflow,appcelerator-alloy,2019,mobile
stackoverflow,python,2019,data_ai
stackoverflow,python-3.x,2019,data_ai
stackoverflow,plotly,2019,data_ai
stackoverflow,go,2019,web backend
stackoverflow,filesystems,2019,web backend
stackoverflow,ntfs,2019,web backend
stackoverflow,alternate-data-stream,2019,web backend
stackoverflow,c++,2019,embedded
stackoverflow,lambda,2019,embedded
stackoverflow,language-lawyer,2019,embedded
stackoverflow,python,2020,data_ai
stackoverflow,c,2022,embedded
stackoverflow,r,2022,embedded
stackoverflow,r,2020,data_ai
stackoverflow,python,2020,data_ai
stackoverflow,c++,2022,embedded
stackoverflow,c,2022,embedded
stackoverflow,python,2022,data_ai
stackoverflow,c,2020,developer tools
stackoverflow,r,2021,data_ai
stackoverflow,python,2021,data_ai
stackoverflow,ruby,2020,web frontend
stackoverflow,r,2020,web frontend
stackoverflow,c++,2020,embedded
stackoverflow,c,2020,embedded
stackoverflow,c,2020,developer tools
stackoverflow,python,2020,developer tools
stackoverflow,c++,2022,embedded
stackoverflow,c,2022,embedded
stackoverflow,php,2022,web backend
stackoverflow,r,2020,embedded
stackoverflow,python,2020,embedded
stackoverflow,c,2021,developer tools
stackoverflow,python,2021,developer tools
stackoverflow,r,2022,game
stackoverflow,python,2022,game
stackoverflow,ruby,2022,data_ai
stackoverflow,r,2022,data_ai
stackoverflow,java,2020,testing_qa
stackoverflow,python,2020,game
stackoverflow,python,2020,developer tools
stackoverflow,r,2020,data_ai
stackoverflow,java,2020,data_ai
stackoverflow,python,2021,developer tools
stackoverflow,r,2021,testing_qa
stackoverflow,python,2021,testing_qa
stackoverflow,r,2022,data_ai
stackoverflow,python,2022,data_ai
stackoverflow,python,2021,developer tools
stackoverflow,r,2021,data_ai
stackoverflow,python,2021,data_ai
stackoverflow,r,2020,data_ai
stackoverflow,python,2020,data_ai
stackoverflow,r,2022,data_ai
stackoverflow,python,2022,data_ai
stackoverflow,r,2022,testing_qa
stackoverflow,python,2022,testing_qa
stackoverflow,python,2021,data_ai
stackoverflow,r,2020,data_ai
stackoverflow,python,2020,data_ai
stackoverflow,r,2021,data_ai
stackoverflow,python,2021,data_ai
stackoverflow,r,2020,data_ai
stackoverflow,python,2020,data_ai
stackoverflow,c,2022,security
stackoverflow,r,2022,security
stackoverflow,r,2021,data_ai
stackoverflow,python,2021,data_ai
stackoverflow,c,2021,data_ai
stackoverflow,python,2021,data_ai
stackoverflow,r,2020,mobile
stackoverflow,swift,2020,mobile
stackoverflow,python,2020,data_ai
stackoverflow,go,2021,developer tools
stackoverflow,r,2021,data_ai
stackoverflow,python,2021,data_ai
stackoverflow,python,2022,data_ai
stackoverflow,rust,2021,developer tools
stackoverflow,r,2021,developer tools
stackoverflow,r,2020,developer tools
stackoverflow,java,2020,developer tools
stackoverflow,python,2022,developer tools
stackoverflow,r,2020,web backend
stackoverflow,java,2020,web backend
stackoverflow,c++,2022,embedded
stackoverflow,c,2022,embedded
stackoverflow,python,2022,data_ai
stackoverflow,r,2021,embedded
stackoverflow,python,2021,embedded
stackoverflow,c,2020,developer tools
stackoverflow,python,2020,developer tools
stackoverflow,r,2020,game
stackoverflow,python,2020,game
stackoverflow,r,2022,data_ai
stackoverflow,python,2022,data_ai
stackoverflow,r,2020,data_ai
stackoverflow,python,2020,data_ai
stackoverflow,c,2022,developer tools
stackoverflow,python,2022,developer tools
stackoverflow,r,2020,web backend
stackoverflow,python,2020,web backend
stackoverflow,r,2021,developer tools
stackoverflow,java,2021,developer tools
stackoverflow,python,2020,developer tools
stackoverflow,python,2020,data_ai
stackoverflow,c,2021,data_ai
stackoverflow,r,2021,data_ai
stackoverflow,r,2021,devops_cloud
stackoverflow,java,2021,devops_cloud
stackoverflow,java,2022,developer tools
stackoverflow,r,2022,developer tools
stackoverflow,python,2022,developer tools
stackoverflow,r,2022,data_ai
stackoverflow,python,2022,data_ai
stackoverflow,ruby,2020,developer tools
stackoverflow,r,2020,developer tools
stackoverflow,c,2021,embedded
stackoverflow,java,2022,data_ai
stackoverflow,python,2021,data_ai
stackoverflow,python,2021,data_ai
stackoverflow,r,2022,data_ai
stackoverflow,python,2022,data_ai
stackoverflow,python,2020,embedded
stackoverflow,lua,2021,developer tools
stackoverflow,c,2020,embedded
stackoverflow,r,2020,data_ai
stackoverflow,python,2020,data_ai
stackoverflow,r,2022,data_ai
stackoverflow,python,2022,data_ai
stackoverflow,r,2022,data_ai
stackoverflow,python,2022,data_ai
stackoverflow,c,2020,developer tools
stackoverflow,c#,2020,developer tools
stackoverflow,python,2020,data_ai
stackoverflow,python,2022,developer tools
stackoverflow,php,2022,web backend
stackoverflow,python,2021,data_ai
stackoverflow,python,2020,data_ai
stackoverflow,c,2021,data_ai
stackoverflow,python,2021,data_ai
stackoverflow,ruby,2022,developer tools
stackoverflow,r,2022,developer tools
stackoverflow,php,2020,web backend
stackoverflow,r,2021,data_ai
stackoverflow,python,2021,data_ai
stackoverflow,c,2020,embedded
stackoverflow,c#,2020,embedded
stackoverflow,r,2022,embedded
stackoverflow,python,2022,embedded
stackoverflow,r,2020,mobile
stackoverflow,python,2020,mobile
stackoverflow,ruby,2022,web backend
stackoverflow,r,2022,web backend
stackoverflow,r,2021,developer tools
stackoverflow,java,2021,developer tools
stackoverflow,r,2021,data_ai
stackoverflow,python,2021,data_ai
stackoverflow,c++,2021,developer tools
stackoverflow,c,2021,developer tools
stackoverflow,python,2021,developer tools
stackoverflow,typescript,2021,data_ai
stackoverflow,python,2021,data_ai
stackoverflow,python,2022,data_ai
stackoverflow,r,2020,data_ai
stackoverflow,python,2020,data_ai
stackoverflow,r,2021,embedded
stackoverflow,python,2021,embedded
stackoverflow,sql,2020,web backend
stackoverflow,python,2020,web backend
stackoverflow,java,2020,developer tools
stackoverflow,r,2022,data_ai
stackoverflow,python,2022,data_ai
stackoverflow,r,2021,data_ai
stackoverflow,python,2021,data_ai
stackoverflow,r,2020,data_ai
stackoverflow,python,2020,data_ai
stackoverflow,c++,2020,embedded
stackoverflow,c,2020,embedded
stackoverflow,c++,2021,developer tools
stackoverflow,c,2021,developer tools
stackoverflow,c,2021,developer tools
stackoverflow,r,2021,developer tools
stackoverflow,haskell,2020,data_ai
stackoverflow,python,2022,web frontend
stackoverflow,r,2020,embedded
stackoverflow,java,2020,embedded
stackoverflow,java,2020,web backend
stackoverflow,c,2020,data_ai
stackoverflow,python,2020,data_ai
stackoverflow,r,2022,data_ai
stackoverflow,python,2022,data_ai
stackoverflow,c++,2022,embedded
stackoverflow,c,2022,embedded
stackoverflow,c,2022,developer tools
stackoverflow,c#,2022,developer tools
stackoverflow,python,2021,data_ai
stackoverflow,c++,2022,embedded
stackoverflow,c,2022,embedded
stackoverflow,python,2021,developer tools
stackoverflow,python,2020,data_ai
stackoverflow,r,2022,developer tools
stackoverflow,python,2022,developer tools
stackoverflow,r,2020,data_ai
stackoverflow,java,2020,data_ai
stackoverflow,r,2020,data_ai
stackoverflow,python,2020,data_ai
stackoverflow,c,2020,developer tools
stackoverflow,r,2020,developer tools
stackoverflow,typescript,2022,embedded
stackoverflow,c,2022,embedded
stackoverflow,c,2021,testing_qa
stackoverflow,c#,2021,testing_qa
stackoverflow,c++,2021,embedded
stackoverflow,c,2021,embedded
stackoverflow,c,2021,developer tools
stackoverflow,c#,2021,developer tools
stackoverflow,python,2022,developer tools
stackoverflow,c,2022,embedded
stackoverflow,r,2022,embedded
stackoverflow,c,2021,developer tools
stackoverflow,r,2021,developer tools
stackoverflow,r,2021,data_ai
stackoverflow,python,2021,data_ai
stackoverflow,r,2022,data_ai
stackoverflow,python,2022,data_ai
stackoverflow,c++,2020,developer tools
stackoverflow,c,2020,developer tools
stackoverflow,python,2021,developer tools
stackoverflow,r,2022,data_ai
stackoverflow,python,2022,data_ai
stackoverflow,c,2022,embedded
stackoverflow,c++,2021,embedded
stackoverflow,c,2021,embedded
stackoverflow,r,2021,data_ai
stackoverflow,python,2021,data_ai
stackoverflow,c,2021,embedded
stackoverflow,r,2021,embedded
stackoverflow,r,2021,data_ai
stackoverflow,python,2021,data_ai
stackoverflow,c,2022,embedded
stackoverflow,r,2022,embedded
stackoverflow,r,2022,data_ai
stackoverflow,python,2022,data_ai
stackoverflow,c,2020,developer tools
stackoverflow,c#,2020,developer tools
stackoverflow,python,2021,data_ai
stackoverflow,c,2021,data_ai
stackoverflow,python,2021,data_ai
stackoverflow,c,2021,game
stackoverflow,c#,2021,game
stackoverflow,r,2020,developer tools
stackoverflow,java,2020,developer tools
stackoverflow,haskell,2020,embedded
stackoverflow,r,2020,data_ai
stackoverflow,python,2020,data_ai
stackoverflow,lua,2020,developer tools
stackoverflow,c,2021,security
stackoverflow,r,2021,security
stackoverflow,r,2020,data_ai
stackoverflow,python,2020,data_ai
stackoverflow,python,2021,data_ai
stackoverflow,r,2022,web backend
stackoverflow,java,2022,web backend
stackoverflow,c,2021,data_ai
stackoverflow,r,2021,data_ai
stackoverflow,r,2021,data_ai
stackoverflow,python,2021,data_ai
stackoverflow,python,2020,data_ai
stackoverflow,python,2021,data_ai
stackoverflow,rust,2022,developer tools
stackoverflow,r,2022,developer tools
stackoverflow,haskell,2022,developer tools
stackoverflow,c++,2020,developer tools
stackoverflow,c,2020,developer tools
stackoverflow,c,2022,developer tools
stackoverflow,r,2022,developer tools
stackoverflow,python,2022,data_ai
stackoverflow,c,2021,embedded
stackoverflow,r,2021,embedded
stackoverflow,python,2022,data_ai
stackoverflow,c,2022,embedded
stackoverflow,r,2022,embedded
stackoverflow,rust,2021,embedded
stackoverflow,r,2021,embedded
stackoverflow,c,2021,developer tools
stackoverflow,r,2021,developer tools
stackoverflow,haskell,2020,developer tools
stackoverflow,c,2022,embedded
stackoverflow,python,2022,embedded
stackoverflow,python,2020,developer tools
stackoverflow,python,2021,developer tools
stackoverflow,r,2020,embedded
stackoverflow,java,2020,embedded
stackoverflow,python,2020,data_ai
stackoverflow,rust,2020,embedded
stackoverflow,r,2020,embedded
stackoverflow,assembly,2020,embedded
stackoverflow,c,2020,embedded
stackoverflow,r,2022,developer tools
stackoverflow,python,2022,developer tools
stackoverflow,r,2020,embedded
stackoverflow,python,2020,embedded
stackoverflow,rust,2022,developer tools
stackoverflow,r,2022,developer tools
stackoverflow,r,2021,mobile
stackoverflow,swift,2021,mobile
stackoverflow,r,2021,developer tools
stackoverflow,python,2021,developer tools
stackoverflow,python,2020,data_ai
stackoverflow,c,2021,data_ai
stackoverflow,r,2022,data_ai
stackoverflow,python,2022,data_ai
stackoverflow,python,2021,developer tools
stackoverflow,c,2021,game
stackoverflow,c#,2021,game
stackoverflow,r,2022,data_ai
stackoverflow,java,2022,data_ai
stackoverflow,php,2020,web backend
stackoverflow,python,2022,developer tools
stackoverflow,python,2022,data_ai
stackoverflow,ruby,2022,web backend
stackoverflow,r,2022,web backend
stackoverflow,java,2021,developer tools
stackoverflow,c,2020,data_ai
stackoverflow,c#,2020,data_ai
stackoverflow,java,2020,devops_cloud
stackoverflow,c,2021,data_ai
stackoverflow,python,2021,data_ai
stackoverflow,c,2022,iot
stackoverflow,r,2022,data_ai
stackoverflow,python,2022,data_ai
stackoverflow,python,2021,data_ai
stackoverflow,haskell,2020,developer tools
stackoverflow,python,2020,data_ai
stackoverflow,c,2022,data_ai
stackoverflow,python,2022,data_ai
stackoverflow,r,2021,data_ai
stackoverflow,python,2021,data_ai
stackoverflow,python,2020,data_ai
stackoverflow,python,2020,data_ai
stackoverflow,c,2021,data_ai
stackoverflow,python,2021,data_ai
stackoverflow,python,2022,data_ai
stackoverflow,python,2021,security
stackoverflow,ruby,2022,web backend
stackoverflow,r,2022,web backend
stackoverflow,r,2022,data_ai
stackoverflow,python,2022,data_ai
stackoverflow,python,2021,developer tools
stackoverflow,r,2020,devops_cloud
stackoverflow,python,2020,devops_cloud
stackoverflow,python,2022,data_ai
stackoverflow,ruby,2022,testing_qa
stackoverflow,r,2022,testing_qa
stackoverflow,c,2021,developer tools
stackoverflow,r,2021,developer tools
stackoverflow,python,2020,developer tools
stackoverflow,c,2022,developer tools
stackoverflow,python,2022,developer tools
stackoverflow,java,2021,embedded
stackoverflow,python,2021,developer tools
stackoverflow,swift,2020,mobile
stackoverflow,r,2020,developer tools
stackoverflow,java,2020,developer tools
stackoverflow,typescript,2022,data_ai
stackoverflow,python,2022,data_ai
stackoverflow,python,2020,data_ai
stackoverflow,java,2022,developer tools
stackoverflow,c,2020,developer tools
stackoverflow,python,2020,developer tools
stackoverflow,python,2021,data_ai
stackoverflow,r,2021,data_ai
stackoverflow,python,2021,data_ai
stackoverflow,python,2021,developer tools
stackoverflow,r,2021,web backend
stackoverflow,go,2021,web backend
stackoverflow,c++,2022,embedded
stackoverflow,c,2022,embedded
stackoverflow,c++,2022,developer tools
stackoverflow,c,2022,developer tools
stackoverflow,r,2021,data_ai
stackoverflow,python,2021,data_ai
stackoverflow,python,2021,data_ai
stackoverflow,typescript,2020,embedded
stackoverflow,python,2020,embedded
stackoverflow,python,2021,data_ai
stackoverflow,c,2022,developer tools
stackoverflow,c#,2022,developer tools
stackoverflow,c,2021,embedded
stackoverflow,python,2021,data_ai
stackoverflow,r,2020,data_ai
stackoverflow,python,2020,data_ai
stackoverflow,r,2020,data_ai
stackoverflow,python,2020,data_ai
stackoverflow,c,2020,developer tools
stackoverflow,python,2020,developer tools
stackoverflow,r,2021,data_ai
stackoverflow,python,2021,data_ai
stackoverflow,python,2020,embedded
stackoverflow,c,2020,data_ai
stackoverflow,python,2020,data_ai
stackoverflow,python,2020,data_ai
stackoverflow,r,2022,data_ai
stackoverflow,python,2022,data_ai
stackoverflow,c,2022,embedded
stackoverflow,kotlin,2022,developer tools
stackoverflow,c,2022,embedded
stackoverflow,c#,2022,embedded
stackoverflow,r,2020,data_ai
stackoverflow,python,2020,data_ai
stackoverflow,java,2022,embedded
stackoverflow,python,2020,data_ai
stackoverflow,python,2021,game
stackoverflow,python,2020,embedded
stackoverflow,c,2021,embedded
stackoverflow,go,2021,embedded
stackoverflow,r,2020,data_ai
stackoverflow,python,2020,data_ai
stackoverflow,html,2021,web frontend
stackoverflow,php,2021,web frontend
stackoverflow,c,2022,embedded
stackoverflow,r,2022,embedded
stackoverflow,r,2021,data_ai
stackoverflow,python,2021,data_ai
stackoverflow,python,2022,developer tools
stackoverflow,c,2022,embedded
stackoverflow,python,2021,developer tools
stackoverflow,r,2022,developer tools
stackoverflow,dart,2022,developer tools
stackoverflow,r,2022,developer tools
stackoverflow,python,2022,developer tools
stackoverflow,c,2020,data_ai
stackoverflow,r,2020,data_ai
stackoverflow,c,2020,data_ai
stackoverflow,c#,2020,data_ai
stackoverflow,r,2020,data_ai
stackoverflow,python,2020,data_ai
stackoverflow,typescript,2021,embedded
stackoverflow,c,2021,embedded
stackoverflow,python,2021,data_ai
stackoverflow,assembly,2022,embedded
stackoverflow,c,2022,embedded
stackoverflow,r,2022,developer tools
stackoverflow,python,2022,developer tools
stackoverflow,python,2022,data_ai
stackoverflow,c,2022,embedded
stackoverflow,r,2022,embedded
stackoverflow,c++,2022,embedded
stackoverflow,c,2022,embedded
stackoverflow,r,2020,data_ai
stackoverflow,python,2020,data_ai
stackoverflow,r,2022,data_ai
stackoverflow,python,2022,data_ai
stackoverflow,r,2021,data_ai
stackoverflow,python,2021,data_ai
stackoverflow,r,2021,web backend
stackoverflow,go,2021,web backend
stackoverflow,python,2021,data_ai
stackoverflow,r,2020,developer tools
stackoverflow,kotlin,2020,developer tools
stackoverflow,c++,2020,developer tools
stackoverflow,c,2020,developer tools
stackoverflow,c,2022,embedded
stackoverflow,r,2022,embedded
stackoverflow,python,2021,data_ai
stackoverflow,r,2021,data_ai
stackoverflow,python,2021,data_ai
stackoverflow,r,2021,developer tools
stackoverflow,java,2021,developer tools
stackoverflow,c++,2020,developer tools
stackoverflow,c,2020,developer tools
stackoverflow,python,2020,web frontend
stackoverflow,go,2022,web backend
stackoverflow,r,2021,developer tools
stackoverflow,python,2021,developer tools
stackoverflow,haskell,2020,developer tools
stackoverflow,python,2021,embedded
stackoverflow,r,2021,data_ai
stackoverflow,python,2021,data_ai
stackoverflow,r,2020,data_ai
stackoverflow,python,2020,data_ai
stackoverflow,c,2021,web backend
stackoverflow,php,2021,web backend
stackoverflow,c,2022,embedded
stackoverflow,c,2020,data_ai
stackoverflow,python,2020,data_ai
stackoverflow,c,2022,embedded
stackoverflow,c,2020,game
stackoverflow,c#,2020,game
stackoverflow,java,2022,developer tools
stackoverflow,python,2020,data_ai
stackoverflow,c,2021,game
stackoverflow,c#,2021,game
stackoverflow,c++,2021,embedded
stackoverflow,c,2021,embedded
stackoverflow,c,2020,enterprise
stackoverflow,c#,2020,enterprise
stackoverflow,r,2021,data_ai
stackoverflow,java,2021,data_ai
stackoverflow,r,2020,data_ai
stackoverflow,python,2020,data_ai
stackoverflow,r,2020,testing_qa
stackoverflow,java,2020,testing_qa
stackoverflow,rust,2020,developer tools
stackoverflow,r,2020,developer tools
stackoverflow,python,2021,data_ai
stackoverflow,c,2021,data_ai
stackoverflow,c#,2021,data_ai
stackoverflow,swift,2020,mobile
stackoverflow,python,2021,data_ai
stackoverflow,c,2020,developer tools
stackoverflow,r,2020,developer tools
stackoverflow,r,2020,developer tools
stackoverflow,java,2020,developer tools
stackoverflow,r,2022,data_ai
stackoverflow,python,2022,data_ai
stackoverflow,c,2021,data_ai
stackoverflow,python,2021,data_ai
stackoverflow,c,2020,data_ai
stackoverflow,python,2020,data_ai
stackoverflow,rust,2022,embedded
stackoverflow,r,2022,embedded
stackoverflow,c++,2022,embedded
stackoverflow,c,2022,embedded
stackoverflow,r,2021,web backend
stackoverflow,java,2021,web backend
stackoverflow,c,2020,embedded
stackoverflow,r,2020,embedded
stackoverflow,c,2022,data_ai
stackoverflow,python,2022,data_ai
stackoverflow,c,2020,embedded
stackoverflow,r,2020,embedded
stackoverflow,r,2022,data_ai
stackoverflow,python,2022,data_ai
stackoverflow,python,2022,developer tools
stackoverflow,c,2021,developer tools
stackoverflow,python,2021,developer tools
stackoverflow,python,2020,data_ai
stackoverflow,c,2022,data_ai
stackoverflow,python,2022,data_ai
stackoverflow,python,2021,data_ai
stackoverflow,r,2020,data_ai
stackoverflow,python,2020,data_ai
stackoverflow,python,2021,data_ai
stackoverflow,c,2020,embedded
stackoverflow,r,2020,embedded
stackoverflow,r,2021,developer tools
stackoverflow,java,2021,developer tools
stackoverflow,python,2020,data_ai
stackoverflow,java,2020,developer tools
stackoverflow,python,2020,data_ai
stackoverflow,r,2020,data_ai
stackoverflow,python,2020,data_ai
stackoverflow,python,2022,data_ai
stackoverflow,c,2022,web backend
stackoverflow,c#,2022,web backend
stackoverflow,c++,2021,developer tools
stackoverflow,c,2021,developer tools
stackoverflow,r,2020,developer tools
stackoverflow,java,2020,developer tools
stackoverflow,python,2020,data_ai
stackoverflow,python,2020,data_ai
stackoverflow,python,2021,data_ai
stackoverflow,c++,2021,embedded
stackoverflow,c,2021,embedded
stackoverflow,c,2021,developer tools
stackoverflow,haskell,2021,developer tools
stackoverflow,python,2020,data_ai
stackoverflow,python,2021,data_ai
stackoverflow,c,2021,embedded
stackoverflow,r,2021,embedded
stackoverflow,c,2021,iot
stackoverflow,r,2021,iot
stackoverflow,r,2022,data_ai
stackoverflow,python,2022,data_ai
stackoverflow,r,2021,embedded
stackoverflow,python,2021,embedded
stackoverflow,shell,2021,embedded
stackoverflow,python,2021,embedded
stackoverflow,c,2022,embedded
stackoverflow,r,2022,embedded
stackoverflow,c,2020,embedded
stackoverflow,c,2020,developer tools
stackoverflow,r,2020,developer tools
stackoverflow,c,2021,developer tools
stackoverflow,c,2020,web backend
stackoverflow,python,2020,web backend
stackoverflow,python,2021,data_ai
stackoverflow,c,2022,data_ai
stackoverflow,python,2022,data_ai
stackoverflow,python,2020,data_ai
stackoverflow,php,2022,web backend
stackoverflow,c,2020,web backend
stackoverflow,python,2020,web backend
stackoverflow,c,2021,web backend
stackoverflow,php,2021,web backend
stackoverflow,r,2022,data_ai
stackoverflow,python,2022,data_ai
stackoverflow,python,2021,developer tools
stackoverflow,c,2020,developer tools
stackoverflow,python,2020,developer tools
stackoverflow,r,2020,developer tools
stackoverflow,swift,2020,developer tools
stackoverflow,python,2022,data_ai
stackoverflow,c,2020,data_ai
stackoverflow,python,2020,data_ai
stackoverflow,typescript,2020,embedded
stackoverflow,c,2020,embedded
stackoverflow,r,2021,data_ai
stackoverflow,python,2021,data_ai
stackoverflow,python,2020,data_ai
stackoverflow,r,2022,data_ai
stackoverflow,python,2022,data_ai
stackoverflow,c,2020,data_ai
stackoverflow,python,2020,data_ai
stackoverflow,r,2021,developer tools
stackoverflow,python,2021,developer tools
stackoverflow,python,2022,developer tools
stackoverflow,r,2022,data_ai
stackoverflow,python,2022,data_ai
stackoverflow,r,2021,developer tools
stackoverflow,python,2021,developer tools
stackoverflow,python,2021,data_ai
stackoverflow,rust,2020,embedded
stackoverflow,r,2020,embedded
stackoverflow,python,2020,data_ai
stackoverflow,c,2021,developer tools
stackoverflow,c,2022,security
stackoverflow,r,2022,security
stackoverflow,c,2022,embedded
stackoverflow,r,2022,embedded
stackoverflow,python,2021,developer tools
stackoverflow,python,2021,data_ai
stackoverflow,r,2022,data_ai
stackoverflow,python,2022,data_ai
stackoverflow,c,2020,developer tools
stackoverflow,r,2020,developer tools
stackoverflow,c,2020,game
stackoverflow,c#,2020,game
stackoverflow,r,2022,data_ai
stackoverflow,python,2022,data_ai
stackoverflow,c++,2020,developer tools
stackoverflow,c,2020,developer tools
stackoverflow,python,2020,data_ai
stackoverflow,r,2022,data_ai
stackoverflow,python,2022,data_ai
stackoverflow,python,2020,developer tools
stackoverflow,python,2020,data_ai
stackoverflow,r,2022,data_ai
stackoverflow,swift,2022,developer tools
stackoverflow,python,2022,data_ai
stackoverflow,r,2021,data_ai
stackoverflow,python,2021,data_ai
stackoverflow,python,2022,data_ai
stackoverflow,r,2022,game
stackoverflow,java,2022,game
stackoverflow,python,2021,developer tools
stackoverflow,c,2020,developer tools
stackoverflow,c,2022,embedded
stackoverflow,c#,2022,embedded
stackoverflow,c,2020,security
stackoverflow,java,2020,security
stackoverflow,c,2021,data_ai
stackoverflow,python,2021,data_ai
stackoverflow,java,2020,developer tools
stackoverflow,r,2020,data_ai
stackoverflow,python,2020,data_ai
stackoverflow,python,2020,game
stackoverflow,c,2020,developer tools
stackoverflow,java,2020,developer tools
stackoverflow,r,2021,developer tools
stackoverflow,python,2021,developer tools
stackoverflow,r,2021,data_ai
stackoverflow,python,2021,data_ai
stackoverflow,r,2020,data_ai
stackoverflow,python,2020,data_ai
stackoverflow,c,2020,developer tools
stackoverflow,haskell,2020,developer tools
stackoverflow,r,2021,web frontend
stackoverflow,haskell,2021,web frontend
stackoverflow,java,2020,web frontend
stackoverflow,python,2021,data_ai
stackoverflow,shell,2021,developer tools
stackoverflow,python,2021,developer tools
stackoverflow,r,2020,devops_cloud
stackoverflow,go,2020,devops_cloud
stackoverflow,rust,2020,embedded
stackoverflow,r,2020,embedded
stackoverflow,c++,2020,developer tools
stackoverflow,c,2020,developer tools
stackoverflow,c,2022,developer tools
stackoverflow,python,2022,developer tools
stackoverflow,python,2021,data_ai
stackoverflow,python,2021,developer tools
stackoverflow,python,2021,game
stackoverflow,c,2020,embedded
stackoverflow,r,2020,embedded
stackoverflow,ruby,2022,web backend
stackoverflow,r,2022,web backend
stackoverflow,python,2021,data_ai
stackoverflow,r,2020,embedded
stackoverflow,python,2020,embedded
stackoverflow,c++,2020,embedded
stackoverflow,c,2020,embedded
stackoverflow,c,2021,embedded
stackoverflow,c#,2021,embedded
stackoverflow,java,2020,data_ai
stackoverflow,c,2020,developer tools
stackoverflow,java,2020,developer tools
stackoverflow,r,2020,developer tools
stackoverflow,java,2020,developer tools
stackoverflow,python,2021,developer tools
stackoverflow,r,2021,data_ai
stackoverflow,python,2021,data_ai
stackoverflow,c,2021,embedded
stackoverflow,r,2021,developer tools
stackoverflow,python,2021,developer tools
stackoverflow,r,2020,data_ai
stackoverflow,python,2020,data_ai
stackoverflow,c,2022,developer tools
stackoverflow,python,2022,developer tools
stackoverflow,c,2020,developer tools
stackoverflow,python,2020,developer tools
stackoverflow,python,2020,developer tools
stackoverflow,r,2022,data_ai
stackoverflow,rust,2020,developer tools
stackoverflow,r,2020,developer tools
stackoverflow,python,2021,data_ai
stackoverflow,python,2021,data_ai
stackoverflow,r,2021,data_ai
stackoverflow,python,2021,data_ai
stackoverflow,c,2020,data_ai
stackoverflow,python,2020,data_ai
stackoverflow,haskell,2021,data_ai
stackoverflow,c,2020,embedded
stackoverflow,scala,2020,embedded
stackoverflow,c,2022,data_ai
stackoverflow,c#,2022,data_ai
stackoverflow,c,2022,web backend
stackoverflow,c#,2022,web backend
stackoverflow,r,2020,data_ai
stackoverflow,python,2020,data_ai
stackoverflow,c++,2020,embedded
stackoverflow,c,2020,embedded
stackoverflow,python,2022,embedded
stackoverflow,r,2021,data_ai
stackoverflow,python,2021,data_ai
stackoverflow,r,2022,data_ai
stackoverflow,python,2022,data_ai
stackoverflow,c,2020,embedded
stackoverflow,r,2020,embedded
stackoverflow,r,2021,developer tools
stackoverflow,go,2021,developer tools
stackoverflow,python,2021,web backend
stackoverflow,r,2021,developer tools
stackoverflow,dart,2021,developer tools
stackoverflow,go,2022,web backend
stackoverflow,r,2020,data_ai
stackoverflow,python,2020,data_ai
stackoverflow,r,2022,developer tools
stackoverflow,python,2022,developer tools
stackoverflow,r,2022,data_ai
stackoverflow,python,2022,data_ai
stackoverflow,java,2022,developer tools
stackoverflow,lua,2022,developer tools
stackoverflow,c,2021,data_ai
stackoverflow,python,2021,data_ai
stackoverflow,c,2022,developer tools
stackoverflow,c#,2022,developer tools
stackoverflow,c,2021,embedded
stackoverflow,c#,2021,embedded
stackoverflow,r,2020,developer tools
stackoverflow,java,2020,developer tools
stackoverflow,python,2021,web backend
stackoverflow,r,2022,data_ai
stackoverflow,java,2022,data_ai
stackoverflow,python,2021,data_ai
stackoverflow,r,2020,data_ai
stackoverflow,python,2020,data_ai
stackoverflow,c++,2021,embedded
stackoverflow,c,2021,embedded
stackoverflow,r,2020,developer tools
stackoverflow,java,2020,developer tools
stackoverflow,r,2022,data_ai
stackoverflow,python,2022,data_ai
stackoverflow,go,2020,embedded
stackoverflow,python,2020,embedded
stackoverflow,python,2020,data_ai
stackoverflow,c,2021,developer tools
stackoverflow,r,2021,developer tools
stackoverflow,r,2021,developer tools
stackoverflow,python,2021,developer tools
stackoverflow,c,2022,testing_qa
stackoverflow,r,2022,testing_qa
stackoverflow,r,2020,web backend
stackoverflow,java,2020,web backend
stackoverflow,python,2022,embedded
stackoverflow,python,2020,data_ai
stackoverflow,python,2021,data_ai
stackoverflow,r,2021,data_ai
stackoverflow,python,2021,data_ai
stackoverflow,r,2022,data_ai
stackoverflow,python,2022,data_ai
stackoverflow,c++,2021,game
stackoverflow,c,2021,game
stackoverflow,r,2020,data_ai
stackoverflow,python,2020,data_ai
stackoverflow,c,2022,embedded
stackoverflow,r,2020,data_ai
stackoverflow,python,2020,data_ai
stackoverflow,r,2020,data_ai
stackoverflow,python,2020,data_ai
stackoverflow,r,2020,developer tools
stackoverflow,swift,2020,developer tools
stackoverflow,r,2020,developer tools
stackoverflow,java,2020,developer tools
stackoverflow,c,2022,web backend
stackoverflow,c#,2022,web backend
stackoverflow,c,2022,testing_qa
stackoverflow,c#,2022,testing_qa
stackoverflow,r,2021,developer tools
stackoverflow,python,2021,developer tools
stackoverflow,c++,2022,data_ai
stackoverflow,c,2022,data_ai
stackoverflow,r,2020,developer tools
stackoverflow,elixir,2020,developer tools
stackoverflow,c,2020,data_ai
stackoverflow,python,2020,data_ai
stackoverflow,c++,2021,embedded
stackoverflow,c,2021,embedded
stackoverflow,c,2022,testing_qa
stackoverflow,c#,2022,testing_qa
stackoverflow,r,2020,data_ai
stackoverflow,python,2020,data_ai
stackoverflow,c,2021,data_ai
stackoverflow,python,2021,data_ai
stackoverflow,r,2021,developer tools
stackoverflow,python,2021,developer tools
stackoverflow,r,2020,developer tools
stackoverflow,python,2020,developer tools
stackoverflow,c,2021,embedded
stackoverflow,c,2021,developer tools
stackoverflow,go,2021,developer tools
stackoverflow,python,2022,developer tools
stackoverflow,python,2021,data_ai
stackoverflow,python,2020,developer tools
stackoverflow,python,2022,embedded
stackoverflow,python,2022,data_ai
stackoverflow,c,2022,devops_cloud
stackoverflow,php,2022,devops_cloud
stackoverflow,java,2020,developer tools
stackoverflow,c,2022,developer tools
stackoverflow,python,2022,developer tools
stackoverflow,java,2020,embedded
stackoverflow,r,2021,data_ai
stackoverflow,python,2021,data_ai
stackoverflow,c++,2021,developer tools
stackoverflow,c,2021,developer tools
stackoverflow,r,2020,data_ai
stackoverflow,python,2020,data_ai
stackoverflow,shell,2020,web frontend
stackoverflow,python,2020,web frontend
stackoverflow,c,2020,embedded
stackoverflow,python,2021,mobile
stackoverflow,python,2022,blockchain
stackoverflow,python,2020,data_ai
stackoverflow,c,2022,game
stackoverflow,r,2022,game
stackoverflow,python,2021,developer tools
stackoverflow,rust,2021,embedded
stackoverflow,r,2021,embedded
stackoverflow,python,2022,web backend
stackoverflow,r,2021,web backend
stackoverflow,java,2021,web backend
stackoverflow,c,2021,developer tools
stackoverflow,python,2021,developer tools
stackoverflow,c,2020,data_ai
stackoverflow,c#,2020,data_ai
stackoverflow,r,2022,data_ai
stackoverflow,java,2022,data_ai
stackoverflow,python,2022,devops_cloud
stackoverflow,r,2021,testing_qa
stackoverflow,java,2021,testing_qa
stackoverflow,c,2021,data_ai
stackoverflow,python,2021,data_ai
stackoverflow,c,2020,embedded
stackoverflow,c,2021,testing_qa
stackoverflow,c#,2021,testing_qa
stackoverflow,c++,2022,embedded
stackoverflow,c,2022,embedded
stackoverflow,r,2020,data_ai
stackoverflow,python,2020,data_ai
stackoverflow,r,2022,data_ai
stackoverflow,python,2022,data_ai
stackoverflow,c,2022,developer tools
stackoverflow,c#,2022,developer tools
stackoverflow,r,2021,data_ai
stackoverflow,python,2020,embedded
stackoverflow,r,2020,data_ai
stackoverflow,python,2020,data_ai
stackoverflow,kotlin,2020,developer tools
stackoverflow,c,2020,developer tools
stackoverflow,r,2020,developer tools
stackoverflow,r,2020,data_ai
stackoverflow,python,2020,data_ai
stackoverflow,c,2022,embedded
stackoverflow,r,2022,embedded
stackoverflow,r,2022,data_ai
stackoverflow,java,2022,data_ai
stackoverflow,r,2020,developer tools
stackoverflow,python,2020,developer tools
stackoverflow,go,2022,developer tools
stackoverflow,python,2022,developer tools
stackoverflow,r,2022,data_ai
stackoverflow,python,2022,data_ai
stackoverflow,java,2020,data_ai
stackoverflow,r,2021,developer tools
stackoverflow,java,2021,developer tools
stackoverflow,c,2021,developer tools
stackoverflow,r,2021,developer tools
stackoverflow,c,2020,embedded
stackoverflow,c#,2020,embedded
stackoverflow,c,2022,developer tools
stackoverflow,lua,2022,developer tools
stackoverflow,r,2021,data_ai
stackoverflow,python,2021,data_ai
stackoverflow,r,2020,embedded
stackoverflow,kotlin,2020,embedded
stackoverflow,c,2022,testing_qa
stackoverflow,c#,2022,testing_qa
stackoverflow,python,2020,data_ai
stackoverflow,python,2020,data_ai
stackoverflow,c,2020,developer tools
stackoverflow,java,2020,developer tools
stackoverflow,c,2020,game
stackoverflow,c#,2020,game
stackoverflow,python,2020,data_ai
stackoverflow,python,2022,developer tools
stackoverflow,javascript,2022,web frontend
stackoverflow,java,2022,web frontend
stackoverflow,r,2022,data_ai
stackoverflow,python,2022,data_ai
stackoverflow,c,2021,web backend
stackoverflow,go,2021,web backend
stackoverflow,java,2021,embedded
stackoverflow,r,2021,data_ai
stackoverflow,python,2021,data_ai
stackoverflow,python,2021,data_ai
stackoverflow,python,2022,web frontend
stackoverflow,c,2022,developer tools
stackoverflow,c#,2022,developer tools
stackoverflow,c,2020,embedded
stackoverflow,python,2020,data_ai
stackoverflow,c,2021,embedded
stackoverflow,r,2021,embedded
stackoverflow,c,2020,developer tools
stackoverflow,python,2020,developer tools
stackoverflow,c++,2020,developer tools
stackoverflow,c,2020,developer tools
stackoverflow,python,2020,data_ai
stackoverflow,c,2022,developer tools
stackoverflow,c#,2022,developer tools
stackoverflow,c,2021,web backend
stackoverflow,scala,2021,web backend
stackoverflow,python,2022,data_ai
stackoverflow,r,2022,data_ai
stackoverflow,python,2022,data_ai
stackoverflow,r,2022,developer tools
stackoverflow,swift,2022,developer tools
stackoverflow,rust,2020,embedded
stackoverflow,r,2020,embedded
stackoverflow,python,2022,web backend
stackoverflow,c,2021,data_ai
stackoverflow,python,2021,data_ai
stackoverflow,r,2022,developer tools
stackoverflow,go,2022,developer tools
stackoverflow,haskell,2022,developer tools
stackoverflow,r,2020,data_ai
stackoverflow,python,2020,data_ai
stackoverflow,c,2021,data_ai
stackoverflow,python,2021,data_ai
stackoverflow,ruby,2021,developer tools
stackoverflow,r,2021,developer tools
stackoverflow,c,2020,data_ai
stackoverflow,python,2020,data_ai
stackoverflow,r,2022,developer tools
stackoverflow,python,2022,developer tools
stackoverflow,python,2022,developer tools
stackoverflow,python,2021,data_ai
stackoverflow,r,2020,data_ai
stackoverflow,python,2020,data_ai
stackoverflow,c,2022,data_ai
stackoverflow,python,2022,data_ai
stackoverflow,c++,2021,embedded
stackoverflow,c,2021,embedded
stackoverflow,rust,2020,data_ai
stackoverflow,r,2020,data_ai
stackoverflow,c,2020,embedded
stackoverflow,r,2020,embedded
stackoverflow,python,2020,developer tools
stackoverflow,rust,2021,developer tools
stackoverflow,r,2021,developer tools
stackoverflow,c,2020,developer tools
stackoverflow,c#,2020,developer tools
stackoverflow,r,2021,web backend
stackoverflow,python,2021,web backend
stackoverflow,r,2021,developer tools
stackoverflow,java,2021,developer tools
stackoverflow,python,2021,data_ai
stackoverflow,python,2021,developer tools
stackoverflow,r,2020,developer tools
stackoverflow,python,2020,developer tools
stackoverflow,python,2022,data_ai
stackoverflow,python,2022,data_ai
stackoverflow,r,2021,data_ai
stackoverflow,python,2021,data_ai
stackoverflow,python,2022,data_ai
stackoverflow,ruby,2022,developer tools
stackoverflow,r,2022,developer tools
stackoverflow,python,2022,web frontend
stackoverflow,r,2022,data_ai
stackoverflow,python,2022,data_ai
stackoverflow,r,2021,testing_qa
stackoverflow,python,2021,testing_qa
stackoverflow,c,2020,data_ai
stackoverflow,python,2020,data_ai
stackoverflow,c,2021,developer tools
stackoverflow,java,2021,developer tools
stackoverflow,r,2021,data_ai
stackoverflow,python,2021,data_ai
stackoverflow,python,2021,data_ai
stackoverflow,r,2021,developer tools
stackoverflow,python,2021,developer tools
stackoverflow,c,2020,embedded
stackoverflow,r,2020,embedded
stackoverflow,r,2020,data_ai
stackoverflow,python,2020,data_ai
stackoverflow,python,2020,developer tools
stackoverflow,c++,2021,data_ai
stackoverflow,c,2021,data_ai
stackoverflow,c,2020,testing_qa
stackoverflow,c#,2020,testing_qa
stackoverflow,c++,2020,developer tools
stackoverflow,c,2020,developer tools
stackoverflow,c,2022,developer tools
stackoverflow,haskell,2022,developer tools
stackoverflow,python,2020,data_ai
stackoverflow,c,2020,embedded
stackoverflow,r,2020,embedded
stackoverflow,python,2020,game
stackoverflow,r,2021,developer tools
stackoverflow,python,2021,developer tools
stackoverflow,c,2021,developer tools
stackoverflow,java,2021,developer tools
stackoverflow,php,2020,web backend
stackoverflow,c,2022,devops_cloud
stackoverflow,python,2022,devops_cloud
stackoverflow,python,2020,data_ai
stackoverflow,c++,2020,embedded
stackoverflow,c,2020,embedded
stackoverflow,c++,2022,game
stackoverflow,c,2022,game
stackoverflow,php,2022,web backend
stackoverflow,r,2021,data_ai
stackoverflow,python,2021,data_ai
stackoverflow,c,2021,embedded
stackoverflow,c,2022,data_ai
stackoverflow,python,2022,data_ai
stackoverflow,java,2020,developer tools
stackoverflow,java,2020,developer tools
stackoverflow,python,2020,developer tools
stackoverflow,python,2021,data_ai
stackoverflow,r,2022,data_ai
stackoverflow,java,2022,data_ai
stackoverflow,shell,2022,data_ai
stackoverflow,python,2022,data_ai
stackoverflow,c,2022,embedded
stackoverflow,r,2022,embedded
stackoverflow,python,2020,data_ai
stackoverflow,python,2020,data_ai
stackoverflow,r,2020,enterprise
stackoverflow,elixir,2020,enterprise
stackoverflow,c,2022,embedded
stackoverflow,c#,2022,embedded
stackoverflow,r,2021,data_ai
stackoverflow,python,2021,data_ai
stackoverflow,rust,2021,developer tools
stackoverflow,r,2021,developer tools
stackoverflow,r,2022,data_ai
stackoverflow,python,2022,data_ai
stackoverflow,python,2022,data_ai
stackoverflow,c,2022,embedded
stackoverflow,r,2022,developer tools
stackoverflow,python,2022,developer tools
stackoverflow,c,2021,embedded
stackoverflow,r,2021,embedded
stackoverflow,php,2022,web backend
stackoverflow,python,2022,developer tools
stackoverflow,typescript,2020,developer tools
stackoverflow,python,2020,developer tools
stackoverflow,r,2021,data_ai
stackoverflow,java,2021,data_ai
stackoverflow,java,2020,testing_qa
stackoverflow,c,2021,developer tools
stackoverflow,c,2022,developer tools
stackoverflow,r,2022,developer tools
stackoverflow,r,2021,embedded
stackoverflow,swift,2021,embedded
stackoverflow,r,2021,data_ai
stackoverflow,python,2021,data_ai
stackoverflow,c,2020,developer tools
stackoverflow,c#,2020,developer tools
stackoverflow,c,2022,embedded
stackoverflow,r,2022,embedded
stackoverflow,c,2022,developer tools
stackoverflow,r,2022,developer tools
stackoverflow,python,2020,data_ai
stackoverflow,ruby,2022,developer tools
stackoverflow,r,2022,developer tools
stackoverflow,r,2022,developer tools
stackoverflow,java,2022,developer tools
stackoverflow,r,2021,developer tools
stackoverflow,python,2021,developer tools
stackoverflow,c,2021,embedded
stackoverflow,python,2021,embedded
stackoverflow,java,2020,data_ai
stackoverflow,c++,2020,developer tools
stackoverflow,c,2020,developer tools
stackoverflow,c,2021,data_ai
stackoverflow,python,2021,data_ai
stackoverflow,c++,2022,embedded
stackoverflow,c,2022,embedded
stackoverflow,r,2021,data_ai
stackoverflow,python,2021,data_ai
stackoverflow,r,2021,data_ai
stackoverflow,python,2021,data_ai
stackoverflow,python,2020,data_ai
stackoverflow,c++,2022,embedded
stackoverflow,c,2022,embedded
stackoverflow,c,2021,web frontend
stackoverflow,c#,2021,web frontend
stackoverflow,ruby,2022,web backend
stackoverflow,r,2022,web backend
stackoverflow,r,2021,data_ai
stackoverflow,python,2021,data_ai
stackoverflow,c,2020,developer tools
stackoverflow,r,2020,testing_qa
stackoverflow,python,2020,testing_qa
stackoverflow,c,2021,developer tools
stackoverflow,r,2021,developer tools
stackoverflow,r,2020,data_ai
stackoverflow,python,2020,data_ai
stackoverflow,rust,2021,embedded
stackoverflow,r,2021,embedded
stackoverflow,c,2022,security
stackoverflow,r,2022,security
stackoverflow,c,2021,web backend
stackoverflow,r,2021,web backend
stackoverflow,r,2021,data_ai
stackoverflow,python,2021,data_ai
stackoverflow,python,2020,data_ai
stackoverflow,python,2020,data_ai
stackoverflow,python,2022,data_ai
stackoverflow,python,2020,developer tools
stackoverflow,c,2020,web backend
stackoverflow,java,2020,web backend
stackoverflow,c,2022,embedded
stackoverflow,r,2022,embedded
stackoverflow,ruby,2022,web frontend
stackoverflow,r,2022,web frontend
stackoverflow,rust,2022,developer tools
stackoverflow,r,2022,developer tools
stackoverflow,r,2022,developer tools
stackoverflow,python,2022,developer tools
stackoverflow,python,2021,data_ai
stackoverflow,python,2021,testing_qa
stackoverflow,python,2020,web backend
stackoverflow,r,2021,developer tools
stackoverflow,python,2021,developer tools
stackoverflow,python,2022,web backend
stackoverflow,python,2020,developer tools
stackoverflow,c,2021,developer tools
stackoverflow,r,2021,developer tools
stackoverflow,python,2021,data_ai
stackoverflow,r,2022,web frontend
stackoverflow,python,2022,web frontend
stackoverflow,c++,2022,embedded
stackoverflow,c,2022,embedded
stackoverflow,r,2021,data_ai
stackoverflow,python,2021,data_ai
stackoverflow,c,2022,developer tools
stackoverflow,java,2022,developer tools
stackoverflow,swift,2021,mobile
stackoverflow,c++,2021,embedded
stackoverflow,c,2021,embedded
stackoverflow,c,2020,data_ai
stackoverflow,python,2020,data_ai
stackoverflow,python,2021,developer tools
stackoverflow,c++,2022,embedded
stackoverflow,c,2022,embedded
stackoverflow,python,2020,data_ai
stackoverflow,c,2021,data_ai
stackoverflow,python,2021,data_ai
stackoverflow,python,2020,data_ai
stackoverflow,r,2022,data_ai
stackoverflow,python,2022,data_ai
stackoverflow,c,2021,data_ai
stackoverflow,r,2021,data_ai
stackoverflow,c++,2020,developer tools
stackoverflow,c,2020,developer tools
stackoverflow,c,2021,embedded
stackoverflow,c,2020,embedded
stackoverflow,r,2020,embedded
stackoverflow,python,2020,data_ai
stackoverflow,r,2021,data_ai
stackoverflow,python,2021,data_ai
stackoverflow,r,2020,developer tools
stackoverflow,dart,2020,developer tools
stackoverflow,c,2021,embedded
stackoverflow,r,2021,embedded
stackoverflow,r,2022,data_ai
stackoverflow,python,2022,data_ai
stackoverflow,c,2021,data_ai
stackoverflow,python,2021,data_ai
stackoverflow,c++,2022,developer tools
stackoverflow,c,2022,developer tools
stackoverflow,python,2021,mobile
stackoverflow,python,2021,data_ai
stackoverflow,swift,2020,mobile
stackoverflow,python,2020,data_ai
stackoverflow,r,2020,developer tools
stackoverflow,python,2020,developer tools
stackoverflow,c,2020,embedded
stackoverflow,r,2020,embedded
stackoverflow,r,2021,data_ai
stackoverflow,python,2021,data_ai
stackoverflow,go,2021,web backend
stackoverflow,r,2021,data_ai
stackoverflow,python,2021,data_ai
stackoverflow,java,2022,security
stackoverflow,r,2022,data_ai
stackoverflow,python,2022,data_ai
stackoverflow,python,2021,data_ai
stackoverflow,python,2020,web backend
stackoverflow,r,2022,data_ai
stackoverflow,python,2022,data_ai
stackoverflow,c,2021,developer tools
stackoverflow,python,2021,developer tools
stackoverflow,r,2022,developer tools
stackoverflow,java,2022,developer tools
stackoverflow,c,2020,web backend
stackoverflow,java,2020,web backend
stackoverflow,python,2022,data_ai
stackoverflow,c,2020,web backend
stackoverflow,php,2020,web backend
stackoverflow,r,2020,data_ai
stackoverflow,python,2020,data_ai
stackoverflow,c,2020,embedded
stackoverflow,java,2020,developer tools
stackoverflow,java,2021,developer tools
stackoverflow,r,2020,embedded
stackoverflow,python,2020,embedded
stackoverflow,r,2021,web backend
stackoverflow,python,2021,web backend
stackoverflow,c,2022,developer tools
stackoverflow,python,2020,data_ai
stackoverflow,c,2021,embedded
stackoverflow,r,2021,embedded
stackoverflow,haskell,2021,developer tools
stackoverflow,r,2022,data_ai
stackoverflow,c,2022,data_ai
stackoverflow,c#,2022,data_ai
stackoverflow,r,2020,web backend
stackoverflow,elixir,2020,web backend
stackoverflow,python,2021,game
stackoverflow,python,2021,data_ai
stackoverflow,python,2022,data_ai
stackoverflow,r,2021,data_ai
stackoverflow,python,2021,data_ai
stackoverflow,java,2022,developer tools
stackoverflow,r,2021,developer tools
stackoverflow,java,2021,developer tools
stackoverflow,shell,2022,data_ai
stackoverflow,python,2022,data_ai
stackoverflow,r,2020,developer tools
stackoverflow,python,2020,developer tools
stackoverflow,r,2022,data_ai
stackoverflow,python,2022,data_ai
stackoverflow,python,2022,data_ai
stackoverflow,python,2022,data_ai
stackoverflow,r,2022,data_ai
stackoverflow,python,2022,data_ai
stackoverflow,python,2021,embedded
stackoverflow,c,2022,iot
stackoverflow,c#,2022,iot
stackoverflow,r,2022,embedded
stackoverflow,python,2022,embedded
stackoverflow,python,2021,devops_cloud
stackoverflow,r,2021,data_ai
stackoverflow,python,2021,data_ai
stackoverflow,rust,2022,embedded
stackoverflow,r,2022,embedded
stackoverflow,python,2021,data_ai
stackoverflow,python,2021,data_ai
stackoverflow,python,2020,data_ai
stackoverflow,r,2020,developer tools
stackoverflow,python,2020,developer tools
stackoverflow,c++,2020,developer tools
stackoverflow,c,2020,developer tools
stackoverflow,c,2021,embedded
stackoverflow,python,2020,data_ai
stackoverflow,python,2021,data_ai
stackoverflow,python,2020,developer tools
stackoverflow,python,2022,data_ai
stackoverflow,r,2021,developer tools
stackoverflow,python,2021,developer tools
stackoverflow,r,2021,data_ai
stackoverflow,python,2021,data_ai
stackoverflow,haskell,2022,developer tools
stackoverflow,c++,2020,data_ai
stackoverflow,c,2020,data_ai
stackoverflow,python,2022,data_ai
stackoverflow,c,2020,security
stackoverflow,c#,2020,security
stackoverflow,r,2020,data_ai
stackoverflow,python,2020,data_ai
stackoverflow,c,2022,data_ai
stackoverflow,c#,2022,data_ai
stackoverflow,c,2022,data_ai
stackoverflow,python,2022,data_ai
stackoverflow,python,2020,game
stackoverflow,r,2021,data_ai
stackoverflow,python,2021,data_ai
stackoverflow,python,2020,data_ai
stackoverflow,r,2020,data_ai
stackoverflow,python,2020,data_ai
stackoverflow,ruby,2020,web frontend
stackoverflow,r,2020,web frontend
stackoverflow,c,2020,game
stackoverflow,c#,2020,game
stackoverflow,rust,2020,embedded
stackoverflow,r,2020,embedded
stackoverflow,r,2021,testing_qa
stackoverflow,python,2021,testing_qa
stackoverflow,r,2020,data_ai
stackoverflow,python,2020,data_ai
stackoverflow,c,2020,embedded
stackoverflow,r,2021,data_ai
stackoverflow,python,2021,data_ai
stackoverflow,shell,2020,web frontend
stackoverflow,python,2020,web frontend
stackoverflow,c,2021,game
stackoverflow,c#,2021,game
stackoverflow,rust,2020,developer tools
stackoverflow,r,2020,developer tools
stackoverflow,r,2020,data_ai
stackoverflow,python,2020,data_ai
stackoverflow,c,2022,developer tools
stackoverflow,go,2022,developer tools
stackoverflow,r,2021,data_ai
stackoverflow,python,2021,data_ai
stackoverflow,rust,2022,data_ai
stackoverflow,r,2022,data_ai
stackoverflow,python,2021,data_ai
stackoverflow,c,2021,embedded
stackoverflow,c#,2021,embedded
stackoverflow,c,2022,developer tools
stackoverflow,c#,2022,developer tools
stackoverflow,c,2021,developer tools
stackoverflow,python,2021,developer tools
stackoverflow,c,2022,data_ai
stackoverflow,haskell,2022,web frontend
stackoverflow,c,2022,data_ai
stackoverflow,python,2022,data_ai
stackoverflow,rust,2022,developer tools
stackoverflow,r,2022,developer tools
stackoverflow,python,2021,developer tools
stackoverflow,r,2020,developer tools
stackoverflow,dart,2020,developer tools
stackoverflow,python,2020,data_ai
stackoverflow,ruby,2021,developer tools
stackoverflow,r,2021,developer tools
stackoverflow,r,2021,developer tools
stackoverflow,python,2021,developer tools
stackoverflow,r,2020,data_ai
stackoverflow,python,2020,data_ai
stackoverflow,c,2022,developer tools
stackoverflow,r,2022,developer tools
stackoverflow,c,2021,developer tools
stackoverflow,c#,2021,developer tools
stackoverflow,python,2022,embedded
stackoverflow,python,2020,developer tools
stackoverflow,python,2021,developer tools
stackoverflow,r,2022,data_ai
stackoverflow,python,2022,data_ai
stackoverflow,c,2021,embedded
stackoverflow,c#,2021,embedded
stackoverflow,c,2020,developer tools
stackoverflow,python,2020,developer tools
stackoverflow,python,2022,developer tools
stackoverflow,php,2022,web backend
stackoverflow,c,2022,developer tools
stackoverflow,python,2022,developer tools
stackoverflow,c,2020,developer tools
stackoverflow,rust,2022,embedded
stackoverflow,r,2022,embedded
stackoverflow,python,2020,developer tools
stackoverflow,python,2020,data_ai
stackoverflow,c,2021,game
stackoverflow,r,2021,data_ai
stackoverflow,python,2021,data_ai
stackoverflow,c,2022,testing_qa
stackoverflow,python,2022,devops_cloud
stackoverflow,python,2022,data_ai
stackoverflow,r,2021,data_ai
stackoverflow,python,2021,data_ai
stackoverflow,c++,2022,developer tools
stackoverflow,c,2022,developer tools
stackoverflow,r,2020,data_ai
stackoverflow,python,2020,data_ai
stackoverflow,c,2021,developer tools
stackoverflow,python,2021,developer tools
stackoverflow,python,2021,developer tools
stackoverflow,c,2021,testing_qa
stackoverflow,python,2021,testing_qa
stackoverflow,python,2022,data_ai
stackoverflow,python,2020,data_ai
stackoverflow,typescript,2020,developer tools
stackoverflow,python,2020,developer tools
stackoverflow,c++,2020,embedded
stackoverflow,c,2020,embedded
stackoverflow,r,2022,data_ai
stackoverflow,go,2022,data_ai
stackoverflow,java,2021,developer tools
stackoverflow,c++,2021,embedded
stackoverflow,c,2021,embedded
stackoverflow,c,2021,data_ai
stackoverflow,r,2021,data_ai
stackoverflow,python,2022,developer tools
stackoverflow,r,2020,data_ai
stackoverflow,python,2020,data_ai
stackoverflow,r,2022,data_ai
stackoverflow,python,2022,data_ai
stackoverflow,ruby,2020,developer tools
stackoverflow,r,2020,developer tools
stackoverflow,c,2022,web backend
stackoverflow,go,2022,web backend
stackoverflow,c++,2020,embedded
stackoverflow,c,2020,embedded
stackoverflow,c,2021,developer tools
stackoverflow,python,2021,data_ai
stackoverflow,c++,2022,embedded
stackoverflow,c,2022,embedded
stackoverflow,c,2022,data_ai
stackoverflow,python,2022,data_ai
stackoverflow,c++,2020,data_ai
stackoverflow,c,2020,data_ai
stackoverflow,python,2022,data_ai
stackoverflow,python,2020,web frontend
stackoverflow,haskell,2022,developer tools
stackoverflow,python,2020,developer tools
stackoverflow,r,2022,data_ai
stackoverflow,java,2022,data_ai
stackoverflow,c,2022,developer tools
stackoverflow,r,2022,developer tools
stackoverflow,java,2022,developer tools
stackoverflow,c++,2021,embedded
stackoverflow,c,2021,embedded
stackoverflow,c,2020,data_ai
stackoverflow,php,2020,data_ai
stackoverflow,r,2021,data_ai
stackoverflow,python,2021,data_ai
stackoverflow,r,2020,data_ai
stackoverflow,python,2020,data_ai
stackoverflow,r,2022,developer tools
stackoverflow,python,2022,developer tools
stackoverflow,c,2021,data_ai
stackoverflow,php,2021,data_ai
stackoverflow,r,2022,data_ai
stackoverflow,python,2022,data_ai
stackoverflow,c,2020,developer tools
stackoverflow,java,2020,developer tools
stackoverflow,python,2020,data_ai
stackoverflow,python,2020,data_ai
stackoverflow,python,2022,data_ai
stackoverflow,c++,2021,developer tools
stackoverflow,c,2021,developer tools
stackoverflow,c,2021,data_ai
stackoverflow,python,2021,data_ai
stackoverflow,r,2020,embedded
stackoverflow,python,2020,embedded
stackoverflow,c,2022,embedded
stackoverflow,r,2022,embedded
stackoverflow,c,2020,developer tools
stackoverflow,python,2020,developer tools
stackoverflow,c,2021,mobile
stackoverflow,c#,2021,mobile
stackoverflow,python,2020,data_ai
stackoverflow,swift,2021,developer tools
stackoverflow,r,2021,developer tools
stackoverflow,python,2021,developer tools
stackoverflow,c,2021,developer tools
stackoverflow,c#,2021,developer tools
stackoverflow,c,2021,developer tools
stackoverflow,c#,2021,developer tools
stackoverflow,python,2021,data_ai
stackoverflow,r,2020,data_ai
stackoverflow,python,2020,data_ai
stackoverflow,c,2020,developer tools
stackoverflow,c#,2020,developer tools
stackoverflow,c++,2022,embedded
stackoverflow,c,2022,embedded
stackoverflow,rust,2020,game
stackoverflow,r,2020,game
stackoverflow,r,2022,data_ai
stackoverflow,python,2022,data_ai
stackoverflow,python,2020,web backend
stackoverflow,c,2020,developer tools
stackoverflow,go,2020,developer tools
stackoverflow,c++,2021,developer tools
stackoverflow,c,2021,developer tools
stackoverflow,c,2020,data_ai
stackoverflow,python,2020,data_ai
stackoverflow,c,2022,developer tools
stackoverflow,r,2022,developer tools
stackoverflow,c++,2022,embedded
stackoverflow,c,2022,embedded
stackoverflow,c,2021,iot
stackoverflow,java,2021,iot
stackoverflow,c,2020,embedded
stackoverflow,r,2020,embedded
stackoverflow,python,2020,data_ai
stackoverflow,c,2020,data_ai
stackoverflow,python,2020,data_ai
stackoverflow,r,2021,iot
stackoverflow,python,2021,iot
stackoverflow,r,2020,data_ai
stackoverflow,python,2020,data_ai
stackoverflow,python,2021,data_ai
stackoverflow,r,2022,web frontend
stackoverflow,php,2022,web frontend
stackoverflow,python,2022,data_ai
stackoverflow,c,2021,embedded
stackoverflow,r,2021,embedded
stackoverflow,c,2022,developer tools
stackoverflow,python,2022,developer tools
stackoverflow,ruby,2022,data_ai
stackoverflow,r,2022,data_ai
stackoverflow,c,2020,embedded
stackoverflow,matlab,2020,embedded
stackoverflow,python,2021,data_ai
stackoverflow,python,2021,data_ai
stackoverflow,c,2022,developer tools
stackoverflow,r,2020,developer tools
stackoverflow,dart,2020,developer tools
stackoverflow,python,2021,data_ai
stackoverflow,c,2021,testing_qa
stackoverflow,r,2021,testing_qa
stackoverflow,c++,2021,embedded
stackoverflow,c,2021,embedded
stackoverflow,python,2020,data_ai
stackoverflow,python,2020,data_ai
stackoverflow,c,2020,developer tools
stackoverflow,scala,2020,developer tools
stackoverflow,r,2021,data_ai
stackoverflow,python,2021,data_ai
stackoverflow,c++,2020,embedded
stackoverflow,c,2020,embedded
stackoverflow,r,2020,data_ai
stackoverflow,python,2020,data_ai
stackoverflow,c,2022,mobile
stackoverflow,c#,2022,mobile
stackoverflow,python,2020,developer tools
stackoverflow,r,2021,embedded
stackoverflow,lua,2021,embedded
stackoverflow,lua,2021,developer tools
stackoverflow,r,2022,data_ai
stackoverflow,python,2022,data_ai
stackoverflow,c++,2022,embedded
stackoverflow,c,2022,embedded
stackoverflow,r,2020,web backend
stackoverflow,php,2020,web backend
stackoverflow,r,2022,devops_cloud
stackoverflow,python,2022,devops_cloud
stackoverflow,c,2020,iot
stackoverflow,java,2020,iot
stackoverflow,c,2020,embedded
stackoverflow,r,2020,embedded
stackoverflow,c++,2021,embedded
stackoverflow,c,2021,embedded
stackoverflow,r,2022,data_ai
stackoverflow,python,2022,data_ai
stackoverflow,python,2022,data_ai
stackoverflow,r,2022,data_ai
stackoverflow,python,2022,data_ai
stackoverflow,c,2022,data_ai
stackoverflow,python,2022,data_ai
stackoverflow,python,2021,data_ai
stackoverflow,c++,2020,developer tools
stackoverflow,c,2020,developer tools
stackoverflow,python,2020,web backend
stackoverflow,python,2022,data_ai
stackoverflow,java,2021,data_ai
stackoverflow,c,2021,embedded
stackoverflow,r,2021,embedded
stackoverflow,java,2020,developer tools
stackoverflow,kotlin,2021,data_ai
stackoverflow,c,2021,developer tools
stackoverflow,c#,2021,developer tools
stackoverflow,python,2022,data_ai
stackoverflow,r,2021,data_ai
stackoverflow,python,2021,data_ai
stackoverflow,swift,2020,data_ai
stackoverflow,rust,2021,embedded
stackoverflow,r,2021,embedded
stackoverflow,r,2022,data_ai
stackoverflow,python,2022,data_ai
stackoverflow,c,2020,data_ai
stackoverflow,python,2020,data_ai
stackoverflow,r,2022,devops_cloud
stackoverflow,python,2022,devops_cloud
stackoverflow,r,2020,data_ai
stackoverflow,python,2020,data_ai
stackoverflow,c,2022,data_ai
stackoverflow,python,2022,data_ai
stackoverflow,r,2020,developer tools
stackoverflow,java,2020,developer tools
stackoverflow,r,2021,web backend
stackoverflow,java,2021,web backend
stackoverflow,c,2022,developer tools
stackoverflow,python,2022,developer tools
stackoverflow,c,2021,embedded
stackoverflow,r,2021,embedded
stackoverflow,r,2021,data_ai
stackoverflow,java,2021,data_ai
stackoverflow,c,2021,data_ai
stackoverflow,python,2021,data_ai
stackoverflow,r,2022,developer tools
stackoverflow,python,2022,developer tools
stackoverflow,r,2021,developer tools
stackoverflow,python,2021,developer tools
stackoverflow,java,2022,web backend
stackoverflow,r,2020,embedded
stackoverflow,python,2020,embedded
stackoverflow,r,2022,data_ai
stackoverflow,python,2022,data_ai
stackoverflow,haskell,2022,developer tools
stackoverflow,python,2020,data_ai
stackoverflow,r,2021,embedded
stackoverflow,python,2021,embedded
stackoverflow,r,2020,data_ai
stackoverflow,python,2020,data_ai
stackoverflow,r,2022,data_ai
stackoverflow,python,2022,data_ai
stackoverflow,c,2022,developer tools
stackoverflow,python,2022,developer tools
stackoverflow,c++,2021,embedded
stackoverflow,c,2021,embedded
stackoverflow,c,2020,developer tools
stackoverflow,c#,2020,developer tools
stackoverflow,python,2020,data_ai
stackoverflow,c,2021,developer tools
stackoverflow,r,2021,developer tools
stackoverflow,java,2021,developer tools
stackoverflow,c,2020,developer tools
stackoverflow,c#,2020,developer tools
stackoverflow,c,2020,data_ai
stackoverflow,scala,2020,data_ai
stackoverflow,r,2022,data_ai
stackoverflow,python,2022,data_ai
stackoverflow,c++,2021,embedded
stackoverflow,c,2021,embedded
stackoverflow,python,2022,data_ai
stackoverflow,r,2022,data_ai
stackoverflow,python,2022,data_ai
stackoverflow,c,2020,embedded
stackoverflow,r,2020,embedded
stackoverflow,c,2021,developer tools
stackoverflow,c,2021,embedded
stackoverflow,r,2021,embedded
stackoverflow,r,2020,developer tools
stackoverflow,python,2020,developer tools
stackoverflow,r,2021,data_ai
stackoverflow,kotlin,2021,data_ai
stackoverflow,c++,2021,developer tools
stackoverflow,c,2021,developer tools
stackoverflow,python,2020,developer tools
stackoverflow,r,2020,testing_qa
stackoverflow,python,2020,testing_qa
stackoverflow,c++,2022,security
stackoverflow,c,2022,security
stackoverflow,haskell,2022,developer tools
stackoverflow,c,2021,data_ai
stackoverflow,r,2021,data_ai
stackoverflow,c,2021,developer tools
stackoverflow,haskell,2021,developer tools
stackoverflow,python,2021,data_ai
stackoverflow,c,2022,data_ai
stackoverflow,r,2022,data_ai
stackoverflow,c,2021,embedded
stackoverflow,c,2021,embedded
stackoverflow,c,2020,developer tools
stackoverflow,c#,2020,developer tools
stackoverflow,r,2020,developer tools
stackoverflow,python,2020,developer tools
stackoverflow,python,2022,data_ai
stackoverflow,python,2021,data_ai
stackoverflow,python,2022,developer tools
stackoverflow,python,2020,data_ai
stackoverflow,rust,2021,developer tools
stackoverflow,r,2021,developer tools
stackoverflow,r,2021,data_ai
stackoverflow,python,2021,data_ai
stackoverflow,c++,2022,developer tools
stackoverflow,c,2022,developer tools
stackoverflow,r,2020,developer tools
stackoverflow,elixir,2020,developer tools
stackoverflow,c,2020,developer tools
stackoverflow,java,2020,developer tools
stackoverflow,c,2020,embedded
stackoverflow,java,2020,embedded
stackoverflow,c,2021,developer tools
stackoverflow,r,2021,developer tools
stackoverflow,java,2021,developer tools
stackoverflow,r,2022,data_ai
stackoverflow,python,2022,data_ai
stackoverflow,c++,2021,embedded
stackoverflow,c,2021,embedded
stackoverflow,c,2020,embedded
stackoverflow,r,2020,embedded
stackoverflow,r,2022,embedded
stackoverflow,java,2022,embedded
stackoverflow,c++,2020,embedded
stackoverflow,c,2020,embedded
stackoverflow,c,2021,web backend
stackoverflow,php,2021,web backend
stackoverflow,c++,2022,developer tools
stackoverflow,c,2022,developer tools
stackoverflow,r,2021,data_ai
stackoverflow,python,2021,data_ai
stackoverflow,r,2020,data_ai
stackoverflow,python,2020,data_ai
stackoverflow,r,2020,data_ai
stackoverflow,python,2020,data_ai
stackoverflow,c,2020,developer tools
stackoverflow,c#,2020,developer tools
stackoverflow,c,2020,data_ai
stackoverflow,c#,2020,data_ai
stackoverflow,r,2022,data_ai
stackoverflow,python,2022,data_ai
stackoverflow,c,2022,data_ai
stackoverflow,r,2022,data_ai
stackoverflow,r,2021,data_ai
stackoverflow,python,2021,data_ai
stackoverflow,python,2020,data_ai
stackoverflow,php,2022,web backend
stackoverflow,java,2020,developer tools
stackoverflow,r,2021,data_ai
stackoverflow,python,2021,data_ai
stackoverflow,php,2022,web backend
stackoverflow,python,2021,data_ai
stackoverflow,c,2021,embedded
stackoverflow,r,2021,embedded
stackoverflow,r,2022,data_ai
stackoverflow,python,2022,data_ai
stackoverflow,java,2021,testing_qa
stackoverflow,c++,2021,developer tools
stackoverflow,c,2021,developer tools
stackoverflow,c,2022,developer tools
stackoverflow,scala,2022,developer tools
stackoverflow,c++,2021,developer tools
stackoverflow,c,2021,developer tools
stackoverflow,r,2021,developer tools
stackoverflow,python,2021,developer tools
stackoverflow,c,2021,developer tools
stackoverflow,python,2021,developer tools
stackoverflow,c,2022,data_ai
stackoverflow,swift,2022,data_ai
stackoverflow,r,2020,developer tools
stackoverflow,java,2020,developer tools
stackoverflow,c,2022,data_ai
stackoverflow,python,2022,data_ai
stackoverflow,c,2022,devops_cloud
stackoverflow,go,2022,devops_cloud
stackoverflow,php,2021,web backend
stackoverflow,c++,2022,testing_qa
stackoverflow,c,2022,testing_qa
stackoverflow,r,2021,data_ai
stackoverflow,elixir,2021,data_ai
stackoverflow,r,2020,developer tools
stackoverflow,python,2020,developer tools
stackoverflow,r,2022,developer tools
stackoverflow,python,2022,developer tools
stackoverflow,python,2020,game
stackoverflow,c,2020,testing_qa
stackoverflow,swift,2020,testing_qa
stackoverflow,python,2021,data_ai
stackoverflow,python,2021,developer tools
stackoverflow,r,2022,testing_qa
stackoverflow,c++,2021,embedded
stackoverflow,c,2021,embedded
stackoverflow,python,2020,data_ai
stackoverflow,r,2020,embedded
stackoverflow,python,2020,embedded
stackoverflow,python,2021,developer tools
stackoverflow,r,2022,web frontend
stackoverflow,python,2022,web frontend
stackoverflow,ruby,2020,embedded
stackoverflow,r,2020,embedded
stackoverflow,c,2020,testing_qa
stackoverflow,c#,2020,testing_qa
stackoverflow,c,2022,embedded
stackoverflow,swift,2022,embedded
stackoverflow,kotlin,2020,developer tools
stackoverflow,python,2020,developer tools
stackoverflow,c,2021,developer tools
stackoverflow,c#,2021,developer tools
stackoverflow,python,2020,data_ai
stackoverflow,r,2021,developer tools
stackoverflow,haskell,2021,developer tools
stackoverflow,c,2021,developer tools
stackoverflow,c,2021,embedded
stackoverflow,r,2021,embedded
stackoverflow,rust,2021,developer tools
stackoverflow,r,2021,developer tools
stackoverflow,r,2020,data_ai
stackoverflow,python,2020,data_ai
stackoverflow,r,2021,web frontend
stackoverflow,php,2021,web frontend
stackoverflow,c,2020,data_ai
stackoverflow,python,2020,data_ai
stackoverflow,r,2021,data_ai
stackoverflow,python,2021,data_ai
stackoverflow,java,2020,developer tools
stackoverflow,c,2021,developer tools
stackoverflow,go,2021,developer tools
stackoverflow,c++,2021,developer tools
stackoverflow,c,2021,developer tools
stackoverflow,r,2020,developer tools
stackoverflow,python,2020,developer tools
stackoverflow,c,2021,developer tools
stackoverflow,c#,2021,developer tools
stackoverflow,swift,2022,web frontend
stackoverflow,r,2021,data_ai
stackoverflow,python,2021,data_ai
stackoverflow,c,2021,embedded
stackoverflow,r,2021,embedded
stackoverflow,c,2020,web backend
stackoverflow,c#,2020,web backend
stackoverflow,java,2020,developer tools
stackoverflow,python,2022,developer tools
stackoverflow,r,2021,data_ai
stackoverflow,python,2021,data_ai
stackoverflow,c++,2022,developer tools
stackoverflow,c,2022,developer tools
stackoverflow,python,2020,data_ai
stackoverflow,python,2021,developer tools
stackoverflow,c,2020,developer tools
stackoverflow,python,2020,developer tools
stackoverflow,r,2021,data_ai
stackoverflow,python,2021,data_ai
stackoverflow,c++,2020,developer tools
stackoverflow,c,2020,developer tools
stackoverflow,r,2022,embedded
stackoverflow,go,2022,embedded
stackoverflow,c,2020,embedded
stackoverflow,c#,2020,embedded
stackoverflow,go,2021,developer tools
stackoverflow,python,2021,developer tools
stackoverflow,r,2021,data_ai
stackoverflow,python,2021,data_ai
stackoverflow,r,2021,data_ai
stackoverflow,python,2021,data_ai
stackoverflow,swift,2022,mobile
stackoverflow,python,2021,embedded
stackoverflow,python,2020,data_ai
stackoverflow,r,2020,data_ai
stackoverflow,python,2020,data_ai
stackoverflow,c++,2021,developer tools
stackoverflow,c,2021,developer tools
stackoverflow,c,2020,embedded
stackoverflow,r,2020,embedded
stackoverflow,python,2022,data_ai
stackoverflow,c++,2021,data_ai
stackoverflow,c,2021,data_ai
stackoverflow,c,2021,developer tools
stackoverflow,python,2021,developer tools
stackoverflow,rust,2022,embedded
stackoverflow,r,2022,embedded
stackoverflow,r,2022,embedded
stackoverflow,java,2022,embedded
stackoverflow,java,2020,embedded
stackoverflow,r,2022,developer tools
stackoverflow,php,2022,developer tools
stackoverflow,python,2022,data_ai
stackoverflow,r,2021,data_ai
stackoverflow,python,2021,data_ai
stackoverflow,c,2022,network
stackoverflow,java,2022,network
stackoverflow,r,2021,web frontend
stackoverflow,php,2021,web frontend
stackoverflow,r,2022,data_ai
stackoverflow,python,2022,data_ai
stackoverflow,python,2021,developer tools
stackoverflow,r,2020,data_ai
stackoverflow,python,2020,data_ai
stackoverflow,python,2022,data_ai
stackoverflow,go,2021,testing_qa
stackoverflow,rust,2022,developer tools
stackoverflow,r,2022,developer tools
stackoverflow,r,2021,data_ai
stackoverflow,python,2021,data_ai
stackoverflow,python,2021,web frontend
stackoverflow,r,2021,mobile
stackoverflow,java,2021,mobile
stackoverflow,python,2020,data_ai
stackoverflow,c++,2022,developer tools
stackoverflow,c,2022,developer tools
stackoverflow,c,2022,testing_qa
stackoverflow,c#,2022,testing_qa
stackoverflow,python,2021,game
stackoverflow,python,2020,data_ai
stackoverflow,r,2020,web frontend
stackoverflow,java,2020,web frontend
stackoverflow,c,2022,data_ai
stackoverflow,r,2022,data_ai
stackoverflow,r,2020,data_ai
stackoverflow,python,2020,data_ai
stackoverflow,c,2022,data_ai
stackoverflow,python,2022,data_ai
stackoverflow,python,2021,web frontend
stackoverflow,c,2020,embedded
stackoverflow,python,2020,embedded
stackoverflow,go,2021,embedded
stackoverflow,r,2022,web backend
stackoverflow,python,2022,web backend
stackoverflow,c++,2020,developer tools
stackoverflow,c,2020,developer tools
stackoverflow,r,2022,developer tools
stackoverflow,java,2022,developer tools
stackoverflow,r,2020,developer tools
stackoverflow,java,2020,developer tools
stackoverflow,python,2022,data_ai
stackoverflow,c,2021,developer tools
stackoverflow,java,2021,developer tools
stackoverflow,c++,2022,embedded
stackoverflow,c,2022,embedded
stackoverflow,c,2022,developer tools
stackoverflow,python,2022,developer tools
stackoverflow,c,2020,testing_qa
stackoverflow,java,2020,testing_qa
stackoverflow,r,2021,data_ai
stackoverflow,python,2021,data_ai
stackoverflow,c,2022,embedded
stackoverflow,r,2022,embedded
stackoverflow,c++,2020,embedded
stackoverflow,c,2020,embedded
stackoverflow,r,2021,developer tools
stackoverflow,python,2021,developer tools
stackoverflow,c,2022,developer tools
stackoverflow,c#,2022,developer tools
stackoverflow,swift,2021,developer tools
stackoverflow,python,2021,data_ai
stackoverflow,r,2020,data_ai
stackoverflow,python,2020,data_ai
stackoverflow,r,2021,web backend
stackoverflow,php,2021,web backend
stackoverflow,r,2022,data_ai
stackoverflow,python,2022,data_ai
stackoverflow,kotlin,2022,developer tools
stackoverflow,python,2020,data_ai
stackoverflow,c,2020,developer tools
stackoverflow,java,2020,developer tools
stackoverflow,java,2020,embedded
stackoverflow,r,2022,data_ai
stackoverflow,python,2022,data_ai
stackoverflow,r,2021,data_ai
stackoverflow,python,2021,data_ai
stackoverflow,python,2022,data_ai
stackoverflow,c,2022,embedded
stackoverflow,c#,2022,embedded
stackoverflow,r,2022,data_ai
stackoverflow,python,2022,data_ai
stackoverflow,c++,2021,developer tools
stackoverflow,c,2021,developer tools
stackoverflow,c,2022,testing_qa
stackoverflow,python,2022,testing_qa
stackoverflow,rust,2020,developer tools
stackoverflow,r,2020,developer tools
stackoverflow,c,2021,developer tools
stackoverflow,r,2021,developer tools
stackoverflow,haskell,2020,developer tools
stackoverflow,c,2022,developer tools
stackoverflow,python,2022,developer tools
stackoverflow,r,2022,data_ai
stackoverflow,python,2022,data_ai
stackoverflow,c,2022,embedded
stackoverflow,python,2022,embedded
stackoverflow,python,2020,developer tools
stackoverflow,java,2022,web backend
stackoverflow,haskell,2021,embedded
stackoverflow,java,2021,developer tools
stackoverflow,r,2022,data_ai
stackoverflow,python,2022,data_ai
stackoverflow,c,2022,devops_cloud
stackoverflow,go,2022,devops_cloud
stackoverflow,python,2020,data_ai
stackoverflow,r,2020,data_ai
stackoverflow,python,2020,data_ai
stackoverflow,python,2021,embedded
stackoverflow,python,2020,data_ai
stackoverflow,python,2020,game
stackoverflow,r,2020,data_ai
stackoverflow,python,2020,data_ai
stackoverflow,python,2020,data_ai
stackoverflow,r,2020,data_ai
stackoverflow,python,2020,data_ai
stackoverflow,r,2020,data_ai
stackoverflow,python,2020,data_ai
stackoverflow,rust,2022,developer tools
stackoverflow,r,2022,developer tools
stackoverflow,c,2021,embedded
stackoverflow,python,2020,developer tools
stackoverflow,r,2022,web frontend
stackoverflow,python,2022,web frontend
stackoverflow,c,2020,web backend
stackoverflow,python,2020,web backend
stackoverflow,c,2022,developer tools
stackoverflow,r,2022,developer tools
stackoverflow,php,2021,web backend
stackoverflow,c++,2022,developer tools
stackoverflow,c,2022,developer tools
stackoverflow,c,2021,web backend
stackoverflow,php,2021,web backend
stackoverflow,swift,2020,mobile
stackoverflow,c,2021,embedded
stackoverflow,haskell,2022,data_ai
stackoverflow,c,2021,data_ai
stackoverflow,python,2021,data_ai
stackoverflow,c,2022,developer tools
stackoverflow,c#,2022,developer tools
stackoverflow,c,2021,data_ai
stackoverflow,c#,2021,data_ai
stackoverflow,r,2022,developer tools
stackoverflow,python,2022,developer tools
stackoverflow,r,2020,developer tools
stackoverflow,java,2020,developer tools
stackoverflow,rust,2020,developer tools
stackoverflow,r,2020,developer tools
stackoverflow,r,2020,data_ai
stackoverflow,python,2020,data_ai
stackoverflow,c,2020,developer tools
stackoverflow,kotlin,2020,developer tools
stackoverflow,python,2021,web frontend
stackoverflow,r,2020,data_ai
stackoverflow,python,2020,data_ai
stackoverflow,c,2022,data_ai
stackoverflow,r,2022,data_ai
stackoverflow,java,2020,developer tools
stackoverflow,sql,2021,developer tools
stackoverflow,java,2021,developer tools
stackoverflow,python,2022,developer tools
stackoverflow,php,2021,web backend
stackoverflow,r,2020,data_ai
stackoverflow,python,2020,data_ai
stackoverflow,r,2020,mobile
stackoverflow,swift,2020,mobile
stackoverflow,c,2022,developer tools
stackoverflow,c#,2022,developer tools
stackoverflow,r,2020,web backend
stackoverflow,java,2020,web backend
stackoverflow,c,2020,developer tools
stackoverflow,c#,2020,developer tools
stackoverflow,c,2020,developer tools
stackoverflow,c#,2020,developer tools
stackoverflow,c,2020,iot
stackoverflow,python,2020,iot
stackoverflow,r,2022,data_ai
stackoverflow,python,2022,data_ai
stackoverflow,python,2020,testing_qa
stackoverflow,r,2021,data_ai
stackoverflow,python,2021,data_ai
stackoverflow,r,2022,data_ai
stackoverflow,python,2022,data_ai
stackoverflow,python,2021,game
stackoverflow,python,2020,developer tools
stackoverflow,c,2020,embedded
stackoverflow,python,2022,developer tools
stackoverflow,python,2022,testing_qa
stackoverflow,rust,2021,data_ai
stackoverflow,r,2021,data_ai
stackoverflow,c,2022,game
stackoverflow,c#,2022,game
stackoverflow,go,2022,embedded
stackoverflow,r,2022,data_ai
stackoverflow,python,2022,data_ai
stackoverflow,r,2022,data_ai
stackoverflow,python,2022,data_ai
stackoverflow,python,2022,developer tools
stackoverflow,r,2022,data_ai
stackoverflow,python,2022,data_ai
stackoverflow,python,2021,data_ai
stackoverflow,python,2021,developer tools
stackoverflow,r,2022,web backend
stackoverflow,php,2022,web backend
stackoverflow,c++,2021,embedded
stackoverflow,c,2021,embedded
stackoverflow,python,2020,developer tools
stackoverflow,r,2021,embedded
stackoverflow,java,2021,embedded
stackoverflow,sql,2022,data_ai
stackoverflow,python,2022,data_ai
stackoverflow,c,2021,embedded
stackoverflow,r,2021,data_ai
stackoverflow,python,2021,data_ai
stackoverflow,sql,2021,web frontend
stackoverflow,php,2021,web frontend
stackoverflow,python,2020,developer tools
stackoverflow,c,2020,developer tools
stackoverflow,r,2020,developer tools
stackoverflow,python,2022,data_ai
stackoverflow,swift,2020,developer tools
stackoverflow,python,2022,developer tools
stackoverflow,python,2020,embedded
stackoverflow,r,2020,developer tools
stackoverflow,python,2020,developer tools
stackoverflow,java,2021,developer tools
stackoverflow,r,2021,developer tools
stackoverflow,python,2021,developer tools
stackoverflow,python,2021,data_ai
stackoverflow,r,2022,data_ai
stackoverflow,python,2022,data_ai
stackoverflow,c,2021,security
stackoverflow,java,2021,security
stackoverflow,java,2021,testing_qa
stackoverflow,r,2020,developer tools
stackoverflow,java,2020,developer tools
stackoverflow,c,2021,developer tools
stackoverflow,c#,2021,developer tools
stackoverflow,r,2020,developer tools
stackoverflow,java,2020,developer tools
stackoverflow,python,2020,data_ai
stackoverflow,r,2022,data_ai
stackoverflow,python,2022,data_ai
stackoverflow,r,2021,data_ai
stackoverflow,python,2021,data_ai
stackoverflow,c,2020,developer tools
stackoverflow,python,2021,data_ai
stackoverflow,r,2021,data_ai
stackoverflow,python,2021,data_ai
stackoverflow,c++,2022,data_ai
stackoverflow,c,2022,data_ai
stackoverflow,c++,2021,developer tools
stackoverflow,c,2021,developer tools
stackoverflow,python,2020,developer tools
stackoverflow,c,2021,embedded
stackoverflow,python,2021,embedded
stackoverflow,r,2022,testing_qa
stackoverflow,kotlin,2022,testing_qa
stackoverflow,python,2022,data_ai
stackoverflow,r,2021,embedded
stackoverflow,python,2021,embedded
stackoverflow,c++,2021,embedded
stackoverflow,c,2021,embedded
stackoverflow,html,2022,testing_qa
stackoverflow,python,2022,testing_qa
stackoverflow,python,2021,data_ai
stackoverflow,python,2020,data_ai
stackoverflow,php,2022,web backend
stackoverflow,python,2020,data_ai
stackoverflow,python,2020,data_ai
stackoverflow,c,2020,security
stackoverflow,java,2020,security
stackoverflow,python,2022,embedded
stackoverflow,c,2020,data_ai
stackoverflow,r,2020,data_ai
stackoverflow,c,2021,embedded
stackoverflow,r,2021,embedded
stackoverflow,swift,2021,embedded
stackoverflow,r,2022,data_ai
stackoverflow,python,2022,data_ai
stackoverflow,c,2021,data_ai
stackoverflow,python,2021,data_ai
stackoverflow,python,2020,developer tools
stackoverflow,sql,2022,data_ai
stackoverflow,python,2022,data_ai
stackoverflow,r,2022,data_ai
stackoverflow,python,2022,data_ai
stackoverflow,c,2022,developer tools
stackoverflow,python,2022,developer tools
stackoverflow,r,2022,data_ai
stackoverflow,python,2022,data_ai
stackoverflow,java,2020,web frontend
stackoverflow,c++,2020,embedded
stackoverflow,c,2020,embedded
stackoverflow,r,2021,data_ai
stackoverflow,python,2021,data_ai
stackoverflow,python,2022,data_ai
stackoverflow,c,2022,embedded
stackoverflow,c#,2022,embedded
stackoverflow,c++,2020,developer tools
stackoverflow,c,2020,developer tools
stackoverflow,c,2020,embedded
stackoverflow,r,2021,data_ai
stackoverflow,python,2021,data_ai
stackoverflow,r,2020,developer tools
stackoverflow,java,2020,developer tools
stackoverflow,r,2020,data_ai
stackoverflow,python,2020,data_ai
stackoverflow,python,2020,data_ai
stackoverflow,c,2021,embedded
stackoverflow,r,2021,embedded
stackoverflow,swift,2020,embedded
stackoverflow,c,2021,embedded
stackoverflow,r,2021,embedded
stackoverflow,python,2022,developer tools
stackoverflow,python,2022,data_ai
stackoverflow,c,2020,embedded
stackoverflow,r,2020,embedded
stackoverflow,python,2021,developer tools
stackoverflow,c++,2022,embedded
stackoverflow,c,2022,embedded
stackoverflow,python,2022,data_ai
stackoverflow,r,2020,developer tools
stackoverflow,python,2020,developer tools
stackoverflow,python,2021,developer tools
stackoverflow,lua,2022,developer tools
stackoverflow,c,2020,data_ai
stackoverflow,python,2020,data_ai
stackoverflow,r,2021,data_ai
stackoverflow,python,2021,data_ai
stackoverflow,r,2021,embedded
stackoverflow,java,2021,embedded
stackoverflow,c++,2021,embedded
stackoverflow,c,2021,embedded
stackoverflow,ruby,2021,developer tools
stackoverflow,r,2021,developer tools
stackoverflow,c,2021,mobile
stackoverflow,swift,2021,mobile
stackoverflow,r,2020,developer tools
stackoverflow,python,2020,developer tools
stackoverflow,java,2022,developer tools
stackoverflow,python,2020,data_ai
stackoverflow,c,2020,embedded
stackoverflow,r,2020,embedded
stackoverflow,r,2020,testing_qa
stackoverflow,python,2020,testing_qa
stackoverflow,r,2021,data_ai
stackoverflow,python,2021,data_ai
stackoverflow,python,2021,data_ai
stackoverflow,python,2020,web backend
stackoverflow,r,2021,data_ai
stackoverflow,python,2021,data_ai
stackoverflow,python,2021,data_ai
stackoverflow,python,2021,developer tools
stackoverflow,r,2022,data_ai
stackoverflow,python,2022,data_ai
stackoverflow,r,2020,developer tools
stackoverflow,python,2020,developer tools
stackoverflow,c,2021,data_ai
stackoverflow,python,2021,data_ai
stackoverflow,r,2021,data_ai
stackoverflow,python,2021,data_ai
stackoverflow,r,2022,data_ai
stackoverflow,python,2022,data_ai
stackoverflow,c,2021,embedded
stackoverflow,r,2021,embedded
stackoverflow,c,2021,testing_qa
stackoverflow,c#,2021,testing_qa
stackoverflow,r,2021,developer tools
stackoverflow,python,2021,developer tools
stackoverflow,java,2022,data_ai
stackoverflow,r,2021,data_ai
stackoverflow,python,2021,data_ai
stackoverflow,c++,2022,embedded
stackoverflow,c,2022,embedded
stackoverflow,r,2020,data_ai
stackoverflow,python,2020,data_ai
stackoverflow,haskell,2022,data_ai
stackoverflow,c,2020,data_ai
stackoverflow,python,2020,data_ai
stackoverflow,c,2020,game
stackoverflow,c#,2020,game
stackoverflow,c,2022,embedded
stackoverflow,c#,2022,embedded
stackoverflow,r,2022,web backend
stackoverflow,python,2022,web backend
stackoverflow,r,2022,data_ai
stackoverflow,python,2022,data_ai
stackoverflow,rust,2021,developer tools
stackoverflow,r,2021,developer tools
stackoverflow,c,2021,embedded
stackoverflow,r,2021,embedded
stackoverflow,python,2021,data_ai
stackoverflow,r,2022,data_ai
stackoverflow,python,2022,data_ai
stackoverflow,python,2022,developer tools
stackoverflow,c,2022,developer tools
stackoverflow,python,2022,developer tools
stackoverflow,java,2021,embedded
stackoverflow,php,2021,web backend
stackoverflow,c,2022,embedded
stackoverflow,r,2022,embedded
stackoverflow,python,2022,embedded
stackoverflow,r,2021,web frontend
stackoverflow,python,2021,web frontend
stackoverflow,c,2022,developer tools
stackoverflow,python,2022,developer tools
stackoverflow,r,2022,web backend
stackoverflow,java,2022,web backend
stackoverflow,r,2021,data_ai
stackoverflow,python,2021,data_ai
stackoverflow,c++,2022,embedded
stackoverflow,c,2022,embedded
stackoverflow,r,2020,embedded
stackoverflow,python,2020,embedded
stackoverflow,c,2020,developer tools
stackoverflow,python,2020,developer tools
stackoverflow,python,2021,developer tools
stackoverflow,java,2022,embedded
stackoverflow,haskell,2022,developer tools
stackoverflow,shell,2021,web backend
stackoverflow,php,2021,web backend
stackoverflow,r,2020,data_ai
stackoverflow,python,2020,data_ai
stackoverflow,c,2021,embedded
stackoverflow,c++,2022,embedded
stackoverflow,c,2022,embedded
stackoverflow,c,2020,embedded
stackoverflow,r,2020,embedded
stackoverflow,r,2020,data_ai
stackoverflow,python,2020,data_ai
stackoverflow,shell,2022,web backend
stackoverflow,java,2022,web backend
stackoverflow,python,2020,embedded
stackoverflow,r,2021,data_ai
stackoverflow,python,2021,data_ai
stackoverflow,c,2022,developer tools
stackoverflow,python,2022,developer tools
stackoverflow,r,2020,embedded
stackoverflow,lua,2020,embedded
stackoverflow,c++,2022,embedded
stackoverflow,c,2022,embedded
stackoverflow,c++,2022,embedded
stackoverflow,c,2022,embedded
stackoverflow,rust,2022,data_ai
stackoverflow,r,2022,data_ai
stackoverflow,c,2020,web backend
stackoverflow,php,2020,web backend
stackoverflow,python,2020,devops_cloud
stackoverflow,r,2020,web backend
stackoverflow,python,2020,web backend
stackoverflow,r,2022,data_ai
stackoverflow,python,2022,data_ai
stackoverflow,python,2020,game
stackoverflow,r,2022,data_ai
stackoverflow,python,2022,data_ai
stackoverflow,python,2022,devops_cloud
stackoverflow,r,2020,data_ai
stackoverflow,java,2020,data_ai
stackoverflow,python,2021,data_ai
stackoverflow,r,2020,data_ai
stackoverflow,python,2020,data_ai
stackoverflow,java,2021,testing_qa
stackoverflow,r,2022,data_ai
stackoverflow,python,2022,data_ai
stackoverflow,c,2020,developer tools
stackoverflow,python,2020,developer tools
stackoverflow,r,2020,data_ai
stackoverflow,python,2020,data_ai
stackoverflow,rust,2022,data_ai
stackoverflow,r,2022,data_ai
stackoverflow,r,2022,data_ai
stackoverflow,python,2022,data_ai
stackoverflow,rust,2021,developer tools
stackoverflow,r,2021,developer tools
stackoverflow,c,2020,developer tools
stackoverflow,r,2020,developer tools
stackoverflow,r,2021,devops_cloud
stackoverflow,java,2021,devops_cloud
stackoverflow,python,2021,developer tools
stackoverflow,r,2020,data_ai
stackoverflow,python,2020,data_ai
stackoverflow,python,2022,data_ai
stackoverflow,python,2020,data_ai
stackoverflow,python,2022,developer tools
stackoverflow,c,2022,developer tools
stackoverflow,python,2022,developer tools
stackoverflow,python,2022,data_ai
stackoverflow,java,2020,developer tools
stackoverflow,java,2022,developer tools
stackoverflow,python,2022,data_ai
stackoverflow,haskell,2022,data_ai
stackoverflow,swift,2022,developer tools
stackoverflow,c,2021,devops_cloud
stackoverflow,go,2021,devops_cloud
stackoverflow,r,2021,data_ai
stackoverflow,python,2021,data_ai
stackoverflow,python,2022,data_ai
stackoverflow,r,2022,data_ai
stackoverflow,python,2022,data_ai
stackoverflow,r,2020,data_ai
stackoverflow,python,2020,data_ai
stackoverflow,c++,2020,embedded
stackoverflow,c,2020,embedded
stackoverflow,rust,2022,embedded
stackoverflow,r,2022,embedded
stackoverflow,c++,2022,embedded
stackoverflow,c,2022,embedded
stackoverflow,r,2022,data_ai
stackoverflow,python,2022,data_ai
stackoverflow,swift,2020,web backend
stackoverflow,python,2022,data_ai
stackoverflow,python,2021,data_ai
stackoverflow,c,2022,embedded
stackoverflow,python,2022,embedded
stackoverflow,python,2020,embedded
stackoverflow,r,2021,data_ai
stackoverflow,python,2021,data_ai
stackoverflow,c,2022,data_ai
stackoverflow,c#,2022,data_ai
stackoverflow,c,2020,data_ai
stackoverflow,c#,2020,data_ai
stackoverflow,python,2021,data_ai
stackoverflow,python,2022,data_ai
stackoverflow,python,2022,data_ai
stackoverflow,python,2021,data_ai
stackoverflow,c,2022,developer tools
stackoverflow,python,2022,developer tools
stackoverflow,c++,2022,embedded
stackoverflow,c,2022,embedded
stackoverflow,c++,2022,developer tools
stackoverflow,c,2022,developer tools
stackoverflow,r,2022,data_ai
stackoverflow,python,2022,data_ai
stackoverflow,python,2020,data_ai
stackoverflow,c,2020,testing_qa
stackoverflow,java,2020,testing_qa
stackoverflow,r,2020,data_ai
stackoverflow,python,2020,data_ai
stackoverflow,rust,2022,developer tools
stackoverflow,r,2022,developer tools
stackoverflow,python,2022,data_ai
stackoverflow,r,2020,data_ai
stackoverflow,python,2020,data_ai
stackoverflow,python,2020,data_ai
stackoverflow,r,2022,data_ai
stackoverflow,python,2022,data_ai
stackoverflow,r,2021,data_ai
stackoverflow,python,2021,data_ai
stackoverflow,python,2021,embedded
stackoverflow,r,2021,data_ai
stackoverflow,python,2021,data_ai
stackoverflow,c,2021,data_ai
stackoverflow,c#,2021,data_ai
stackoverflow,rust,2022,data_ai
stackoverflow,r,2022,data_ai
stackoverflow,python,2021,developer tools
stackoverflow,python,2020,data_ai
stackoverflow,r,2022,data_ai
stackoverflow,python,2022,data_ai
stackoverflow,c++,2021,embedded
stackoverflow,c,2021,embedded
stackoverflow,c,2020,developer tools
stackoverflow,c,2021,developer tools
stackoverflow,r,2021,developer tools
stackoverflow,r,2021,game
stackoverflow,python,2021,game
stackoverflow,python,2020,data_ai
stackoverflow,r,2021,data_ai
stackoverflow,python,2021,data_ai
stackoverflow,c,2021,developer tools
stackoverflow,python,2020,data_ai
stackoverflow,c++,2022,embedded
stackoverflow,c,2022,embedded
stackoverflow,r,2022,data_ai
stackoverflow,python,2022,data_ai
stackoverflow,c++,2020,developer tools
stackoverflow,c,2020,developer tools
stackoverflow,r,2021,blockchain
stackoverflow,python,2021,blockchain
stackoverflow,r,2021,embedded
stackoverflow,python,2021,embedded
stackoverflow,r,2020,web backend
stackoverflow,php,2020,web backend
stackoverflow,c,2021,developer tools
stackoverflow,java,2021,developer tools
stackoverflow,rust,2022,developer tools
stackoverflow,r,2022,developer tools
stackoverflow,kotlin,2022,embedded
stackoverflow,python,2021,data_ai
stackoverflow,c,2020,embedded
stackoverflow,r,2020,embedded
stackoverflow,lua,2021,embedded
stackoverflow,c++,2021,embedded
stackoverflow,c,2021,embedded
stackoverflow,java,2022,developer tools
stackoverflow,c++,2022,embedded
stackoverflow,c,2022,embedded
stackoverflow,r,2022,embedded
stackoverflow,python,2022,embedded
stackoverflow,python,2021,data_ai
stackoverflow,r,2021,developer tools
stackoverflow,python,2021,developer tools
stackoverflow,c++,2021,embedded
stackoverflow,c,2021,embedded
stackoverflow,r,2020,data_ai
stackoverflow,python,2020,data_ai
stackoverflow,lua,2022,developer tools
stackoverflow,c,2022,developer tools
stackoverflow,c#,2022,developer tools
stackoverflow,c,2021,data_ai
stackoverflow,python,2021,data_ai
stackoverflow,r,2020,devops_cloud
stackoverflow,java,2020,devops_cloud
stackoverflow,python,2021,embedded
stackoverflow,r,2020,data_ai
stackoverflow,python,2020,data_ai
stackoverflow,python,2020,data_ai
stackoverflow,python,2020,data_ai
stackoverflow,r,2021,data_ai
stackoverflow,java,2021,data_ai
stackoverflow,c,2021,data_ai
stackoverflow,java,2021,data_ai
stackoverflow,c++,2021,embedded
stackoverflow,c,2021,embedded
stackoverflow,r,2021,data_ai
stackoverflow,python,2021,data_ai
stackoverflow,python,2020,data_ai
stackoverflow,c,2020,data_ai
stackoverflow,python,2020,data_ai
stackoverflow,python,2021,web backend
stackoverflow,python,2021,mobile
stackoverflow,c,2022,data_ai
stackoverflow,python,2022,data_ai
stackoverflow,c++,2022,embedded
stackoverflow,c,2022,embedded
stackoverflow,c++,2021,game
stackoverflow,c,2021,game
stackoverflow,c,2020,web backend
stackoverflow,php,2020,web backend
stackoverflow,c,2022,embedded
stackoverflow,c#,2022,embedded
stackoverflow,r,2022,embedded
stackoverflow,go,2022,embedded
stackoverflow,r,2021,data_ai
stackoverflow,python,2021,data_ai
stackoverflow,c,2022,developer tools
stackoverflow,r,2022,developer tools
stackoverflow,c++,2021,embedded
stackoverflow,c,2021,embedded
stackoverflow,r,2020,embedded
stackoverflow,python,2020,embedded
stackoverflow,r,2022,data_ai
stackoverflow,python,2022,data_ai
stackoverflow,r,2022,developer tools
stackoverflow,python,2022,developer tools
stackoverflow,rust,2022,data_ai
stackoverflow,r,2022,data_ai
stackoverflow,r,2022,data_ai
stackoverflow,python,2022,data_ai
stackoverflow,rust,2020,embedded
stackoverflow,r,2020,embedded
stackoverflow,r,2021,data_ai
stackoverflow,python,2021,data_ai
stackoverflow,r,2020,developer tools
stackoverflow,swift,2020,developer tools
stackoverflow,python,2021,data_ai
stackoverflow,r,2020,developer tools
stackoverflow,python,2020,developer tools
stackoverflow,php,2021,web backend
stackoverflow,python,2021,data_ai
stackoverflow,go,2021,security
stackoverflow,python,2021,data_ai
stackoverflow,java,2020,embedded
stackoverflow,r,2022,web backend
stackoverflow,elixir,2022,web backend
stackoverflow,c,2022,developer tools
stackoverflow,scala,2022,developer tools
stackoverflow,c,2021,data_ai
stackoverflow,python,2021,data_ai
stackoverflow,r,2022,data_ai
stackoverflow,python,2022,data_ai
stackoverflow,python,2022,data_ai
stackoverflow,r,2021,data_ai
stackoverflow,python,2021,data_ai
stackoverflow,r,2021,developer tools
stackoverflow,python,2021,developer tools
stackoverflow,python,2021,data_ai
stackoverflow,python,2021,data_ai
stackoverflow,go,2022,developer tools
stackoverflow,c++,2021,web frontend
stackoverflow,c,2021,web frontend
stackoverflow,r,2020,data_ai
stackoverflow,python,2020,data_ai
stackoverflow,go,2022,developer tools
stackoverflow,java,2022,developer tools
stackoverflow,python,2021,developer tools
stackoverflow,c,2020,developer tools
stackoverflow,c#,2020,developer tools
stackoverflow,c,2020,data_ai
stackoverflow,python,2020,data_ai
stackoverflow,r,2020,data_ai
stackoverflow,python,2020,data_ai
stackoverflow,c,2022,developer tools
stackoverflow,shell,2021,developer tools
stackoverflow,python,2021,developer tools
stackoverflow,r,2021,data_ai
stackoverflow,python,2021,data_ai
stackoverflow,c,2021,embedded
stackoverflow,c#,2021,embedded
stackoverflow,python,2020,data_ai
stackoverflow,r,2021,testing_qa
stackoverflow,python,2021,testing_qa
stackoverflow,python,2022,data_ai
stackoverflow,python,2022,security
stackoverflow,r,2020,data_ai
stackoverflow,haskell,2020,data_ai
stackoverflow,kotlin,2021,embedded
stackoverflow,python,2020,web backend
stackoverflow,python,2021,data_ai
stackoverflow,c,2020,developer tools
stackoverflow,java,2020,developer tools
stackoverflow,python,2020,data_ai
stackoverflow,kotlin,2021,embedded
stackoverflow,r,2021,developer tools
stackoverflow,python,2021,developer tools
stackoverflow,python,2021,data_ai
stackoverflow,sql,2021,data_ai
stackoverflow,python,2021,data_ai
stackoverflow,python,2022,data_ai
stackoverflow,r,2021,data_ai
stackoverflow,python,2021,data_ai
stackoverflow,ruby,2022,developer tools
stackoverflow,r,2022,developer tools
stackoverflow,c,2022,developer tools
stackoverflow,c#,2022,developer tools
stackoverflow,rust,2021,data_ai
stackoverflow,r,2021,data_ai
stackoverflow,shell,2021,data_ai
stackoverflow,python,2021,data_ai
stackoverflow,c,2021,data_ai
stackoverflow,python,2021,data_ai
stackoverflow,c++,2020,security
stackoverflow,c,2020,security
stackoverflow,c,2021,developer tools
stackoverflow,r,2021,developer tools
stackoverflow,c,2020,data_ai
stackoverflow,python,2020,data_ai
stackoverflow,r,2020,mobile
stackoverflow,dart,2020,mobile
stackoverflow,c,2020,data_ai
stackoverflow,python,2020,data_ai
stackoverflow,r,2022,web backend
stackoverflow,python,2022,web backend
stackoverflow,c,2022,data_ai
stackoverflow,c#,2022,data_ai
stackoverflow,c++,2021,developer tools
stackoverflow,c,2021,developer tools
stackoverflow,c,2022,embedded
stackoverflow,r,2022,embedded
stackoverflow,python,2021,data_ai
stackoverflow,r,2022,data_ai
stackoverflow,python,2022,data_ai
stackoverflow,swift,2020,mobile
stackoverflow,r,2022,data_ai
stackoverflow,python,2022,data_ai
stackoverflow,r,2022,data_ai
stackoverflow,python,2022,data_ai
stackoverflow,r,2022,developer tools
stackoverflow,python,2022,developer tools
stackoverflow,python,2022,data_ai
stackoverflow,r,2020,mobile
stackoverflow,java,2020,mobile
stackoverflow,c,2022,data_ai
stackoverflow,c#,2022,data_ai
stackoverflow,r,2021,data_ai
stackoverflow,python,2021,data_ai
stackoverflow,r,2021,data_ai
stackoverflow,python,2021,data_ai
stackoverflow,r,2022,data_ai
stackoverflow,java,2022,data_ai
stackoverflow,r,2022,data_ai
stackoverflow,python,2022,data_ai
stackoverflow,python,2021,web frontend
stackoverflow,c,2021,embedded
stackoverflow,c#,2021,embedded
stackoverflow,python,2021,developer tools
stackoverflow,c,2020,mobile
stackoverflow,swift,2020,mobile
stackoverflow,c,2020,developer tools
stackoverflow,c#,2020,developer tools
stackoverflow,r,2021,data_ai
stackoverflow,python,2021,data_ai
stackoverflow,ruby,2020,web backend
stackoverflow,r,2020,web backend
stackoverflow,r,2020,data_ai
stackoverflow,python,2020,data_ai
stackoverflow,java,2021,web frontend
stackoverflow,c,2020,developer tools
stackoverflow,python,2020,developer tools
stackoverflow,c,2020,embedded
stackoverflow,c#,2020,embedded
stackoverflow,r,2021,embedded
stackoverflow,python,2021,embedded
stackoverflow,javascript,2021,data_ai
stackoverflow,java,2021,data_ai
stackoverflow,c,2021,embedded
stackoverflow,r,2020,data_ai
stackoverflow,java,2020,data_ai
stackoverflow,python,2020,data_ai
stackoverflow,python,2022,data_ai
stackoverflow,r,2020,developer tools
stackoverflow,python,2020,developer tools
stackoverflow,php,2020,web backend
stackoverflow,r,2021,data_ai
stackoverflow,python,2021,data_ai
stackoverflow,r,2021,data_ai
stackoverflow,python,2021,data_ai
stackoverflow,c,2021,developer tools
stackoverflow,python,2021,developer tools
stackoverflow,python,2021,developer tools
stackoverflow,c,2022,developer tools
stackoverflow,java,2022,developer tools
stackoverflow,r,2021,data_ai
stackoverflow,python,2021,data_ai
stackoverflow,haskell,2021,developer tools
stackoverflow,c,2020,data_ai
stackoverflow,python,2020,data_ai
stackoverflow,rust,2022,embedded
stackoverflow,r,2022,embedded
stackoverflow,haskell,2021,developer tools
stackoverflow,r,2022,data_ai
stackoverflow,python,2022,data_ai
stackoverflow,c,2021,developer tools
stackoverflow,r,2021,developer tools
stackoverflow,python,2021,data_ai
stackoverflow,kotlin,2021,mobile
stackoverflow,python,2022,developer tools
stackoverflow,c,2022,embedded
stackoverflow,lua,2022,embedded
stackoverflow,python,2022,developer tools
stackoverflow,python,2021,developer tools
stackoverflow,python,2022,data_ai
stackoverflow,c,2020,testing_qa
stackoverflow,c#,2020,testing_qa
stackoverflow,swift,2020,developer tools
stackoverflow,python,2020,web frontend
stackoverflow,r,2020,web frontend
stackoverflow,kotlin,2020,web frontend
stackoverflow,python,2021,data_ai
stackoverflow,c,2020,embedded
stackoverflow,r,2020,embedded
stackoverflow,c,2021,developer tools
stackoverflow,r,2021,developer tools
stackoverflow,r,2022,data_ai
stackoverflow,java,2022,data_ai
stackoverflow,python,2022,testing_qa
stackoverflow,python,2021,web backend
stackoverflow,php,2021,web backend
stackoverflow,python,2022,data_ai
stackoverflow,r,2021,developer tools
stackoverflow,java,2021,developer tools
stackoverflow,go,2021,security
stackoverflow,r,2021,data_ai
stackoverflow,python,2021,data_ai
stackoverflow,java,2020,embedded
stackoverflow,c++,2020,embedded
stackoverflow,c,2020,embedded
stackoverflow,php,2020,web backend
stackoverflow,java,2020,developer tools
stackoverflow,r,2021,data_ai
stackoverflow,python,2021,data_ai
stackoverflow,r,2020,testing_qa
stackoverflow,python,2020,testing_qa
stackoverflow,c++,2021,embedded
stackoverflow,c,2021,embedded
stackoverflow,r,2021,data_ai
stackoverflow,python,2021,data_ai
stackoverflow,python,2022,web backend
stackoverflow,c,2021,developer tools
stackoverflow,python,2021,developer tools
stackoverflow,python,2021,data_ai
stackoverflow,r,2022,data_ai
stackoverflow,python,2022,data_ai
stackoverflow,r,2021,data_ai
stackoverflow,go,2021,data_ai
stackoverflow,r,2021,data_ai
stackoverflow,python,2021,data_ai
stackoverflow,r,2020,data_ai
stackoverflow,python,2020,data_ai
stackoverflow,python,2020,developer tools
stackoverflow,r,2020,data_ai
stackoverflow,python,2020,data_ai
stackoverflow,r,2022,data_ai
stackoverflow,python,2022,data_ai
stackoverflow,python,2022,data_ai
stackoverflow,python,2020,data_ai
stackoverflow,r,2021,data_ai
stackoverflow,python,2021,data_ai
stackoverflow,python,2020,developer tools
stackoverflow,r,2022,data_ai
stackoverflow,python,2022,data_ai
stackoverflow,ruby,2022,web backend
stackoverflow,r,2022,web backend
stackoverflow,c,2020,embedded
stackoverflow,r,2020,embedded
stackoverflow,r,2022,data_ai
stackoverflow,python,2022,data_ai
stackoverflow,c,2020,developer tools
stackoverflow,haskell,2020,developer tools
stackoverflow,python,2020,data_ai
stackoverflow,c,2020,developer tools
stackoverflow,c#,2020,developer tools
stackoverflow,r,2021,data_ai
stackoverflow,python,2021,data_ai
stackoverflow,r,2022,data_ai
stackoverflow,python,2022,data_ai
stackoverflow,r,2021,web frontend
stackoverflow,python,2021,web frontend
stackoverflow,python,2021,data_ai
stackoverflow,python,2021,developer tools
stackoverflow,c,2021,developer tools
stackoverflow,c#,2021,developer tools
stackoverflow,php,2022,developer tools
stackoverflow,r,2021,data_ai
stackoverflow,python,2021,data_ai
stackoverflow,kotlin,2022,mobile
stackoverflow,c++,2022,embedded
stackoverflow,c,2022,embedded
stackoverflow,c,2022,game
stackoverflow,c#,2022,game
stackoverflow,r,2022,data_ai
stackoverflow,python,2022,data_ai
stackoverflow,python,2022,developer tools
stackoverflow,python,2021,web frontend
stackoverflow,r,2021,data_ai
stackoverflow,python,2021,data_ai
stackoverflow,r,2021,data_ai
stackoverflow,python,2021,data_ai
stackoverflow,r,2022,web frontend
stackoverflow,python,2022,web frontend
stackoverflow,rust,2021,embedded
stackoverflow,r,2021,embedded
stackoverflow,r,2021,embedded
stackoverflow,python,2021,embedded
stackoverflow,c++,2021,embedded
stackoverflow,c,2021,embedded
stackoverflow,c,2020,data_ai
stackoverflow,python,2020,data_ai
stackoverflow,c,2022,developer tools
stackoverflow,python,2022,developer tools
stackoverflow,c++,2021,embedded
stackoverflow,c,2021,embedded
stackoverflow,c++,2021,embedded
stackoverflow,c,2021,embedded
stackoverflow,r,2022,data_ai
stackoverflow,python,2022,data_ai
stackoverflow,c,2022,developer tools
stackoverflow,r,2022,developer tools
stackoverflow,r,2020,data_ai
stackoverflow,python,2020,data_ai
stackoverflow,c,2021,testing_qa
stackoverflow,c#,2021,testing_qa
stackoverflow,r,2020,testing_qa
stackoverflow,python,2020,testing_qa
stackoverflow,haskell,2022,developer tools
stackoverflow,c,2020,developer tools
stackoverflow,c#,2020,developer tools
stackoverflow,r,2021,data_ai
stackoverflow,python,2021,data_ai
stackoverflow,r,2022,mobile
stackoverflow,python,2022,mobile
stackoverflow,python,2020,data_ai
stackoverflow,c++,2021,embedded
stackoverflow,c,2021,embedded
stackoverflow,c,2021,developer tools
stackoverflow,c,2022,devops_cloud
stackoverflow,java,2022,devops_cloud
stackoverflow,python,2021,data_ai
stackoverflow,c,2020,data_ai
stackoverflow,python,2020,data_ai
stackoverflow,c,2022,embedded
stackoverflow,python,2020,data_ai
stackoverflow,r,2021,developer tools
stackoverflow,python,2021,developer tools
stackoverflow,r,2021,data_ai
stackoverflow,python,2021,data_ai
stackoverflow,r,2020,embedded
stackoverflow,java,2020,embedded
stackoverflow,python,2022,developer tools
stackoverflow,python,2021,data_ai
stackoverflow,r,2021,data_ai
stackoverflow,python,2021,data_ai
stackoverflow,r,2020,data_ai
stackoverflow,python,2020,data_ai
stackoverflow,c,2022,embedded
stackoverflow,c#,2022,embedded
stackoverflow,python,2021,data_ai
stackoverflow,python,2022,developer tools
stackoverflow,c,2022,developer tools
stackoverflow,c,2021,mobile
stackoverflow,swift,2021,mobile
stackoverflow,r,2020,data_ai
stackoverflow,python,2020,data_ai
stackoverflow,c,2022,game
stackoverflow,c#,2022,game
stackoverflow,c,2022,web backend
stackoverflow,php,2022,web backend
stackoverflow,python,2021,data_ai
stackoverflow,r,2021,data_ai
stackoverflow,python,2021,data_ai
stackoverflow,c,2021,security
stackoverflow,c#,2021,security
stackoverflow,python,2022,developer tools
stackoverflow,c++,2021,embedded
stackoverflow,c,2021,embedded
stackoverflow,c,2021,developer tools
stackoverflow,c#,2021,developer tools
stackoverflow,python,2021,data_ai
stackoverflow,r,2020,data_ai
stackoverflow,python,2020,data_ai
stackoverflow,rust,2022,data_ai
stackoverflow,r,2022,data_ai
stackoverflow,c,2020,embedded
stackoverflow,r,2020,embedded
stackoverflow,c,2020,data_ai
stackoverflow,python,2020,data_ai
stackoverflow,rust,2020,developer tools
stackoverflow,r,2020,developer tools
stackoverflow,r,2022,data_ai
stackoverflow,python,2022,data_ai
stackoverflow,python,2020,data_ai
stackoverflow,r,2021,data_ai
stackoverflow,python,2021,data_ai
stackoverflow,python,2022,enterprise
stackoverflow,python,2022,developer tools
stackoverflow,shell,2022,developer tools
stackoverflow,python,2022,developer tools
stackoverflow,r,2022,web backend
stackoverflow,python,2022,web backend
stackoverflow,java,2021,web backend
stackoverflow,java,2020,developer tools
stackoverflow,python,2020,data_ai
stackoverflow,c,2021,developer tools
stackoverflow,java,2021,embedded
stackoverflow,c++,2022,data_ai
stackoverflow,c,2022,data_ai
stackoverflow,r,2022,developer tools
stackoverflow,java,2022,developer tools
stackoverflow,c,2021,data_ai
stackoverflow,r,2021,data_ai
stackoverflow,c,2020,developer tools
stackoverflow,c#,2020,developer tools
stackoverflow,c++,2022,embedded
stackoverflow,c,2022,embedded
stackoverflow,c,2020,embedded
stackoverflow,c#,2020,embedded
stackoverflow,python,2021,developer tools
stackoverflow,r,2022,developer tools
stackoverflow,python,2022,developer tools
stackoverflow,r,2020,data_ai
stackoverflow,python,2020,data_ai
stackoverflow,python,2022,web backend
stackoverflow,r,2020,data_ai
stackoverflow,python,2020,data_ai
stackoverflow,python,2022,data_ai
stackoverflow,c,2022,embedded
stackoverflow,r,2022,embedded
stackoverflow,c,2020,embedded
stackoverflow,c#,2020,embedded
stackoverflow,r,2022,data_ai
stackoverflow,python,2022,data_ai
stackoverflow,r,2021,data_ai
stackoverflow,java,2021,data_ai
stackoverflow,c,2020,security
stackoverflow,python,2020,security
stackoverflow,r,2020,data_ai
stackoverflow,python,2020,data_ai
stackoverflow,c,2020,embedded
stackoverflow,r,2021,iot
stackoverflow,python,2021,iot
stackoverflow,r,2022,data_ai
stackoverflow,python,2022,data_ai
stackoverflow,r,2022,data_ai
stackoverflow,python,2022,data_ai
stackoverflow,java,2022,developer tools
stackoverflow,r,2022,data_ai
stackoverflow,python,2022,data_ai
stackoverflow,r,2020,developer tools
stackoverflow,java,2020,developer tools
stackoverflow,r,2022,data_ai
stackoverflow,python,2022,data_ai
stackoverflow,rust,2021,developer tools
stackoverflow,r,2021,developer tools
stackoverflow,r,2020,data_ai
stackoverflow,python,2020,data_ai
stackoverflow,c,2020,mobile
stackoverflow,swift,2020,mobile
stackoverflow,python,2020,data_ai
stackoverflow,java,2021,devops_cloud
stackoverflow,rust,2022,data_ai
stackoverflow,r,2022,data_ai
stackoverflow,r,2022,developer tools
stackoverflow,python,2022,developer tools
stackoverflow,r,2020,developer tools
stackoverflow,dart,2020,developer tools
stackoverflow,r,2022,data_ai
stackoverflow,python,2022,data_ai
stackoverflow,c,2022,mobile
stackoverflow,c#,2022,mobile
stackoverflow,python,2020,data_ai
stackoverflow,r,2021,embedded
stackoverflow,lua,2021,embedded
stackoverflow,c,2021,embedded
stackoverflow,r,2021,embedded
stackoverflow,c,2021,testing_qa
stackoverflow,python,2022,web backend
stackoverflow,c,2022,embedded
stackoverflow,r,2022,embedded
stackoverflow,r,2020,data_ai
stackoverflow,python,2020,data_ai
stackoverflow,c++,2022,web backend
stackoverflow,c,2022,web backend
stackoverflow,r,2020,data_ai
stackoverflow,python,2020,data_ai
stackoverflow,r,2022,developer tools
stackoverflow,java,2022,developer tools
stackoverflow,c,2021,data_ai
stackoverflow,python,2021,data_ai
stackoverflow,c++,2020,embedded
stackoverflow,c,2020,embedded
stackoverflow,c++,2020,embedded
stackoverflow,c,2020,embedded
stackoverflow,r,2022,web backend
stackoverflow,java,2022,web backend
stackoverflow,rust,2022,developer tools
stackoverflow,r,2022,developer tools
stackoverflow,r,2021,data_ai
stackoverflow,python,2021,data_ai
stackoverflow,go,2021,devops_cloud
stackoverflow,c,2020,embedded
stackoverflow,r,2020,embedded
stackoverflow,python,2021,developer tools
stackoverflow,r,2021,data_ai
stackoverflow,go,2021,data_ai
stackoverflow,c++,2022,embedded
stackoverflow,c,2022,embedded
stackoverflow,python,2022,developer tools
stackoverflow,c,2022,embedded
stackoverflow,r,2022,embedded
stackoverflow,python,2020,game
stackoverflow,c++,2020,embedded
stackoverflow,c,2020,embedded
stackoverflow,c,2022,embedded
stackoverflow,r,2022,embedded
stackoverflow,python,2022,embedded
stackoverflow,python,2021,data_ai
stackoverflow,go,2021,developer tools
stackoverflow,c,2020,data_ai
stackoverflow,python,2020,data_ai
stackoverflow,r,2021,data_ai
stackoverflow,python,2021,data_ai
stackoverflow,python,2021,data_ai
stackoverflow,c,2020,embedded
stackoverflow,c,2020,embedded
stackoverflow,r,2020,embedded
stackoverflow,r,2021,data_ai
stackoverflow,python,2021,data_ai
stackoverflow,ruby,2022,web backend
stackoverflow,r,2022,web backend
stackoverflow,rust,2022,embedded
stackoverflow,r,2022,embedded
stackoverflow,go,2022,web backend
stackoverflow,r,2021,embedded
stackoverflow,python,2021,embedded
stackoverflow,c,2021,data_ai
stackoverflow,r,2021,data_ai
stackoverflow,c,2021,developer tools
stackoverflow,c#,2021,developer tools
stackoverflow,c++,2021,embedded
stackoverflow,c,2021,embedded
stackoverflow,r,2020,data_ai
stackoverflow,python,2020,data_ai
stackoverflow,c,2021,data_ai
stackoverflow,python,2021,data_ai
stackoverflow,python,2020,data_ai
stackoverflow,r,2022,developer tools
stackoverflow,python,2022,developer tools
stackoverflow,c,2021,embedded
stackoverflow,python,2021,embedded
stackoverflow,ruby,2022,web frontend
stackoverflow,r,2022,web frontend
stackoverflow,c++,2021,embedded
stackoverflow,c,2021,embedded
stackoverflow,python,2022,data_ai
stackoverflow,r,2021,iot
stackoverflow,python,2021,iot
stackoverflow,java,2020,iot
stackoverflow,c,2022,data_ai
stackoverflow,python,2022,data_ai
stackoverflow,c,2021,developer tools
stackoverflow,python,2021,developer tools
stackoverflow,java,2020,developer tools
stackoverflow,python,2022,embedded
stackoverflow,c,2022,testing_qa
stackoverflow,go,2022,testing_qa
stackoverflow,r,2022,data_ai
stackoverflow,python,2022,data_ai
stackoverflow,r,2021,embedded
stackoverflow,python,2021,embedded
stackoverflow,c,2020,data_ai
stackoverflow,python,2020,data_ai
stackoverflow,r,2020,data_ai
stackoverflow,python,2020,data_ai
stackoverflow,java,2021,developer tools
stackoverflow,c,2020,embedded
stackoverflow,r,2021,security
stackoverflow,python,2021,security
stackoverflow,r,2020,web frontend
stackoverflow,elixir,2020,web frontend
stackoverflow,c,2022,game
stackoverflow,c#,2022,game
stackoverflow,rust,2020,iot
stackoverflow,r,2020,iot
stackoverflow,c,2021,data_ai
stackoverflow,haskell,2021,data_ai
stackoverflow,python,2020,developer tools
stackoverflow,c++,2022,data_ai
stackoverflow,c,2022,data_ai
stackoverflow,go,2021,testing_qa
stackoverflow,c,2021,data_ai
stackoverflow,python,2021,data_ai
stackoverflow,c++,2021,embedded
stackoverflow,c,2021,embedded
stackoverflow,c,2020,embedded
stackoverflow,r,2020,embedded
stackoverflow,r,2021,data_ai
stackoverflow,python,2021,data_ai
stackoverflow,r,2022,data_ai
stackoverflow,python,2022,data_ai
stackoverflow,c,2020,data_ai
stackoverflow,c#,2020,data_ai
stackoverflow,c,2020,developer tools
stackoverflow,c#,2020,developer tools
stackoverflow,python,2021,data_ai
stackoverflow,r,2020,embedded
stackoverflow,python,2020,embedded
stackoverflow,c,2021,embedded
stackoverflow,r,2021,embedded
stackoverflow,python,2020,data_ai
stackoverflow,python,2020,data_ai
stackoverflow,c,2021,embedded
stackoverflow,r,2022,data_ai
stackoverflow,python,2022,data_ai
stackoverflow,r,2021,data_ai
stackoverflow,python,2021,data_ai
stackoverflow,c,2021,data_ai
stackoverflow,r,2021,data_ai
stackoverflow,c,2020,data_ai
stackoverflow,scala,2020,data_ai
stackoverflow,c,2021,web backend
stackoverflow,python,2021,web backend
stackoverflow,ruby,2020,web backend
stackoverflow,r,2020,web backend
stackoverflow,c++,2020,embedded
stackoverflow,c,2020,embedded
stackoverflow,java,2021,developer tools
stackoverflow,r,2022,data_ai
stackoverflow,python,2022,data_ai
stackoverflow,r,2021,data_ai
stackoverflow,python,2021,data_ai
stackoverflow,c,2020,developer tools
stackoverflow,c#,2020,developer tools
stackoverflow,c,2022,embedded
stackoverflow,python,2021,data_ai
stackoverflow,ruby,2020,web backend
stackoverflow,r,2020,web backend
stackoverflow,python,2022,data_ai
stackoverflow,java,2022,developer tools
stackoverflow,c++,2020,embedded
stackoverflow,c,2020,embedded
stackoverflow,python,2020,developer tools
stackoverflow,c,2021,embedded
stackoverflow,c,2020,developer tools
stackoverflow,python,2020,developer tools
stackoverflow,c,2021,embedded
stackoverflow,r,2021,embedded
stackoverflow,r,2022,developer tools
stackoverflow,java,2022,developer tools
stackoverflow,python,2022,data_ai
stackoverflow,python,2020,data_ai
stackoverflow,python,2020,developer tools
stackoverflow,kotlin,2020,mobile
stackoverflow,r,2022,developer tools
stackoverflow,java,2022,developer tools
stackoverflow,python,2021,data_ai
stackoverflow,c,2020,developer tools
stackoverflow,python,2020,developer tools
stackoverflow,c,2021,data_ai
stackoverflow,scala,2021,data_ai
stackoverflow,c,2022,developer tools
stackoverflow,r,2022,developer tools
stackoverflow,r,2022,data_ai
stackoverflow,python,2022,data_ai
stackoverflow,python,2022,data_ai
stackoverflow,c,2022,embedded
stackoverflow,r,2022,embedded
stackoverflow,r,2021,data_ai
stackoverflow,python,2021,data_ai
stackoverflow,python,2020,data_ai
stackoverflow,c,2022,data_ai
stackoverflow,go,2022,data_ai
stackoverflow,python,2021,data_ai
stackoverflow,python,2020,web frontend
stackoverflow,kotlin,2020,developer tools
stackoverflow,python,2022,data_ai
stackoverflow,python,2020,data_ai
stackoverflow,c++,2020,developer tools
stackoverflow,c,2020,developer tools
stackoverflow,r,2022,data_ai
stackoverflow,python,2022,data_ai
stackoverflow,python,2021,data_ai
stackoverflow,r,2022,developer tools
stackoverflow,php,2022,developer tools
stackoverflow,c++,2021,embedded
stackoverflow,c,2021,embedded
stackoverflow,r,2021,data_ai
stackoverflow,python,2021,data_ai
stackoverflow,c,2022,developer tools
stackoverflow,python,2022,developer tools
stackoverflow,c,2022,developer tools
stackoverflow,java,2022,developer tools
stackoverflow,c,2020,web backend
stackoverflow,php,2020,web backend
stackoverflow,python,2020,data_ai
stackoverflow,rust,2020,developer tools
stackoverflow,r,2020,developer tools
stackoverflow,c,2022,embedded
stackoverflow,c#,2022,embedded
stackoverflow,c,2020,data_ai
stackoverflow,c#,2020,data_ai
stackoverflow,c,2021,web frontend
stackoverflow,java,2021,web frontend
stackoverflow,c,2020,developer tools
stackoverflow,python,2020,developer tools
stackoverflow,c,2022,developer tools
stackoverflow,r,2022,developer tools
stackoverflow,r,2020,data_ai
stackoverflow,python,2020,data_ai
stackoverflow,c,2021,developer tools
stackoverflow,c#,2021,developer tools
stackoverflow,c,2022,data_ai
stackoverflow,python,2022,data_ai
stackoverflow,r,2021,game
stackoverflow,python,2021,game
stackoverflow,java,2021,developer tools
stackoverflow,python,2022,data_ai
stackoverflow,c,2021,testing_qa
stackoverflow,c#,2021,testing_qa
stackoverflow,c++,2020,developer tools
stackoverflow,c,2020,developer tools
stackoverflow,python,2021,data_ai
stackoverflow,python,2021,web frontend
stackoverflow,python,2022,data_ai
stackoverflow,python,2020,data_ai
stackoverflow,c,2021,web backend
stackoverflow,php,2021,web backend
stackoverflow,c,2022,developer tools
stackoverflow,c#,2022,developer tools
stackoverflow,c,2021,embedded
stackoverflow,python,2021,embedded
stackoverflow,c,2021,developer tools
stackoverflow,java,2021,developer tools
stackoverflow,c,2020,developer tools
stackoverflow,r,2020,developer tools
stackoverflow,python,2021,data_ai
stackoverflow,c,2022,developer tools
stackoverflow,scala,2022,developer tools
stackoverflow,python,2022,testing_qa
stackoverflow,go,2021,devops_cloud
stackoverflow,c,2022,developer tools
stackoverflow,python,2022,developer tools
stackoverflow,php,2022,web backend
stackoverflow,java,2020,data_ai
stackoverflow,shell,2021,web frontend
stackoverflow,python,2021,web frontend
stackoverflow,c,2020,developer tools
stackoverflow,c#,2020,developer tools
stackoverflow,c++,2021,data_ai
stackoverflow,c,2021,data_ai
stackoverflow,java,2022,developer tools
stackoverflow,r,2022,data_ai
stackoverflow,python,2021,data_ai
stackoverflow,c,2022,data_ai
stackoverflow,python,2022,data_ai
stackoverflow,c,2020,embedded
stackoverflow,java,2020,embedded
stackoverflow,c,2020,embedded
stackoverflow,r,2020,embedded
stackoverflow,python,2022,developer tools
stackoverflow,c,2022,web backend
stackoverflow,scala,2022,web backend
stackoverflow,kotlin,2020,mobile
stackoverflow,python,2020,data_ai
stackoverflow,r,2021,data_ai
stackoverflow,python,2021,data_ai
stackoverflow,swift,2021,mobile
stackoverflow,c++,2021,developer tools
stackoverflow,c,2021,developer tools
stackoverflow,python,2021,data_ai
stackoverflow,java,2020,web frontend
stackoverflow,python,2020,mobile
stackoverflow,rust,2021,web backend
stackoverflow,r,2021,web backend
stackoverflow,c,2020,embedded
stackoverflow,r,2020,embedded
stackoverflow,r,2021,data_ai
stackoverflow,python,2021,data_ai
stackoverflow,c,2020,data_ai
stackoverflow,python,2020,data_ai
stackoverflow,c,2020,embedded
stackoverflow,python,2020,embedded
stackoverflow,r,2022,data_ai
stackoverflow,python,2022,data_ai
stackoverflow,c,2020,data_ai
stackoverflow,c#,2020,data_ai
stackoverflow,r,2022,developer tools
stackoverflow,go,2022,developer tools
stackoverflow,r,2022,data_ai
stackoverflow,python,2022,data_ai
stackoverflow,java,2022,web backend
stackoverflow,r,2021,web frontend
stackoverflow,python,2021,web frontend
stackoverflow,java,2021,developer tools
stackoverflow,python,2022,developer tools
stackoverflow,python,2022,data_ai
stackoverflow,python,2020,data_ai
stackoverflow,r,2020,embedded
stackoverflow,python,2020,embedded
stackoverflow,python,2022,data_ai
stackoverflow,r,2021,developer tools
stackoverflow,elixir,2021,developer tools
stackoverflow,r,2020,web frontend
stackoverflow,python,2020,web frontend
stackoverflow,python,2022,data_ai
stackoverflow,haskell,2022,data_ai
stackoverflow,shell,2021,developer tools
stackoverflow,python,2021,developer tools
stackoverflow,r,2021,data_ai
stackoverflow,python,2021,data_ai
stackoverflow,r,2021,data_ai
stackoverflow,python,2021,data_ai
stackoverflow,r,2021,testing_qa
stackoverflow,python,2021,testing_qa
stackoverflow,r,2020,data_ai
stackoverflow,python,2020,data_ai
stackoverflow,r,2020,data_ai
stackoverflow,python,2020,data_ai
stackoverflow,r,2021,data_ai
stackoverflow,python,2021,data_ai
stackoverflow,c,2022,embedded
stackoverflow,r,2022,embedded
stackoverflow,c,2020,embedded
stackoverflow,c#,2020,embedded
stackoverflow,c,2022,testing_qa
stackoverflow,c#,2022,testing_qa
stackoverflow,r,2021,data_ai
stackoverflow,python,2021,data_ai
stackoverflow,c,2022,game
stackoverflow,c#,2022,game
stackoverflow,c,2021,embedded
stackoverflow,php,2021,embedded
stackoverflow,r,2020,developer tools
stackoverflow,java,2020,developer tools
stackoverflow,r,2021,data_ai
stackoverflow,python,2021,data_ai
stackoverflow,c,2020,data_ai
stackoverflow,python,2020,data_ai
stackoverflow,c,2021,embedded
stackoverflow,sql,2020,developer tools
stackoverflow,php,2020,developer tools
stackoverflow,rust,2022,data_ai
stackoverflow,r,2022,data_ai
stackoverflow,c,2022,blockchain
stackoverflow,c#,2022,blockchain
stackoverflow,c++,2022,developer tools
stackoverflow,c,2022,developer tools
stackoverflow,r,2020,developer tools
stackoverflow,python,2020,developer tools
stackoverflow,c++,2020,developer tools
stackoverflow,c,2020,developer tools
stackoverflow,python,2022,developer tools
stackoverflow,python,2022,data_ai
stackoverflow,c,2021,developer tools
stackoverflow,python,2021,developer tools
stackoverflow,python,2020,data_ai
stackoverflow,c,2022,developer tools
stackoverflow,java,2022,developer tools
stackoverflow,r,2020,data_ai
stackoverflow,python,2020,data_ai
stackoverflow,python,2020,developer tools
stackoverflow,r,2020,data_ai
stackoverflow,java,2020,data_ai
stackoverflow,r,2021,developer tools
stackoverflow,haskell,2021,developer tools
stackoverflow,python,2021,embedded
stackoverflow,python,2021,data_ai
stackoverflow,python,2021,developer tools
stackoverflow,c,2021,embedded
stackoverflow,c#,2021,embedded
stackoverflow,c,2021,mobile
stackoverflow,swift,2021,mobile
stackoverflow,c,2020,developer tools
stackoverflow,c,2020,developer tools
stackoverflow,r,2020,developer tools
stackoverflow,python,2021,data_ai
stackoverflow,python,2022,data_ai
stackoverflow,r,2021,web backend
stackoverflow,php,2021,web backend
stackoverflow,r,2022,data_ai
stackoverflow,python,2022,data_ai
stackoverflow,python,2022,data_ai
stackoverflow,ruby,2022,web backend
stackoverflow,r,2022,web backend
stackoverflow,c++,2021,developer tools
stackoverflow,c,2021,developer tools
stackoverflow,r,2020,data_ai
stackoverflow,python,2020,data_ai
stackoverflow,r,2021,data_ai
stackoverflow,python,2021,data_ai
stackoverflow,c,2021,developer tools
stackoverflow,c#,2021,developer tools
stackoverflow,r,2020,embedded
stackoverflow,python,2020,embedded
stackoverflow,python,2020,web backend
stackoverflow,r,2020,web backend
stackoverflow,java,2020,web backend
stackoverflow,python,2022,data_ai
stackoverflow,r,2020,data_ai
stackoverflow,python,2020,data_ai
stackoverflow,java,2022,data_ai
stackoverflow,r,2020,developer tools
stackoverflow,java,2020,developer tools
stackoverflow,r,2021,developer tools
stackoverflow,python,2021,developer tools
stackoverflow,c,2022,game
stackoverflow,c#,2022,game
stackoverflow,r,2020,data_ai
stackoverflow,python,2020,data_ai
stackoverflow,c,2020,embedded
stackoverflow,go,2020,embedded
stackoverflow,r,2021,developer tools
stackoverflow,python,2021,developer tools
stackoverflow,rust,2022,developer tools
stackoverflow,r,2022,developer tools
stackoverflow,python,2020,web backend
stackoverflow,java,2020,developer tools
stackoverflow,typescript,2021,developer tools
stackoverflow,python,2021,developer tools
stackoverflow,c,2022,data_ai
stackoverflow,r,2022,data_ai
stackoverflow,java,2020,data_ai
stackoverflow,r,2020,data_ai
stackoverflow,python,2020,data_ai
stackoverflow,r,2021,embedded
stackoverflow,python,2021,embedded
stackoverflow,r,2021,developer tools
stackoverflow,python,2021,developer tools
stackoverflow,c,2020,data_ai
stackoverflow,java,2020,data_ai
stackoverflow,r,2020,data_ai
stackoverflow,python,2020,data_ai
stackoverflow,c,2020,embedded
stackoverflow,r,2020,embedded
stackoverflow,python,2020,data_ai
stackoverflow,c++,2020,embedded
stackoverflow,c,2020,embedded
stackoverflow,c,2022,data_ai
stackoverflow,r,2022,data_ai
stackoverflow,r,2020,embedded
stackoverflow,python,2020,embedded
stackoverflow,php,2021,developer tools
stackoverflow,c,2022,developer tools
stackoverflow,r,2020,developer tools
stackoverflow,python,2020,developer tools
stackoverflow,c,2021,data_ai
stackoverflow,python,2021,data_ai
stackoverflow,c,2020,data_ai
stackoverflow,java,2020,data_ai
stackoverflow,c,2022,embedded
stackoverflow,python,2022,embedded
stackoverflow,c,2021,embedded
stackoverflow,r,2021,embedded
stackoverflow,python,2022,embedded
stackoverflow,c++,2021,game
stackoverflow,c,2021,game
stackoverflow,c++,2021,embedded
stackoverflow,c,2021,embedded
stackoverflow,python,2021,data_ai
stackoverflow,r,2021,embedded
stackoverflow,python,2021,embedded
stackoverflow,r,2021,web backend
stackoverflow,python,2021,web backend
stackoverflow,python,2021,web backend
stackoverflow,c,2020,data_ai
stackoverflow,r,2020,data_ai
stackoverflow,r,2022,data_ai
stackoverflow,python,2022,data_ai
stackoverflow,python,2022,data_ai
stackoverflow,python,2021,developer tools
stackoverflow,r,2020,web frontend
stackoverflow,python,2020,web frontend
stackoverflow,java,2022,embedded
stackoverflow,python,2020,game
stackoverflow,r,2022,developer tools
stackoverflow,elixir,2022,developer tools
stackoverflow,c,2022,developer tools
stackoverflow,c#,2022,developer tools
stackoverflow,r,2020,web backend
stackoverflow,php,2020,web backend
stackoverflow,c,2020,developer tools
stackoverflow,r,2020,developer tools
stackoverflow,rust,2022,developer tools
stackoverflow,r,2022,developer tools
stackoverflow,python,2020,data_ai
stackoverflow,python,2020,data_ai
stackoverflow,r,2021,data_ai
stackoverflow,python,2021,data_ai
stackoverflow,rust,2022,embedded
stackoverflow,r,2022,embedded
stackoverflow,python,2021,data_ai
stackoverflow,python,2021,data_ai
stackoverflow,c,2022,developer tools
stackoverflow,r,2022,developer tools
stackoverflow,c++,2022,embedded
stackoverflow,c,2022,embedded
stackoverflow,python,2022,developer tools
stackoverflow,ruby,2022,web backend
stackoverflow,r,2022,web backend
stackoverflow,r,2021,web backend
stackoverflow,php,2021,web backend
stackoverflow,c++,2022,embedded
stackoverflow,c,2022,embedded
stackoverflow,c++,2022,embedded
stackoverflow,c,2022,embedded
stackoverflow,r,2021,data_ai
stackoverflow,python,2021,data_ai
stackoverflow,r,2020,developer tools
stackoverflow,python,2020,developer tools
stackoverflow,r,2021,web backend
stackoverflow,php,2021,web backend
stackoverflow,r,2020,data_ai
stackoverflow,python,2020,data_ai
stackoverflow,r,2022,developer tools
stackoverflow,python,2022,developer tools
stackoverflow,ruby,2021,data_ai
stackoverflow,r,2021,data_ai
stackoverflow,r,2021,embedded
stackoverflow,java,2021,embedded
stackoverflow,r,2020,data_ai
stackoverflow,python,2020,data_ai
stackoverflow,r,2020,data_ai
stackoverflow,python,2020,data_ai
stackoverflow,r,2022,data_ai
stackoverflow,python,2022,data_ai
stackoverflow,c,2021,data_ai
stackoverflow,r,2021,data_ai
stackoverflow,c,2021,embedded
stackoverflow,c,2022,developer tools
stackoverflow,python,2022,developer tools
stackoverflow,c,2021,game
stackoverflow,c#,2021,game
stackoverflow,c,2021,data_ai
stackoverflow,python,2021,data_ai
stackoverflow,c,2021,embedded
stackoverflow,r,2021,embedded
stackoverflow,r,2022,data_ai
stackoverflow,python,2022,data_ai
stackoverflow,c,2022,developer tools
stackoverflow,r,2022,developer tools
stackoverflow,rust,2021,developer tools
stackoverflow,r,2021,developer tools
stackoverflow,java,2022,data_ai
stackoverflow,python,2022,data_ai
stackoverflow,c,2021,data_ai
stackoverflow,python,2021,data_ai
stackoverflow,r,2021,developer tools
stackoverflow,python,2021,developer tools
stackoverflow,python,2020,data_ai
stackoverflow,java,2020,data_ai
stackoverflow,r,2020,game
stackoverflow,python,2020,game
stackoverflow,python,2020,data_ai
stackoverflow,python,2020,data_ai
stackoverflow,python,2022,developer tools
stackoverflow,c,2022,developer tools
stackoverflow,python,2022,developer tools
stackoverflow,c,2022,data_ai
stackoverflow,r,2022,data_ai
stackoverflow,python,2022,data_ai
stackoverflow,python,2021,developer tools
stackoverflow,sql,2021,developer tools
stackoverflow,java,2021,developer tools
stackoverflow,python,2021,data_ai
stackoverflow,c,2022,data_ai
stackoverflow,python,2022,data_ai
stackoverflow,python,2020,game
stackoverflow,c++,2020,embedded
stackoverflow,c,2020,embedded
stackoverflow,c++,2020,developer tools
stackoverflow,c,2020,developer tools
stackoverflow,python,2021,data_ai
stackoverflow,python,2021,game
stackoverflow,c++,2021,embedded
stackoverflow,c,2021,embedded
stackoverflow,c,2022,developer tools
stackoverflow,c#,2022,developer tools
stackoverflow,r,2020,data_ai
stackoverflow,python,2020,data_ai
stackoverflow,r,2022,data_ai
stackoverflow,go,2022,data_ai
stackoverflow,python,2021,data_ai
stackoverflow,python,2020,data_ai
stackoverflow,python,2020,data_ai
stackoverflow,r,2020,data_ai
stackoverflow,python,2020,data_ai
stackoverflow,r,2022,data_ai
stackoverflow,python,2022,data_ai
stackoverflow,python,2022,data_ai
stackoverflow,r,2020,data_ai
stackoverflow,python,2020,data_ai
stackoverflow,r,2021,data_ai
stackoverflow,java,2021,data_ai
stackoverflow,r,2022,developer tools
stackoverflow,python,2022,developer tools
stackoverflow,c,2021,embedded
stackoverflow,c#,2021,embedded
stackoverflow,r,2022,data_ai
stackoverflow,python,2022,data_ai
stackoverflow,python,2020,data_ai
stackoverflow,python,2022,data_ai
stackoverflow,python,2021,developer tools
stackoverflow,r,2021,web backend
stackoverflow,python,2021,web backend
stackoverflow,python,2021,data_ai
stackoverflow,c++,2021,data_ai
stackoverflow,c,2021,data_ai
stackoverflow,r,2021,data_ai
stackoverflow,python,2021,data_ai
stackoverflow,python,2022,embedded
stackoverflow,shell,2022,data_ai
stackoverflow,python,2022,data_ai
stackoverflow,python,2020,game
stackoverflow,python,2022,data_ai
stackoverflow,r,2020,data_ai
stackoverflow,python,2020,data_ai
stackoverflow,c,2021,embedded
stackoverflow,c#,2021,embedded
stackoverflow,python,2021,data_ai
stackoverflow,r,2020,data_ai
stackoverflow,python,2020,data_ai
stackoverflow,php,2021,web backend
stackoverflow,r,2021,data_ai
stackoverflow,python,2021,data_ai
stackoverflow,r,2020,data_ai
stackoverflow,python,2020,data_ai
stackoverflow,c,2022,developer tools
stackoverflow,python,2022,developer tools
stackoverflow,rust,2020,developer tools
stackoverflow,r,2020,developer tools
stackoverflow,php,2021,embedded
stackoverflow,r,2022,developer tools
stackoverflow,python,2022,developer tools
stackoverflow,python,2022,developer tools
stackoverflow,r,2020,developer tools
stackoverflow,python,2020,developer tools
stackoverflow,python,2021,data_ai
stackoverflow,c,2022,data_ai
stackoverflow,python,2022,data_ai
stackoverflow,python,2022,testing_qa
stackoverflow,r,2021,data_ai
stackoverflow,python,2021,data_ai
stackoverflow,python,2020,web frontend
stackoverflow,java,2021,game
stackoverflow,haskell,2022,developer tools
stackoverflow,c++,2020,embedded
stackoverflow,c,2020,embedded
stackoverflow,r,2021,game
stackoverflow,python,2021,game
stackoverflow,sql,2022,developer tools
stackoverflow,python,2022,developer tools
stackoverflow,c,2020,data_ai
stackoverflow,c#,2020,data_ai
stackoverflow,r,2021,data_ai
stackoverflow,kotlin,2021,data_ai
stackoverflow,c++,2020,embedded
stackoverflow,c,2020,embedded
stackoverflow,r,2022,embedded
stackoverflow,python,2022,embedded
stackoverflow,python,2022,developer tools
stackoverflow,r,2022,data_ai
stackoverflow,python,2022,data_ai
stackoverflow,r,2020,embedded
stackoverflow,python,2020,embedded
stackoverflow,c++,2020,embedded
stackoverflow,c,2020,embedded
stackoverflow,r,2021,web frontend
stackoverflow,python,2021,web frontend
stackoverflow,c,2022,embedded
stackoverflow,r,2020,developer tools
stackoverflow,java,2020,developer tools
stackoverflow,c,2020,developer tools
stackoverflow,java,2020,developer tools
stackoverflow,r,2022,developer tools
stackoverflow,python,2022,developer tools
stackoverflow,c++,2022,developer tools
stackoverflow,c,2022,developer tools
stackoverflow,c++,2020,embedded
stackoverflow,c,2020,embedded
stackoverflow,python,2020,developer tools
stackoverflow,python,2021,data_ai
stackoverflow,python,2020,game
stackoverflow,r,2020,developer tools
stackoverflow,java,2020,developer tools
stackoverflow,c,2021,web frontend
stackoverflow,c#,2021,web frontend
stackoverflow,r,2020,testing_qa
stackoverflow,python,2020,testing_qa
stackoverflow,python,2022,data_ai
stackoverflow,c++,2021,developer tools
stackoverflow,c,2021,developer tools
stackoverflow,python,2020,data_ai
stackoverflow,python,2021,data_ai
stackoverflow,c,2020,web backend
stackoverflow,c#,2020,web backend
stackoverflow,r,2020,data_ai
stackoverflow,python,2020,data_ai
stackoverflow,c,2020,embedded
stackoverflow,r,2020,embedded
stackoverflow,r,2022,data_ai
stackoverflow,python,2022,data_ai
stackoverflow,python,2022,data_ai
stackoverflow,python,2021,developer tools
stackoverflow,python,2022,testing_qa
stackoverflow,python,2021,data_ai
stackoverflow,r,2021,developer tools
stackoverflow,java,2021,developer tools
stackoverflow,r,2022,embedded
stackoverflow,python,2022,embedded
stackoverflow,c,2020,developer tools
stackoverflow,python,2020,developer tools
stackoverflow,c,2021,embedded
stackoverflow,r,2020,data_ai
stackoverflow,python,2020,data_ai
stackoverflow,r,2021,web backend
stackoverflow,lua,2021,web backend
stackoverflow,python,2021,data_ai
stackoverflow,python,2020,data_ai
stackoverflow,r,2021,data_ai
stackoverflow,python,2021,data_ai
stackoverflow,c++,2022,developer tools
stackoverflow,c,2022,developer tools
stackoverflow,python,2020,data_ai
stackoverflow,python,2020,data_ai
stackoverflow,r,2022,web backend
stackoverflow,java,2022,web backend
stackoverflow,c,2020,developer tools
stackoverflow,c#,2020,developer tools
stackoverflow,python,2022,developer tools
stackoverflow,python,2021,data_ai
stackoverflow,python,2022,data_ai
stackoverflow,python,2022,data_ai
stackoverflow,c,2022,data_ai
stackoverflow,python,2022,data_ai
stackoverflow,c++,2020,embedded
stackoverflow,c,2020,embedded
stackoverflow,c,2021,data_ai
stackoverflow,python,2021,data_ai
stackoverflow,shell,2022,data_ai
stackoverflow,python,2022,data_ai
stackoverflow,c,2022,developer tools
stackoverflow,c#,2022,developer tools
stackoverflow,r,2022,data_ai
stackoverflow,python,2022,data_ai
stackoverflow,r,2021,data_ai
stackoverflow,python,2021,data_ai
stackoverflow,python,2020,data_ai
stackoverflow,c,2022,developer tools
stackoverflow,python,2022,developer tools
stackoverflow,python,2021,data_ai
stackoverflow,r,2022,data_ai
stackoverflow,python,2022,data_ai
stackoverflow,r,2021,embedded
stackoverflow,python,2021,embedded
stackoverflow,python,2021,developer tools
stackoverflow,python,2021,data_ai
stackoverflow,python,2022,developer tools
stackoverflow,python,2021,data_ai
stackoverflow,python,2022,game
stackoverflow,c++,2021,embedded
stackoverflow,c,2021,embedded
stackoverflow,r,2022,embedded
stackoverflow,python,2022,embedded
stackoverflow,java,2020,embedded
stackoverflow,python,2022,web frontend
stackoverflow,r,2022,data_ai
stackoverflow,python,2022,data_ai
stackoverflow,shell,2022,developer tools
stackoverflow,python,2022,developer tools
stackoverflow,r,2021,data_ai
stackoverflow,python,2021,data_ai
stackoverflow,c,2022,data_ai
stackoverflow,python,2022,data_ai
stackoverflow,python,2020,developer tools
stackoverflow,r,2020,web frontend
stackoverflow,java,2020,web frontend
stackoverflow,r,2022,web frontend
stackoverflow,python,2022,web frontend
stackoverflow,c++,2020,embedded
stackoverflow,c,2020,embedded
stackoverflow,c++,2020,embedded
stackoverflow,c,2020,embedded
stackoverflow,c,2020,testing_qa
stackoverflow,java,2020,testing_qa
stackoverflow,r,2020,game
stackoverflow,lua,2020,game
stackoverflow,r,2020,data_ai
stackoverflow,python,2020,data_ai
stackoverflow,python,2021,data_ai
stackoverflow,java,2021,embedded
stackoverflow,java,2021,developer tools
stackoverflow,r,2020,data_ai
stackoverflow,python,2020,data_ai
stackoverflow,python,2021,data_ai
stackoverflow,r,2021,data_ai
stackoverflow,python,2021,data_ai
stackoverflow,python,2020,game
stackoverflow,python,2021,data_ai
stackoverflow,r,2021,data_ai
stackoverflow,python,2021,data_ai
stackoverflow,python,2022,data_ai
stackoverflow,python,2021,data_ai
stackoverflow,ruby,2022,web backend
stackoverflow,r,2022,web backend
stackoverflow,python,2021,developer tools
stackoverflow,python,2020,developer tools
stackoverflow,c,2021,data_ai
stackoverflow,r,2021,data_ai
stackoverflow,c,2021,developer tools
stackoverflow,python,2021,developer tools
stackoverflow,python,2020,data_ai
stackoverflow,python,2021,data_ai
stackoverflow,c,2020,data_ai
stackoverflow,python,2020,data_ai
stackoverflow,java,2020,developer tools
stackoverflow,java,2020,data_ai
stackoverflow,r,2020,data_ai
stackoverflow,python,2020,data_ai
stackoverflow,python,2022,developer tools
stackoverflow,python,2022,game
stackoverflow,c,2020,embedded
stackoverflow,c#,2020,embedded
stackoverflow,python,2021,data_ai
stackoverflow,python,2021,developer tools
stackoverflow,r,2021,data_ai
stackoverflow,python,2021,data_ai
stackoverflow,r,2021,data_ai
stackoverflow,java,2021,data_ai
stackoverflow,r,2020,data_ai
stackoverflow,python,2020,data_ai
stackoverflow,c,2021,developer tools
stackoverflow,r,2021,developer tools
stackoverflow,python,2022,data_ai
stackoverflow,java,2020,developer tools
stackoverflow,r,2022,data_ai
stackoverflow,python,2022,data_ai
stackoverflow,c,2021,data_ai
stackoverflow,kotlin,2021,data_ai
stackoverflow,python,2022,game
stackoverflow,r,2022,data_ai
stackoverflow,python,2022,data_ai
stackoverflow,python,2022,developer tools
stackoverflow,python,2020,data_ai
stackoverflow,python,2022,data_ai
stackoverflow,lua,2021,embedded
stackoverflow,c,2022,testing_qa
stackoverflow,c,2022,developer tools
stackoverflow,c#,2022,developer tools
stackoverflow,c,2021,data_ai
stackoverflow,r,2021,data_ai
stackoverflow,c,2021,security
stackoverflow,python,2020,web frontend
stackoverflow,c,2021,developer tools
stackoverflow,c#,2021,developer tools
stackoverflow,c++,2021,embedded
stackoverflow,c,2021,embedded
stackoverflow,shell,2020,data_ai
stackoverflow,python,2020,data_ai
stackoverflow,r,2022,web backend
stackoverflow,php,2022,web backend
stackoverflow,python,2020,data_ai
stackoverflow,python,2021,developer tools
stackoverflow,python,2020,game
stackoverflow,r,2021,developer tools
stackoverflow,python,2021,developer tools
stackoverflow,rust,2021,developer tools
stackoverflow,r,2021,developer tools
stackoverflow,r,2021,developer tools
stackoverflow,python,2021,developer tools
stackoverflow,c,2022,embedded
stackoverflow,r,2022,developer tools
stackoverflow,python,2022,developer tools
stackoverflow,python,2021,data_ai
stackoverflow,c,2020,developer tools
stackoverflow,c#,2020,developer tools
stackoverflow,r,2020,data_ai
stackoverflow,python,2020,data_ai
stackoverflow,r,2022,game
stackoverflow,python,2022,game
stackoverflow,c,2020,testing_qa
stackoverflow,python,2020,testing_qa
stackoverflow,r,2020,embedded
stackoverflow,python,2020,embedded
stackoverflow,c++,2020,developer tools
stackoverflow,c,2020,developer tools
stackoverflow,python,2022,data_ai
stackoverflow,c,2020,data_ai
stackoverflow,python,2020,data_ai
stackoverflow,c++,2022,embedded
stackoverflow,c,2022,embedded
stackoverflow,python,2021,embedded
stackoverflow,r,2022,data_ai
stackoverflow,python,2022,data_ai
stackoverflow,python,2020,developer tools
stackoverflow,c,2021,data_ai
stackoverflow,python,2021,data_ai
stackoverflow,r,2022,developer tools
stackoverflow,java,2022,developer tools
stackoverflow,python,2020,data_ai
stackoverflow,rust,2021,developer tools
stackoverflow,r,2021,developer tools
stackoverflow,r,2020,web backend
stackoverflow,java,2020,web backend
stackoverflow,java,2022,data_ai
stackoverflow,c,2021,developer tools
stackoverflow,c#,2021,developer tools
stackoverflow,c++,2020,embedded
stackoverflow,c,2020,embedded
stackoverflow,c++,2020,developer tools
stackoverflow,c,2020,developer tools
stackoverflow,c,2022,data_ai
stackoverflow,r,2020,developer tools
stackoverflow,python,2020,developer tools
stackoverflow,r,2022,data_ai
stackoverflow,python,2022,data_ai
stackoverflow,c,2020,developer tools
stackoverflow,python,2020,developer tools
stackoverflow,c,2021,embedded
stackoverflow,r,2021,embedded
stackoverflow,ruby,2022,web backend
stackoverflow,r,2022,web backend
stackoverflow,c,2022,data_ai
stackoverflow,python,2022,data_ai
stackoverflow,r,2020,data_ai
stackoverflow,python,2020,data_ai
stackoverflow,r,2021,devops_cloud
stackoverflow,python,2021,devops_cloud
stackoverflow,c,2022,data_ai
stackoverflow,python,2022,data_ai
stackoverflow,c,2021,developer tools
stackoverflow,c#,2021,developer tools
stackoverflow,c,2022,embedded
stackoverflow,r,2022,embedded
stackoverflow,c,2020,data_ai
stackoverflow,java,2020,data_ai
stackoverflow,c,2020,devops_cloud
stackoverflow,java,2020,devops_cloud
stackoverflow,r,2020,developer tools
stackoverflow,python,2020,developer tools
stackoverflow,python,2020,developer tools
stackoverflow,python,2020,developer tools
stackoverflow,c,2021,testing_qa
stackoverflow,python,2021,testing_qa
stackoverflow,c,2022,embedded
stackoverflow,r,2022,embedded
stackoverflow,r,2020,data_ai
stackoverflow,python,2020,data_ai
stackoverflow,c++,2022,developer tools
stackoverflow,c,2022,developer tools
stackoverflow,python,2022,data_ai
stackoverflow,c,2022,developer tools
stackoverflow,c#,2022,developer tools
stackoverflow,c,2020,data_ai
stackoverflow,java,2020,data_ai
stackoverflow,r,2020,developer tools
stackoverflow,python,2020,developer tools
stackoverflow,c++,2020,embedded
stackoverflow,c,2020,embedded
stackoverflow,python,2021,developer tools
stackoverflow,c++,2020,web frontend
stackoverflow,c,2020,web frontend
stackoverflow,r,2022,data_ai
stackoverflow,python,2022,data_ai
stackoverflow,r,2020,web backend
stackoverflow,java,2020,web backend
stackoverflow,rust,2022,data_ai
stackoverflow,r,2022,data_ai
stackoverflow,python,2020,data_ai
stackoverflow,kotlin,2021,data_ai
stackoverflow,c++,2020,embedded
stackoverflow,c,2020,embedded
stackoverflow,c,2020,developer tools
stackoverflow,scala,2020,developer tools
stackoverflow,go,2021,data_ai
stackoverflow,c++,2021,embedded
stackoverflow,c,2021,embedded
stackoverflow,c++,2022,testing_qa
stackoverflow,c,2022,testing_qa
stackoverflow,python,2020,data_ai
stackoverflow,r,2020,developer tools
stackoverflow,java,2020,developer tools
stackoverflow,r,2021,developer tools
stackoverflow,python,2021,developer tools
stackoverflow,c,2020,web frontend
stackoverflow,c#,2020,web frontend
stackoverflow,rust,2020,developer tools
stackoverflow,r,2020,developer tools
stackoverflow,c,2020,embedded
stackoverflow,r,2020,embedded
stackoverflow,r,2020,data_ai
stackoverflow,python,2020,data_ai
stackoverflow,c,2022,enterprise
stackoverflow,java,2022,enterprise
stackoverflow,c++,2021,developer tools
stackoverflow,c,2021,developer tools
stackoverflow,c,2022,data_ai
stackoverflow,python,2022,data_ai
stackoverflow,r,2020,data_ai
stackoverflow,python,2020,data_ai
stackoverflow,r,2020,data_ai
stackoverflow,python,2020,data_ai
stackoverflow,c++,2021,embedded
stackoverflow,c,2021,embedded
stackoverflow,c,2022,security
stackoverflow,r,2022,security
stackoverflow,python,2021,developer tools
stackoverflow,c,2022,data_ai
stackoverflow,python,2022,data_ai
stackoverflow,r,2022,data_ai
stackoverflow,python,2022,data_ai
stackoverflow,python,2020,developer tools
stackoverflow,c,2020,data_ai
stackoverflow,python,2020,data_ai
stackoverflow,c++,2021,developer tools
stackoverflow,c,2021,developer tools
stackoverflow,python,2021,game
stackoverflow,c,2021,data_ai
stackoverflow,python,2021,data_ai
stackoverflow,c,2021,data_ai
stackoverflow,c#,2021,data_ai
stackoverflow,r,2022,data_ai
stackoverflow,python,2022,data_ai
stackoverflow,r,2020,data_ai
stackoverflow,python,2020,data_ai
stackoverflow,r,2020,data_ai
stackoverflow,java,2020,data_ai
stackoverflow,c++,2021,developer tools
stackoverflow,c,2021,developer tools
stackoverflow,r,2022,data_ai
stackoverflow,python,2022,data_ai
stackoverflow,c++,2022,developer tools
stackoverflow,c,2022,developer tools
stackoverflow,c++,2021,embedded
stackoverflow,c,2021,embedded
stackoverflow,c,2022,embedded
stackoverflow,r,2022,embedded
stackoverflow,python,2022,data_ai
stackoverflow,python,2021,data_ai
stackoverflow,r,2020,data_ai
stackoverflow,dart,2020,data_ai
stackoverflow,java,2022,developer tools
stackoverflow,python,2020,devops_cloud
stackoverflow,c,2020,data_ai
stackoverflow,python,2020,data_ai
stackoverflow,c++,2022,embedded
stackoverflow,c,2022,embedded
stackoverflow,c++,2022,embedded
stackoverflow,c,2022,embedded
stackoverflow,python,2022,data_ai
stackoverflow,r,2021,data_ai
stackoverflow,python,2021,data_ai
stackoverflow,r,2021,devops_cloud
stackoverflow,java,2021,devops_cloud
stackoverflow,c,2022,developer tools
stackoverflow,python,2022,developer tools
stackoverflow,python,2021,data_ai
stackoverflow,c,2022,game
stackoverflow,c#,2022,game
stackoverflow,r,2022,mobile
stackoverflow,python,2022,mobile
stackoverflow,python,2022,data_ai
stackoverflow,c,2020,developer tools
stackoverflow,c#,2020,developer tools
stackoverflow,c,2022,embedded
stackoverflow,c#,2022,embedded
stackoverflow,c,2021,security
stackoverflow,scala,2021,security
stackoverflow,python,2021,developer tools
stackoverflow,r,2022,developer tools
stackoverflow,dart,2022,developer tools
stackoverflow,c++,2021,developer tools
stackoverflow,c,2021,developer tools
stackoverflow,swift,2020,mobile
stackoverflow,c,2022,embedded
stackoverflow,java,2022,embedded
stackoverflow,r,2022,data_ai
stackoverflow,java,2022,data_ai
stackoverflow,python,2021,web frontend
stackoverflow,python,2022,data_ai
stackoverflow,r,2022,data_ai
stackoverflow,python,2022,data_ai
stackoverflow,c,2022,game
stackoverflow,c#,2022,game
stackoverflow,r,2022,web backend
stackoverflow,haskell,2022,web backend
stackoverflow,kotlin,2020,developer tools
stackoverflow,r,2020,data_ai
stackoverflow,python,2020,data_ai
stackoverflow,python,2021,developer tools
stackoverflow,c++,2020,data_ai
stackoverflow,c,2020,data_ai
stackoverflow,c,2021,developer tools
stackoverflow,python,2022,data_ai
stackoverflow,r,2022,web frontend
stackoverflow,java,2022,web frontend
stackoverflow,r,2022,data_ai
stackoverflow,python,2022,data_ai
stackoverflow,c++,2021,embedded
stackoverflow,c,2021,embedded
stackoverflow,python,2022,data_ai
stackoverflow,c,2020,web frontend
stackoverflow,c#,2020,web frontend
stackoverflow,python,2020,developer tools
stackoverflow,r,2022,embedded
stackoverflow,python,2022,embedded
stackoverflow,c,2022,data_ai
stackoverflow,python,2022,data_ai
stackoverflow,c,2020,game
stackoverflow,c#,2020,game
stackoverflow,c,2021,web backend
stackoverflow,swift,2021,web backend
stackoverflow,c,2021,data_ai
stackoverflow,python,2021,data_ai
stackoverflow,c,2022,web backend
stackoverflow,go,2022,web backend
stackoverflow,c++,2021,embedded
stackoverflow,c,2021,embedded
stackoverflow,c,2020,embedded
stackoverflow,c#,2020,embedded
stackoverflow,r,2021,data_ai
stackoverflow,python,2021,data_ai
stackoverflow,c,2020,developer tools
stackoverflow,python,2020,developer tools
stackoverflow,r,2021,developer tools
stackoverflow,python,2021,developer tools
stackoverflow,r,2022,data_ai
stackoverflow,python,2022,data_ai
stackoverflow,r,2021,data_ai
stackoverflow,python,2021,data_ai
stackoverflow,c,2020,web frontend
stackoverflow,java,2020,web frontend
stackoverflow,c++,2020,embedded
stackoverflow,c,2020,embedded
stackoverflow,r,2020,data_ai
stackoverflow,python,2020,data_ai
stackoverflow,python,2022,web backend
stackoverflow,r,2022,data_ai
stackoverflow,python,2022,data_ai
stackoverflow,python,2021,data_ai
stackoverflow,python,2021,developer tools
stackoverflow,c,2020,developer tools
stackoverflow,python,2020,developer tools
stackoverflow,r,2021,data_ai
stackoverflow,java,2021,data_ai
stackoverflow,java,2021,developer tools
stackoverflow,c,2022,embedded
stackoverflow,c#,2022,embedded
stackoverflow,c,2022,mobile
stackoverflow,swift,2022,mobile
stackoverflow,java,2021,testing_qa
stackoverflow,python,2021,web backend
stackoverflow,python,2021,developer tools
stackoverflow,python,2022,embedded
stackoverflow,python,2022,game
stackoverflow,typescript,2022,mobile
stackoverflow,php,2022,mobile
stackoverflow,c,2020,embedded
stackoverflow,r,2020,embedded
stackoverflow,r,2021,data_ai
stackoverflow,python,2021,data_ai
stackoverflow,r,2020,embedded
stackoverflow,python,2020,embedded
stackoverflow,r,2022,data_ai
stackoverflow,python,2022,data_ai
stackoverflow,c,2020,embedded
stackoverflow,c#,2020,embedded
stackoverflow,r,2020,data_ai
stackoverflow,python,2020,data_ai
stackoverflow,r,2020,data_ai
stackoverflow,python,2020,data_ai
stackoverflow,python,2020,data_ai
stackoverflow,r,2022,data_ai
stackoverflow,python,2022,data_ai
stackoverflow,python,2021,developer tools
stackoverflow,r,2020,data_ai
stackoverflow,python,2020,data_ai
stackoverflow,python,2020,developer tools
stackoverflow,r,2021,data_ai
stackoverflow,python,2021,data_ai
stackoverflow,c,2021,testing_qa
stackoverflow,python,2021,testing_qa
stackoverflow,c,2022,developer tools
stackoverflow,r,2022,developer tools
stackoverflow,r,2022,data_ai
stackoverflow,python,2022,data_ai
stackoverflow,shell,2020,data_ai
stackoverflow,python,2020,data_ai
stackoverflow,python,2022,data_ai
stackoverflow,kotlin,2020,developer tools
stackoverflow,r,2022,data_ai
stackoverflow,python,2022,data_ai
stackoverflow,python,2022,data_ai
stackoverflow,python,2021,developer tools
stackoverflow,javascript,2022,security
stackoverflow,java,2022,security
stackoverflow,go,2022,embedded
stackoverflow,rust,2022,data_ai
stackoverflow,r,2022,data_ai
stackoverflow,c,2020,web backend
stackoverflow,python,2020,web backend
stackoverflow,c,2022,embedded
stackoverflow,c,2020,embedded
stackoverflow,r,2020,embedded
stackoverflow,python,2021,developer tools
stackoverflow,python,2021,data_ai
stackoverflow,r,2020,data_ai
stackoverflow,python,2020,data_ai
stackoverflow,python,2020,developer tools
stackoverflow,r,2020,developer tools
stackoverflow,java,2020,developer tools
stackoverflow,c++,2022,developer tools
stackoverflow,c,2022,developer tools
stackoverflow,r,2020,data_ai
stackoverflow,python,2020,data_ai
stackoverflow,c++,2022,embedded
stackoverflow,c,2022,embedded
stackoverflow,r,2022,data_ai
stackoverflow,python,2022,data_ai
stackoverflow,java,2020,testing_qa
stackoverflow,c,2020,security
stackoverflow,c++,2021,embedded
stackoverflow,c,2021,embedded
stackoverflow,python,2021,testing_qa
stackoverflow,python,2020,developer tools
stackoverflow,r,2020,data_ai
stackoverflow,python,2020,data_ai
stackoverflow,c++,2020,embedded
stackoverflow,c,2020,embedded
stackoverflow,c,2021,data_ai
stackoverflow,python,2021,data_ai
stackoverflow,c,2020,developer tools
stackoverflow,r,2020,developer tools
stackoverflow,c++,2020,developer tools
stackoverflow,c,2020,developer tools
stackoverflow,r,2021,web frontend
stackoverflow,python,2021,web frontend
stackoverflow,swift,2020,mobile
stackoverflow,r,2021,developer tools
stackoverflow,python,2021,developer tools
stackoverflow,python,2020,data_ai
stackoverflow,c,2020,data_ai
stackoverflow,c,2022,developer tools
stackoverflow,java,2022,developer tools
stackoverflow,r,2020,developer tools
stackoverflow,python,2020,developer tools
stackoverflow,r,2020,developer tools
stackoverflow,python,2020,developer tools
stackoverflow,r,2021,data_ai
stackoverflow,python,2021,data_ai
stackoverflow,python,2021,data_ai
stackoverflow,c++,2022,developer tools
stackoverflow,c,2022,developer tools
stackoverflow,python,2021,data_ai
stackoverflow,python,2021,data_ai
stackoverflow,r,2020,data_ai
stackoverflow,python,2020,data_ai
stackoverflow,c,2020,web frontend
stackoverflow,r,2020,web frontend
stackoverflow,haskell,2020,developer tools
stackoverflow,c,2022,embedded
stackoverflow,lua,2022,embedded
stackoverflow,python,2021,data_ai
stackoverflow,python,2021,data_ai
stackoverflow,r,2021,web backend
stackoverflow,python,2021,web backend
stackoverflow,c,2022,developer tools
stackoverflow,python,2022,developer tools
stackoverflow,python,2021,data_ai
stackoverflow,python,2020,data_ai
stackoverflow,r,2020,web backend
stackoverflow,python,2020,web backend
stackoverflow,r,2020,embedded
stackoverflow,python,2020,embedded
stackoverflow,c,2021,developer tools
stackoverflow,java,2021,developer tools
stackoverflow,c,2022,devops_cloud
stackoverflow,c,2022,embedded
stackoverflow,haskell,2022,embedded
stackoverflow,c,2021,data_ai
stackoverflow,python,2021,data_ai
stackoverflow,c++,2021,developer tools
stackoverflow,c,2021,developer tools
stackoverflow,python,2022,embedded
stackoverflow,r,2020,developer tools
stackoverflow,elixir,2020,developer tools
stackoverflow,c,2022,data_ai
stackoverflow,python,2022,data_ai
stackoverflow,c,2022,developer tools
stackoverflow,r,2022,developer tools
stackoverflow,python,2021,developer tools
stackoverflow,c++,2020,embedded
stackoverflow,c,2020,embedded
stackoverflow,c++,2022,embedded
stackoverflow,c,2022,embedded
stackoverflow,r,2020,developer tools
stackoverflow,php,2020,developer tools
stackoverflow,c++,2022,embedded
stackoverflow,c,2022,embedded
stackoverflow,c,2020,data_ai
stackoverflow,python,2020,data_ai
stackoverflow,c,2021,iot
stackoverflow,python,2021,iot
stackoverflow,r,2021,data_ai
stackoverflow,python,2021,data_ai
stackoverflow,python,2020,developer tools
stackoverflow,r,2020,game
stackoverflow,lua,2020,game
stackoverflow,shell,2022,web frontend
stackoverflow,python,2022,web frontend
stackoverflow,r,2021,data_ai
stackoverflow,python,2021,data_ai
stackoverflow,python,2020,data_ai
stackoverflow,r,2022,web backend
stackoverflow,java,2022,web backend
stackoverflow,python,2022,data_ai
stackoverflow,r,2020,developer tools
stackoverflow,python,2020,developer tools
stackoverflow,c++,2021,developer tools
stackoverflow,c,2021,developer tools
stackoverflow,c,2021,developer tools
stackoverflow,scala,2021,developer tools
stackoverflow,r,2021,developer tools
stackoverflow,python,2021,developer tools
stackoverflow,r,2020,data_ai
stackoverflow,python,2020,data_ai
stackoverflow,r,2022,data_ai
stackoverflow,python,2022,data_ai
stackoverflow,c,2020,developer tools
stackoverflow,c#,2020,developer tools
stackoverflow,java,2020,developer tools
stackoverflow,python,2022,data_ai
stackoverflow,c,2020,testing_qa
stackoverflow,go,2020,testing_qa
stackoverflow,c,2020,data_ai
stackoverflow,python,2020,data_ai
stackoverflow,c++,2020,developer tools
stackoverflow,c,2020,developer tools
stackoverflow,c,2022,developer tools
stackoverflow,rust,2021,developer tools
stackoverflow,r,2021,developer tools
stackoverflow,python,2020,developer tools
stackoverflow,r,2020,data_ai
stackoverflow,python,2020,data_ai
stackoverflow,c,2022,web backend
stackoverflow,c#,2022,web backend
stackoverflow,c++,2022,embedded
stackoverflow,c,2022,embedded
stackoverflow,c,2022,data_ai
stackoverflow,python,2022,developer tools
stackoverflow,c,2021,developer tools
stackoverflow,r,2021,developer tools
stackoverflow,php,2022,web backend
stackoverflow,python,2020,testing_qa
stackoverflow,c,2021,mobile
stackoverflow,c#,2021,mobile
stackoverflow,c,2020,web backend
stackoverflow,php,2020,web backend
stackoverflow,c++,2022,developer tools
stackoverflow,c,2022,developer tools
stackoverflow,c,2022,embedded
stackoverflow,c,2022,developer tools
stackoverflow,python,2022,developer tools
stackoverflow,python,2022,data_ai
stackoverflow,r,2020,data_ai
stackoverflow,python,2020,data_ai
stackoverflow,python,2022,data_ai
stackoverflow,rust,2020,data_ai
stackoverflow,r,2020,data_ai
stackoverflow,java,2021,data_ai
stackoverflow,r,2022,data_ai
stackoverflow,python,2022,data_ai
stackoverflow,c,2022,embedded
stackoverflow,sql,2020,data_ai
stackoverflow,python,2020,data_ai
stackoverflow,python,2022,data_ai
stackoverflow,r,2022,developer tools
stackoverflow,python,2022,developer tools
stackoverflow,ruby,2022,developer tools
stackoverflow,r,2022,developer tools
stackoverflow,c,2021,game
stackoverflow,c#,2021,game
stackoverflow,php,2022,web backend
stackoverflow,python,2020,data_ai
stackoverflow,r,2022,developer tools
stackoverflow,python,2022,developer tools
stackoverflow,python,2021,data_ai
stackoverflow,python,2022,developer tools
stackoverflow,php,2020,web backend
stackoverflow,python,2021,developer tools
stackoverflow,r,2020,developer tools
stackoverflow,haskell,2020,developer tools
stackoverflow,r,2021,data_ai
stackoverflow,python,2021,data_ai
stackoverflow,python,2020,game
stackoverflow,python,2021,developer tools
stackoverflow,r,2022,data_ai
stackoverflow,python,2022,data_ai
stackoverflow,c,2021,developer tools
stackoverflow,java,2021,developer tools
stackoverflow,c,2021,embedded
stackoverflow,c#,2021,embedded
stackoverflow,c++,2022,embedded
stackoverflow,c,2022,embedded
stackoverflow,r,2021,data_ai
stackoverflow,python,2021,data_ai
stackoverflow,python,2021,data_ai
stackoverflow,r,2022,data_ai
stackoverflow,python,2022,data_ai
stackoverflow,java,2020,web backend
stackoverflow,c++,2021,embedded
stackoverflow,c,2021,embedded
stackoverflow,c,2022,developer tools
stackoverflow,c++,2020,embedded
stackoverflow,c,2020,embedded
stackoverflow,r,2022,data_ai
stackoverflow,python,2022,data_ai
stackoverflow,c++,2021,embedded
stackoverflow,c,2021,embedded
stackoverflow,c,2020,web backend
stackoverflow,java,2020,web backend
stackoverflow,c,2020,web backend
stackoverflow,php,2020,web backend
stackoverflow,r,2021,data_ai
stackoverflow,python,2021,data_ai
stackoverflow,go,2020,devops_cloud
stackoverflow,r,2021,developer tools
stackoverflow,python,2021,developer tools
stackoverflow,c,2022,embedded
stackoverflow,r,2022,embedded
stackoverflow,c,2021,devops_cloud
stackoverflow,python,2021,devops_cloud
stackoverflow,python,2020,data_ai
stackoverflow,python,2021,web backend
stackoverflow,r,2020,data_ai
stackoverflow,python,2020,data_ai
stackoverflow,r,2022,data_ai
stackoverflow,python,2022,data_ai
stackoverflow,python,2022,developer tools
stackoverflow,rust,2020,embedded
stackoverflow,r,2020,embedded
stackoverflow,c,2022,developer tools
stackoverflow,r,2022,developer tools
stackoverflow,r,2022,data_ai
stackoverflow,python,2022,data_ai
stackoverflow,python,2020,developer tools
stackoverflow,r,2022,data_ai
stackoverflow,python,2022,data_ai
stackoverflow,r,2021,embedded
stackoverflow,python,2021,embedded
stackoverflow,python,2021,testing_qa
stackoverflow,r,2020,web backend
stackoverflow,php,2020,web backend
stackoverflow,r,2022,data_ai
stackoverflow,python,2022,data_ai
stackoverflow,r,2022,web backend
stackoverflow,python,2022,web backend
stackoverflow,python,2020,data_ai
stackoverflow,r,2020,data_ai
stackoverflow,python,2020,data_ai
stackoverflow,c++,2021,embedded
stackoverflow,c,2021,embedded
stackoverflow,c,2022,developer tools
stackoverflow,python,2022,developer tools
stackoverflow,r,2022,developer tools
stackoverflow,java,2022,developer tools
stackoverflow,r,2021,data_ai
stackoverflow,python,2021,data_ai
stackoverflow,r,2021,data_ai
stackoverflow,python,2021,data_ai
stackoverflow,r,2022,developer tools
stackoverflow,python,2022,developer tools
stackoverflow,c,2022,developer tools
stackoverflow,python,2022,developer tools
stackoverflow,r,2021,developer tools
stackoverflow,python,2021,developer tools
stackoverflow,c,2022,data_ai
stackoverflow,python,2022,data_ai
stackoverflow,r,2021,embedded
stackoverflow,python,2021,embedded
stackoverflow,c,2021,embedded
stackoverflow,r,2021,embedded
stackoverflow,python,2020,game
stackoverflow,python,2021,embedded
stackoverflow,r,2021,data_ai
stackoverflow,java,2021,data_ai
stackoverflow,python,2021,data_ai
stackoverflow,matlab,2020,data_ai
stackoverflow,python,2020,data_ai
stackoverflow,python,2022,embedded
stackoverflow,c,2020,embedded
stackoverflow,r,2020,embedded
stackoverflow,c++,2020,developer tools
stackoverflow,c,2020,developer tools
stackoverflow,c++,2021,developer tools
stackoverflow,c,2021,developer tools
stackoverflow,python,2021,iot
stackoverflow,r,2020,data_ai
stackoverflow,python,2020,data_ai
stackoverflow,r,2020,developer tools
stackoverflow,python,2020,developer tools
stackoverflow,c,2022,embedded
stackoverflow,r,2022,embedded
stackoverflow,r,2020,data_ai
stackoverflow,python,2020,data_ai
stackoverflow,c,2021,developer tools
stackoverflow,c#,2021,developer tools
stackoverflow,shell,2022,developer tools
stackoverflow,python,2022,developer tools
stackoverflow,r,2021,web backend
stackoverflow,php,2021,web backend
stackoverflow,python,2022,developer tools
stackoverflow,typescript,2021,data_ai
stackoverflow,python,2021,data_ai
stackoverflow,python,2021,developer tools
stackoverflow,c,2020,developer tools
stackoverflow,python,2020,developer tools
stackoverflow,r,2021,data_ai
stackoverflow,haskell,2021,data_ai
stackoverflow,python,2021,web backend
stackoverflow,c++,2021,embedded
stackoverflow,c,2021,embedded
stackoverflow,rust,2022,developer tools
stackoverflow,r,2022,developer tools
stackoverflow,c,2021,embedded
stackoverflow,r,2021,embedded
stackoverflow,python,2021,data_ai
stackoverflow,r,2020,embedded
stackoverflow,java,2020,embedded
stackoverflow,r,2021,data_ai
stackoverflow,python,2021,data_ai
stackoverflow,python,2022,data_ai
stackoverflow,haskell,2020,data_ai
stackoverflow,c,2022,game
stackoverflow,c#,2022,game
stackoverflow,python,2022,developer tools
stackoverflow,c,2022,developer tools
stackoverflow,python,2022,developer tools
stackoverflow,python,2021,developer tools
stackoverflow,python,2022,data_ai
stackoverflow,php,2020,web frontend
stackoverflow,r,2021,testing_qa
stackoverflow,java,2021,testing_qa
stackoverflow,python,2021,data_ai
stackoverflow,r,2020,data_ai
stackoverflow,python,2020,data_ai
stackoverflow,c,2020,embedded
stackoverflow,r,2020,embedded
stackoverflow,r,2022,developer tools
stackoverflow,dart,2022,developer tools
stackoverflow,python,2022,data_ai
stackoverflow,c,2022,developer tools
stackoverflow,c,2021,developer tools
stackoverflow,r,2022,data_ai
stackoverflow,python,2022,data_ai
stackoverflow,python,2021,data_ai
stackoverflow,typescript,2022,data_ai
stackoverflow,python,2022,data_ai
stackoverflow,c,2020,web backend
stackoverflow,php,2020,web backend
stackoverflow,c++,2022,embedded
stackoverflow,c,2022,embedded
stackoverflow,swift,2020,mobile
stackoverflow,c++,2021,embedded
stackoverflow,c,2021,embedded
stackoverflow,r,2020,data_ai
stackoverflow,java,2020,data_ai
stackoverflow,python,2020,developer tools
stackoverflow,java,2021,web backend
stackoverflow,python,2022,developer tools
stackoverflow,r,2022,data_ai
stackoverflow,python,2022,data_ai
stackoverflow,c,2022,embedded
stackoverflow,r,2022,embedded
stackoverflow,r,2021,developer tools
stackoverflow,python,2021,developer tools
stackoverflow,python,2021,data_ai
stackoverflow,c,2020,developer tools
stackoverflow,c#,2020,developer tools
stackoverflow,r,2021,iot
stackoverflow,php,2021,iot
stackoverflow,r,2022,data_ai
stackoverflow,python,2022,data_ai
stackoverflow,r,2022,developer tools
stackoverflow,java,2022,developer tools
stackoverflow,r,2022,developer tools
stackoverflow,python,2022,developer tools
stackoverflow,python,2020,data_ai
stackoverflow,r,2021,embedded
stackoverflow,python,2021,embedded
stackoverflow,c,2020,data_ai
stackoverflow,c#,2020,data_ai
stackoverflow,r,2022,data_ai
stackoverflow,python,2022,data_ai
stackoverflow,python,2022,developer tools
stackoverflow,c,2021,developer tools
stackoverflow,c,2021,embedded
stackoverflow,java,2021,embedded
stackoverflow,ruby,2020,developer tools
stackoverflow,r,2020,developer tools
stackoverflow,c,2022,developer tools
stackoverflow,c#,2022,developer tools
stackoverflow,go,2021,embedded
stackoverflow,python,2021,embedded
stackoverflow,c,2022,data_ai
stackoverflow,r,2022,data_ai
stackoverflow,c,2021,data_ai
stackoverflow,python,2021,data_ai
stackoverflow,python,2022,embedded
stackoverflow,c++,2021,embedded
stackoverflow,c,2021,embedded
stackoverflow,python,2020,data_ai
stackoverflow,c++,2021,developer tools
stackoverflow,c,2021,developer tools
stackoverflow,python,2022,data_ai
stackoverflow,c,2021,developer tools
stackoverflow,c#,2021,developer tools
stackoverflow,r,2021,data_ai
stackoverflow,python,2021,data_ai
stackoverflow,r,2021,data_ai
stackoverflow,python,2021,data_ai
stackoverflow,python,2021,data_ai
stackoverflow,python,2020,data_ai
stackoverflow,r,2022,developer tools
stackoverflow,python,2022,developer tools
stackoverflow,r,2021,developer tools
stackoverflow,python,2021,developer tools
stackoverflow,r,2020,data_ai
stackoverflow,python,2020,data_ai
stackoverflow,python,2020,embedded
stackoverflow,python,2021,data_ai
stackoverflow,r,2021,data_ai
stackoverflow,python,2021,data_ai
stackoverflow,python,2020,security
stackoverflow,python,2021,developer tools
stackoverflow,rust,2021,developer tools
stackoverflow,r,2021,developer tools
stackoverflow,typescript,2021,web backend
stackoverflow,go,2021,web backend
stackoverflow,r,2020,data_ai
stackoverflow,python,2020,data_ai
stackoverflow,c++,2020,embedded
stackoverflow,c,2020,embedded
stackoverflow,c,2021,developer tools
stackoverflow,scala,2021,developer tools
stackoverflow,c,2022,embedded
stackoverflow,r,2022,embedded
stackoverflow,c++,2020,web backend
stackoverflow,c,2020,web backend
stackoverflow,python,2021,embedded
stackoverflow,python,2020,data_ai
stackoverflow,c,2020,data_ai
stackoverflow,ruby,2020,developer tools
stackoverflow,r,2020,developer tools
stackoverflow,r,2020,data_ai
stackoverflow,python,2020,data_ai
stackoverflow,c++,2022,embedded
stackoverflow,c,2022,embedded
stackoverflow,r,2022,data_ai
stackoverflow,python,2022,data_ai
stackoverflow,c,2021,developer tools
stackoverflow,java,2021,developer tools
stackoverflow,r,2021,web backend
stackoverflow,java,2021,web backend
stackoverflow,r,2022,data_ai
stackoverflow,python,2022,data_ai
stackoverflow,c++,2022,embedded
stackoverflow,c,2022,embedded
stackoverflow,python,2021,data_ai
stackoverflow,c,2022,developer tools
stackoverflow,c#,2022,developer tools
stackoverflow,c,2022,data_ai
stackoverflow,python,2022,data_ai
stackoverflow,java,2020,data_ai
stackoverflow,r,2020,developer tools
stackoverflow,java,2020,developer tools
stackoverflow,r,2021,data_ai
stackoverflow,python,2021,data_ai
stackoverflow,php,2021,web backend
stackoverflow,python,2020,data_ai
stackoverflow,r,2021,data_ai
stackoverflow,python,2021,data_ai
stackoverflow,r,2021,data_ai
stackoverflow,python,2021,data_ai
stackoverflow,r,2021,data_ai
stackoverflow,python,2021,data_ai
stackoverflow,python,2020,developer tools
stackoverflow,c,2020,testing_qa
stackoverflow,java,2020,testing_qa
stackoverflow,r,2021,data_ai
stackoverflow,python,2021,data_ai
stackoverflow,python,2020,data_ai
stackoverflow,c,2020,embedded
stackoverflow,r,2020,embedded
stackoverflow,c,2021,developer tools
stackoverflow,python,2021,developer tools
stackoverflow,java,2020,web backend
stackoverflow,python,2020,game
stackoverflow,r,2020,developer tools
stackoverflow,python,2020,developer tools
stackoverflow,haskell,2020,data_ai
stackoverflow,c,2021,data_ai
stackoverflow,c#,2021,data_ai
stackoverflow,c,2020,data_ai
stackoverflow,python,2020,data_ai
stackoverflow,python,2020,data_ai
stackoverflow,rust,2021,developer tools
stackoverflow,r,2021,developer tools
stackoverflow,php,2020,web backend
stackoverflow,r,2022,data_ai
stackoverflow,python,2022,data_ai
stackoverflow,c,2020,developer tools
stackoverflow,python,2020,developer tools
stackoverflow,r,2022,data_ai
stackoverflow,python,2022,data_ai
stackoverflow,c,2022,developer tools
stackoverflow,java,2022,developer tools
stackoverflow,c,2022,iot
stackoverflow,python,2022,iot
stackoverflow,python,2021,data_ai
stackoverflow,r,2022,embedded
stackoverflow,python,2022,embedded
stackoverflow,python,2021,data_ai
stackoverflow,r,2021,developer tools
stackoverflow,python,2021,developer tools
stackoverflow,r,2022,data_ai
stackoverflow,python,2022,data_ai
stackoverflow,python,2022,developer tools
stackoverflow,c,2022,developer tools
stackoverflow,c#,2022,developer tools
stackoverflow,python,2022,data_ai
stackoverflow,c,2022,game
stackoverflow,c#,2022,game
stackoverflow,r,2021,mobile
stackoverflow,swift,2021,mobile
stackoverflow,r,2022,data_ai
stackoverflow,python,2022,data_ai
stackoverflow,r,2021,developer tools
stackoverflow,python,2021,developer tools
stackoverflow,r,2021,data_ai
stackoverflow,python,2021,data_ai
stackoverflow,r,2021,data_ai
stackoverflow,python,2021,data_ai
stackoverflow,r,2020,developer tools
stackoverflow,python,2020,developer tools
stackoverflow,c,2022,embedded
stackoverflow,r,2022,embedded
stackoverflow,java,2021,developer tools
stackoverflow,python,2022,testing_qa
stackoverflow,python,2021,web backend
stackoverflow,r,2021,data_ai
stackoverflow,python,2021,data_ai
stackoverflow,python,2022,data_ai
stackoverflow,r,2020,data_ai
stackoverflow,python,2020,data_ai
stackoverflow,c++,2022,developer tools
stackoverflow,c,2022,developer tools
stackoverflow,c,2021,data_ai
stackoverflow,python,2021,data_ai
stackoverflow,c,2020,developer tools
stackoverflow,c#,2020,developer tools
stackoverflow,rust,2021,developer tools
stackoverflow,r,2021,developer tools
stackoverflow,python,2022,game
stackoverflow,haskell,2020,developer tools
stackoverflow,r,2022,developer tools
stackoverflow,java,2022,developer tools
stackoverflow,shell,2020,web frontend
stackoverflow,python,2020,web frontend
stackoverflow,r,2020,developer tools
stackoverflow,java,2020,developer tools
stackoverflow,r,2022,data_ai
stackoverflow,python,2022,data_ai
stackoverflow,java,2021,web backend
stackoverflow,r,2021,security
stackoverflow,elixir,2021,security
stackoverflow,c,2020,embedded
stackoverflow,r,2022,developer tools
stackoverflow,go,2022,developer tools
stackoverflow,python,2020,data_ai
stackoverflow,c,2021,game
stackoverflow,c#,2021,game
stackoverflow,python,2020,data_ai
stackoverflow,python,2022,data_ai
stackoverflow,c++,2021,embedded
stackoverflow,c,2021,embedded
stackoverflow,python,2022,data_ai
stackoverflow,python,2022,developer tools
stackoverflow,java,2021,web backend
stackoverflow,c,2020,embedded
stackoverflow,c,2021,embedded
stackoverflow,r,2022,developer tools
stackoverflow,java,2022,developer tools
stackoverflow,python,2022,developer tools
stackoverflow,rust,2022,embedded
stackoverflow,r,2022,embedded
stackoverflow,python,2022,data_ai
stackoverflow,c++,2022,embedded
stackoverflow,c,2022,embedded
stackoverflow,c++,2021,embedded
stackoverflow,c,2021,embedded
stackoverflow,python,2021,data_ai
stackoverflow,c,2022,developer tools
stackoverflow,r,2022,developer tools
stackoverflow,python,2020,web frontend
stackoverflow,r,2021,developer tools
stackoverflow,java,2021,developer tools
stackoverflow,r,2020,data_ai
stackoverflow,python,2020,data_ai
stackoverflow,python,2020,developer tools
stackoverflow,python,2020,data_ai
stackoverflow,c,2021,embedded
stackoverflow,haskell,2022,developer tools
stackoverflow,python,2022,data_ai
stackoverflow,python,2022,data_ai
stackoverflow,python,2020,developer tools
stackoverflow,c,2021,developer tools
stackoverflow,python,2020,data_ai
stackoverflow,c++,2020,developer tools
stackoverflow,c,2020,developer tools
stackoverflow,go,2020,developer tools
stackoverflow,r,2020,web backend
stackoverflow,java,2020,web backend
stackoverflow,r,2020,data_ai
stackoverflow,python,2020,data_ai
stackoverflow,java,2020,developer tools
stackoverflow,r,2020,data_ai
stackoverflow,python,2020,data_ai
stackoverflow,c,2022,embedded
stackoverflow,r,2022,embedded
stackoverflow,r,2022,developer tools
stackoverflow,dart,2022,developer tools
stackoverflow,r,2020,data_ai
stackoverflow,python,2020,data_ai
stackoverflow,r,2022,data_ai
stackoverflow,python,2022,data_ai
stackoverflow,c++,2020,embedded
stackoverflow,c,2020,embedded
stackoverflow,r,2021,data_ai
stackoverflow,python,2021,data_ai
stackoverflow,r,2020,data_ai
stackoverflow,python,2020,data_ai
stackoverflow,python,2022,developer tools
stackoverflow,c,2020,testing_qa
stackoverflow,r,2020,testing_qa
stackoverflow,python,2020,data_ai
stackoverflow,c,2020,web backend
stackoverflow,php,2020,web backend
stackoverflow,python,2022,developer tools
stackoverflow,python,2020,data_ai
stackoverflow,java,2021,developer tools
stackoverflow,r,2020,data_ai
stackoverflow,python,2020,data_ai
stackoverflow,haskell,2021,developer tools
stackoverflow,c++,2021,developer tools
stackoverflow,c,2021,developer tools
stackoverflow,c,2020,game
stackoverflow,c#,2020,game
stackoverflow,c,2022,embedded
stackoverflow,python,2022,embedded
stackoverflow,c,2021,embedded
stackoverflow,r,2021,embedded
stackoverflow,python,2022,data_ai
stackoverflow,lua,2021,developer tools
stackoverflow,rust,2021,developer tools
stackoverflow,r,2021,developer tools
stackoverflow,python,2020,game
stackoverflow,python,2021,developer tools
stackoverflow,python,2022,web frontend
stackoverflow,rust,2022,developer tools
stackoverflow,r,2022,developer tools
stackoverflow,c,2020,data_ai
stackoverflow,c#,2020,data_ai
stackoverflow,python,2021,data_ai
stackoverflow,r,2022,developer tools
stackoverflow,kotlin,2022,developer tools
stackoverflow,haskell,2022,developer tools
stackoverflow,c++,2021,developer tools
stackoverflow,c,2021,developer tools
stackoverflow,c++,2021,developer tools
stackoverflow,c,2021,developer tools
stackoverflow,c,2022,developer tools
stackoverflow,r,2022,developer tools
stackoverflow,python,2020,data_ai
stackoverflow,r,2021,data_ai
stackoverflow,python,2021,data_ai
stackoverflow,ruby,2022,web backend
stackoverflow,r,2022,web backend
stackoverflow,java,2022,embedded
stackoverflow,java,2020,developer tools
stackoverflow,r,2022,data_ai
stackoverflow,java,2022,data_ai
stackoverflow,ruby,2020,web backend
stackoverflow,r,2020,web backend
stackoverflow,r,2020,web backend
stackoverflow,php,2020,web backend
stackoverflow,php,2020,web backend
stackoverflow,r,2021,developer tools
stackoverflow,java,2021,developer tools
stackoverflow,python,2020,data_ai
stackoverflow,c,2021,game
stackoverflow,c#,2021,game
stackoverflow,r,2022,data_ai
stackoverflow,python,2022,data_ai
stackoverflow,c,2020,data_ai
stackoverflow,python,2020,data_ai
stackoverflow,r,2020,data_ai
stackoverflow,python,2020,data_ai
stackoverflow,r,2021,mobile
stackoverflow,swift,2021,mobile
stackoverflow,lua,2021,embedded
stackoverflow,c++,2022,developer tools
stackoverflow,c,2022,developer tools
stackoverflow,python,2022,developer tools
stackoverflow,r,2020,web backend
stackoverflow,python,2020,web backend
stackoverflow,r,2021,data_ai
stackoverflow,python,2021,data_ai
stackoverflow,c,2022,data_ai
stackoverflow,python,2022,data_ai
stackoverflow,r,2020,data_ai
stackoverflow,python,2020,data_ai
stackoverflow,r,2021,data_ai
stackoverflow,python,2021,data_ai
stackoverflow,python,2020,data_ai
stackoverflow,r,2021,data_ai
stackoverflow,python,2021,data_ai
stackoverflow,r,2021,developer tools
stackoverflow,python,2021,developer tools
stackoverflow,c++,2021,developer tools
stackoverflow,c,2021,developer tools
stackoverflow,c++,2020,embedded
stackoverflow,c,2020,embedded
stackoverflow,r,2021,developer tools
stackoverflow,java,2021,developer tools
stackoverflow,java,2022,web backend
stackoverflow,c,2022,embedded
stackoverflow,r,2022,embedded
stackoverflow,c++,2021,embedded
stackoverflow,c,2021,embedded
stackoverflow,c,2020,embedded
stackoverflow,go,2020,embedded
stackoverflow,python,2022,data_ai
stackoverflow,r,2020,developer tools
stackoverflow,python,2020,developer tools
stackoverflow,r,2021,data_ai
stackoverflow,python,2021,data_ai
stackoverflow,python,2021,data_ai
stackoverflow,python,2020,developer tools
stackoverflow,r,2020,developer tools
stackoverflow,python,2020,developer tools
stackoverflow,python,2020,developer tools
stackoverflow,r,2022,developer tools
stackoverflow,python,2022,developer tools
stackoverflow,r,2020,data_ai
stackoverflow,python,2020,data_ai
stackoverflow,c,2020,embedded
stackoverflow,python,2020,data_ai
stackoverflow,c,2021,developer tools
stackoverflow,scala,2021,developer tools
stackoverflow,r,2020,embedded
stackoverflow,python,2020,embedded
stackoverflow,c,2021,embedded
stackoverflow,r,2021,embedded
stackoverflow,c++,2022,developer tools
stackoverflow,c,2022,developer tools
stackoverflow,r,2021,data_ai
stackoverflow,java,2021,data_ai
stackoverflow,c,2022,embedded
stackoverflow,r,2022,embedded
stackoverflow,java,2021,developer tools
stackoverflow,python,2020,developer tools
stackoverflow,r,2022,data_ai
stackoverflow,python,2022,data_ai
stackoverflow,c,2022,data_ai
stackoverflow,c#,2022,data_ai
stackoverflow,c,2022,testing_qa
stackoverflow,c#,2022,testing_qa
stackoverflow,r,2021,data_ai
stackoverflow,python,2021,data_ai
stackoverflow,r,2020,developer tools
stackoverflow,python,2020,developer tools
stackoverflow,java,2021,developer tools
stackoverflow,c,2020,data_ai
stackoverflow,python,2020,data_ai
stackoverflow,java,2022,embedded
stackoverflow,kotlin,2022,embedded
stackoverflow,python,2022,embedded
stackoverflow,c,2022,developer tools
stackoverflow,python,2022,developer tools
stackoverflow,python,2022,embedded
stackoverflow,python,2022,data_ai
stackoverflow,python,2021,data_ai
stackoverflow,r,2021,data_ai
stackoverflow,python,2021,data_ai
stackoverflow,r,2020,data_ai
stackoverflow,python,2020,data_ai
stackoverflow,c,2022,developer tools
stackoverflow,c,2020,embedded
stackoverflow,c#,2020,embedded
stackoverflow,c++,2020,developer tools
stackoverflow,c,2020,developer tools
stackoverflow,r,2022,web backend
stackoverflow,java,2022,web backend
stackoverflow,kotlin,2021,developer tools
stackoverflow,r,2020,developer tools
stackoverflow,python,2020,developer tools
stackoverflow,php,2020,data_ai
stackoverflow,python,2021,game
stackoverflow,c++,2020,embedded
stackoverflow,c,2020,embedded
stackoverflow,c++,2020,data_ai
stackoverflow,c,2020,data_ai
stackoverflow,c,2020,web backend
stackoverflow,c#,2020,web backend
stackoverflow,python,2021,developer tools
stackoverflow,r,2021,data_ai
stackoverflow,python,2021,data_ai
stackoverflow,r,2021,embedded
stackoverflow,c,2021,data_ai
stackoverflow,python,2021,data_ai
stackoverflow,r,2022,developer tools
stackoverflow,r,2022,data_ai
stackoverflow,python,2022,data_ai
stackoverflow,r,2022,data_ai
stackoverflow,kotlin,2022,data_ai
stackoverflow,c,2020,embedded
stackoverflow,r,2020,embedded
stackoverflow,rust,2021,data_ai
stackoverflow,r,2021,data_ai
stackoverflow,c,2020,embedded
stackoverflow,r,2022,data_ai
stackoverflow,python,2022,data_ai
stackoverflow,python,2022,data_ai
stackoverflow,r,2021,devops_cloud
stackoverflow,python,2021,devops_cloud
stackoverflow,python,2021,data_ai
stackoverflow,c,2022,embedded
stackoverflow,r,2022,embedded
stackoverflow,r,2020,data_ai
stackoverflow,python,2020,data_ai
stackoverflow,python,2020,data_ai
stackoverflow,c,2022,data_ai
stackoverflow,c#,2022,data_ai
stackoverflow,go,2022,developer tools
stackoverflow,r,2022,embedded
stackoverflow,python,2022,embedded
stackoverflow,r,2021,developer tools
stackoverflow,python,2021,developer tools
stackoverflow,r,2022,data_ai
stackoverflow,python,2022,data_ai
stackoverflow,c,2021,data_ai
stackoverflow,python,2021,data_ai
stackoverflow,r,2021,embedded
stackoverflow,python,2021,embedded
stackoverflow,c,2022,developer tools
stackoverflow,c#,2022,developer tools
stackoverflow,typescript,2021,network
stackoverflow,c,2021,network
stackoverflow,haskell,2020,data_ai
stackoverflow,r,2020,data_ai
stackoverflow,python,2020,data_ai
stackoverflow,r,2022,data_ai
stackoverflow,python,2022,data_ai
stackoverflow,kotlin,2020,developer tools
stackoverflow,python,2020,data_ai
stackoverflow,python,2022,data_ai
stackoverflow,r,2021,data_ai
stackoverflow,python,2021,data_ai
stackoverflow,r,2021,web backend
stackoverflow,python,2021,web backend
stackoverflow,c,2022,developer tools
stackoverflow,c#,2022,developer tools
stackoverflow,python,2020,data_ai
stackoverflow,c,2022,developer tools
stackoverflow,r,2022,developer tools
stackoverflow,python,2022,data_ai
stackoverflow,r,2020,data_ai
stackoverflow,java,2020,data_ai
stackoverflow,r,2020,data_ai
stackoverflow,python,2020,data_ai
stackoverflow,r,2020,data_ai
stackoverflow,python,2020,data_ai
stackoverflow,rust,2022,embedded
stackoverflow,r,2022,embedded
stackoverflow,rust,2022,developer tools
stackoverflow,r,2022,developer tools
stackoverflow,python,2020,data_ai
stackoverflow,r,2020,data_ai
stackoverflow,python,2020,data_ai
stackoverflow,python,2021,game
stackoverflow,python,2020,embedded
stackoverflow,c,2021,developer tools
stackoverflow,c++,2022,embedded
stackoverflow,c,2022,embedded
stackoverflow,c,2022,testing_qa
stackoverflow,swift,2022,testing_qa
stackoverflow,c,2022,data_ai
stackoverflow,python,2022,data_ai
stackoverflow,r,2022,web backend
stackoverflow,php,2022,web backend
stackoverflow,python,2022,data_ai
stackoverflow,c,2020,data_ai
stackoverflow,python,2020,data_ai
stackoverflow,c++,2021,game
stackoverflow,c,2021,game
stackoverflow,r,2021,data_ai
stackoverflow,python,2021,data_ai
stackoverflow,r,2021,data_ai
stackoverflow,python,2021,data_ai
stackoverflow,python,2020,data_ai
stackoverflow,c,2020,embedded
stackoverflow,scala,2020,embedded
stackoverflow,java,2022,developer tools
stackoverflow,php,2021,web frontend
stackoverflow,c,2020,developer tools
stackoverflow,r,2020,developer tools
stackoverflow,r,2021,data_ai
stackoverflow,python,2021,data_ai
stackoverflow,kotlin,2022,mobile
stackoverflow,c,2020,data_ai
stackoverflow,c#,2020,data_ai
stackoverflow,python,2022,data_ai
stackoverflow,assembly,2022,embedded
stackoverflow,c,2022,embedded
stackoverflow,python,2021,data_ai
stackoverflow,python,2021,data_ai
stackoverflow,c,2022,developer tools
stackoverflow,kotlin,2022,developer tools
stackoverflow,r,2020,data_ai
stackoverflow,python,2020,data_ai
stackoverflow,c++,2022,developer tools
stackoverflow,c,2022,developer tools
stackoverflow,r,2021,data_ai
stackoverflow,python,2021,data_ai
stackoverflow,c,2021,testing_qa
stackoverflow,scala,2021,testing_qa
stackoverflow,c,2020,developer tools
stackoverflow,c#,2020,developer tools
stackoverflow,c,2020,developer tools
stackoverflow,scala,2020,developer tools
stackoverflow,r,2020,developer tools
stackoverflow,python,2020,developer tools
stackoverflow,r,2022,data_ai
stackoverflow,java,2022,data_ai
stackoverflow,r,2020,web backend
stackoverflow,php,2020,web backend
stackoverflow,c,2022,enterprise
stackoverflow,c#,2022,enterprise
stackoverflow,c,2022,embedded
stackoverflow,r,2022,developer tools
stackoverflow,python,2022,developer tools
stackoverflow,python,2021,embedded
stackoverflow,php,2020,developer tools
stackoverflow,c++,2020,developer tools
stackoverflow,c,2020,developer tools
stackoverflow,r,2020,data_ai
stackoverflow,python,2020,data_ai
stackoverflow,r,2020,web backend
stackoverflow,python,2020,web backend
stackoverflow,c,2022,data_ai
stackoverflow,python,2022,data_ai
stackoverflow,c,2020,data_ai
stackoverflow,python,2020,data_ai
stackoverflow,c,2020,developer tools
stackoverflow,typescript,2022,data_ai
stackoverflow,r,2022,data_ai
stackoverflow,python,2022,data_ai
stackoverflow,python,2021,developer tools
stackoverflow,python,2020,developer tools
stackoverflow,c,2022,data_ai
stackoverflow,java,2022,data_ai
stackoverflow,c,2020,embedded
stackoverflow,r,2020,embedded
stackoverflow,c,2022,developer tools
stackoverflow,rust,2021,developer tools
stackoverflow,r,2021,developer tools
stackoverflow,python,2022,developer tools
stackoverflow,r,2021,data_ai
stackoverflow,python,2021,data_ai
stackoverflow,r,2020,web backend
stackoverflow,python,2020,web backend
stackoverflow,javascript,2021,developer tools
stackoverflow,java,2021,developer tools
stackoverflow,c++,2021,iot
stackoverflow,c,2021,iot
stackoverflow,python,2022,data_ai
stackoverflow,r,2020,data_ai
stackoverflow,python,2020,data_ai
stackoverflow,r,2021,data_ai
stackoverflow,python,2021,data_ai
stackoverflow,java,2020,developer tools
stackoverflow,c++,2022,web frontend
stackoverflow,c,2022,web frontend
stackoverflow,r,2022,data_ai
stackoverflow,python,2022,data_ai
stackoverflow,c,2022,embedded
stackoverflow,rust,2020,embedded
stackoverflow,r,2020,embedded
stackoverflow,c,2020,game
stackoverflow,c#,2020,game
stackoverflow,go,2020,web backend
stackoverflow,python,2021,developer tools
stackoverflow,r,2021,embedded
stackoverflow,java,2021,embedded
stackoverflow,r,2022,data_ai
stackoverflow,python,2022,data_ai
stackoverflow,python,2022,embedded
stackoverflow,python,2021,data_ai
stackoverflow,c,2020,developer tools
stackoverflow,java,2020,developer tools
stackoverflow,c++,2020,developer tools
stackoverflow,c,2020,developer tools
stackoverflow,r,2020,data_ai
stackoverflow,java,2020,data_ai
stackoverflow,c,2020,data_ai
stackoverflow,python,2020,data_ai
stackoverflow,r,2020,developer tools
stackoverflow,dart,2020,developer tools
stackoverflow,r,2021,data_ai
stackoverflow,java,2021,data_ai
stackoverflow,c,2020,game
stackoverflow,python,2020,game
stackoverflow,python,2020,developer tools
stackoverflow,c,2022,developer tools
stackoverflow,r,2022,developer tools
stackoverflow,python,2021,data_ai
stackoverflow,shell,2021,developer tools
stackoverflow,python,2021,developer tools
stackoverflow,python,2021,data_ai
stackoverflow,python,2022,developer tools
stackoverflow,python,2021,embedded
stackoverflow,r,2021,data_ai
stackoverflow,python,2021,data_ai
stackoverflow,python,2020,data_ai
stackoverflow,r,2020,developer tools
stackoverflow,python,2020,developer tools
stackoverflow,python,2022,embedded
stackoverflow,python,2021,developer tools
stackoverflow,c,2021,embedded
stackoverflow,c,2022,developer tools
stackoverflow,r,2022,developer tools
stackoverflow,java,2022,developer tools
stackoverflow,c,2022,developer tools
stackoverflow,r,2022,developer tools
stackoverflow,r,2020,data_ai
stackoverflow,python,2020,data_ai
stackoverflow,python,2020,data_ai
stackoverflow,r,2022,developer tools
stackoverflow,python,2022,developer tools
stackoverflow,r,2020,data_ai
stackoverflow,python,2020,data_ai
stackoverflow,c,2022,mobile
stackoverflow,kotlin,2022,mobile
stackoverflow,python,2020,data_ai
stackoverflow,c,2020,data_ai
stackoverflow,c#,2020,data_ai
stackoverflow,rust,2022,developer tools
stackoverflow,r,2022,developer tools
stackoverflow,r,2020,data_ai
stackoverflow,python,2020,data_ai
stackoverflow,c,2022,embedded
stackoverflow,r,2022,embedded
stackoverflow,c,2022,data_ai
stackoverflow,python,2022,data_ai
stackoverflow,c,2022,developer tools
stackoverflow,rust,2022,embedded
stackoverflow,r,2022,embedded
stackoverflow,python,2021,data_ai
stackoverflow,c,2020,embedded
stackoverflow,r,2020,web backend
stackoverflow,php,2020,web backend
stackoverflow,java,2020,developer tools
stackoverflow,r,2020,data_ai
stackoverflow,python,2020,data_ai
stackoverflow,r,2021,data_ai
stackoverflow,python,2021,data_ai
stackoverflow,java,2020,developer tools
stackoverflow,kotlin,2022,data_ai
stackoverflow,r,2021,mobile
stackoverflow,python,2021,mobile
stackoverflow,r,2021,data_ai
stackoverflow,python,2021,data_ai
stackoverflow,c,2021,data_ai
stackoverflow,r,2021,data_ai
stackoverflow,r,2021,developer tools
stackoverflow,python,2021,developer tools
stackoverflow,python,2022,embedded
stackoverflow,r,2021,data_ai
stackoverflow,python,2021,data_ai
stackoverflow,r,2021,data_ai
stackoverflow,python,2021,data_ai
stackoverflow,c,2020,developer tools
stackoverflow,c#,2020,developer tools
stackoverflow,python,2022,testing_qa
stackoverflow,python,2022,developer tools
stackoverflow,python,2022,data_ai
stackoverflow,python,2021,data_ai
stackoverflow,r,2021,data_ai
stackoverflow,python,2021,data_ai
stackoverflow,c,2022,data_ai
stackoverflow,python,2022,data_ai
stackoverflow,python,2021,web backend
stackoverflow,c++,2020,data_ai
stackoverflow,c,2020,data_ai
stackoverflow,r,2021,data_ai
stackoverflow,python,2021,data_ai
stackoverflow,r,2022,data_ai
stackoverflow,python,2022,data_ai
stackoverflow,c,2021,data_ai
stackoverflow,python,2021,data_ai
stackoverflow,java,2020,web backend
stackoverflow,python,2022,developer tools
stackoverflow,python,2022,data_ai
stackoverflow,r,2021,data_ai
stackoverflow,python,2021,data_ai
stackoverflow,r,2020,data_ai
stackoverflow,java,2020,data_ai
stackoverflow,c,2022,game
stackoverflow,c#,2022,game
stackoverflow,python,2020,data_ai
stackoverflow,r,2020,data_ai
stackoverflow,python,2020,data_ai
stackoverflow,r,2022,data_ai
stackoverflow,php,2022,data_ai
stackoverflow,c,2022,game
stackoverflow,swift,2022,game
stackoverflow,r,2020,developer tools
stackoverflow,python,2020,developer tools
stackoverflow,c,2022,data_ai
stackoverflow,python,2021,data_ai
stackoverflow,r,2022,embedded
stackoverflow,python,2022,embedded
stackoverflow,r,2020,web backend
stackoverflow,java,2020,web backend
stackoverflow,r,2020,developer tools
stackoverflow,python,2020,developer tools
stackoverflow,r,2021,data_ai
stackoverflow,python,2021,data_ai
stackoverflow,r,2020,data_ai
stackoverflow,python,2020,data_ai
stackoverflow,r,2021,data_ai
stackoverflow,python,2021,data_ai
stackoverflow,python,2020,mobile
stackoverflow,r,2022,data_ai
stackoverflow,python,2022,data_ai
stackoverflow,r,2021,data_ai
stackoverflow,python,2021,data_ai
stackoverflow,php,2022,web backend
stackoverflow,r,2022,data_ai
stackoverflow,python,2022,data_ai
stackoverflow,java,2022,developer tools
stackoverflow,python,2022,developer tools
stackoverflow,java,2022,web backend
stackoverflow,r,2022,data_ai
stackoverflow,python,2022,data_ai
stackoverflow,c++,2020,developer tools
stackoverflow,c,2020,developer tools
stackoverflow,python,2020,game
stackoverflow,python,2022,game
stackoverflow,r,2020,developer tools
stackoverflow,java,2020,developer tools
stackoverflow,c,2022,embedded
stackoverflow,r,2020,data_ai
stackoverflow,python,2020,data_ai
stackoverflow,c,2022,developer tools
stackoverflow,r,2022,developer tools
stackoverflow,r,2021,data_ai
stackoverflow,python,2021,data_ai
stackoverflow,c++,2020,developer tools
stackoverflow,c,2020,developer tools
stackoverflow,c,2020,embedded
stackoverflow,r,2020,embedded
stackoverflow,python,2021,data_ai
stackoverflow,kotlin,2020,mobile
stackoverflow,c,2022,web backend
stackoverflow,c#,2022,web backend
stackoverflow,python,2021,game
stackoverflow,python,2022,data_ai
stackoverflow,c++,2022,embedded
stackoverflow,c,2022,embedded
stackoverflow,r,2020,developer tools
stackoverflow,python,2020,developer tools
stackoverflow,r,2021,data_ai
stackoverflow,python,2021,data_ai
stackoverflow,swift,2022,mobile
stackoverflow,c++,2021,embedded
stackoverflow,c,2021,embedded
stackoverflow,c,2020,data_ai
stackoverflow,c#,2020,data_ai
stackoverflow,c++,2021,data_ai
stackoverflow,c,2021,data_ai
stackoverflow,java,2020,data_ai
stackoverflow,python,2021,data_ai
stackoverflow,c,2020,web backend
stackoverflow,scala,2020,web backend
stackoverflow,python,2022,developer tools
stackoverflow,rust,2022,embedded
stackoverflow,r,2022,embedded
stackoverflow,r,2021,embedded
stackoverflow,python,2021,embedded
stackoverflow,python,2021,game
stackoverflow,c,2020,developer tools
stackoverflow,c#,2020,developer tools
stackoverflow,r,2022,developer tools
stackoverflow,python,2022,developer tools
stackoverflow,c,2022,web backend
stackoverflow,java,2022,web backend
stackoverflow,python,2022,developer tools
stackoverflow,c++,2021,developer tools
stackoverflow,c,2021,developer tools
stackoverflow,r,2022,developer tools
stackoverflow,python,2022,developer tools
stackoverflow,r,2020,web backend
stackoverflow,java,2020,web backend
stackoverflow,r,2021,developer tools
stackoverflow,java,2021,developer tools
stackoverflow,r,2020,data_ai
stackoverflow,python,2020,data_ai
stackoverflow,r,2022,devops_cloud
stackoverflow,python,2022,devops_cloud
stackoverflow,c,2021,embedded
stackoverflow,c#,2021,embedded
stackoverflow,rust,2022,developer tools
stackoverflow,r,2022,developer tools
stackoverflow,rust,2021,developer tools
stackoverflow,r,2021,developer tools
stackoverflow,python,2021,data_ai
stackoverflow,c,2020,developer tools
stackoverflow,java,2020,developer tools
stackoverflow,r,2022,developer tools
stackoverflow,python,2022,developer tools
stackoverflow,rust,2022,developer tools
stackoverflow,r,2022,developer tools
stackoverflow,r,2020,data_ai
stackoverflow,python,2020,data_ai
stackoverflow,python,2020,game
stackoverflow,python,2022,data_ai
stackoverflow,python,2021,embedded
stackoverflow,python,2021,data_ai
stackoverflow,java,2020,developer tools
stackoverflow,c,2022,embedded
stackoverflow,r,2020,web backend
stackoverflow,php,2020,web backend
stackoverflow,python,2020,developer tools
stackoverflow,c,2020,developer tools
stackoverflow,java,2020,developer tools
stackoverflow,r,2022,data_ai
stackoverflow,python,2022,data_ai
stackoverflow,r,2021,data_ai
stackoverflow,python,2021,data_ai
stackoverflow,c,2022,data_ai
stackoverflow,python,2022,data_ai
stackoverflow,c,2021,data_ai
stackoverflow,python,2021,data_ai
stackoverflow,c,2022,embedded
stackoverflow,c#,2022,embedded
stackoverflow,php,2020,web backend
stackoverflow,c,2022,embedded
stackoverflow,r,2022,embedded
stackoverflow,r,2022,data_ai
stackoverflow,c++,2021,embedded
stackoverflow,c,2021,embedded
stackoverflow,python,2020,web frontend
stackoverflow,ruby,2021,developer tools
stackoverflow,r,2021,developer tools
stackoverflow,python,2022,data_ai
stackoverflow,c,2021,developer tools
stackoverflow,python,2021,developer tools
stackoverflow,c,2020,developer tools
stackoverflow,python,2020,developer tools
stackoverflow,r,2021,data_ai
stackoverflow,python,2021,data_ai
stackoverflow,c,2020,developer tools
stackoverflow,r,2020,developer tools
stackoverflow,c,2020,developer tools
stackoverflow,haskell,2020,developer tools
stackoverflow,python,2020,data_ai
stackoverflow,r,2021,data_ai
stackoverflow,python,2021,data_ai
stackoverflow,python,2022,data_ai
stackoverflow,r,2022,data_ai
stackoverflow,python,2022,data_ai
stackoverflow,r,2022,data_ai
stackoverflow,python,2022,data_ai
stackoverflow,r,2022,data_ai
stackoverflow,python,2022,data_ai
stackoverflow,r,2021,devops_cloud
stackoverflow,java,2021,devops_cloud
stackoverflow,r,2021,developer tools
stackoverflow,python,2021,developer tools
stackoverflow,python,2022,data_ai
stackoverflow,r,2022,data_ai
stackoverflow,python,2022,data_ai
stackoverflow,c,2021,developer tools
stackoverflow,c#,2021,developer tools
stackoverflow,c,2020,developer tools
stackoverflow,python,2020,developer tools
stackoverflow,ruby,2021,web frontend
stackoverflow,r,2021,web frontend
stackoverflow,r,2020,mobile
stackoverflow,dart,2020,mobile
stackoverflow,python,2020,data_ai
stackoverflow,python,2021,developer tools
stackoverflow,python,2021,data_ai
stackoverflow,r,2020,data_ai
stackoverflow,python,2020,data_ai
stackoverflow,c++,2022,developer tools
stackoverflow,c,2022,developer tools
stackoverflow,python,2022,data_ai
stackoverflow,c,2020,developer tools
stackoverflow,python,2020,developer tools
stackoverflow,java,2021,developer tools
stackoverflow,c,2020,embedded
stackoverflow,c,2022,testing_qa
stackoverflow,go,2022,data_ai
stackoverflow,r,2022,data_ai
stackoverflow,rust,2022,developer tools
stackoverflow,r,2022,developer tools
stackoverflow,python,2022,web backend
stackoverflow,c,2022,embedded
stackoverflow,python,2022,data_ai
stackoverflow,python,2022,data_ai
stackoverflow,python,2021,developer tools
stackoverflow,c++,2021,embedded
stackoverflow,c,2021,embedded
stackoverflow,c,2021,testing_qa
stackoverflow,c#,2021,testing_qa
stackoverflow,r,2021,data_ai
stackoverflow,python,2021,data_ai
stackoverflow,python,2020,data_ai
stackoverflow,c,2022,data_ai
stackoverflow,python,2022,data_ai
stackoverflow,r,2022,data_ai
stackoverflow,python,2022,data_ai
stackoverflow,r,2020,data_ai
stackoverflow,python,2020,data_ai
stackoverflow,kotlin,2021,embedded
stackoverflow,c,2020,developer tools
stackoverflow,c#,2020,developer tools
stackoverflow,python,2021,data_ai
stackoverflow,r,2021,data_ai
stackoverflow,python,2021,data_ai
stackoverflow,c,2021,data_ai
stackoverflow,java,2021,data_ai
stackoverflow,python,2021,data_ai
stackoverflow,c,2022,data_ai
stackoverflow,python,2020,data_ai
stackoverflow,python,2022,embedded
stackoverflow,python,2022,data_ai
stackoverflow,python,2020,game
stackoverflow,python,2021,data_ai
stackoverflow,python,2021,data_ai
stackoverflow,rust,2020,developer tools
stackoverflow,r,2020,developer tools
stackoverflow,r,2022,developer tools
stackoverflow,python,2022,developer tools
stackoverflow,python,2020,data_ai
stackoverflow,r,2022,data_ai
stackoverflow,python,2022,data_ai
stackoverflow,python,2022,developer tools
stackoverflow,c,2022,developer tools
stackoverflow,java,2022,developer tools
stackoverflow,c,2022,data_ai
stackoverflow,python,2022,data_ai
stackoverflow,python,2020,embedded
stackoverflow,c,2021,developer tools
stackoverflow,python,2021,developer tools
stackoverflow,c,2020,embedded
stackoverflow,r,2020,embedded
stackoverflow,c,2022,embedded
stackoverflow,r,2022,embedded
stackoverflow,c++,2022,embedded
stackoverflow,c,2022,embedded
stackoverflow,rust,2022,developer tools
stackoverflow,r,2022,developer tools
stackoverflow,rust,2022,developer tools
stackoverflow,r,2022,developer tools
stackoverflow,r,2020,data_ai
stackoverflow,haskell,2020,data_ai
stackoverflow,c,2021,embedded
stackoverflow,shell,2021,embedded
stackoverflow,r,2020,developer tools
stackoverflow,java,2020,developer tools
stackoverflow,python,2020,developer tools
stackoverflow,r,2022,developer tools
stackoverflow,dart,2022,developer tools
stackoverflow,c,2020,embedded
stackoverflow,r,2020,embedded
stackoverflow,python,2022,data_ai
stackoverflow,python,2020,developer tools
stackoverflow,python,2020,game
stackoverflow,python,2020,data_ai
stackoverflow,c++,2020,embedded
stackoverflow,c,2020,embedded
stackoverflow,r,2022,data_ai
stackoverflow,python,2022,data_ai
stackoverflow,r,2020,data_ai
stackoverflow,java,2020,developer tools
stackoverflow,r,2022,embedded
stackoverflow,python,2022,embedded
stackoverflow,rust,2021,embedded
stackoverflow,r,2021,embedded
stackoverflow,python,2020,data_ai
stackoverflow,python,2021,developer tools
stackoverflow,python,2020,developer tools
stackoverflow,python,2022,developer tools
stackoverflow,c,2022,developer tools
stackoverflow,go,2022,developer tools
stackoverflow,c,2020,data_ai
stackoverflow,c#,2020,data_ai
stackoverflow,r,2020,data_ai
stackoverflow,python,2020,data_ai
stackoverflow,lua,2022,embedded
stackoverflow,python,2021,developer tools
stackoverflow,ruby,2020,web backend
stackoverflow,r,2020,web backend
stackoverflow,r,2021,web backend
stackoverflow,php,2021,web backend
stackoverflow,c,2020,developer tools
stackoverflow,r,2020,developer tools
stackoverflow,c,2020,developer tools
stackoverflow,python,2020,data_ai
stackoverflow,c,2022,developer tools
stackoverflow,c#,2022,developer tools
stackoverflow,r,2022,data_ai
stackoverflow,haskell,2022,data_ai
stackoverflow,c,2022,developer tools
stackoverflow,c#,2022,developer tools
stackoverflow,python,2020,data_ai
stackoverflow,python,2020,developer tools
stackoverflow,c,2020,developer tools
stackoverflow,c#,2020,developer tools
stackoverflow,r,2022,data_ai
stackoverflow,python,2022,data_ai
stackoverflow,python,2022,data_ai
stackoverflow,r,2022,developer tools
stackoverflow,haskell,2022,developer tools
stackoverflow,r,2022,developer tools
stackoverflow,python,2022,developer tools
stackoverflow,java,2020,embedded
stackoverflow,r,2022,data_ai
stackoverflow,python,2022,data_ai
stackoverflow,python,2022,developer tools
stackoverflow,r,2020,developer tools
stackoverflow,python,2020,developer tools
stackoverflow,c,2020,testing_qa
stackoverflow,java,2020,testing_qa
stackoverflow,c,2020,embedded
stackoverflow,r,2020,embedded
stackoverflow,python,2020,data_ai
stackoverflow,c,2020,web frontend
stackoverflow,python,2020,web frontend
stackoverflow,python,2020,game
stackoverflow,r,2022,data_ai
stackoverflow,python,2022,data_ai
stackoverflow,python,2021,data_ai
stackoverflow,python,2022,data_ai
stackoverflow,python,2021,data_ai
stackoverflow,python,2022,developer tools
stackoverflow,c++,2022,data_ai
stackoverflow,c,2022,data_ai
stackoverflow,python,2021,data_ai
stackoverflow,c,2022,web backend
stackoverflow,java,2022,web backend
stackoverflow,c,2020,embedded
stackoverflow,r,2020,embedded
stackoverflow,python,2020,data_ai
stackoverflow,python,2020,web backend
stackoverflow,r,2021,data_ai
stackoverflow,python,2021,data_ai
stackoverflow,c++,2021,security
stackoverflow,c,2021,security
stackoverflow,c,2022,data_ai
stackoverflow,python,2022,data_ai
stackoverflow,c,2021,developer tools
stackoverflow,c#,2021,developer tools
stackoverflow,r,2021,data_ai
stackoverflow,python,2021,data_ai
stackoverflow,c,2021,developer tools
stackoverflow,r,2021,developer tools
stackoverflow,java,2020,developer tools
stackoverflow,go,2022,developer tools
stackoverflow,c,2020,embedded
stackoverflow,r,2020,embedded
stackoverflow,python,2020,data_ai
stackoverflow,r,2020,data_ai
stackoverflow,python,2020,data_ai
stackoverflow,r,2021,data_ai
stackoverflow,python,2021,data_ai
stackoverflow,r,2022,developer tools
stackoverflow,python,2022,developer tools
stackoverflow,r,2021,data_ai
stackoverflow,java,2021,data_ai
stackoverflow,python,2020,data_ai
stackoverflow,c++,2022,embedded
stackoverflow,c,2022,embedded
stackoverflow,haskell,2020,developer tools
stackoverflow,c,2020,developer tools
stackoverflow,shell,2020,developer tools
stackoverflow,c++,2021,game
stackoverflow,c,2021,game
stackoverflow,c,2021,embedded
stackoverflow,c++,2020,data_ai
stackoverflow,c,2020,data_ai
stackoverflow,r,2022,data_ai
stackoverflow,java,2022,data_ai
stackoverflow,python,2020,embedded
stackoverflow,r,2021,developer tools
stackoverflow,php,2021,developer tools
stackoverflow,r,2021,data_ai
stackoverflow,python,2021,data_ai
stackoverflow,c,2020,data_ai
stackoverflow,r,2020,data_ai
stackoverflow,r,2020,developer tools
stackoverflow,python,2020,developer tools
stackoverflow,python,2020,data_ai
stackoverflow,shell,2022,data_ai
stackoverflow,python,2022,data_ai
stackoverflow,html,2022,web frontend
stackoverflow,go,2022,web frontend
stackoverflow,java,2022,developer tools
stackoverflow,c,2020,developer tools
stackoverflow,r,2020,developer tools
stackoverflow,r,2021,web backend
stackoverflow,java,2021,web backend
stackoverflow,c++,2020,data_ai
stackoverflow,c,2020,data_ai
stackoverflow,c,2021,developer tools
stackoverflow,r,2021,developer tools
stackoverflow,python,2021,developer tools
stackoverflow,python,2020,web backend
stackoverflow,c,2022,developer tools
stackoverflow,python,2022,developer tools
stackoverflow,python,2021,data_ai
stackoverflow,c,2022,developer tools
stackoverflow,r,2022,developer tools
stackoverflow,python,2022,developer tools
stackoverflow,shell,2022,web backend
stackoverflow,php,2022,web backend
stackoverflow,r,2020,data_ai
stackoverflow,python,2020,data_ai
stackoverflow,c,2022,developer tools
stackoverflow,r,2022,developer tools
stackoverflow,r,2022,game
stackoverflow,lua,2022,game
stackoverflow,python,2020,data_ai
stackoverflow,python,2021,developer tools
stackoverflow,c,2021,embedded
stackoverflow,python,2020,developer tools
stackoverflow,python,2022,devops_cloud
stackoverflow,r,2021,developer tools
stackoverflow,python,2021,developer tools
stackoverflow,c++,2022,developer tools
stackoverflow,c,2022,developer tools
stackoverflow,c++,2022,embedded
stackoverflow,c,2022,embedded
stackoverflow,r,2020,web backend
stackoverflow,php,2020,web backend
stackoverflow,r,2022,data_ai
stackoverflow,python,2022,data_ai
stackoverflow,c,2022,testing_qa
stackoverflow,python,2022,testing_qa
stackoverflow,r,2021,data_ai
stackoverflow,python,2021,data_ai
stackoverflow,c,2020,web backend
stackoverflow,c#,2020,web backend
stackoverflow,r,2022,data_ai
stackoverflow,python,2022,data_ai
stackoverflow,go,2021,security
stackoverflow,r,2021,data_ai
stackoverflow,python,2021,data_ai
stackoverflow,c++,2021,embedded
stackoverflow,c,2021,embedded
stackoverflow,python,2020,developer tools
stackoverflow,python,2022,data_ai
stackoverflow,python,2022,data_ai
stackoverflow,python,2022,data_ai
stackoverflow,python,2021,data_ai
stackoverflow,c++,2022,developer tools
stackoverflow,c,2022,developer tools
stackoverflow,python,2020,data_ai
stackoverflow,java,2022,web backend
stackoverflow,r,2020,testing_qa
stackoverflow,python,2020,testing_qa
stackoverflow,rust,2020,error
stackoverflow,r,2020,error
stackoverflow,python,2020,game
job,c,2024,security
job,c++,2024,security
job,c#,2025,web frontend
job,javascript,2025,web frontend
job,c,2025,web backend
job,go,2025,web backend
job,java,2025,web backend
job,javascript,2025,web backend
job,typescript,2025,web backend
job,javascript,2024,web frontend
job,python,2024,devops_cloud
job,c++,2024,game
job,go,2024,game
job,java,2024,game
job,c,2024,embedded
job,rust,2024,embedded
job,javascript,2025,web frontend
job,typescript,2025,web frontend
job,javascript,2025,web backend
job,go,2024,mobile
job,java,2024,mobile
job,kotlin,2024,mobile
job,swift,2024,mobile
job,go,2025,devops_cloud
job,c++,2025,game
job,rust,2024,data_ai
job,java,2024,data_ai
job,javascript,2024,testing_qa
job,c,2025,embedded
job,go,2024,devops_cloud
job,c,2024,embedded
job,c,2025,data_ai
job,c,2025,embedded
job,c++,2025,embedded
job,c,2025,embedded
job,rust,2025,embedded
job,java,2024,web backend
job,javascript,2024,web backend
job,typescript,2024,web backend
job,rust,2025,security
job,go,2025,devops_cloud
job,python,2025,devops_cloud
job,rust,2025,devops_cloud
job,javascript,2025,web frontend
job,javascript,2024,web frontend
job,typescript,2024,web frontend
job,go,2024,web backend
job,python,2024,devops_cloud
job,c,2025,web backend
job,c#,2025,web backend
job,javascript,2025,web backend
job,typescript,2025,web backend
job,rust,2025,developer tools
job,go,2025,developer tools
job,javascript,2024,web frontend
job,python,2025,data_ai
job,c,2024,embedded
job,rust,2024,embedded
job,javascript,2025,mobile
job,kotlin,2025,mobile
job,typescript,2025,mobile
job,swift,2025,mobile
job,java,2025,mobile
job,kotlin,2025,mobile
job,swift,2025,mobile
job,java,2024,web backend
job,kotlin,2024,web backend
job,php,2024,web backend
job,c++,2024,embedded
job,python,2025,data_ai
job,c,2024,embedded
job,c++,2024,embedded
job,c#,2024,web backend
job,javascript,2024,web backend
job,typescript,2024,web backend
job,go,2024,web backend
job,go,2024,web backend
job,c#,2024,game
job,go,2025,web backend
job,javascript,2025,web backend
job,rust,2025,web backend
job,go,2025,developer tools
job,javascript,2025,developer tools
job,python,2025,developer tools
job,c,2025,embedded
job,c++,2025,embedded
job,rust,2024,blockchain
job,java,2025,web frontend
job,javascript,2025,web frontend
job,typescript,2025,web frontend
job,python,2025,web backend
job,c,2025,mobile
job,java,2025,mobile
job,kotlin,2025,mobile
job,swift,2025,mobile
job,java,2025,mobile
job,swift,2025,mobile
job,kotlin,2025,mobile
job,php,2025,mobile
job,c,2024,embedded
job,rust,2024,embedded
job,php,2024,web frontend
job,rust,2025,blockchain
job,java,2025,web backend
job,javascript,2025,web backend
job,php,2025,web backend
job,python,2025,web backend
job,javascript,2025,web frontend
job,rust,2025,web frontend
job,typescript,2025,web frontend
job,c#,2025,game
job,python,2024,data_ai
job,go,2024,web frontend
job,java,2024,web frontend
job,javascript,2024,web frontend
job,php typescript,2024,web frontend
job,javascript,2025,web frontend
job,typescript,2025,web frontend
job,java,2024,data_ai
job,c,2024,embedded
job,java,2025,mobile
job,kotlin,2025,mobile
job,go,2024,web backend
job,java,2024,web backend
job,c#,2025,game
job,c++,2025,game
job,swift,2025,game
job,python,2024,devops_cloud
job,rust,2024,devops_cloud
job,javascript,2025,web frontend
job,typescript,2025,web frontend
job,c,2024,web backend
job,c#,2024,web backend
job,javascript,2024,web backend
job,c,2025,embedded
job,c#,2025,embedded
job,c++,2025,embedded
job,java,2025,embedded
job,python,2025,embedded
job,java,2025,web backend
job,c,2024,iot
job,go,2024,devops_cloud
job,rust,2024,blockchain
job,javascript,2025,web backend
job,typescript,2025,web backend
job,c,2024,embedded
job,java,2024,mobile
job,kotlin,2024,mobile
job,python,2024,mobile
job,javascript,2024,web frontend
job,typescript,2024,web frontend
job,go,2025,devops_cloud
job,python,2025,devops_cloud
job,c,2025,web backend
job,c#,2025,web backend
job,c,2024,web backend
job,c#,2024,web backend
job,javascript,2025,web frontend
job,typescript,2025,web frontend
job,c,2024,testing_qa
job,c,2024,data_ai
job,go,2024,devops_cloud
job,python,2025,testing_qa
job,javascript,2025,web frontend
job,php,2025,web backend
job,go,2024,web backend
job,java,2024,web backend
job,javascript,2024,web backend
job,typescript,2024,web backend
job,javascript,2025,web frontend
job,rust,2025,web frontend
job,typescript,2025,web frontend
job,java,2024,mobile
job,javascript,2024,mobile
job,kotlin,2024,mobile
job,go,2024,web backend
job,java,2024,web backend
job,python,2024,web backend
job,c++,2025,developer tools
job,c,2024,security
job,go,2024,security
job,java,2024,security
job,javascript,2024,security
job,python,2024,security
job,rust,2024,security
job,typescript,2024,security
job,python,2024,data_ai
job,java,2024,data_ai
job,c,2024,embedded
job,c++,2024,embedded
job,c#,2025,web frontend
job,javascript,2025,web frontend
job,c,2025,web backend
job,c#,2025,web backend
job,javascript,2025,web backend
job,javascript,2025,testing_qa
job,c,2025,embedded
job,python,2025,embedded
job,python,2025,security
job,java,2024,testing_qa
job,c,2025,data_ai
job,java,2024,mobile
job,kotlin,2024,mobile
job,kotlin,2025,mobile
job,python,2025,mobile
job,c,2025,web backend
job,c#,2025,web backend
job,javascript,2025,web backend
job,go,2025,security
job,python,2025,security
job,rust,2025,security
job,c,2025,web backend
job,c#,2025,web backend
job,java,2024,data_ai
job,python,2025,testing_qa
job,javascript,2025,web backend
job,rust,2025,web backend
job,python,2024,devops_cloud
job,swift,2025,mobile
job,kotlin,2025,mobile
job,python,2024,data_ai
job,c++,2024,game
job,c,2024,embedded
job,java,2024,testing_qa
job,go,2024,devops_cloud
job,python,2024,devops_cloud
job,java,2025,web backend
job,php,2024,enterprise
job,go,2025,security
job,python,2025,security
job,javascript,2025,web frontend
job,php,2025,web backend
job,c,2024,embedded
job,java,2025,web backend
job,php,2025,web backend
job,python,2025,security
job,c#,2025,web backend
job,go,2025,devops_cloud
job,python,2025,devops_cloud
job,java,2025,web backend
job,php,2025,web backend
job,go,2025,blockchain
job,rust,2025,blockchain
job,c,2025,web backend
job,go,2025,web backend
job,java,2025,web backend
job,javascript,2025,web backend
job,typescript,2025,web backend
job,c,2025,web backend
job,c#,2025,web backend
job,javascript,2025,web backend
job,c,2025,data_ai
job,go,2025,data_ai
job,rust,2025,data_ai
job,java,2025,data_ai
job,python,2025,data_ai
job,rust,2024,blockchain
job,java,2025,mobile
job,kotlin,2025,mobile
job,java,2024,web backend
job,c#,2025,game
job,c++,2025,game
job,javascript,2024,devops_cloud
job,go,2024,devops_cloud
job,java,2024,web backend
job,typescript,2024,web backend
job,java,2024,mobile
job,kotlin,2024,mobile
job,go,2024,enterprise
job,c,2025,embedded
job,javascript,2024,web frontend
job,typescript,2024,web frontend
job,javascript,2025,web frontend
job,java,2025,enterprise
job,javascript,2025,enterprise
job,kotlin,2025,enterprise
job,c,2024,web backend
job,c#,2024,web backend
job,javascript,2024,web backend
job,python,2025,enterprise
job,javascript,2025,web backend
job,c,2025,web backend
job,c#,2025,web backend
job,javascript,2025,web backend
job,php,2025,web backend
job,go,2024,data_ai
job,java,2024,data_ai
job,python,2024,data_ai
job,rust,2024,data_ai
job,rust,2025,devops_cloud
job,python,2024,data_ai
job,javascript,2025,web frontend
job,python,2025,testing_qa
job,go,2025,web backend
job,java,2025,web backend
job,javascript,2025,web backend
job,python,2025,web backend
job,java,2025,web backend
job,typescript,2024,devops_cloud
job,java,2024,testing_qa
job,kotlin,2024,testing_qa
job,python,2024,testing_qa
job,c,2025,testing_qa
job,c#,2025,testing_qa
job,go,2025,developer tools
job,php,2025,web backend
job,java,2024,enterprise
job,c#,2024,enterprise
job,c,2024,data_ai
job,go,2024,data_ai
job,rust,2024,data_ai
job,java,2025,testing_qa
job,javascript,2025,web frontend
job,kotlin,2024,mobile
job,swift,2024,mobile
job,c,2025,embedded
job,c++,2025,embedded
job,python,2025,embedded
job,java,2025,web backend
job,java,2024,enterprise
job,go,2025,devops_cloud
job,java,2025,devops_cloud
job,python,2025,devops_cloud
job,c#,2025,enterprise
job,rust,2024,data_ai
job,javascript,2024,web frontend
job,typescript,2024,web frontend
job,swift,2025,mobile
job,kotlin,2025,mobile
job,c,2025,web frontend
job,c#,2025,web frontend
job,javascript,2025,web frontend
job,c,2025,embedded
job,javascript,2025,web backend
job,python,2025,devops_cloud
job,c,2024,embedded
job,c#,2024,embedded
job,c++,2024,embedded
job,java,2024,embedded
job,javascript,2024,embedded
job,kotlin,2024,embedded
job,c,2024,data_ai
job,c++,2024,data_ai
job,java,2024,data_ai
job,java,2024,data_ai
job,python,2024,data_ai
job,java,2025,mobile
job,kotlin,2025,mobile
job,swift,2025,mobile
job,javascript,2025,web frontend
job,python,2025,devops_cloud
job,c#,2024,game
job,c++,2024,game
job,java,2024,game
job,python,2024,game
job,c#,2025,web backend
job,c#,2025,web backend
job,kotlin,2025,web backend
job,rust,2025,web backend
job,java,2024,web backend
job,kotlin,2024,web backend
job,php,2024,web backend
job,java,2025,web backend
job,javascript,2025,web backend
job,typescript,2025,web backend
job,java,2025,data_ai
job,c,2024,iot
job,python,2024,iot
job,rust,2024,iot
job,c,2025,iot
job,java,2024,enterprise
job,c,2024,embedded
job,javascript,2024,embedded
job,typescript,2024,embedded
job,c,2025,iot
job,c++,2025,iot
job,go,2024,developer tools
job,rust,2024,developer tools
job,c,2025,embedded
job,c++,2025,embedded
job,java,2025,embedded
job,java,2024,data_ai
job,c,2024,security
job,go,2024,devops_cloud
job,java,2024,devops_cloud
job,python,2024,devops_cloud
job,c#,2024,enterprise
job,c,2024,data_ai
job,c#,2024,data_ai
job,c++,2024,data_ai
job,python,2024,data_ai
job,java,2024,enterprise
job,java,2024,web backend
job,rust,2025,web backend
job,c#,2025,web backend
job,c#,2025,mobile
job,kotlin,2025,mobile
job,swift,2025,mobile
job,c#,2025,web backend
job,java,2024,testing_qa
job,python,2025,devops_cloud
job,c#,2024,web backend
job,go,2024,web backend
job,java,2024,web backend
job,typescript,2024,web backend
job,c#,2025,web backend
job,javascript,2025,web backend
job,go,2024,devops_cloud
job,javascript,2024,web frontend
job,php,2024,web frontend
job,c++,2024,game
job,python,2024,game
job,c,2024,embedded
job,rust,2024,embedded
job,javascript,2025,web frontend
job,c,2025,embedded
job,rust,2025,embedded
job,python,2025,web backend
job,javascript,2025,web backend
job,c,2025,iot
job,python,2024,devops_cloud
job,swift,2024,mobile
job,kotlin,2024,mobile
job,java,2024,enterprise
job,c++,2025,web backend
job,go,2025,web backend
job,python,2025,web backend
job,java,2024,data_ai
job,java,2025,web backend
job,javascript,2025,web frontend
job,php,2025,web frontend
job,java,2025,mobile
job,swift,2025,mobile
job,kotlin,2025,mobile
job,python,2025,data_ai
job,rust,2025,data_ai
job,c#,2025,game
job,c++,2025,game
job,python,2025,game
job,go,2024,web backend
job,java,2025,data_ai
job,go,2024,web backend
job,php,2024,web backend
job,c,2025,embedded
job,go,2025,embedded
job,rust,2025,embedded
job,php,2025,web backend
job,c,2024,embedded
job,c++,2024,embedded
job,java,2024,embedded
job,javascript,2024,embedded
job,java,2024,data_ai
job,kotlin,2024,data_ai
job,rust,2025,developer tools
job,go,2025,developer tools
job,python,2024,embedded
job,c,2025,embedded
job,python,2025,embedded
job,rust,2025,embedded
job,go,2025,developer tools
job,python,2025,developer tools
job,c#,2024,web backend
job,javascript,2024,web backend
job,java,2024,mobile
job,javascript,2024,mobile
job,kotlin,2024,mobile
job,swift,2024,mobile
job,javascript,2025,web frontend
job,php,2025,web frontend
job,typescript,2025,web frontend
job,typescript,2024,devops_cloud
job,java,2024,web backend
job,swift,2024,mobile
job,kotlin,2024,mobile
job,php,2024,mobile
job,python,2025,data_ai
job,c#,2024,web backend
job,javascript,2024,web backend
job,go,2025,devops_cloud
job,python,2025,devops_cloud
job,java,2024,web backend
job,javascript,2025,web frontend
job,python,2025,web frontend
job,typescript,2025,web frontend
job,c,2024,iot
job,java,2025,web backend
job,c,2024,embedded
job,c++,2024,embedded
job,python,2024,embedded
job,php,2025,mobile
job,kotlin,2025,mobile
job,swift,2025,mobile
job,go,2024,web backend
job,php,2024,web backend
job,c#,2024,web backend
job,javascript,2024,web backend
job,typescript,2024,web backend
job,c#,2024,web backend
job,c++,2024,web backend
job,java,2024,web backend
job,kotlin,2024,web backend
job,swift,2024,web backend
job,java,2024,mobile
job,kotlin,2024,mobile
job,python,2024,enterprise
job,javascript,2024,web frontend
job,typescript,2024,web frontend
job,java,2025,mobile
job,kotlin,2025,mobile
job,c#,2024,enterprise
job,javascript,2025,web frontend
job,go,2024,devops_cloud
job,c,2024,iot
job,swift,2025,mobile
job,kotlin,2025,mobile
job,go,2025,devops_cloud
job,rust,2025,devops_cloud
job,java,2024,enterprise
job,java,2025,enterprise
job,javascript,2025,web frontend
job,javascript,2024,web backend
job,python,2024,enterprise
job,c++,2025,data_ai
job,python,2025,data_ai
job,rust,2025,data_ai
job,java,2024,data_ai
job,python,2024,data_ai
job,rust,2024,data_ai
job,javascript,2025,web frontend
job,javascript,2025,web backend
job,php,2025,web backend
job,java,2025,web backend
job,python,2024,data_ai
job,java,2025,web backend
job,go,2024,security
job,python,2024,security
job,rust,2024,web backend
job,c,2025,embedded
job,c++,2025,embedded
job,python,2025,embedded
job,python,2024,security
job,javascript,2025,enterprise
job,javascript,2024,web frontend
job,javascript,2024,web frontend
job,c,2024,blockchain
job,go,2024,blockchain
job,rust,2024,blockchain
job,javascript,2024,testing_qa
job,kotlin,2024,testing_qa
job,javascript,2025,web frontend
job,typescript,2025,web frontend
job,java,2025,enterprise
job,php,2025,enterprise
job,python,2025,enterprise
job,c#,2025,web backend
job,javascript,2025,web backend
job,java,2024,mobile
job,kotlin,2024,mobile
job,kotlin,2024,mobile
job,swift,2024,mobile
job,python,2025,developer tools
job,c#,2025,game
job,c++,2025,game
job,python,2025,game
job,javascript,2024,web frontend
job,typescript,2024,web frontend
job,swift,2024,mobile
job,java,2024,mobile
job,kotlin,2024,mobile
job,javascript,2025,enterprise
job,python,2025,devops_cloud
job,c#,2025,web backend
job,javascript,2025,web frontend
job,c,2024,iot
job,javascript,2025,mobile
job,kotlin,2025,mobile
job,c++,2025,data_ai
job,python,2025,data_ai
job,java,2024,enterprise
job,go,2024,blockchain
job,c,2024,web backend
job,c#,2024,web backend
job,typescript,2024,web backend
job,go,2024,web backend
job,java,2024,web backend
job,javascript,2024,web backend
job,python,2024,web backend
job,typescript,2024,web backend
job,java,2025,enterprise
job,go,2024,web backend
job,c,2025,iot
job,javascript,2024,testing_qa
job,javascript,2025,web frontend
job,typescript,2025,web frontend
job,c#,2025,enterprise
job,javascript,2025,enterprise
job,swift,2025,mobile
job,kotlin,2025,mobile
job,javascript,2025,web frontend
job,rust,2025,web frontend
job,typescript,2025,web frontend
job,c,2025,iot
job,c#,2024,web backend
job,java,2025,web backend
job,python,2024,data_ai
job,rust,2024,data_ai
job,javascript,2025,enterprise
job,php,2025,enterprise
job,java,2025,enterprise
job,python,2024,security
job,javascript,2025,web frontend
job,typescript,2025,web frontend
job,go,2024,devops_cloud
job,python,2024,devops_cloud
job,rust,2024,devops_cloud
job,c#,2024,web backend
job,java,2024,web backend
job,c#,2025,web backend
job,swift,2025,mobile
job,java,2025,mobile
job,kotlin,2025,mobile
job,c#,2025,game
job,c++,2025,game
job,javascript,2025,game
job,kotlin,2025,game
job,c++,2024,devops_cloud
job,c,2024,embedded
job,java,2025,web backend
job,swift,2025,web backend
job,kotlin,2025,web backend
job,c,2024,iot
job,java,2025,mobile
job,kotlin,2025,mobile
job,swift,2025,mobile
job,java,2024,web backend
job,kotlin,2024,web backend
job,swift,2024,web backend
job,java,2024,data_ai
job,c,2025,embedded
job,c#,2025,embedded
job,c++,2025,embedded
job,c#,2024,web backend
job,python,2024,data_ai
job,swift,2025,mobile
job,kotlin,2025,mobile
job,c#,2025,web backend
job,javascript,2025,web backend
job,php,2025,web frontend
job,python,2025,devops_cloud
job,c,2025,security
job,go,2025,security
job,java,2025,security
job,python,2025,security
job,rust,2025,security
job,c#,2025,enterprise
job,java,2024,enterprise
job,c++,2025,game
job,python,2025,game
job,c#,2024,web backend
job,javascript,2024,web backend
job,c++,2024,developer tools
job,rust,2024,developer tools
job,c#,2024,web backend
job,javascript,2024,web backend
job,typescript,2024,web backend
job,java,2024,mobile
job,kotlin,2024,mobile
job,c,2024,embedded
job,python,2024,embedded
job,rust,2024,embedded
job,java,2025,mobile
job,swift,2025,mobile
job,kotlin,2025,mobile
job,javascript,2025,web frontend
job,javascript,2024,web frontend
job,kotlin,2024,web frontend
job,typescript,2024,web frontend
job,java,2024,data_ai
job,c#,2024,enterprise
job,c,2024,embedded
job,rust,2024,embedded
job,go,2024,web backend
job,java,2024,web backend
job,javascript,2024,web backend
job,python,2024,web backend
job,javascript,2024,web frontend
job,kotlin,2024,web frontend
job,c#,2024,mobile
job,kotlin,2024,mobile
job,swift,2024,mobile
job,c,2025,embedded
job,python,2025,embedded
job,rust,2025,embedded
job,c#,2024,web backend
job,javascript,2024,web backend
job,c,2025,iot
job,c#,2024,enterprise
job,java,2024,enterprise
job,c,2024,embedded
job,javascript,2025,web frontend
job,typescript,2025,web frontend
job,java,2024,enterprise
job,c#,2024,web backend
job,javascript,2024,web backend
job,c,2024,embedded
job,go,2024,embedded
job,python,2024,embedded
job,rust,2024,embedded
job,c++,2024,data_ai
job,python,2024,data_ai
job,javascript,2024,web frontend
job,typescript,2024,web frontend
job,javascript,2024,web frontend
job,php,2024,web frontend
job,java,2025,data_ai
job,python,2025,data_ai
job,rust,2025,data_ai
job,java,2025,web backend
job,kotlin,2025,web backend
job,php,2025,web backend
job,python,2025,web backend
job,java,2025,data_ai
job,c,2024,embedded
job,go,2024,embedded
job,python,2024,embedded
job,rust,2024,embedded
job,go,2024,web backend
job,java,2025,enterprise
job,go,2024,devops_cloud
job,python,2024,devops_cloud
job,rust,2024,devops_cloud
job,java,2024,web backend
job,java,2025,enterprise
job,java,2024,mobile
job,kotlin,2024,mobile
job,python,2025,data_ai
job,c,2024,iot
job,javascript,2024,iot
job,kotlin,2024,iot
job,c,2024,embedded
job,rust,2024,embedded
job,c#,2024,web backend
job,javascript,2024,web backend
job,go,2025,enterprise
job,c,2025,security
job,go,2025,security
job,python,2025,security
job,rust,2025,security
job,c,2024,embedded
job,go,2024,devops_cloud
job,go,2025,devops_cloud
job,rust,2025,devops_cloud
job,c,2025,testing_qa
job,python,2025,devops_cloud
job,javascript,2024,web frontend
job,typescript,2024,web frontend
job,javascript,2025,web frontend
job,typescript,2025,web frontend
job,kotlin,2024,mobile
job,python,2024,mobile
job,c,2024,embedded
job,python,2025,web backend
job,javascript,2025,web frontend
job,php,2025,web frontend
job,php,2025,web backend
job,c++,2025,security
job,go,2025,security
job,python,2025,security
job,rust,2025,security
job,go,2024,enterprise
job,java,2024,enterprise
job,javascript,2024,enterprise
job,python,2024,enterprise
job,rust,2024,enterprise
job,c,2025,security
job,go,2025,security
job,python,2025,security
job,rust,2025,security
job,java,2025,web backend
job,go,2024,web backend
job,java,2024,web backend
job,javascript,2024,web backend
job,python,2024,web backend
job,typescript,2024,web backend
job,javascript,2025,web frontend
job,kotlin,2025,web frontend
job,php,2025,web frontend
job,typescript,2025,web frontend
job,c,2025,game
job,c#,2025,game
job,c++,2025,game
job,python,2025,game
job,java,2024,enterprise
job,java,2024,testing_qa
job,javascript,2025,web frontend
job,typescript,2025,web frontend
job,go,2025,blockchain
job,python,2025,blockchain
job,rust,2025,blockchain
job,javascript,2024,web frontend
job,c,2024,embedded
job,c,2024,embedded
job,c++,2024,embedded
job,java,2025,devops_cloud
job,python,2025,devops_cloud
job,c++,2024,data_ai
job,java,2024,data_ai
job,python,2024,data_ai
job,go,2025,web frontend
job,c++,2024,data_ai
job,python,2024,data_ai
job,rust,2024,data_ai
job,c++,2024,game
job,swift,2024,game
job,javascript,2024,web frontend
job,typescript,2024,web frontend
job,c++,2025,game
job,python,2025,game
job,javascript,2024,web frontend
job,kotlin,2024,web frontend
job,python,2024,web frontend
job,rust,2024,web frontend
job,c#,2025,game
job,c++,2025,game
job,python,2025,game
job,javascript,2024,web frontend
job,typescript,2024,web frontend
job,go,2024,devops_cloud
job,python,2024,devops_cloud
job,c,2024,embedded
job,c,2024,embedded
job,go,2025,enterprise
job,java,2025,enterprise
job,javascript,2025,enterprise
job,python,2025,enterprise
job,php,2025,enterprise
job,swift,2025,mobile
job,kotlin,2025,mobile
job,c,2024,embedded
job,go,2025,testing_qa
job,kotlin,2025,testing_qa
job,python,2025,testing_qa
job,rust,2025,testing_qa
job,c#,2024,web backend
job,javascript,2024,web backend
job,typescript,2024,web backend
job,go,2024,web backend
job,python,2024,enterprise
job,c#,2024,enterprise
job,javascript,2025,web frontend
job,typescript,2025,web frontend
job,javascript,2025,web frontend
job,kotlin,2024,enterprise
job,javascript,2024,enterprise
job,c#,2024,enterprise
job,c,2024,embedded
job,c++,2024,embedded
job,go,2024,web backend
job,java,2024,web backend
job,javascript,2024,web backend
job,python,2024,web backend
job,c,2025,embedded
job,rust,2025,embedded
job,python,2025,testing_qa
job,c++,2025,game
job,python,2025,game
job,go,2024,devops_cloud
job,python,2024,devops_cloud
job,rust,2024,devops_cloud
job,c#,2025,web backend
job,php,2025,security
job,python,2025,security
job,c,2025,embedded
job,c++,2025,embedded
job,rust,2025,embedded
job,c,2024,embedded
job,rust,2024,embedded
job,c#,2025,web backend
job,c,2024,embedded
job,java,2024,web backend
job,python,2025,data_ai
job,java,2024,mobile
job,java,2024,data_ai
job,python,2024,data_ai
job,javascript,2025,web frontend
job,c++,2025,security
job,java,2025,security
job,python,2025,security
job,javascript,2025,web frontend
job,typescript,2025,web frontend
job,java,2025,web backend
job,php,2025,web backend
job,c#,2025,web backend
job,python,2025,web backend
job,c#,2024,web backend
job,javascript,2024,web backend
job,typescript,2024,web backend
job,python,2025,devops_cloud
job,rust,2025,devops_cloud
job,c,2024,embedded
job,c++,2024,embedded
job,java,2025,data_ai
job,c#,2025,embedded
job,c++,2025,embedded
job,javascript,2025,embedded
job,go,2025,devops_cloud
job,python,2025,devops_cloud
job,c,2025,embedded
job,java,2025,embedded
job,kotlin,2025,embedded
job,java,2024,enterprise
job,c,2024,testing_qa
job,c#,2025,enterprise
job,java,2025,enterprise
job,c++,2024,data_ai
job,go,2025,security
job,javascript,2025,security
job,python,2025,security
job,rust,2025,security
job,c#,2024,web backend
job,javascript,2024,web backend
job,typescript,2024,web backend
job,python,2024,data_ai
job,c#,2024,enterprise
job,c,2024,embedded
job,c,2024,embedded
job,c#,2024,embedded
job,c++,2024,embedded
job,javascript,2024,embedded
job,kotlin,2024,embedded
job,python,2024,embedded
job,typescript,2024,embedded
job,php,2025,security
job,go,2025,embedded
job,javascript,2025,embedded
job,python,2025,embedded
job,rust,2025,embedded
job,typescript,2025,embedded
job,c,2024,security
job,c++,2024,security
job,javascript,2024,security
job,typescript,2024,security
job,c,2025,embedded
job,c++,2025,embedded
job,javascript,2025,web frontend
job,java,2024,web backend
job,php,2024,web backend
job,c,2025,embedded
job,c,2024,security
job,java,2024,enterprise
job,java,2025,mobile
job,kotlin,2025,mobile
job,swift,2025,mobile
job,javascript,2024,web frontend
job,go,2024,web backend
job,c,2024,embedded
job,c++,2024,embedded
job,c,2024,embedded
job,c++,2024,embedded
job,c,2025,security
job,go,2025,security
job,python,2025,security
job,rust,2025,security
job,java,2025,web backend
job,javascript,2025,web backend
job,php,2025,web backend
job,php,2025,web backend
job,c,2024,embedded
job,c#,2024,embedded
job,python,2024,embedded
job,javascript,2025,web frontend
job,php,2025,web frontend
job,python,2025,testing_qa
job,go,2024,web backend
job,java,2024,web backend
job,javascript,2024,web backend
job,kotlin,2024,web backend
job,swift,2025,mobile
job,java,2025,mobile
job,kotlin,2025,mobile
job,javascript,2025,web frontend
job,python,2025,web frontend
job,typescript,2025,web frontend
job,c#,2024,web backend
job,javascript,2024,web backend
job,python,2024,embedded
job,javascript,2024,web frontend
job,typescript,2024,web frontend
job,javascript,2024,web backend
job,python,2024,web backend
job,typescript,2024,web backend
job,java,2024,data_ai
job,python,2024,data_ai
job,rust,2024,data_ai
job,c#,2024,web backend
job,typescript,2024,web backend
job,rust,2025,blockchain
job,c#,2025,web backend
job,javascript,2025,web backend
job,javascript,2025,web frontend
job,php,2025,web frontend
job,python,2025,web frontend
job,javascript,2025,web frontend
job,c#,2025,web backend
job,javascript,2025,web backend
job,javascript,2024,web backend
job,typescript,2024,web backend
job,php,2025,web backend
job,python,2025,devops_cloud
job,java,2025,data_ai
job,python,2025,data_ai
job,java,2024,enterprise
job,c,2024,enterprise
job,java,2024,web backend
job,php,2024,web backend
job,c,2024,embedded
job,javascript,2025,web frontend
job,c,2025,embedded
job,rust,2025,embedded
job,php,2024,web backend
job,java,2024,testing_qa
job,javascript,2025,web frontend
job,typescript,2025,web frontend
job,javascript,2024,web frontend
job,go,2024,web backend
job,java,2024,web backend
job,javascript,2024,web backend
job,kotlin,2024,web backend
job,python,2024,web backend
job,typescript,2024,web backend
job,c++,2024,game
job,java,2024,game
job,go,2024,web backend
job,c,2025,web backend
job,java,2024,enterprise
job,javascript,2024,web frontend
job,python,2024,web frontend
job,typescript,2024,web frontend
job,python,2024,data_ai
job,go,2024,devops_cloud
job,python,2024,devops_cloud
job,java,2025,enterprise
job,c#,2024,enterprise
job,c++,2025,game
job,python,2025,game
job,c#,2025,web backend
job,python,2025,data_ai
job,c#,2025,web backend
job,javascript,2025,web backend
job,c#,2025,game
job,c++,2025,game
job,java,2025,game
job,python,2025,game
job,c#,2025,web backend
job,c#,2025,web backend
job,python,2025,testing_qa
job,c++,2024,game
job,swift,2024,game
job,javascript,2025,web backend
job,php,2025,web backend
job,typescript,2025,web backend
job,php,2025,web frontend
job,java,2024,mobile
job,kotlin,2024,mobile
job,python,2024,data_ai
job,go,2024,web backend
job,rust,2024,web backend
job,c,2024,embedded
job,c,2024,embedded
job,python,2024,security
job,python,2025,web backend
job,c#,2024,enterprise
job,java,2024,web backend
job,php,2025,web frontend
job,java,2024,testing_qa
job,c#,2024,enterprise
job,javascript,2025,web backend
job,c++,2024,devops_cloud
job,rust,2024,developer tools
job,go,2024,developer tools
job,javascript,2025,web backend
job,php,2025,web backend
job,c++,2025,data_ai
job,c++,2025,data_ai
job,java,2025,data_ai
job,kotlin,2025,data_ai
job,java,2025,mobile
job,kotlin,2025,mobile
job,java,2024,mobile
job,kotlin,2024,mobile
job,python,2024,mobile
job,java,2024,data_ai
job,python,2024,data_ai
job,c,2024,embedded
job,python,2025,devops_cloud
job,java,2025,web backend
job,typescript,2025,web backend
job,java,2025,devops_cloud
job,c#,2025,web backend
job,c,2024,security
job,java,2024,security
job,kotlin,2024,security
job,php,2024,security
job,python,2024,security
job,javascript,2024,web frontend
job,c,2025,testing_qa
job,javascript,2025,web frontend
job,php,2025,web frontend
job,typescript,2025,web frontend
job,c#,2025,enterprise
job,c,2025,security
job,java,2025,security
job,javascript,2025,security
job,php,2025,security
job,javascript,2025,web frontend
job,typescript,2025,web frontend
job,c#,2025,data_ai
job,c++,2025,data_ai
job,python,2025,data_ai
job,c,2025,security
job,c++,2025,security
job,python,2025,security
job,c,2025,embedded
job,python,2025,embedded
job,rust,2025,embedded
job,java,2025,enterprise
job,javascript,2025,web backend
job,javascript,2024,mobile
job,javascript,2025,web backend
job,java,2024,data_ai
job,c++,2025,data_ai
job,javascript,2025,web frontend
job,typescript,2025,web frontend
job,python,2025,data_ai
job,rust,2025,data_ai
job,c#,2025,enterprise
job,javascript,2024,web backend
job,javascript,2025,web frontend
job,python,2025,web backend
job,c#,2024,enterprise
job,go,2025,devops_cloud
job,python,2025,devops_cloud
job,c++,2025,game
job,javascript,2025,game
job,python,2025,game
job,c#,2025,web backend
job,javascript,2025,web backend
job,c,2024,embedded
job,python,2024,embedded
job,c,2025,security
job,c++,2025,security
job,java,2025,mobile
job,kotlin,2025,mobile
job,c++,2024,game
job,javascript,2024,game
job,python,2024,game
job,c,2025,embedded
job,c++,2024,game
job,swift,2024,game
job,java,2025,web backend
job,go,2024,security
job,python,2025,devops_cloud
job,c,2024,security
job,kotlin,2024,security
job,python,2024,security
job,c#,2024,web backend
job,go,2024,devops_cloud
job,python,2024,devops_cloud
job,javascript,2024,web frontend
job,c,2024,embedded
job,c++,2024,embedded
job,java,2025,web backend
job,go,2024,devops_cloud
job,python,2024,devops_cloud
job,java,2025,web backend
job,javascript,2025,web backend
job,python,2025,web backend
job,rust,2025,web backend
job,typescript,2025,web backend
job,java,2024,mobile
job,kotlin,2024,mobile
job,java,2024,mobile
job,kotlin,2024,mobile
job,c,2025,embedded
job,c++,2025,embedded
job,c++,2024,game
job,swift,2024,game
job,javascript,2024,web frontend
job,typescript,2024,web frontend
job,python,2025,devops_cloud
job,c#,2025,developer tools
job,c++,2025,developer tools
job,c#,2025,enterprise
job,python,2025,embedded
job,c#,2024,enterprise
job,javascript,2024,web frontend
job,typescript,2024,web frontend
job,c,2024,web backend
job,c#,2024,web backend
job,java,2024,web backend
job,javascript,2024,web backend
job,python,2024,web backend
job,typescript,2024,web backend
job,java,2025,mobile
job,kotlin,2025,mobile
job,rust,2025,web backend
job,java,2024,testing_qa
job,rust,2024,web backend
job,java,2024,data_ai
job,python,2024,data_ai
job,python,2025,data_ai
job,go,2024,devops_cloud
job,php,2025,web frontend
job,javascript,2025,web frontend
job,typescript,2025,web frontend
job,c,2024,embedded
job,c++,2024,embedded
job,c,2024,embedded
job,c++,2024,embedded
job,c#,2025,web frontend
job,javascript,2025,web frontend
job,typescript,2025,web frontend
job,c#,2025,enterprise
job,c,2024,embedded
job,javascript,2025,web frontend
job,c#,2025,enterprise
job,rust,2024,developer tools
job,c++,2025,data_ai
job,python,2025,data_ai
job,go,2024,devops_cloud
job,python,2024,devops_cloud
job,c,2024,embedded
job,c++,2024,embedded
job,java,2025,enterprise
job,c#,2025,enterprise
job,c#,2024,web backend
job,javascript,2024,web backend
job,swift,2024,mobile
job,kotlin,2024,mobile
job,java,2025,web backend
job,javascript,2025,web frontend
job,swift,2025,mobile
job,kotlin,2025,mobile
job,go,2024,web backend
job,c,2024,web backend
job,c#,2024,web backend
job,javascript,2024,web backend
job,typescript,2024,web backend
job,c#,2024,game
job,c++,2024,game
job,javascript,2024,game
job,python,2024,game
job,java,2024,data_ai
job,python,2024,data_ai
job,python,2024,embedded
job,c,2024,embedded
job,c,2025,embedded
job,go,2025,embedded
job,python,2025,embedded
job,rust,2025,embedded
job,java,2025,data_ai
job,kotlin,2025,mobile
job,php,2025,web frontend
job,java,2025,mobile
job,kotlin,2025,mobile
job,go,2025,web backend
job,java,2025,web backend
job,php,2024,enterprise
job,javascript,2025,web frontend
job,kotlin,2024,mobile
job,typescript,2024,mobile
job,php,2025,enterprise
job,javascript,2024,mobile
job,php,2025,web backend
job,go,2024,testing_qa
job,python,2024,testing_qa
job,rust,2024,testing_qa
job,c#,2024,enterprise
job,python,2024,enterprise
job,go,2024,devops_cloud
job,java,2024,mobile
job,javascript,2024,mobile
job,kotlin,2024,mobile
job,swift,2024,mobile
job,java,2025,mobile
job,kotlin,2025,mobile
job,c,2024,security
job,go,2024,security
job,java,2024,security
job,javascript,2024,security
job,python,2024,security
job,rust,2024,security
job,typescript,2024,security
job,c#,2024,web backend
job,javascript,2024,web backend
job,kotlin,2024,web backend
job,python,2025,data_ai
job,rust,2025,data_ai
job,python,2024,devops_cloud
job,c#,2024,web backend
job,javascript,2024,web backend
job,c#,2025,web backend
job,javascript,2025,web backend
job,c#,2025,enterprise
job,java,2025,web backend
job,javascript,2025,web backend
job,rust,2025,web backend
job,kotlin,2024,mobile
job,c,2024,embedded
job,c,2024,embedded
job,go,2024,embedded
job,python,2024,embedded
job,rust,2024,embedded
job,c,2025,embedded
job,c++,2025,embedded
job,c#,2024,enterprise
job,javascript,2025,web frontend
job,typescript,2025,web frontend
job,c++,2024,data_ai
job,java,2024,data_ai
job,python,2024,data_ai
job,rust,2024,data_ai
job,javascript,2025,web frontend
job,typescript,2025,web frontend
job,rust,2024,blockchain
job,javascript,2025,web frontend
job,c,2025,embedded
job,go,2025,embedded
job,javascript,2025,embedded
job,python,2025,embedded
job,rust,2025,embedded
job,typescript,2025,embedded
job,java,2025,mobile
job,kotlin,2025,mobile
job,c,2025,embedded
job,java,2025,mobile
job,kotlin,2025,mobile
job,c#,2025,web backend
job,javascript,2025,web backend
job,python,2024,embedded
job,c#,2025,web backend
job,c++,2025,game
job,java,2024,enterprise
job,javascript,2024,web frontend
job,kotlin,2024,web frontend
job,typescript,2024,web frontend
job,python,2024,devops_cloud
job,c,2024,embedded
job,rust,2024,embedded
job,javascript,2025,web frontend
job,typescript,2025,web frontend
job,go,2024,devops_cloud
job,python,2024,devops_cloud
job,go,2024,web frontend
job,javascript,2024,web frontend
job,kotlin,2024,web frontend
job,typescript,2024,web frontend
job,php,2024,devops_cloud
job,java,2025,devops_cloud
job,go,2024,web backend
job,java,2024,web backend
job,c#,2025,web backend
job,javascript,2025,web backend
job,python,2024,data_ai
job,java,2025,devops_cloud
job,kotlin,2025,devops_cloud
job,c,2024,embedded
job,c++,2024,embedded
job,c,2024,testing_qa
job,php,2025,web backend
job,php,2025,web backend
job,c#,2024,web backend
job,javascript,2024,web backend
job,c,2025,embedded
job,c++,2025,embedded
job,java,2025,embedded
job,javascript,2025,embedded
job,python,2025,embedded
job,typescript,2025,embedded
job,javascript,2024,enterprise
job,javascript,2024,web backend
job,go,2024,devops_cloud
job,python,2024,devops_cloud
job,java,2024,mobile
job,kotlin,2024,mobile
job,go,2024,devops_cloud
job,java,2024,mobile
job,kotlin,2024,mobile
job,javascript,2024,enterprise
job,c++,2024,game
job,java,2024,enterprise
job,javascript,2024,enterprise
job,kotlin,2024,enterprise
job,java,2024,mobile
job,kotlin,2024,mobile
job,javascript,2025,web backend
job,php,2025,web backend
job,c#,2024,enterprise
job,javascript,2024,enterprise
job,typescript,2024,enterprise
job,python,2024,security
job,c++,2025,devops_cloud
job,go,2025,devops_cloud
job,java,2025,devops_cloud
job,python,2025,devops_cloud
job,c++,2025,data_ai
job,java,2025,data_ai
job,c,2025,embedded
job,javascript,2025,embedded
job,kotlin,2025,embedded
job,typescript,2025,embedded
job,c,2024,web backend
job,javascript,2024,web backend
job,typescript,2024,web backend
job,swift,2025,mobile
job,javascript,2024,mobile
job,kotlin,2024,mobile
job,typescript,2024,mobile
job,javascript,2025,web frontend
job,php,2025,web frontend
job,python,2025,devops_cloud
job,kotlin,2025,mobile
job,javascript,2025,devops_cloud
job,java,2025,web backend
job,javascript,2025,web backend
job,typescript,2025,web backend
job,javascript,2024,web frontend
job,javascript,2024,web frontend
job,typescript,2024,web frontend
job,go,2025,devops_cloud
job,python,2025,devops_cloud
job,rust,2025,devops_cloud
job,php,2024,enterprise
job,c++,2024,game
job,go,2024,game
job,java,2024,game
job,python,2024,game
job,c++,2025,data_ai
job,go,2024,web backend
job,javascript,2024,web backend
job,rust,2024,web backend
job,c++,2025,game
job,php,2024,enterprise
job,c#,2025,web backend
job,c++,2025,developer tools
job,rust,2025,developer tools
job,go,2025,developer tools
job,php,2024,web backend
job,c#,2025,enterprise
job,javascript,2025,web frontend
job,php,2025,web frontend
job,typescript,2025,web frontend
job,javascript,2025,security
job,php,2025,security
job,python,2025,security
job,javascript,2024,enterprise
job,javascript,2025,web frontend
job,typescript,2025,web frontend
job,c,2024,testing_qa
job,python,2024,data_ai
job,php,2024,web backend
job,java,2025,web backend
job,php,2025,web backend
job,c#,2025,enterprise
job,java,2025,enterprise
job,javascript,2025,web frontend
job,typescript,2025,web frontend
job,go,2024,devops_cloud
job,java,2024,devops_cloud
job,kotlin,2025,mobile
job,go,2024,mobile
job,java,2024,mobile
job,javascript,2024,mobile
job,kotlin,2024,mobile
job,python,2024,mobile
job,go,2024,devops_cloud
job,c,2025,embedded
job,rust,2025,embedded
job,python,2024,data_ai
job,java,2025,web backend
job,go,2024,security
job,python,2024,security
job,rust,2024,security
job,java,2024,testing_qa
job,javascript,2024,enterprise
job,typescript,2024,enterprise
job,c#,2025,web backend
job,c,2025,embedded
job,c++,2025,embedded
job,java,2025,web backend
job,javascript,2025,web frontend
job,typescript,2025,web frontend
job,c#,2025,web backend
job,javascript,2025,web backend
job,go,2024,devops_cloud
job,kotlin,2024,devops_cloud
job,php,2025,web backend
job,go,2024,web backend
job,java,2025,web backend
job,javascript,2024,web backend
job,typescript,2024,web backend
job,javascript,2025,web backend
job,c++,2024,data_ai
job,javascript,2025,web frontend
job,php,2025,web backend
job,c#,2024,web backend
job,java,2024,web backend
job,javascript,2024,web backend
job,typescript,2024,web backend
job,java,2025,web backend
job,c#,2024,web backend
job,kotlin,2024,web backend
job,typescript,2024,web backend
job,python,2025,web backend
job,java,2025,web frontend
job,kotlin,2025,web frontend
job,c,2025,embedded
job,c++,2025,embedded
job,javascript,2025,web frontend
job,typescript,2025,web frontend
job,php,2024,enterprise
job,java,2024,enterprise
job,javascript,2024,enterprise
job,python,2025,devops_cloud
job,java,2024,enterprise
job,php,2025,web backend
job,python,2024,data_ai
job,go,2024,web backend
job,python,2024,web backend
job,typescript,2024,web backend
job,python,2024,enterprise
job,c#,2025,web backend
job,javascript,2025,web backend
job,rust,2025,devops_cloud
job,kotlin,2024,security
job,python,2024,security
job,c#,2024,web backend
job,javascript,2025,web frontend
job,typescript,2024,web frontend
job,c,2024,embedded
job,c#,2024,embedded
job,c++,2024,embedded
job,go,2024,web backend
job,javascript,2024,web backend
job,python,2024,web backend
job,c,2024,security
job,c#,2024,security
job,c++,2024,security
job,java,2024,security
job,python,2024,security
job,c,2024,security
job,go,2024,security
job,java,2024,security
job,python,2024,security
job,rust,2024,security
job,php,2024,enterprise
job,c#,2025,web backend
job,javascript,2025,web backend
job,javascript,2024,web frontend
job,typescript,2024,web frontend
job,c,2024,testing_qa
job,go,2024,web backend
job,java,2024,web backend
job,javascript,2024,web backend
job,typescript,2024,web backend
job,java,2025,mobile
job,kotlin,2025,mobile
job,go,2024,web backend
job,java,2025,web frontend
job,javascript,2025,web frontend
job,typescript,2025,web frontend
job,php,2024,enterprise
job,php,2024,enterprise
job,python,2025,data_ai
job,java,2024,mobile
job,kotlin,2024,mobile
job,javascript,2025,web frontend
job,c,2025,embedded
job,rust,2024,data_ai
job,c,2024,enterprise
job,c#,2024,enterprise
job,c#,2024,enterprise
job,java,2024,data_ai
job,php,2024,enterprise
job,java,2024,devops_cloud
job,c#,2025,enterprise
job,java,2025,enterprise
job,typescript,2025,enterprise
job,javascript,2025,web frontend
job,typescript,2025,web frontend
job,c,2025,web backend
job,go,2025,web backend
job,java,2025,web backend
job,python,2025,web backend
job,rust,2025,web backend
job,go,2025,devops_cloud
job,python,2025,devops_cloud
job,c#,2025,game
job,c++,2025,game
job,c#,2025,game
job,c++,2025,game
job,c#,2024,web backend
job,c++,2024,developer tools
job,rust,2024,developer tools
job,c#,2025,game
job,c++,2025,game
job,python,2025,game
job,c,2025,embedded
job,python,2025,embedded
job,rust,2025,embedded
job,javascript,2024,enterprise
job,kotlin,2024,enterprise
job,php,2024,enterprise
job,python,2024,security
job,rust,2024,security
job,php,2024,enterprise
job,c,2024,security
job,go,2024,security
job,python,2024,security
job,rust,2024,security
job,go,2024,web backend
job,python,2024,embedded
job,go,2024,web frontend
job,javascript,2024,web frontend
job,python,2024,web frontend
job,typescript,2024,web frontend
job,javascript,2025,web frontend
job,c#,2024,blockchain
job,rust,2024,blockchain
job,python,2024,data_ai
job,c++,2025,game
job,java,2024,enterprise
job,c,2025,testing_qa
job,c#,2025,testing_qa
job,java,2025,testing_qa
job,c#,2025,embedded
job,java,2025,embedded
job,c,2025,embedded
job,c,2025,devops_cloud
job,go,2025,devops_cloud
job,javascript,2025,devops_cloud
job,rust,2025,devops_cloud
job,php,2024,enterprise
job,javascript,2025,web frontend
job,typescript,2025,web frontend
job,php,2024,enterprise
job,php,2024,enterprise
job,typescript,2025,web frontend
job,java,2025,web backend
job,javascript,2025,web backend
job,typescript,2025,web backend
job,python,2025,devops_cloud
job,javascript,2025,mobile
job,python,2025,mobile
job,c#,2025,web backend
job,javascript,2025,web backend
job,rust,2024,web backend
job,java,2024,mobile
job,kotlin,2024,mobile
job,python,2024,data_ai
job,java,2025,security
job,c#,2025,enterprise
job,java,2024,enterprise
job,javascript,2024,enterprise
job,typescript,2024,enterprise
job,python,2024,data_ai
job,c++,2024,data_ai
job,c#,2025,web frontend
job,python,2025,devops_cloud
job,php,2025,web backend
job,c#,2024,web backend
job,python,2024,data_ai
job,c,2025,embedded
job,javascript,2024,web backend
job,typescript,2024,web backend
job,javascript,2025,web backend
job,php,2025,web backend
job,go,2024,devops_cloud
job,python,2024,devops_cloud
job,java,2025,web backend
job,go,2024,web backend
job,python,2025,embedded
job,php,2025,web backend
job,javascript,2025,web frontend
job,c,2025,web backend
job,go,2025,web backend
job,rust,2025,web backend
job,python,2025,devops_cloud
job,c++,2025,developer tools
job,c#,2025,web frontend
job,c#,2024,game
job,swift,2024,game
job,java,2025,mobile
job,kotlin,2025,mobile
job,c,2025,testing_qa
job,java,2025,testing_qa
job,javascript,2025,testing_qa
job,php,2025,testing_qa
job,javascript,2024,mobile
job,kotlin,2024,mobile
job,java,2024,data_ai
job,kotlin,2024,data_ai
job,python,2024,data_ai
job,javascript,2024,web frontend
job,java,2025,mobile
job,c#,2025,game
job,c++,2025,game
job,java,2025,game
job,python,2025,game
job,typescript,2025,game
job,kotlin,2024,security
job,python,2024,security
job,c,2024,embedded
job,c++,2024,embedded
job,go,2025,blockchain
job,rust,2025,blockchain
job,python,2024,enterprise
job,php,2024,enterprise
job,go,2024,web backend
job,java,2024,web backend
job,javascript,2024,web backend
job,python,2024,web backend
job,c,2024,embedded
job,c++,2024,embedded
job,php,2025,web frontend
job,go,2025,enterprise
job,javascript,2025,enterprise
job,rust,2025,enterprise
job,python,2025,data_ai
job,c#,2025,enterprise
job,c,2024,security
job,java,2024,security
job,kotlin,2024,security
job,c,2025,embedded
job,c++,2024,game
job,python,2024,testing_qa
job,python,2024,data_ai
job,java,2025,enterprise
job,python,2024,data_ai
job,javascript,2024,web frontend
job,c++,2025,data_ai
job,c#,2025,web backend
job,java,2025,mobile
job,kotlin,2025,mobile
job,javascript,2024,enterprise
job,javascript,2024,web backend
job,php,2024,web backend
job,python,2024,web backend
job,typescript,2024,web backend
job,java,2025,web backend
job,c,2025,embedded
job,c++,2025,embedded
job,java,2025,embedded
job,kotlin,2025,embedded
job,python,2025,embedded
job,go,2025,devops_cloud
job,python,2024,data_ai
job,c,2024,embedded
job,javascript,2025,web frontend
job,php,2025,web frontend
job,php,2024,enterprise
job,java,2025,web backend
job,go,2024,web backend
job,javascript,2025,web frontend
job,kotlin,2025,mobile
job,c#,2025,web frontend
job,go,2024,web frontend
job,javascript,2024,web frontend
job,typescript,2024,web frontend
job,rust,2024,web backend
job,go,2024,developer tools
job,javascript,2024,developer tools
job,python,2024,developer tools
job,php,2024,enterprise
job,php,2024,testing_qa
job,python,2025,enterprise
job,c,2025,embedded
job,java,2025,embedded
job,kotlin,2025,embedded
job,c,2024,embedded
job,kotlin,2024,embedded
job,go,2025,devops_cloud
job,python,2025,devops_cloud
job,rust,2025,devops_cloud
job,c#,2024,enterprise
job,java,2024,enterprise
job,javascript,2024,enterprise
job,typescript,2024,enterprise
job,php,2024,enterprise
job,javascript,2025,web frontend
job,c,2024,embedded
job,c++,2024,embedded
job,java,2024,embedded
job,python,2024,embedded
job,c,2024,embedded
job,c,2024,embedded
job,php,2024,enterprise
job,java,2025,mobile
job,kotlin,2025,mobile
job,c#,2025,enterprise
job,java,2025,web backend
job,javascript,2025,web backend
job,typescript,2025,web backend
job,java,2024,data_ai
job,python,2024,data_ai
job,javascript,2025,web frontend
job,kotlin,2025,web frontend
job,java,2024,data_ai
job,python,2024,data_ai
job,java,2025,data_ai
job,java,2025,web backend
job,c++,2025,data_ai
job,javascript,2024,web backend
job,c#,2025,web backend
job,php,2025,security
job,python,2025,security
job,rust,2024,web backend
job,javascript,2025,mobile
job,kotlin,2025,mobile
job,c,2024,embedded
job,c#,2024,web backend
job,java,2024,web backend
job,javascript,2024,web backend
job,php,2024,web backend
job,javascript,2024,enterprise
job,javascript,2025,web frontend
job,typescript,2025,web frontend
job,python,2024,enterprise
job,java,2025,web backend
job,javascript,2025,web backend
job,php,2025,web backend
job,c,2025,embedded
job,c++,2025,embedded
job,c#,2025,web backend
job,java,2025,web backend
job,javascript,2025,web backend
job,php,2025,web backend
job,c++,2025,data_ai
job,java,2025,web backend
job,javascript,2024,enterprise
job,c#,2025,web backend
job,python,2024,data_ai
job,java,2024,web backend
job,typescript,2024,web backend
job,c,2025,devops_cloud
job,go,2025,devops_cloud
job,python,2025,devops_cloud
job,c#,2025,enterprise
job,python,2025,enterprise
job,java,2024,web backend
job,c,2024,embedded
job,c++,2024,embedded
job,python,2024,embedded
job,typescript,2024,embedded
job,c#,2024,game
job,c++,2024,game
job,c,2025,embedded
job,c++,2025,game
job,c#,2024,web backend
job,java,2024,web backend
job,javascript,2024,web backend
job,php,2024,web backend
job,c#,2024,web backend
job,javascript,2024,web backend
job,c,2025,security
job,c++,2025,security
job,java,2024,testing_qa
job,javascript,2024,enterprise
job,c#,2025,enterprise
job,typescript,2024,testing_qa
job,javascript,2025,web frontend
job,typescript,2025,web frontend
job,c#,2025,enterprise
job,javascript,2025,enterprise
job,kotlin,2025,enterprise
job,python,2024,enterprise
job,c#,2025,devops_cloud
job,php,2024,enterprise
job,javascript,2024,enterprise
job,c,2024,embedded
job,c#,2024,embedded
job,c++,2024,embedded
job,c#,2025,devops_cloud
job,python,2024,enterprise
job,java,2024,devops_cloud
job,kotlin,2024,devops_cloud
job,python,2024,devops_cloud
job,go,2025,devops_cloud
job,java,2025,devops_cloud
job,python,2025,devops_cloud
job,javascript,2024,enterprise
job,c++,2025,developer tools
job,go,2025,developer tools
job,python,2025,developer tools
job,javascript,2025,web backend
job,php,2025,web backend
job,c,2024,embedded
job,php,2024,enterprise
job,java,2024,devops_cloud
job,c,2024,embedded
job,go,2025,web backend
job,java,2025,web backend
job,javascript,2025,web backend
job,python,2025,web backend
job,rust,2025,web backend
job,c#,2025,enterprise
job,c#,2025,web backend
job,python,2024,embedded
job,c++,2024,developer tools
job,rust,2024,developer tools
job,go,2024,developer tools
job,python,2024,developer tools
job,rust,2024,developer tools
job,c,2024,embedded
job,c++,2024,embedded
job,c#,2025,web backend
job,java,2024,enterprise
job,c#,2025,enterprise
job,python,2025,devops_cloud
job,c#,2024,web backend
job,python,2025,data_ai
job,rust,2025,data_ai
job,go,2024,devops_cloud
job,python,2024,devops_cloud
job,c++,2024,developer tools
job,python,2024,developer tools
job,c,2024,embedded
job,c++,2024,embedded
job,go,2024,developer tools
job,rust,2024,developer tools
job,c#,2024,enterprise
job,python,2025,enterprise
job,javascript,2025,web frontend
job,typescript,2025,web frontend
job,c#,2025,web backend
job,javascript,2025,web backend
job,c#,2025,devops_cloud
job,go,2025,devops_cloud
job,java,2025,enterprise
job,java,2024,data_ai
job,javascript,2025,enterprise
job,kotlin,2025,enterprise
job,java,2025,web backend
job,c,2025,testing_qa
job,c#,2025,testing_qa
job,php,2025,web backend
job,php,2024,enterprise
job,c,2025,data_ai
job,rust,2025,data_ai
job,javascript,2025,web frontend
job,c,2025,embedded
job,python,2025,embedded
job,rust,2025,embedded
job,kotlin,2025,mobile
job,php,2025,web backend
job,go,2025,web backend
job,java,2025,web backend
job,python,2025,web backend
job,go,2024,developer tools
job,javascript,2024,developer tools
job,c++,2025,game
job,python,2025,game
job,swift,2025,game
job,c#,2024,web backend
job,javascript,2024,web backend
job,php,2024,web backend
job,typescript,2024,web backend
job,c#,2025,enterprise
job,javascript,2025,enterprise
job,python,2025,enterprise
job,c++,2025,game
job,go,2024,enterprise
job,java,2024,enterprise
job,rust,2024,enterprise
job,javascript,2024,testing_qa
job,python,2024,data_ai
job,java,2025,mobile
job,kotlin,2025,mobile
job,java,2024,devops_cloud
job,go,2024,devops_cloud
job,java,2025,web backend
job,javascript,2025,web backend
job,kotlin,2025,web backend
job,javascript,2024,web frontend
job,java,2024,enterprise
job,c#,2024,game
job,c++,2024,game
job,java,2024,game
job,javascript,2024,game
job,c,2025,embedded
job,kotlin,2025,embedded
job,java,2024,web backend
job,javascript,2024,web backend
job,python,2024,web backend
job,rust,2024,web backend
job,typescript,2024,web backend
job,python,2025,data_ai
job,python,2024,data_ai
job,python,2025,data_ai
job,c#,2025,enterprise
job,python,2025,data_ai
job,java,2025,data_ai
job,rust,2025,data_ai
job,c#,2024,enterprise
job,go,2024,enterprise
job,java,2024,enterprise
job,python,2024,enterprise
job,rust,2024,enterprise
job,python,2025,web backend
job,c,2025,embedded
job,python,2024,data_ai
job,python,2025,data_ai
job,python,2025,data_ai
job,c,2025,game
job,c++,2025,game
job,python,2025,data_ai
job,python,2024,enterprise
job,php,2025,web frontend
job,c++,2025,data_ai
job,python,2025,data_ai
job,javascript,2025,web frontend
job,javascript,2024,developer tools
job,typescript,2024,developer tools
job,rust,2024,developer tools
job,php,2024,enterprise
job,c++,2024,game
job,python,2024,game
job,javascript,2025,web frontend
job,rust,2025,developer tools
job,go,2025,developer tools
job,javascript,2025,mobile
job,kotlin,2025,mobile
job,java,2025,testing_qa
job,java,2025,mobile
job,kotlin,2025,mobile
job,java,2024,web backend
job,python,2025,devops_cloud
job,c#,2024,enterprise
job,javascript,2024,enterprise
job,typescript,2024,devops_cloud
job,python,2024,devops_cloud
job,java,2025,web backend
job,typescript,2025,web backend
job,python,2025,data_ai
job,rust,2025,data_ai
job,c++,2025,game
job,go,2025,game
job,python,2025,game
job,javascript,2024,enterprise
job,java,2025,mobile
job,kotlin,2025,mobile
job,c#,2025,data_ai
job,c++,2025,data_ai
job,java,2025,data_ai
job,python,2025,data_ai
job,java,2024,enterprise
job,java,2025,enterprise
job,c#,2025,enterprise
job,javascript,2025,enterprise
job,java,2024,mobile
job,kotlin,2024,mobile
job,kotlin,2024,embedded
job,python,2024,embedded
job,c,2024,web backend
job,go,2024,web backend
job,javascript,2024,web backend
job,python,2024,web backend
job,typescript,2024,web backend
job,c,2024,embedded
job,c,2024,embedded
job,go,2024,devops_cloud
job,java,2024,web backend
job,java,2024,testing_qa
job,typescript,2024,testing_qa
job,javascript,2025,web frontend
job,java,2024,testing_qa
job,javascript,2024,testing_qa
job,kotlin,2024,testing_qa
job,go,2024,web backend
job,java,2024,web backend
job,kotlin,2024,web backend
job,c,2025,embedded
job,c++,2025,embedded
job,java,2025,embedded
job,javascript,2024,web frontend
job,javascript,2025,testing_qa
job,java,2025,data_ai
job,c,2025,embedded
job,go,2025,embedded
job,python,2025,embedded
job,rust,2025,embedded
job,typescript,2025,embedded
job,javascript,2024,embedded
job,python,2024,embedded
job,typescript,2024,embedded
job,rust,2024,web backend
job,go,2025,web frontend
job,rust,2025,web frontend
job,typescript,2025,web frontend
job,javascript,2025,devops_cloud
job,python,2025,devops_cloud
job,c,2024,embedded
job,python,2025,data_ai
job,python,2024,data_ai
job,php,2025,web backend
job,c,2024,embedded
job,c++,2024,embedded
job,c,2024,embedded
job,python,2024,embedded
job,typescript,2024,embedded
job,python,2024,data_ai
job,javascript,2024,web frontend
job,typescript,2024,web frontend
job,c++,2025,game
job,python,2025,game
job,c,2024,embedded
job,c#,2025,web backend
job,typescript,2024,web frontend
job,kotlin,2024,testing_qa
job,python,2024,testing_qa
job,python,2025,data_ai
job,python,2024,embedded
job,c,2024,embedded
job,go,2024,devops_cloud
job,java,2025,mobile
job,kotlin,2025,mobile
job,c,2024,embedded
job,python,2024,data_ai
job,javascript,2024,web frontend
job,java,2024,embedded
job,javascript,2025,enterprise
job,c#,2024,game
job,c++,2024,game
job,python,2024,game
job,c,2025,security
job,c++,2025,security
job,java,2025,security
job,javascript,2025,web frontend
job,c#,2024,enterprise
job,javascript,2024,enterprise
job,php,2024,enterprise
job,python,2024,enterprise
job,typescript,2024,enterprise
job,php,2024,enterprise
job,c#,2025,devops_cloud
job,java,2025,mobile
job,kotlin,2025,mobile
job,java,2024,web backend
job,typescript,2024,web backend
job,rust,2025,security
job,java,2025,data_ai
job,python,2025,data_ai
job,rust,2025,data_ai
job,java,2025,web backend
job,javascript,2025,web backend
job,kotlin,2025,web backend
job,javascript,2025,web backend
job,php,2025,web backend
job,typescript,2025,web backend
job,php,2025,web backend
job,c#,2025,web backend
job,javascript,2024,enterprise
job,typescript,2024,enterprise
job,c,2024,embedded
job,c,2025,security
job,go,2025,security
job,python,2025,security
job,go,2025,devops_cloud
job,javascript,2025,devops_cloud
job,c#,2024,data_ai
job,c++,2024,data_ai
job,python,2024,data_ai
job,python,2025,data_ai
job,c,2025,embedded
job,java,2025,embedded
job,rust,2025,embedded
job,java,2024,mobile
job,kotlin,2024,mobile
job,python,2025,testing_qa
job,c,2025,embedded
job,c++,2025,embedded
job,c#,2024,web backend
job,go,2024,web backend
job,javascript,2024,web backend
job,typescript,2024,web backend
job,javascript,2024,web frontend
job,python,2024,web frontend
job,rust,2024,web frontend
job,typescript,2024,web frontend
job,python,2025,embedded
job,javascript,2024,web frontend
job,typescript,2024,web frontend
job,php,2025,web backend
job,go,2024,web backend
job,c#,2024,web backend
job,javascript,2024,web backend
job,python,2025,devops_cloud
job,c#,2024,web backend
job,typescript,2024,web backend
job,c#,2024,mobile
job,python,2024,mobile
job,java,2025,mobile
job,javascript,2025,mobile
job,kotlin,2025,mobile
job,javascript,2024,enterprise
job,java,2025,web frontend
job,python,2024,data_ai
job,c++,2025,game
job,javascript,2024,web frontend
job,typescript,2024,web frontend
job,rust,2024,developer tools
job,python,2024,developer tools
job,javascript,2025,enterprise
job,python,2024,enterprise
job,java,2024,data_ai
job,kotlin,2024,data_ai
job,python,2024,data_ai
job,typescript,2024,web frontend
job,python,2024,data_ai
job,java,2025,web backend
job,java,2024,devops_cloud
job,typescript,2024,devops_cloud
job,python,2024,devops_cloud
job,javascript,2025,web frontend
job,c,2025,embedded
job,rust,2025,embedded
job,c,2025,embedded
job,go,2025,embedded
job,python,2025,embedded
job,rust,2025,embedded
job,c,2024,embedded
job,java,2024,enterprise
job,javascript,2025,web frontend
job,typescript,2025,web frontend
job,c#,2025,developer tools
job,c,2024,web backend
job,c#,2024,web backend
job,javascript,2024,web backend
job,typescript,2024,web backend
job,javascript,2025,web frontend
job,typescript,2025,web frontend
job,java,2024,testing_qa
job,c++,2024,developer tools
job,rust,2024,developer tools
job,rust,2024,blockchain
job,php,2025,enterprise
job,typescript,2024,mobile
job,python,2024,data_ai
job,rust,2024,data_ai
job,java,2025,web backend
job,javascript,2025,web backend
job,typescript,2025,web backend
job,c#,2025,web backend
job,javascript,2025,web backend
job,python,2025,devops_cloud
job,python,2024,testing_qa
job,javascript,2025,web frontend
job,typescript,2025,web frontend
job,c++,2025,game
job,python,2025,game
job,java,2025,web backend
job,python,2025,data_ai
job,rust,2025,data_ai
job,java,2024,devops_cloud
job,c#,2024,game
job,c++,2024,game
job,python,2024,game
job,c,2025,security
job,c#,2025,web backend
job,javascript,2025,web backend
job,go,2025,devops_cloud
job,java,2025,devops_cloud
job,rust,2024,web backend
job,c#,2024,web backend
job,java,2024,web backend
job,javascript,2024,web backend
job,javascript,2024,web frontend
job,php,2024,web frontend
job,typescript,2024,web frontend
job,c,2024,embedded
job,kotlin,2024,embedded
job,python,2024,embedded
job,rust,2024,embedded
job,go,2024,devops_cloud
job,java,2024,devops_cloud
job,kotlin,2024,devops_cloud
job,python,2024,devops_cloud
job,go,2024,web backend
job,c,2024,embedded
job,c++,2024,embedded
job,python,2024,embedded
job,rust,2024,web backend
job,c#,2025,web backend
job,javascript,2025,web backend
job,c,2025,embedded
job,python,2025,embedded
job,rust,2025,embedded
job,java,2025,web backend
job,java,2024,testing_qa
job,c,2024,security
job,kotlin,2024,security
job,python,2024,security
job,python,2025,data_ai
job,c#,2025,enterprise
job,java,2025,enterprise
job,java,2024,enterprise
job,java,2024,mobile
job,kotlin,2024,mobile
job,rust,2025,web backend
job,java,2024,web backend
job,kotlin,2024,web backend
job,python,2024,web backend
job,python,2024,embedded
job,go,2025,devops_cloud
job,javascript,2025,devops_cloud
job,python,2025,devops_cloud
job,c++,2025,game
job,java,2025,web backend
job,kotlin,2025,web backend
job,python,2024,developer tools
job,rust,2024,developer tools
job,c,2024,embedded
job,python,2024,embedded
job,rust,2024,embedded
job,rust,2025,data_ai
job,c#,2024,web backend
job,rust,2024,web backend
job,c,2024,embedded
job,c++,2024,embedded
job,javascript,2025,web backend
job,typescript,2025,web backend
job,python,2024,enterprise
job,c#,2024,data_ai
job,python,2024,data_ai
job,c#,2025,devops_cloud
job,go,2025,devops_cloud
job,python,2025,devops_cloud
job,java,2025,devops_cloud
job,javascript,2024,enterprise
job,javascript,2025,web frontend
job,javascript,2024,enterprise
job,python,2024,data_ai
job,go,2025,testing_qa
job,kotlin,2025,testing_qa
job,python,2025,testing_qa
job,rust,2025,testing_qa
job,c++,2025,game
job,python,2025,security
job,javascript,2025,security
job,php,2025,security
job,python,2025,security
job,java,2025,testing_qa
job,python,2025,devops_cloud
job,python,2024,data_ai
job,javascript,2025,web frontend
job,go,2024,data_ai
job,go,2025,devops_cloud
job,java,2025,devops_cloud
job,python,2025,devops_cloud
job,python,2024,embedded
job,c#,2024,enterprise
job,javascript,2024,enterprise
job,c,2025,devops_cloud
job,go,2025,devops_cloud
job,java,2025,devops_cloud
job,rust,2025,devops_cloud
job,typescript,2025,devops_cloud
job,go,2025,devops_cloud
job,go,2025,security
job,python,2025,security
job,python,2024,data_ai
job,python,2025,devops_cloud
job,c#,2025,game
job,c++,2025,game
job,javascript,2025,web frontend
job,typescript,2025,web frontend
job,c#,2025,web backend
job,c,2025,embedded
job,c#,2025,web backend
job,javascript,2025,web backend
job,javascript,2025,web frontend
job,php,2025,web frontend
job,c#,2025,devops_cloud
job,go,2025,devops_cloud
job,javascript,2025,web frontend
job,java,2024,mobile
job,kotlin,2024,mobile
job,c++,2025,data_ai
job,python,2025,data_ai
job,go,2025,security
job,javascript,2025,security
job,python,2025,security
job,rust,2025,security
job,c,2024,embedded
job,python,2024,embedded
job,rust,2024,embedded
job,c,2025,security
job,c#,2025,security
job,c++,2025,security
job,java,2025,security
job,python,2025,security
job,c#,2024,enterprise
job,python,2024,data_ai
job,c#,2024,web backend
job,go,2024,web backend
job,python,2024,web backend
job,c,2025,embedded
job,c#,2025,embedded
job,c++,2025,embedded
job,python,2025,embedded
job,go,2025,web backend
job,python,2025,web backend
job,rust,2025,web backend
job,typescript,2025,web backend
job,c,2025,embedded
job,c++,2025,embedded
job,typescript,2024,web frontend
job,c++,2025,game
job,go,2025,devops_cloud
job,c#,2024,enterprise
job,javascript,2024,web frontend
job,javascript,2025,web frontend
job,kotlin,2025,web frontend
job,python,2024,data_ai
job,javascript,2024,web frontend
job,typescript,2024,web frontend
job,php,2025,web backend
job,go,2024,devops_cloud
job,javascript,2024,devops_cloud
job,python,2024,devops_cloud
job,rust,2024,devops_cloud
job,typescript,2024,devops_cloud
job,php,2025,security
job,c,2025,embedded
job,java,2025,data_ai
job,c,2024,security
job,python,2024,security
job,rust,2024,security
job,c,2024,embedded
job,c,2024,embedded
job,c++,2024,embedded
job,php,2024,embedded
job,c++,2025,game
job,javascript,2024,enterprise
job,javascript,2025,web frontend
job,javascript,2025,web frontend
job,go,2024,web frontend
job,java,2024,web frontend
job,javascript,2024,web frontend
job,kotlin,2024,web frontend
job,php,2024,web frontend
job,c#,2024,web backend
job,go,2024,devops_cloud
job,java,2024,devops_cloud
job,python,2024,devops_cloud
job,python,2025,security
job,java,2025,mobile
job,kotlin,2025,mobile
job,go,2024,devops_cloud
job,python,2024,devops_cloud
job,rust,2024,devops_cloud
job,php,2024,enterprise
job,python,2025,data_ai
job,rust,2025,data_ai
job,java,2025,mobile
job,kotlin,2025,mobile
job,python,2024,enterprise
job,javascript,2024,web frontend
job,typescript,2024,web frontend
job,javascript,2024,enterprise
job,go,2024,data_ai
job,php,2024,enterprise
job,c#,2025,web backend
job,java,2024,testing_qa
job,java,2025,mobile
job,kotlin,2025,mobile
job,rust,2025,web backend
job,java,2025,mobile
job,kotlin,2025,mobile
job,c#,2024,enterprise
job,go,2025,devops_cloud
job,java,2025,devops_cloud
job,python,2025,devops_cloud
job,c#,2025,devops_cloud
job,go,2025,devops_cloud
job,java,2025,devops_cloud
job,rust,2025,devops_cloud
job,java,2025,mobile
job,kotlin,2025,mobile
job,java,2025,web backend
job,go,2024,devops_cloud
job,python,2024,devops_cloud
job,java,2024,enterprise
job,c,2025,embedded
job,python,2025,data_ai
job,python,2024,security
job,typescript,2024,security
job,kotlin,2024,devops_cloud
job,python,2024,devops_cloud
job,javascript,2025,web backend
job,typescript,2025,web backend
job,javascript,2025,web frontend
job,javascript,2025,web backend
job,php,2025,web backend
job,c,2025,embedded
job,c++,2025,embedded
job,python,2025,embedded
job,javascript,2024,enterprise
job,c,2025,embedded
job,kotlin,2025,embedded
job,python,2024,enterprise
job,python,2024,data_ai
job,c++,2025,data_ai
job,rust,2025,data_ai
job,c,2024,embedded
job,rust,2024,embedded
job,c,2025,embedded
job,php,2025,enterprise
job,java,2025,security
job,c,2024,embedded
job,c++,2024,embedded
job,java,2024,embedded
job,kotlin,2024,embedded
job,c#,2025,web backend
job,javascript,2025,web backend
job,kotlin,2025,web backend
job,java,2025,web backend
job,java,2025,mobile
job,kotlin,2025,mobile
job,c,2025,embedded
job,python,2024,testing_qa
job,c#,2024,data_ai
job,python,2024,data_ai
job,go,2024,devops_cloud
job,javascript,2025,web frontend
job,c#,2025,enterprise
job,go,2024,web backend
job,rust,2024,web backend
job,c#,2024,game
job,c++,2024,game
job,c++,2025,game
job,php,2024,enterprise
job,c#,2025,web backend
job,javascript,2025,web backend
job,typescript,2025,web backend
job,java,2024,enterprise
job,javascript,2025,web frontend
job,c#,2025,web backend
job,c,2024,embedded
job,python,2024,embedded
job,rust,2024,embedded
job,c#,2024,enterprise
job,c,2025,security
job,c++,2025,security
job,java,2025,security
job,python,2025,security
job,python,2024,data_ai
job,c#,2024,web backend
job,java,2024,web backend
job,javascript,2024,web backend
job,javascript,2024,web frontend
job,c,2024,embedded
job,c++,2024,embedded
job,c++,2024,data_ai
job,rust,2024,data_ai
job,go,2024,web backend
job,java,2024,web backend
job,kotlin,2024,web backend
job,c#,2025,devops_cloud
job,c++,2024,developer tools
job,rust,2024,developer tools
job,python,2024,developer tools
job,c#,2025,web backend
job,javascript,2025,web frontend
job,php,2025,web frontend
job,php,2024,enterprise
job,php,2025,web backend
job,javascript,2024,enterprise
job,typescript,2024,enterprise
job,go,2024,web backend
job,java,2025,testing_qa
job,java,2025,enterprise
job,javascript,2025,web frontend
job,php,2025,web frontend
job,java,2024,enterprise
job,c#,2024,web backend
job,go,2025,enterprise
job,c#,2024,enterprise
job,javascript,2025,web frontend
job,typescript,2025,web frontend
job,kotlin,2025,mobile
job,python,2025,devops_cloud
job,c#,2025,web backend
job,javascript,2025,web backend
job,java,2025,enterprise
job,javascript,2025,devops_cloud
job,java,2024,mobile
job,javascript,2024,mobile
job,kotlin,2024,mobile
job,typescript,2024,mobile
job,java,2025,data_ai
job,javascript,2025,devops_cloud
job,rust,2024,web backend
job,javascript,2024,enterprise
job,php,2024,enterprise
job,c,2024,embedded
job,kotlin,2024,embedded
job,c,2024,embedded
job,java,2024,web backend
job,go,2024,devops_cloud
job,kotlin,2024,devops_cloud
job,javascript,2025,mobile
job,kotlin,2025,mobile
job,javascript,2025,web frontend
job,java,2024,devops_cloud
job,python,2024,devops_cloud
job,go,2024,web backend
job,java,2024,web backend
job,javascript,2024,web backend
job,python,2024,web backend
job,rust,2024,web backend
job,go,2024,security
job,c,2024,iot
job,java,2024,iot
job,python,2024,iot
job,rust,2024,iot
job,java,2024,data_ai
job,kotlin,2024,data_ai
job,javascript,2025,web frontend
job,php,2025,web frontend
job,java,2025,web backend
job,javascript,2025,web backend
job,typescript,2025,web backend
job,c++,2024,data_ai
job,rust,2024,data_ai
job,java,2024,devops_cloud
job,go,2024,devops_cloud
job,go,2025,web backend
job,java,2025,web backend
job,kotlin,2025,web backend
job,javascript,2025,web frontend
job,typescript,2025,web frontend
job,c,2025,embedded
job,c++,2025,embedded
job,python,2025,devops_cloud
job,javascript,2025,web frontend
job,typescript,2025,web frontend
job,javascript,2024,testing_qa
job,kotlin,2024,testing_qa
job,javascript,2025,enterprise
job,c#,2025,game
job,c++,2025,game
job,javascript,2025,game
job,python,2025,game
job,javascript,2025,web frontend
job,php,2025,web frontend
job,c#,2025,web backend
job,javascript,2024,web frontend
job,java,2024,web backend
job,javascript,2024,enterprise
job,c++,2024,game
job,c,2024,testing_qa
job,go,2024,devops_cloud
job,java,2025,mobile
job,javascript,2025,mobile
job,kotlin,2025,mobile
job,python,2025,mobile
job,javascript,2025,web backend
job,javascript,2025,security
job,php,2025,security
job,python,2025,security
job,c#,2024,enterprise
job,javascript,2025,enterprise
job,php,2025,web backend
job,php,2025,web backend
job,java,2025,mobile
job,kotlin,2025,mobile
job,javascript,2025,security
job,javascript,2025,web frontend
job,python,2024,enterprise
job,go,2024,devops_cloud
job,go,2025,devops_cloud
job,python,2025,devops_cloud
job,php,2025,web backend
job,java,2024,enterprise
job,python,2024,data_ai
job,java,2025,security
job,java,2025,web backend
job,java,2024,web backend
job,javascript,2024,web backend
job,kotlin,2024,web backend
job,python,2024,web backend
job,typescript,2024,web backend
job,typescript,2024,web frontend
job,c,2024,embedded
job,c++,2024,embedded
job,javascript,2025,web backend
job,kotlin,2025,web backend
job,php,2025,web backend
job,python,2025,web backend
job,kotlin,2025,security
job,python,2025,security
job,javascript,2024,web frontend
job,typescript,2024,web frontend
job,python,2025,data_ai
job,javascript,2024,web frontend
job,kotlin,2024,web frontend
job,typescript,2024,web frontend
job,c#,2024,enterprise
job,typescript,2024,enterprise
job,go,2025,devops_cloud
job,java,2025,devops_cloud
job,python,2025,security
job,go,2024,devops_cloud
job,go,2025,data_ai
job,python,2025,data_ai
job,c#,2024,web backend
job,javascript,2024,web backend
job,go,2024,mobile
job,javascript,2024,mobile
job,kotlin,2024,mobile
job,rust,2024,mobile
job,typescript,2024,mobile
job,java,2024,security
job,c,2025,security
job,rust,2025,security
job,c,2024,embedded
job,python,2024,embedded
job,rust,2024,embedded
job,javascript,2025,web frontend
job,javascript,2025,web frontend
job,php,2025,web frontend
job,c,2025,embedded
job,c++,2025,embedded
job,python,2025,embedded
job,php,2025,web backend
job,python,2025,web backend
job,java,2025,web backend
job,javascript,2025,web backend
job,kotlin,2025,web backend
job,php,2025,web backend
job,java,2025,web backend
job,go,2024,devops_cloud
job,python,2024,devops_cloud
job,python,2024,data_ai
job,c#,2025,web backend
job,c,2024,embedded
job,c++,2024,embedded
job,c,2024,embedded
job,java,2024,web backend
job,c#,2024,web backend
job,javascript,2024,web backend
job,c,2024,testing_qa
job,java,2025,devops_cloud
job,java,2025,mobile
job,kotlin,2025,mobile
job,c#,2025,devops_cloud
job,javascript,2025,devops_cloud
job,javascript,2025,devops_cloud
job,typescript,2025,devops_cloud
job,python,2025,data_ai
job,javascript,2025,web frontend
job,javascript,2024,web frontend
job,javascript,2025,web frontend
job,java,2025,mobile
job,kotlin,2025,mobile
job,c,2025,security
job,go,2025,security
job,python,2025,security
job,rust,2025,security
job,java,2025,enterprise
job,javascript,2024,web frontend
job,php,2024,web frontend
job,typescript,2024,web frontend
job,python,2025,web backend
job,c,2025,embedded
job,python,2025,embedded
job,rust,2025,embedded
job,c,2025,embedded
job,c#,2025,game
job,c++,2025,game
job,javascript,2025,web backend
job,php,2025,web backend
job,c#,2024,game
job,c++,2024,game
job,kotlin,2024,game
job,python,2024,game
job,go,2025,devops_cloud
job,java,2025,devops_cloud
job,javascript,2025,devops_cloud
job,python,2025,devops_cloud
job,java,2024,data_ai
job,c#,2024,enterprise
job,java,2024,mobile
job,kotlin,2024,mobile
job,c#,2024,enterprise
job,java,2024,enterprise
job,go,2024,data_ai
job,php,2024,enterprise
job,kotlin,2024,mobile
job,python,2024,mobile
job,java,2024,web backend
job,c,2024,embedded
job,kotlin,2024,embedded
job,python,2024,embedded
job,python,2025,data_ai
job,java,2024,security
job,go,2024,devops_cloud
job,python,2024,devops_cloud
job,typescript,2024,web frontend
job,python,2024,data_ai
job,c++,2025,game
job,python,2025,game
job,python,2024,embedded
job,go,2024,enterprise
job,java,2024,enterprise
job,python,2024,enterprise
job,javascript,2025,web backend
job,php,2025,web backend
job,python,2025,web backend
job,php,2024,web backend
job,c#,2025,enterprise
job,javascript,2025,enterprise
job,c,2024,embedded
job,go,2025,devops_cloud
job,rust,2025,devops_cloud
job,c,2025,embedded
job,php,2025,web backend
job,php,2024,enterprise
job,javascript,2025,web frontend
job,typescript,2025,web frontend
job,python,2024,data_ai
job,java,2025,web backend
job,kotlin,2025,web backend
job,javascript,2024,enterprise
job,javascript,2024,web frontend
job,javascript,2024,enterprise
job,java,2025,enterprise
job,c#,2025,web backend
job,javascript,2025,web backend
job,php,2025,web backend
job,javascript,2025,web backend
job,java,2025,mobile
job,kotlin,2025,mobile
job,javascript,2024,web frontend
job,typescript,2024,web frontend
job,java,2024,web backend
job,javascript,2024,web backend
job,typescript,2024,web backend
job,c,2024,devops_cloud
job,go,2024,devops_cloud
job,rust,2024,devops_cloud
job,javascript,2024,web backend
job,typescript,2024,web backend
job,javascript,2024,web backend
job,python,2024,web backend
job,typescript,2024,web backend
job,c,2024,embedded
job,java,2024,data_ai
job,python,2024,data_ai
job,rust,2024,data_ai
job,c,2025,testing_qa
job,rust,2025,testing_qa
job,java,2025,web backend
job,java,2025,data_ai
job,python,2025,data_ai
job,rust,2025,data_ai
job,python,2025,devops_cloud
job,c,2025,blockchain
job,java,2025,blockchain
job,kotlin,2025,blockchain
job,java,2024,enterprise
job,java,2025,data_ai
job,python,2025,data_ai
job,rust,2025,data_ai
job,java,2024,testing_qa
job,java,2024,enterprise
job,go,2024,web backend
job,go,2024,devops_cloud
job,java,2024,web backend
job,c#,2024,data_ai
job,python,2024,data_ai
job,c#,2024,enterprise
job,python,2024,testing_qa
job,typescript,2024,testing_qa
job,c++,2025,data_ai
job,python,2025,data_ai
job,python,2024,data_ai
job,rust,2024,data_ai
job,c,2024,embedded
job,java,2025,data_ai
job,python,2025,data_ai
job,c#,2025,enterprise
job,rust,2025,developer tools
job,python,2025,developer tools
job,c#,2024,web backend
job,javascript,2024,web backend
job,python,2024,data_ai
job,javascript,2024,web frontend
job,typescript,2024,web frontend
job,javascript,2025,web frontend
job,typescript,2025,web frontend
job,c#,2025,web backend
job,javascript,2025,web backend
job,go,2024,devops_cloud
job,python,2024,devops_cloud
job,c#,2025,web backend
job,python,2024,data_ai
job,rust,2024,data_ai
job,java,2025,mobile
job,kotlin,2025,mobile
job,c#,2025,web backend
job,javascript,2024,enterprise
job,c#,2025,enterprise
job,java,2025,enterprise
job,python,2024,embedded
job,typescript,2024,embedded
job,python,2024,testing_qa
job,c#,2024,enterprise
job,java,2025,web backend
job,c#,2025,enterprise
job,java,2024,mobile
job,kotlin,2024,mobile
job,javascript,2024,enterprise
job,python,2024,enterprise
job,typescript,2024,enterprise
job,python,2025,web backend
job,c#,2025,game
job,c++,2025,game
job,java,2025,game
job,python,2025,game
job,c,2025,security
job,c#,2025,security
job,c++,2025,security
job,go,2025,security
job,java,2025,security
job,kotlin,2025,security
job,python,2025,security
job,python,2025,security
job,java,2025,data_ai
job,c#,2025,enterprise
job,c++,2025,enterprise
job,javascript,2025,enterprise
job,php,2025,web frontend
job,c++,2025,embedded
job,python,2025,embedded
job,rust,2025,developer tools
job,go,2025,developer tools
job,python,2025,developer tools
job,go,2024,developer tools
job,rust,2024,developer tools
job,python,2024,data_ai
job,javascript,2025,web frontend
job,php,2024,enterprise
job,c,2025,embedded
job,c++,2025,embedded
job,python,2025,embedded
job,php,2024,web backend
job,c#,2024,web backend
job,javascript,2025,web frontend
job,typescript,2025,web frontend
job,javascript,2024,enterprise
job,c#,2025,game
job,c,2025,testing_qa
job,rust,2025,testing_qa
job,php,2025,devops_cloud
job,javascript,2024,enterprise
job,python,2025,data_ai
job,c,2024,web backend
job,c#,2024,web backend
job,java,2024,web backend
job,javascript,2024,web backend
job,php,2024,web backend
job,python,2025,web backend
job,c,2024,web backend
job,c#,2024,web backend
job,javascript,2024,web backend
job,go,2024,devops_cloud
job,java,2024,devops_cloud
job,javascript,2024,devops_cloud
job,rust,2024,devops_cloud
job,typescript,2024,devops_cloud
job,java,2025,data_ai
job,python,2025,data_ai
job,rust,2025,data_ai
job,python,2024,data_ai
job,java,2024,enterprise
job,c,2024,security
job,python,2024,security
job,typescript,2024,security
job,java,2025,mobile
job,kotlin,2025,mobile
job,c,2024,embedded
job,c++,2024,embedded
job,java,2024,enterprise
job,java,2025,mobile
job,kotlin,2025,mobile
job,c,2024,embedded
job,rust,2024,embedded
job,c++,2024,game
job,c,2025,embedded
job,java,2024,mobile
job,javascript,2024,mobile
job,kotlin,2024,mobile
job,typescript,2024,mobile
job,java,2025,data_ai
job,python,2025,data_ai
job,rust,2025,data_ai
job,javascript,2025,web frontend
job,java,2024,devops_cloud
job,c,2024,embedded
job,c++,2024,embedded
job,typescript,2024,embedded
job,c,2025,embedded
job,rust,2025,embedded
job,java,2025,web backend
job,c#,2025,devops_cloud
job,python,2025,security
job,rust,2025,security
job,c++,2024,developer tools
job,c,2024,embedded
job,c++,2024,embedded
job,c,2025,embedded
job,php,2025,web backend
job,javascript,2025,web frontend
job,c#,2024,enterprise
job,java,2024,enterprise
job,php,2024,enterprise
job,python,2025,data_ai
job,java,2025,data_ai
job,python,2025,data_ai
job,rust,2025,data_ai
job,c,2025,game
job,c#,2025,game
job,c++,2025,game
job,go,2025,game
job,java,2025,game
job,python,2025,game
job,c#,2024,web backend
job,java,2024,web backend
job,javascript,2024,web backend
job,typescript,2024,web backend
job,c#,2024,enterprise
job,java,2024,enterprise
job,python,2025,web backend
job,c,2024,embedded
job,c++,2024,embedded
job,java,2024,mobile
job,kotlin,2024,mobile
job,python,2024,devops_cloud
job,javascript,2025,web frontend
job,php,2025,web frontend
job,php,2024,enterprise
job,go,2025,data_ai
job,java,2025,data_ai
job,php,2025,data_ai
job,python,2025,data_ai
job,rust,2025,data_ai
job,javascript,2025,web frontend
job,typescript,2025,web frontend
job,java,2025,data_ai
job,c#,2025,enterprise
job,java,2025,enterprise
job,c#,2025,web backend
job,javascript,2025,web backend
job,c#,2024,data_ai
job,go,2024,data_ai
job,java,2024,data_ai
job,python,2024,data_ai
job,java,2024,mobile
job,kotlin,2024,mobile
job,php,2024,enterprise
job,python,2025,data_ai
job,c,2025,embedded
job,c#,2025,embedded
job,c++,2025,embedded
job,python,2025,embedded
job,c#,2025,web backend
job,javascript,2025,web backend
job,kotlin,2025,web backend
job,rust,2025,web backend
job,javascript,2025,web frontend
job,typescript,2025,web frontend
job,python,2024,data_ai
job,php,2025,web backend
job,javascript,2024,web frontend
job,c#,2025,web backend
job,java,2025,web backend
job,c,2025,embedded
job,c++,2025,embedded
job,go,2025,embedded
job,python,2025,embedded
job,c#,2024,web backend
job,javascript,2024,web backend
job,python,2025,devops_cloud
job,c,2024,embedded
job,rust,2024,embedded
job,java,2025,mobile
job,kotlin,2025,mobile
job,javascript,2025,web frontend
job,c,2024,embedded
job,c++,2024,embedded
job,c#,2025,web backend
job,javascript,2025,web backend
job,java,2025,web backend
job,c#,2024,enterprise
job,java,2024,enterprise
job,c++,2024,data_ai
job,php,2024,web backend
job,php,2025,devops_cloud
job,javascript,2025,web backend
job,java,2025,mobile
job,kotlin,2025,mobile
job,c++,2025,game
job,javascript,2025,web frontend
job,java,2024,web backend
job,javascript,2024,web backend
job,typescript,2024,web backend
job,c,2025,devops_cloud
job,go,2025,devops_cloud
job,python,2025,devops_cloud
job,rust,2025,devops_cloud
job,php,2024,enterprise
job,javascript,2024,web frontend
job,typescript,2024,web frontend
job,javascript,2024,enterprise
job,python,2024,data_ai
job,python,2025,data_ai
job,javascript,2025,web frontend
job,typescript,2025,web frontend
job,typescript,2025,web frontend
job,javascript,2024,enterprise
job,python,2024,enterprise
job,typescript,2024,enterprise
job,java,2025,web backend
job,javascript,2025,web frontend
job,python,2025,web frontend
job,javascript,2024,web frontend
job,typescript,2024,web frontend
job,c#,2025,web backend
job,python,2025,data_ai
job,rust,2025,data_ai
job,rust,2025,web backend
job,javascript,2025,web frontend
job,rust,2025,developer tools
job,c,2024,devops_cloud
job,c++,2024,devops_cloud
job,python,2024,devops_cloud
job,java,2025,web backend
job,c++,2025,game
job,javascript,2025,game
job,python,2025,devops_cloud
job,c#,2024,web backend
job,javascript,2024,web backend
job,swift,2024,mobile
job,kotlin,2024,mobile
job,php,2025,web backend
job,python,2025,devops_cloud
job,c,2024,testing_qa
job,c#,2025,enterprise
job,java,2025,enterprise
job,c,2024,embedded
job,c,2025,embedded
job,go,2025,developer tools
job,c,2025,security
job,python,2025,security
job,rust,2025,security
job,c#,2025,web backend
job,javascript,2025,web backend
job,c#,2025,web backend
job,javascript,2024,enterprise
job,go,2024,web backend
job,javascript,2025,web frontend
job,typescript,2025,web frontend
job,java,2025,web backend
job,c,2024,embedded
job,c#,2024,embedded
job,python,2024,embedded
job,javascript,2024,enterprise
job,javascript,2024,web frontend
job,typescript,2024,web frontend
job,javascript,2024,web frontend
job,javascript,2024,web frontend
job,c,2024,embedded
job,c,2024,embedded
job,c++,2024,embedded
job,c#,2025,web backend
job,javascript,2025,web backend
job,java,2025,devops_cloud
job,go,2025,enterprise
job,python,2025,enterprise
job,rust,2025,enterprise
job,c#,2025,game
job,c++,2025,game
job,python,2025,game
job,javascript,2025,enterprise
job,c,2025,embedded
job,c++,2025,embedded
job,php,2025,web frontend
job,php,2024,enterprise
job,c,2025,embedded
job,c++,2025,embedded
job,c,2024,iot
job,c++,2024,iot
job,python,2025,data_ai
job,rust,2025,data_ai
job,c++,2025,developer tools
job,python,2025,developer tools
job,java,2025,enterprise
job,c,2024,embedded
job,c,2025,embedded
job,c#,2025,embedded
job,c++,2025,embedded
job,python,2025,embedded
job,swift,2025,mobile
job,kotlin,2025,mobile
job,java,2025,mobile
job,java,2024,web backend
job,javascript,2024,web backend
job,kotlin,2024,web backend
job,python,2024,web backend
job,typescript,2024,web backend
job,java,2025,web backend
job,c#,2025,game
job,java,2025,game
job,kotlin,2025,game
job,go,2024,devops_cloud
job,python,2024,devops_cloud
job,php,2025,devops_cloud
job,c++,2025,testing_qa
job,typescript,2025,testing_qa
job,php,2024,enterprise
job,php,2024,web frontend
job,c#,2024,enterprise
job,java,2024,enterprise
job,go,2024,web backend
job,javascript,2024,web backend
job,python,2024,web backend
job,rust,2024,web backend
job,typescript,2024,web backend
job,typescript,2024,web backend
job,python,2025,web backend
job,java,2024,mobile
job,javascript,2024,mobile
job,kotlin,2024,mobile
job,typescript,2024,mobile
job,c,2025,embedded
job,java,2024,web backend
job,c,2025,embedded
job,c++,2025,embedded
job,javascript,2024,enterprise
job,python,2025,data_ai
job,swift,2024,mobile
job,kotlin,2024,mobile
job,c#,2025,web backend
job,javascript,2025,web backend
job,python,2025,data_ai
job,c,2024,embedded
job,javascript,2024,web backend
job,typescript,2025,web frontend
job,c,2024,embedded
job,java,2024,embedded
job,python,2024,embedded
job,rust,2024,embedded
job,c,2024,embedded
job,c++,2024,embedded
job,python,2024,embedded
job,php,2025,web frontend
job,javascript,2024,devops_cloud
job,kotlin,2024,devops_cloud
job,python,2024,devops_cloud
job,javascript,2024,web frontend
job,kotlin,2024,web frontend
job,c,2024,embedded
job,java,2024,testing_qa
job,python,2024,security
job,python,2025,data_ai
job,php,2024,enterprise
job,java,2024,web backend
job,javascript,2024,web backend
job,python,2024,web backend
job,typescript,2024,web backend
job,c,2024,testing_qa
job,javascript,2025,web frontend
job,typescript,2025,web frontend
job,c++,2024,game
job,python,2024,game
job,java,2024,enterprise
job,c,2024,embedded
job,python,2025,data_ai
job,python,2025,data_ai
job,go,2024,data_ai
job,java,2025,web backend
job,c#,2024,web backend
job,c++,2024,developer tools
job,javascript,2025,web frontend
job,c#,2025,web backend
job,javascript,2025,web backend
job,swift,2024,mobile
job,kotlin,2024,mobile
job,python,2024,mobile
job,python,2024,enterprise
job,c,2025,data_ai
job,c++,2025,data_ai
job,go,2025,data_ai
job,python,2025,data_ai
job,c#,2024,web backend
job,javascript,2024,web backend
job,python,2024,embedded
job,python,2025,data_ai
job,javascript,2025,web frontend
job,go,2024,developer tools
job,rust,2024,developer tools
job,javascript,2024,enterprise
job,c#,2024,enterprise
job,java,2024,enterprise
job,php,2025,security
job,python,2025,data_ai
job,go,2024,enterprise
job,go,2024,web backend
job,javascript,2025,web frontend
job,typescript,2025,web frontend
job,c#,2025,web frontend
job,javascript,2025,web frontend
job,php,2025,web frontend
job,javascript,2025,web frontend
job,php,2025,web frontend
job,php,2025,web backend
job,java,2024,data_ai
job,rust,2024,web backend
job,javascript,2025,web frontend
job,typescript,2025,web frontend
job,python,2025,developer tools
job,php,2024,enterprise
job,go,2024,testing_qa
job,java,2024,testing_qa
job,python,2024,testing_qa
job,javascript,2025,testing_qa
job,javascript,2024,mobile
job,kotlin,2024,mobile
job,typescript,2024,mobile
job,c#,2024,web backend
job,go,2024,web backend
job,c#,2025,web backend
job,java,2025,enterprise
job,java,2025,web backend
job,c++,2025,game
job,c#,2024,game
job,c++,2024,game
job,java,2024,game
job,python,2024,game
job,python,2025,data_ai
job,c,2025,embedded
job,go,2025,embedded
job,rust,2025,embedded
job,python,2024,data_ai
job,c,2024,iot
job,php,2024,enterprise
job,javascript,2025,web frontend
job,java,2024,mobile
job,kotlin,2024,mobile
job,java,2025,web backend
job,c,2024,embedded
job,python,2025,data_ai
job,rust,2025,data_ai
job,typescript,2024,data_ai
job,python,2024,data_ai
job,c#,2024,enterprise
job,java,2024,enterprise
job,javascript,2025,web frontend
job,typescript,2025,web frontend
job,python,2024,data_ai
job,javascript,2025,web frontend
job,php,2025,web frontend
job,javascript,2025,web backend
job,php,2025,web backend
job,c++,2025,developer tools
job,java,2024,mobile
job,javascript,2024,mobile
job,kotlin,2024,mobile
job,python,2024,mobile
job,javascript,2025,web backend
job,java,2024,data_ai
job,python,2024,data_ai
job,go,2025,web backend
job,java,2025,web backend
job,python,2025,web backend
job,go,2024,devops_cloud
job,java,2024,devops_cloud
job,python,2024,devops_cloud
job,php,2024,enterprise
job,php,2025,web backend
job,c#,2024,web backend
job,javascript,2024,web backend
job,typescript,2024,web backend
job,c#,2025,web backend
job,c,2024,embedded
job,javascript,2025,web frontend
job,c#,2025,enterprise
job,java,2025,enterprise
job,c#,2025,web backend
job,javascript,2025,web backend
job,go,2024,web backend
job,java,2025,mobile
job,kotlin,2025,mobile
job,swift,2025,mobile
job,javascript,2025,mobile
job,kotlin,2025,mobile
job,rust,2024,enterprise
job,c#,2025,web backend
job,javascript,2025,web backend
job,c,2024,embedded
job,c++,2024,embedded
job,java,2025,enterprise
job,javascript,2025,enterprise
job,kotlin,2025,enterprise
job,python,2025,embedded
job,go,2025,web backend
job,java,2025,web backend
job,javascript,2025,web backend
job,typescript,2025,web backend
job,c#,2024,web backend
job,typescript,2024,web backend
job,c#,2025,web backend
job,c#,2024,enterprise
job,java,2024,enterprise
job,c,2024,embedded
job,javascript,2025,web frontend
job,typescript,2025,web frontend
job,php,2025,web frontend
job,php,2024,enterprise
job,php,2024,enterprise
job,python,2024,data_ai
job,python,2024,data_ai
job,javascript,2024,web frontend
job,kotlin,2024,web frontend
job,typescript,2024,web frontend
job,c,2025,web backend
job,c#,2025,web backend
job,c#,2024,enterprise
job,javascript,2024,web frontend
job,typescript,2024,web frontend
job,c#,2024,enterprise
job,java,2024,enterprise
job,python,2024,devops_cloud
job,typescript,2024,devops_cloud
job,c,2025,embedded
job,go,2024,web backend
job,c#,2024,web backend
job,javascript,2024,web backend
job,typescript,2024,web backend
job,java,2025,web backend
job,c#,2024,web backend
job,javascript,2024,web backend
job,typescript,2024,web backend
job,go,2025,developer tools
job,python,2025,developer tools
job,rust,2025,developer tools
job,python,2025,data_ai
job,c,2025,testing_qa
job,python,2024,data_ai
job,go,2024,web backend
job,java,2024,web backend
job,javascript,2024,web backend
job,python,2024,web backend
job,typescript,2024,web backend
job,rust,2025,developer tools
job,go,2025,developer tools
job,java,2025,web backend
job,go,2024,devops_cloud
job,go,2024,web backend
job,java,2024,web backend
job,javascript,2024,web backend
job,python,2024,web backend
job,rust,2025,developer tools
job,go,2025,developer tools
job,javascript,2024,mobile
job,kotlin,2024,mobile
job,c#,2024,web backend
job,java,2024,web backend
job,go,2025,devops_cloud
job,python,2025,devops_cloud
job,c,2025,embedded
job,c++,2025,embedded
job,c,2024,embedded
job,go,2025,testing_qa
job,java,2025,testing_qa
job,go,2025,devops_cloud
job,python,2025,devops_cloud
job,c,2025,embedded
job,javascript,2024,web frontend
job,c++,2024,developer tools
job,rust,2024,developer tools
job,go,2024,developer tools
job,java,2025,mobile
job,javascript,2025,mobile
job,kotlin,2025,mobile
job,python,2025,data_ai
job,php,2024,enterprise
job,python,2025,web backend
job,c#,2024,enterprise
job,java,2024,enterprise
job,c#,2025,enterprise
job,c#,2025,enterprise
job,java,2025,enterprise
job,java,2024,data_ai
job,java,2024,mobile
job,c#,2024,enterprise
job,java,2024,enterprise
job,python,2025,data_ai
job,rust,2025,data_ai
job,go,2024,web backend
job,java,2024,web backend
job,javascript,2024,web backend
job,typescript,2024,web backend
job,c,2025,embedded
job,c++,2025,embedded
job,java,2025,devops_cloud
job,php,2025,devops_cloud
job,python,2025,devops_cloud
job,python,2025,devops_cloud
job,go,2024,web backend
job,java,2024,data_ai
job,php,2025,security
job,javascript,2025,web frontend
job,kotlin,2025,web frontend
job,rust,2025,web frontend
job,typescript,2025,web frontend
job,python,2025,web backend
job,javascript,2024,enterprise
job,kotlin,2024,enterprise
job,javascript,2025,web frontend
job,kotlin,2025,web frontend
job,typescript,2025,web frontend
job,php,2024,web frontend
job,python,2024,enterprise
job,c,2024,embedded
job,c++,2024,embedded
job,java,2024,embedded
job,php,2024,embedded
job,python,2024,embedded
job,c,2025,embedded
job,java,2025,embedded
job,javascript,2025,embedded
job,kotlin,2025,embedded
job,c++,2025,game
job,python,2025,game
job,c#,2025,web backend
job,javascript,2024,web frontend
job,typescript,2024,web frontend
job,java,2024,enterprise
job,javascript,2024,web frontend
job,python,2024,data_ai
job,c++,2024,data_ai
job,python,2024,data_ai
job,java,2024,web backend
job,c,2025,embedded
job,rust,2025,embedded
job,c,2025,embedded
job,javascript,2025,web frontend
job,javascript,2025,web frontend
job,python,2025,web frontend
job,c#,2025,web backend
job,java,2025,web backend
job,javascript,2025,web backend
job,c,2024,embedded
job,c++,2024,embedded
job,go,2024,devops_cloud
job,java,2024,devops_cloud
job,python,2024,devops_cloud
job,rust,2024,devops_cloud
job,c,2024,embedded
job,rust,2024,embedded
job,python,2025,data_ai
job,rust,2024,developer tools
job,go,2024,developer tools
job,go,2024,web backend
job,python,2024,data_ai
job,c#,2025,testing_qa
job,java,2025,testing_qa
job,java,2024,testing_qa
job,c,2025,iot
job,c++,2025,iot
job,python,2025,iot
job,javascript,2024,web frontend
job,swift,2024,mobile
job,kotlin,2024,mobile
job,java,2025,web backend
job,java,2024,web backend
job,java,2024,enterprise
job,javascript,2024,enterprise
job,kotlin,2024,enterprise
job,python,2024,enterprise
job,typescript,2024,enterprise
job,c++,2025,game
job,c#,2025,enterprise
job,java,2025,enterprise
job,java,2024,data_ai
job,python,2024,data_ai
job,javascript,2024,web frontend
job,python,2024,web frontend
job,typescript,2024,web frontend
job,c,2024,embedded
job,python,2025,devops_cloud
job,java,2024,testing_qa
job,c,2024,security
job,go,2024,security
job,java,2024,security
job,javascript,2024,security
job,kotlin,2024,security
job,python,2024,security
job,rust,2024,security
job,typescript,2024,security
job,java,2025,data_ai
job,python,2025,data_ai
job,c,2025,embedded
job,c++,2025,embedded
job,go,2025,embedded
job,java,2025,embedded
job,python,2025,embedded
job,php,2024,enterprise
job,c#,2024,web backend
job,javascript,2024,web backend
job,kotlin,2024,web backend
job,typescript,2024,web backend
job,swift,2024,mobile
job,java,2024,mobile
job,kotlin,2024,mobile
job,kotlin,2024,data_ai
job,python,2024,data_ai
job,c,2024,embedded
job,c++,2024,embedded
job,c#,2025,web backend
job,javascript,2025,web backend
job,javascript,2024,web frontend
job,javascript,2025,web frontend
job,typescript,2025,web frontend
job,php,2025,web backend
job,java,2024,web backend
job,go,2025,devops_cloud
job,java,2025,devops_cloud
job,python,2025,devops_cloud
job,java,2024,mobile
job,kotlin,2024,mobile
job,java,2025,web backend
job,c++,2025,developer tools
job,rust,2025,developer tools
job,java,2025,data_ai
job,c,2025,embedded
job,javascript,2025,web frontend
job,python,2024,data_ai
job,java,2024,enterprise
job,c#,2025,web backend
job,java,2025,web backend
job,kotlin,2025,web backend
job,rust,2025,web backend
job,c,2025,web frontend
job,c#,2025,web frontend
job,typescript,2024,web backend
job,c,2025,blockchain
job,rust,2025,blockchain
job,java,2025,enterprise
job,go,2024,developer tools
job,python,2024,developer tools
job,rust,2024,developer tools
job,c,2024,security
job,c++,2024,security
job,go,2024,security
job,python,2024,security
job,python,2025,devops_cloud
job,python,2024,data_ai
job,rust,2025,web backend
job,python,2025,devops_cloud
job,python,2024,data_ai
job,rust,2024,data_ai
job,kotlin,2024,data_ai
job,python,2024,data_ai
job,c,2025,embedded
job,c++,2025,embedded
job,c,2024,embedded
job,c++,2024,embedded
job,python,2024,embedded
job,python,2024,data_ai
job,java,2025,enterprise
job,php,2025,web backend
job,c#,2025,web backend
job,javascript,2025,web backend
job,go,2024,devops_cloud
job,swift,2025,mobile
job,javascript,2025,enterprise
job,python,2025,devops_cloud
job,c,2025,iot
job,javascript,2025,iot
job,typescript,2025,iot
job,php,2024,enterprise
job,javascript,2025,web backend
job,javascript,2025,web frontend
job,typescript,2025,web frontend
job,swift,2025,mobile
job,kotlin,2025,mobile
job,javascript,2024,web frontend
job,c++,2025,game
job,go,2024,devops_cloud
job,python,2024,devops_cloud
job,rust,2024,devops_cloud
job,go,2025,devops_cloud
job,java,2025,devops_cloud
job,python,2025,devops_cloud
job,javascript,2024,enterprise
job,c#,2025,mobile
job,c++,2025,mobile
job,javascript,2025,mobile
job,kotlin,2025,mobile
job,typescript,2025,mobile
job,c,2024,embedded
job,c++,2024,embedded
job,python,2024,devops_cloud
job,c,2025,embedded
job,c++,2025,embedded
job,go,2025,devops_cloud
job,python,2025,devops_cloud
job,c#,2025,game
job,c++,2025,game
job,python,2025,game
job,java,2025,enterprise
job,c++,2025,game
job,go,2025,security
job,javascript,2025,security
job,kotlin,2025,security
job,python,2025,security
job,rust,2025,security
job,typescript,2025,security
job,php,2024,enterprise
job,c#,2025,web backend
job,javascript,2025,web backend
job,c,2025,security
job,php,2025,web backend
job,javascript,2025,web frontend
job,c#,2024,enterprise
job,java,2024,enterprise
job,c++,2025,data_ai
job,python,2025,data_ai
job,c,2024,testing_qa
job,java,2024,testing_qa
job,kotlin,2024,testing_qa
job,python,2024,testing_qa
job,php,2024,web backend
job,go,2024,mobile
job,java,2024,mobile
job,kotlin,2024,mobile
job,python,2024,mobile
job,php,2024,enterprise
job,c#,2024,enterprise
job,java,2025,web backend
job,javascript,2025,web backend
job,typescript,2025,web backend
job,go,2025,devops_cloud
job,java,2025,devops_cloud
job,javascript,2025,devops_cloud
job,python,2025,devops_cloud
job,typescript,2025,devops_cloud
job,javascript,2025,enterprise
job,python,2025,devops_cloud
job,go,2025,enterprise
job,c,2025,embedded
job,python,2025,embedded
job,rust,2025,embedded
job,python,2024,data_ai
job,javascript,2025,web frontend
job,kotlin,2025,web frontend
job,javascript,2024,enterprise
job,javascript,2024,enterprise
job,c,2024,testing_qa
job,python,2024,data_ai
job,c#,2025,data_ai
job,python,2025,data_ai
job,go,2024,devops_cloud
job,python,2024,devops_cloud
job,rust,2025,web backend
job,java,2024,web backend
job,c,2025,embedded
job,c#,2025,embedded
job,c++,2025,embedded
job,javascript,2025,embedded
job,python,2025,embedded
job,c,2024,embedded
job,c#,2024,web backend
job,go,2024,web backend
job,java,2024,web backend
job,python,2024,web backend
job,typescript,2024,web backend
job,java,2025,mobile
job,kotlin,2025,mobile
job,go,2025,devops_cloud
job,python,2025,devops_cloud
job,c,2024,security
job,go,2024,security
job,java,2024,security
job,python,2024,security
job,rust,2024,security
job,go,2025,devops_cloud
job,python,2025,devops_cloud
job,rust,2025,devops_cloud
job,javascript,2025,web backend
job,c,2024,embedded
job,c++,2024,embedded
job,c#,2025,web backend
job,javascript,2024,enterprise
job,c#,2025,web backend
job,javascript,2025,web backend
job,c++,2024,developer tools
job,python,2024,developer tools
job,c++,2025,game
job,javascript,2025,web frontend
job,c#,2024,web backend
job,javascript,2024,web backend
job,typescript,2024,web backend
job,rust,2024,web backend
job,go,2025,devops_cloud
job,rust,2025,devops_cloud
job,go,2025,devops_cloud
job,python,2025,devops_cloud
job,rust,2025,devops_cloud
job,c,2024,devops_cloud
job,go,2024,devops_cloud
job,java,2024,devops_cloud
job,javascript,2024,devops_cloud
job,python,2024,devops_cloud
job,typescript,2024,devops_cloud
job,javascript,2025,web frontend
job,typescript,2025,web frontend
job,java,2024,mobile
job,kotlin,2024,mobile
job,javascript,2025,web backend
job,typescript,2025,web backend
job,c,2024,embedded
job,kotlin,2024,embedded
job,javascript,2024,web frontend
job,kotlin,2024,web frontend
job,typescript,2024,web frontend
job,go,2024,devops_cloud
job,python,2024,devops_cloud
job,rust,2024,devops_cloud
job,php,2025,web frontend
job,python,2024,enterprise
job,swift,2025,mobile
job,c#,2024,web backend
job,typescript,2024,web backend
job,go,2025,web backend
job,python,2025,web backend
job,rust,2025,web backend
job,typescript,2025,web backend
job,c#,2025,web backend
job,java,2025,web backend
job,kotlin,2025,web backend
job,rust,2025,web backend
job,java,2025,web backend
job,swift,2024,mobile
job,go,2024,web backend
job,java,2024,web backend
job,javascript,2024,web backend
job,python,2024,web backend
job,typescript,2024,web backend
job,c,2025,iot
job,rust,2025,iot
job,typescript,2025,iot
job,javascript,2025,web frontend
job,php,2025,web frontend
job,javascript,2025,web frontend
job,c++,2024,developer tools
job,go,2024,developer tools
job,rust,2024,developer tools
job,python,2025,web backend
job,c++,2025,developer tools
job,go,2025,developer tools
job,python,2025,developer tools
job,rust,2025,developer tools
job,java,2024,data_ai
job,python,2025,devops_cloud
job,c#,2025,enterprise
job,java,2025,enterprise
job,c++,2024,game
job,python,2025,testing_qa
job,javascript,2024,enterprise
job,java,2025,mobile
job,javascript,2025,mobile
job,kotlin,2025,mobile
job,javascript,2025,web frontend
job,javascript,2025,web frontend
job,php,2024,enterprise
job,php,2024,enterprise
job,php,2025,web backend
job,c++,2025,game
job,c,2024,embedded
job,rust,2024,embedded
job,python,2024,enterprise
job,java,2025,web backend
job,php,2025,web backend
job,c#,2025,enterprise
job,java,2025,enterprise
job,c#,2024,game
job,c++,2024,game
job,c,2024,embedded
job,c++,2024,embedded
job,javascript,2025,web frontend
job,typescript,2025,web frontend
job,c,2024,testing_qa
job,rust,2024,testing_qa
job,c,2024,embedded
job,c++,2024,game
job,java,2024,enterprise
job,javascript,2025,web frontend
job,typescript,2025,web frontend
job,java,2025,enterprise
job,c,2024,embedded
job,c++,2024,embedded
job,python,2024,data_ai
job,python,2024,enterprise
job,c,2024,embedded
job,c++,2024,embedded
job,python,2024,embedded
job,c,2024,testing_qa
job,swift,2025,mobile
job,c++,2025,game
job,c#,2025,web backend
job,go,2025,devops_cloud
job,python,2025,devops_cloud
job,java,2025,enterprise
job,c#,2024,web backend
job,javascript,2024,web backend
job,c#,2025,web backend
job,javascript,2025,web backend
job,typescript,2025,web backend
job,typescript,2024,web frontend
job,php,2024,enterprise
job,swift,2024,mobile
job,kotlin,2024,mobile
job,php,2024,enterprise
job,javascript,2025,mobile
job,kotlin,2025,mobile
job,c++,2024,game
job,javascript,2025,web frontend
job,typescript,2025,web frontend
job,c++,2025,game
job,rust,2024,blockchain
job,c,2024,iot
job,java,2024,iot
job,javascript,2024,iot
job,python,2024,iot
job,typescript,2024,iot
job,c,2025,embedded
job,c++,2025,embedded
job,kotlin,2025,embedded
job,javascript,2024,web frontend
job,typescript,2024,web frontend
job,c#,2025,enterprise
job,java,2025,enterprise
job,javascript,2025,web frontend
job,python,2025,devops_cloud
job,python,2025,data_ai
job,c#,2025,web backend
job,javascript,2025,web backend
job,java,2024,data_ai
job,rust,2024,data_ai
job,python,2024,embedded
job,javascript,2025,web frontend
job,go,2025,web backend
job,java,2025,web backend
job,php,2025,devops_cloud
job,python,2025,enterprise
job,c++,2024,game
job,python,2024,game
job,c,2025,embedded
job,java,2025,embedded
job,javascript,2025,embedded
job,python,2025,embedded
job,rust,2025,embedded
job,typescript,2025,embedded
job,kotlin,2025,web frontend
job,php,2025,web frontend
job,javascript,2025,web frontend
job,javascript,2025,web backend
job,typescript,2025,web backend
job,c,2024,embedded
job,python,2024,enterprise
job,javascript,2025,mobile
job,kotlin,2025,mobile
job,java,2025,web backend
job,go,2025,devops_cloud
job,python,2025,devops_cloud
job,c,2025,embedded
job,c++,2025,embedded
job,python,2025,devops_cloud
job,javascript,2024,web frontend
job,kotlin,2024,web frontend
job,typescript,2024,web frontend
job,javascript,2025,mobile
job,kotlin,2025,mobile
job,c#,2025,web backend
job,javascript,2025,web backend
job,javascript,2025,web backend
job,java,2024,enterprise
job,java,2025,game
job,javascript,2025,game
job,kotlin,2025,game
job,javascript,2024,enterprise
job,java,2024,testing_qa
job,javascript,2025,web frontend
job,go,2024,devops_cloud
job,python,2024,devops_cloud
job,python,2024,embedded
job,c,2024,embedded
job,c++,2024,embedded
job,php,2024,enterprise
job,c,2024,security
job,python,2024,security
job,typescript,2024,security
job,python,2025,web backend
job,c#,2024,enterprise
job,java,2024,enterprise
job,c#,2024,game
job,c++,2024,game
job,java,2024,game
job,python,2024,game
job,c#,2024,game
job,c++,2024,game
job,java,2024,enterprise
job,python,2025,data_ai
job,c#,2024,embedded
job,python,2024,embedded
job,javascript,2024,web frontend
job,java,2025,mobile
job,javascript,2025,mobile
job,kotlin,2025,mobile
job,java,2025,testing_qa
job,c++,2025,game
job,kotlin,2025,game
job,c#,2025,web backend
job,javascript,2025,web backend
job,python,2024,data_ai
job,java,2024,data_ai
job,swift,2024,mobile
job,kotlin,2024,mobile
job,c,2024,testing_qa
job,go,2024,security
job,java,2025,enterprise
job,php,2024,web backend
job,go,2024,blockchain
job,java,2024,mobile
job,javascript,2024,mobile
job,kotlin,2024,mobile
job,python,2024,mobile
job,typescript,2024,web frontend
job,javascript,2025,web frontend
job,typescript,2025,web frontend
job,java,2025,data_ai
job,php,2024,web backend
job,go,2025,testing_qa
job,kotlin,2025,testing_qa
job,rust,2025,testing_qa
job,php,2024,enterprise
job,javascript,2024,devops_cloud
job,kotlin,2024,devops_cloud
job,python,2024,devops_cloud
job,java,2024,enterprise
job,c#,2024,enterprise
job,c,2024,embedded
job,go,2025,web backend
job,rust,2025,web backend
job,python,2024,data_ai
job,java,2025,enterprise
job,c,2024,embedded
job,kotlin,2024,embedded
job,go,2025,devops_cloud
job,java,2025,devops_cloud
job,javascript,2025,devops_cloud
job,python,2025,devops_cloud
job,typescript,2025,devops_cloud
job,swift,2025,mobile
job,javascript,2025,mobile
job,kotlin,2025,mobile
job,c,2025,testing_qa
job,c++,2025,testing_qa
job,java,2024,mobile
job,kotlin,2024,mobile
job,javascript,2025,web frontend
job,typescript,2025,web frontend
job,java,2024,devops_cloud
job,c#,2025,web backend
job,javascript,2025,web backend
job,rust,2025,security
job,c#,2024,enterprise
job,java,2024,enterprise
job,c,2024,embedded
job,c#,2024,embedded
job,c++,2024,embedded
job,kotlin,2024,embedded
job,c,2024,embedded
job,java,2025,mobile
job,kotlin,2025,mobile
job,java,2024,mobile
job,kotlin,2024,mobile
job,javascript,2024,enterprise
job,c,2025,embedded
job,python,2025,embedded
job,rust,2025,embedded
job,rust,2025,blockchain
job,python,2024,iot
job,c,2024,iot
job,python,2024,enterprise
job,java,2025,enterprise
job,javascript,2025,web frontend
job,php,2025,web backend
job,go,2025,devops_cloud
job,python,2025,devops_cloud
job,python,2025,data_ai
job,go,2025,devops_cloud
job,c++,2025,devops_cloud
job,c,2024,embedded
job,java,2024,data_ai
job,go,2025,devops_cloud
job,python,2025,devops_cloud
job,javascript,2024,enterprise
job,javascript,2024,web frontend
job,python,2024,web frontend
job,javascript,2024,web frontend
job,c#,2025,enterprise
job,javascript,2025,enterprise
job,rust,2024,web backend
job,java,2025,data_ai
job,php,2025,web frontend
job,python,2025,data_ai
job,rust,2025,data_ai
job,python,2024,security
job,c,2025,embedded
job,c#,2025,embedded
job,c++,2025,embedded
job,javascript,2025,embedded
job,php,2025,embedded
job,python,2025,embedded
job,typescript,2025,embedded
job,javascript,2025,enterprise
job,c,2024,embedded
job,java,2025,mobile
job,kotlin,2025,mobile
job,rust,2024,web backend
job,java,2025,testing_qa
job,c#,2024,enterprise
job,javascript,2024,web frontend
job,typescript,2024,web frontend
job,javascript,2024,web frontend
job,typescript,2024,web frontend
job,go,2025,devops_cloud
job,javascript,2025,devops_cloud
job,python,2025,devops_cloud
job,rust,2025,devops_cloud
job,java,2024,security
job,go,2025,devops_cloud
job,java,2025,devops_cloud
job,javascript,2025,devops_cloud
job,python,2025,devops_cloud
job,javascript,2024,enterprise
job,javascript,2025,web frontend
job,c,2025,embedded
job,javascript,2025,web frontend
job,typescript,2025,web frontend
job,javascript,2024,enterprise
job,python,2024,data_ai
job,c++,2025,game
job,c#,2025,web backend
job,javascript,2025,web backend
job,java,2024,web backend
job,java,2025,web backend
job,php,2024,enterprise
job,go,2024,mobile
job,java,2024,mobile
job,javascript,2024,mobile
job,kotlin,2024,mobile
job,php,2024,mobile
job,python,2024,mobile
job,typescript,2024,mobile
job,c#,2024,enterprise
job,java,2024,enterprise
job,c,2024,testing_qa
job,c++,2024,testing_qa
job,python,2024,testing_qa
job,java,2024,mobile
job,javascript,2024,mobile
job,kotlin,2024,mobile
job,typescript,2024,mobile
job,c++,2024,game
job,c#,2024,game
job,go,2025,enterprise
job,javascript,2025,enterprise
job,rust,2025,enterprise
job,c,2024,embedded
job,python,2025,data_ai
job,go,2025,devops_cloud
job,python,2025,devops_cloud
job,c#,2025,web backend
job,javascript,2025,web backend
job,php,2024,enterprise
job,c,2024,embedded
job,c++,2024,embedded
job,python,2024,embedded
job,java,2025,web frontend
job,c,2024,embedded
job,python,2025,data_ai
job,javascript,2024,web frontend
job,c,2025,embedded
job,c++,2025,embedded
job,kotlin,2025,embedded
job,python,2025,embedded
job,php,2024,enterprise
job,java,2024,data_ai
job,c++,2024,developer tools
job,c#,2024,enterprise
job,python,2025,web backend
job,java,2025,enterprise
job,c#,2025,web backend
job,kotlin,2025,web backend
job,c#,2024,web backend
job,c,2024,testing_qa
job,go,2024,testing_qa
job,java,2024,testing_qa
job,javascript,2024,testing_qa
job,python,2024,testing_qa
job,c#,2024,enterprise
job,java,2024,enterprise
job,go,2024,web backend
job,java,2024,enterprise
job,javascript,2024,devops_cloud
job,php,2024,enterprise
job,c,2025,embedded
job,c++,2024,developer tools
job,rust,2024,developer tools
job,go,2024,developer tools
job,go,2025,testing_qa
job,kotlin,2025,testing_qa
job,python,2025,testing_qa
job,rust,2025,testing_qa
job,c#,2024,game
job,c++,2024,game
job,java,2024,data_ai
job,kotlin,2024,data_ai
job,python,2024,data_ai
job,java,2025,mobile
job,kotlin,2025,mobile
job,c#,2025,web backend
job,javascript,2025,web backend
job,python,2024,embedded
job,java,2025,testing_qa
job,c#,2025,web backend
job,kotlin,2025,web backend
job,go,2024,developer tools
job,javascript,2024,devops_cloud
job,javascript,2025,web frontend
job,typescript,2025,web frontend
job,java,2025,web backend
job,javascript,2025,web backend
job,typescript,2025,web backend
job,javascript,2024,web frontend
job,kotlin,2024,web frontend
job,python,2024,data_ai
job,javascript,2025,web backend
job,javascript,2024,web frontend
job,rust,2024,web backend
job,c#,2024,enterprise
job,java,2024,enterprise
job,javascript,2025,web backend
job,php,2025,web backend
job,go,2025,devops_cloud
job,python,2025,devops_cloud
job,rust,2025,devops_cloud
job,c#,2025,enterprise
job,java,2025,enterprise
job,java,2025,data_ai
job,javascript,2025,web frontend
job,typescript,2025,web frontend
job,go,2025,enterprise
job,javascript,2025,enterprise
job,rust,2025,enterprise
job,typescript,2025,enterprise
job,python,2024,data_ai
job,rust,2024,data_ai
job,javascript,2025,web frontend
job,typescript,2025,web frontend
job,python,2024,data_ai
job,java,2024,developer tools
job,c#,2025,game
job,c++,2025,game
job,javascript,2025,game
job,python,2025,game
job,javascript,2025,web frontend
job,php,2025,web backend
job,c#,2025,web backend
job,javascript,2025,web backend
job,go,2025,devops_cloud
job,python,2025,devops_cloud
job,go,2025,web backend
job,java,2025,web frontend
job,c,2025,embedded
job,c#,2025,web backend
job,javascript,2025,web backend
job,php,2025,web backend
job,typescript,2025,web backend
job,go,2025,devops_cloud
job,python,2025,devops_cloud
job,kotlin,2024,mobile
job,typescript,2024,mobile
job,java,2025,web backend
job,c,2025,embedded
job,php,2024,enterprise
job,java,2025,web backend
job,javascript,2025,web backend
job,typescript,2025,web backend
job,javascript,2025,web frontend
job,typescript,2025,web frontend
job,c,2024,embedded
job,c++,2024,embedded
job,java,2025,mobile
job,kotlin,2025,mobile
job,java,2025,web backend
job,c++,2024,game
job,php,2025,web backend
job,c#,2025,game
job,c++,2025,game
job,kotlin,2025,game
job,c++,2025,game
job,java,2025,game
job,javascript,2025,game
job,python,2025,game
job,java,2025,web backend
job,c#,2024,web frontend
job,javascript,2024,web frontend
job,typescript,2024,web frontend
job,go,2024,devops_cloud
job,rust,2024,devops_cloud
job,java,2025,web backend
job,typescript,2025,web backend
job,java,2024,mobile
job,kotlin,2024,mobile
job,c,2024,embedded
job,rust,2024,embedded
job,python,2025,devops_cloud
job,go,2025,blockchain
job,rust,2025,blockchain
job,java,2025,web frontend
job,javascript,2025,web frontend
job,typescript,2025,web frontend
job,go,2025,devops_cloud
job,c++,2025,devops_cloud
job,c,2025,embedded
job,c#,2024,game
job,c++,2024,game
job,go,2024,devops_cloud
job,java,2024,devops_cloud
job,javascript,2024,devops_cloud
job,java,2025,web backend
job,javascript,2025,web backend
job,c,2024,embedded
job,c,2024,testing_qa
job,rust,2024,testing_qa
job,typescript,2024,testing_qa
job,go,2024,devops_cloud
job,python,2025,devops_cloud
job,c,2024,devops_cloud
job,go,2024,devops_cloud
job,java,2024,devops_cloud
job,rust,2024,devops_cloud
job,go,2024,devops_cloud
job,python,2024,devops_cloud
job,rust,2024,devops_cloud
job,java,2024,enterprise
job,c#,2024,enterprise
job,java,2024,enterprise
job,c,2025,web frontend
job,typescript,2025,web frontend
job,swift,2025,mobile
job,kotlin,2025,mobile
job,python,2025,devops_cloud
job,php,2024,enterprise
job,c,2024,embedded
job,rust,2024,web backend
job,c#,2025,enterprise
job,c#,2025,web backend
job,javascript,2025,web backend
job,php,2025,web backend
job,python,2024,data_ai
job,javascript,2024,web frontend
job,go,2024,devops_cloud
job,php,2024,enterprise
job,swift,2025,mobile
job,kotlin,2025,mobile
job,c#,2025,web backend
job,rust,2025,blockchain
job,go,2025,blockchain
job,c,2025,web frontend
job,c#,2025,web frontend
job,javascript,2025,web frontend
job,c#,2025,web backend
job,python,2025,web backend
job,java,2025,web backend
job,javascript,2025,web frontend
job,python,2024,data_ai
job,python,2025,data_ai
job,python,2024,data_ai
job,java,2025,web backend
job,javascript,2025,web backend
job,typescript,2025,web backend
job,javascript,2024,web frontend
job,php,2024,enterprise
job,c#,2024,web backend
job,typescript,2024,web backend
job,go,2024,developer tools
job,python,2024,developer tools
job,javascript,2025,web frontend
job,javascript,2025,web frontend
job,java,2024,data_ai
job,kotlin,2024,data_ai
job,python,2024,data_ai
job,java,2024,enterprise
job,c,2024,testing_qa
job,typescript,2024,testing_qa
job,javascript,2025,enterprise
job,java,2025,web backend
job,swift,2025,mobile
job,kotlin,2025,mobile
job,python,2025,mobile
job,javascript,2024,enterprise
job,c#,2025,enterprise
job,java,2025,enterprise
job,rust,2024,web backend
job,c,2025,embedded
job,c++,2025,embedded
job,javascript,2025,web frontend
job,javascript,2025,web backend
job,c,2025,embedded
job,c++,2025,embedded
job,go,2025,embedded
job,python,2025,embedded
job,go,2025,devops_cloud
job,python,2025,devops_cloud
job,c#,2025,web frontend
job,python,2024,data_ai
job,c#,2025,enterprise
job,java,2025,enterprise
job,c,2024,embedded
job,java,2024,mobile
job,kotlin,2024,mobile
job,c#,2025,data_ai
job,php,2024,enterprise
job,c,2024,embedded
job,c++,2024,embedded
job,python,2024,data_ai
job,c#,2025,enterprise
job,c#,2024,enterprise
job,java,2024,enterprise
job,python,2025,security
job,fo,2025,devops_cloud
job,c++,2025,devops_cloud
job,swift,2024,mobile
job,kotlin,2024,mobile
job,python,2024,mobile
job,typescript,2024,mobile
job,go,2024,web backend
job,c#,2025,enterprise
job,java,2025,enterprise
job,python,2025,data_ai
job,typescript,2024,web backend
job,python,2024,data_ai
job,javascript,2024,web frontend
job,c,2025,embedded
job,c#,2025,embedded
job,c++,2025,embedded
job,go,2025,embedded
job,python,2025,embedded
job,java,2024,web backend
job,javascript,2024,web backend
job,kotlin,2024,web backend
job,python,2024,web backend
job,rust,2024,web backend
job,java,2024,data_ai
job,kotlin,2024,data_ai
job,python,2024,data_ai
job,go,2024,web backend
job,javascript,2024,web backend
job,python,2024,web backend
job,python,2025,devops_cloud
job,c,2024,embedded
job,c++,2024,embedded
job,go,2024,testing_qa
job,java,2025,web frontend
job,typescript,2025,web frontend
job,javascript,2024,enterprise
job,go,2024,enterprise
job,java,2024,enterprise
job,javascript,2024,enterprise
job,python,2024,enterprise
job,c#,2024,web backend
job,javascript,2024,web backend
job,typescript,2024,web backend
job,go,2025,security
job,java,2025,security
job,javascript,2025,security
job,python,2025,security
job,rust,2025,security
job,fo,2025,devops_cloud
job,go,2025,devops_cloud
job,python,2025,devops_cloud
job,c,2024,embedded
job,c#,2024,game
job,c++,2024,game
job,python,2024,game
job,go,2024,blockchain
job,c#,2024,web backend
job,c#,2025,web backend
job,javascript,2025,web frontend
job,javascript,2025,web frontend
job,typescript,2025,web frontend
job,c#,2025,enterprise
job,java,2025,enterprise
job,go,2025,devops_cloud
job,rust,2025,devops_cloud
job,java,2024,mobile
job,kotlin,2024,mobile
job,fo,2024,devops_cloud
job,php,2024,enterprise
job,java,2024,mobile
job,kotlin,2024,mobile
job,php,2024,enterprise
job,python,2025,data_ai
job,c,2025,embedded
job,c,2024,embedded
job,c++,2024,embedded
job,java,2025,web backend
job,javascript,2025,web backend
job,typescript,2025,web backend
job,c,2025,embedded
job,python,2024,data_ai
job,c#,2025,web backend
job,c#,2025,web backend
job,javascript,2025,web backend
job,java,2024,enterprise
job,javascript,2024,enterprise
job,typescript,2024,enterprise
job,java,2024,mobile
job,javascript,2024,mobile
job,kotlin,2024,mobile
job,typescript,2024,mobile
job,python,2025,data_ai
job,rust,2025,data_ai
job,java,2024,enterprise
job,javascript,2025,web frontend
job,php,2024,enterprise
job,c#,2025,game
job,c++,2025,game
job,javascript,2025,web frontend
job,go,2024,developer tools
job,c#,2024,web backend
job,c#,2025,enterprise
job,java,2025,enterprise
job,java,2025,enterprise
job,javascript,2025,enterprise
job,kotlin,2025,enterprise
job,rust,2024,web backend
job,javascript,2025,web frontend
job,php,2025,web frontend
job,python,2025,web frontend
job,go,2025,devops_cloud
job,python,2024,data_ai
job,javascript,2025,web frontend
job,python,2024,data_ai
job,javascript,2024,enterprise
job,kotlin,2024,enterprise
job,c#,2024,enterprise
job,java,2024,enterprise
job,javascript,2025,devops_cloud
job,php,2025,devops_cloud
job,python,2024,embedded
job,php,2024,web frontend
job,c,2025,web backend
job,javascript,2025,web backend
job,php,2025,web backend
job,c#,2024,web backend
job,java,2024,web backend
job,javascript,2024,web backend
job,typescript,2024,web backend
job,c,2024,embedded
job,c++,2024,embedded
job,javascript,2024,embedded
job,python,2024,embedded
job,typescript,2024,embedded
job,java,2024,enterprise
job,c#,2025,web backend
job,php,2025,web backend
job,java,2024,web backend
job,c#,2024,enterprise
job,python,2024,enterprise
job,swift,2025,mobile
job,java,2025,mobile
job,kotlin,2025,mobile
job,java,2025,web backend
job,java,2025,web backend
job,c++,2025,embedded
job,python,2025,embedded
job,java,2024,web backend
job,javascript,2025,web backend
job,go,2024,web backend
job,python,2024,web backend
job,rust,2024,web backend
job,c#,2024,enterprise
job,c++,2024,game
job,python,2024,game
job,php,2025,web backend
job,java,2025,web frontend
job,typescript,2025,web frontend
job,c,2025,security
job,go,2025,security
job,java,2025,security
job,javascript,2025,security
job,kotlin,2025,security
job,python,2025,security
job,rust,2025,security
job,typescript,2025,security
job,java,2025,web backend
job,go,2025,devops_cloud
job,python,2025,devops_cloud
job,rust,2025,devops_cloud
job,swift,2025,mobile
job,java,2025,mobile
job,kotlin,2025,mobile
job,c#,2025,web backend
job,javascript,2025,web backend
job,javascript,2025,web frontend
job,c#,2024,enterprise
job,c,2025,embedded
job,c++,2025,embedded
job,go,2025,embedded
job,python,2025,embedded
job,java,2025,web backend
job,javascript,2025,web backend
job,typescript,2025,web backend
job,c,2025,testing_qa
job,javascript,2025,web backend
job,javascript,2025,web frontend
job,typescript,2025,web frontend
job,javascript,2024,web frontend
job,c#,2025,web backend
job,c++,2025,game
job,python,2025,game
job,java,2025,enterprise
job,kotlin,2025,enterprise
job,c#,2024,enterprise
job,java,2024,enterprise
job,python,2024,web backend
job,rust,2024,web backend
job,typescript,2024,web backend
job,java,2025,web backend
job,c,2024,embedded
job,c++,2024,embedded
job,java,2024,embedded
job,python,2024,embedded
job,c,2024,embedded
job,javascript,2025,web backend
job,javascript,2025,web frontend
job,c#,2024,game
job,java,2025,web backend
job,c#,2024,game
job,c++,2024,game
job,java,2024,game
job,python,2024,game
job,c,2024,embedded
job,c++,2024,embedded
job,python,2024,embedded
job,javascript,2025,web frontend
job,c#,2024,web backend
job,javascript,2024,web backend
job,typescript,2024,web backend
job,c#,2025,game
job,c++,2025,game
job,c#,2024,enterprise
job,java,2024,enterprise
job,c#,2024,enterprise
job,go,2024,devops_cloud
job,python,2024,devops_cloud
job,python,2024,data_ai
job,python,2024,data_ai
job,java,2025,enterprise
job,javascript,2025,web frontend
job,c#,2025,web backend
job,java,2024,web backend
job,swift,2025,mobile
job,go,2024,data_ai
job,python,2024,data_ai
job,c,2025,embedded
job,c++,2025,embedded
job,javascript,2025,embedded
job,kotlin,2025,embedded
job,typescript,2025,embedded
job,java,2025,testing_qa
job,python,2024,security
job,c,2025,embedded
job,python,2025,embedded
job,rust,2025,embedded
job,typescript,2025,embedded
job,c,2025,testing_qa
job,java,2025,testing_qa
job,kotlin,2025,testing_qa
job,python,2024,security
job,c,2025,embedded
job,c++,2025,embedded
job,c#,2025,game
job,c++,2025,game
job,go,2024,web backend
job,python,2024,web backend
job,rust,2024,web backend
job,typescript,2024,web backend
job,c,2024,embedded
job,java,2024,embedded
job,kotlin,2024,embedded
job,c#,2025,web backend
job,java,2025,web backend
job,javascript,2025,web backend
job,c#,2025,game
job,c++,2025,game
job,go,2024,devops_cloud
job,go,2024,security
job,c++,2025,game
job,python,2025,game
job,c,2025,embedded
job,rust,2025,embedded
job,javascript,2025,web frontend
job,c,2025,security
job,java,2025,security
job,php,2025,security
job,python,2025,security
job,c#,2024,enterprise
job,java,2024,enterprise
job,php,2025,web frontend
job,java,2025,web backend
job,c,2024,mobile
job,java,2024,mobile
job,javascript,2024,mobile
job,kotlin,2024,mobile
job,python,2024,data_ai
job,python,2024,data_ai
job,java,2024,enterprise
job,java,2025,blockchain
job,java,2025,data_ai
job,python,2025,data_ai
job,rust,2025,data_ai
job,java,2024,developer tools
job,python,2025,data_ai
job,java,2024,mobile
job,kotlin,2024,mobile
job,go,2024,web backend
job,java,2024,web backend
job,javascript,2024,web backend
job,python,2024,web backend
job,typescript,2024,web backend
job,java,2025,enterprise
job,c#,2025,devops_cloud
job,c,2024,enterprise
job,c#,2024,enterprise
job,php,2024,enterprise
job,python,2024,enterprise
job,javascript,2024,web frontend
job,typescript,2024,web frontend
job,javascript,2025,web frontend
job,typescript,2025,web frontend
job,python,2024,data_ai
job,c#,2025,web backend
job,javascript,2025,web backend
job,swift,2025,mobile
job,go,2024,security
job,javascript,2024,security
job,python,2024,security
job,typescript,2024,security
job,javascript,2025,web backend
job,php,2024,enterprise
job,javascript,2025,web frontend
job,python,2024,data_ai
job,javascript,2025,web frontend
job,c,2025,embedded
job,php,2024,web backend
job,php,2025,devops_cloud
job,c#,2024,devops_cloud
job,c,2025,enterprise
job,go,2025,enterprise
job,java,2025,enterprise
job,javascript,2025,enterprise
job,python,2025,enterprise
job,python,2024,enterprise
job,php,2024,enterprise
job,java,2025,web backend
job,php,2025,web backend
job,c#,2024,enterprise
job,java,2024,enterprise
job,go,2025,web backend
job,rust,2025,web backend
job,java,2025,web backend
job,javascript,2025,web backend
job,typescript,2025,web backend
job,c,2025,embedded
job,c++,2025,embedded
job,python,2025,embedded
job,javascript,2025,enterprise
job,php,2025,enterprise
job,python,2025,data_ai
job,javascript,2024,enterprise
job,typescript,2024,enterprise
job,javascript,2024,enterprise
job,javascript,2025,web frontend
job,java,2024,data_ai
job,java,2024,web backend
job,javascript,2025,web frontend
job,java,2025,testing_qa
job,c#,2025,web backend
job,typescript,2025,web backend
job,javascript,2025,web frontend
job,rust,2025,blockchain
job,typescript,2025,blockchain
job,python,2024,embedded
job,javascript,2025,web frontend
job,c,2024,embedded
job,c++,2024,embedded
job,c#,2025,web backend
job,java,2025,web backend
job,javascript,2025,web frontend
job,c#,2024,game
job,c++,2024,game
job,c#,2024,devops_cloud
job,python,2024,devops_cloud
job,c#,2024,web backend
job,typescript,2024,web backend
job,python,2025,devops_cloud
job,c#,2025,game
job,c++,2025,game
job,python,2025,game
job,java,2025,web frontend
job,typescript,2025,web frontend
job,c#,2024,web backend
job,go,2024,web backend
job,kotlin,2024,web backend
job,python,2024,web backend
job,typescript,2024,web backend
job,c#,2024,game
job,c++,2024,game
job,java,2024,game
job,python,2024,game
job,go,2024,devops_cloud
job,python,2024,devops_cloud
job,rust,2024,devops_cloud
job,c++,2025,game
job,php,2025,enterprise
job,python,2025,enterprise
job,c,2025,embedded
job,javascript,2025,web backend
job,php,2025,web backend
job,go,2024,web backend
job,javascript,2024,web backend
job,python,2024,web backend
job,typescript,2024,web backend
job,go,2024,devops_cloud
job,c,2024,enterprise
job,c#,2024,enterprise
job,java,2025,mobile
job,kotlin,2025,mobile
job,c,2025,embedded
job,c++,2025,embedded
job,go,2025,embedded
job,java,2025,embedded
job,javascript,2025,embedded
job,python,2025,embedded
job,typescript,2025,embedded
job,javascript,2025,web frontend
job,go,2024,web backend
job,c#,2025,game
job,c++,2025,game
job,python,2025,game
job,javascript,2025,web frontend
job,c,2025,iot
job,go,2025,devops_cloud
job,java,2025,devops_cloud
job,python,2025,devops_cloud
job,go,2024,devops_cloud
job,javascript,2024,enterprise
job,c,2024,embedded
job,c,2025,embedded
job,c++,2025,embedded
job,php,2025,embedded
job,python,2025,web backend
job,rust,2025,security
job,c,2024,embedded
job,c#,2024,web backend
job,javascript,2024,web backend
job,typescript,2024,web backend
job,java,2024,enterprise
job,swift,2025,mobile
job,java,2025,mobile
job,kotlin,2025,mobile
job,java,2025,data_ai
job,python,2025,data_ai
job,rust,2025,data_ai
job,python,2024,enterprise
job,javascript,2024,web frontend
job,go,2025,web backend
job,java,2025,web backend
job,javascript,2025,web backend
job,python,2025,web backend
job,typescript,2025,web backend
job,java,2025,web backend
job,java,2024,testing_qa
job,java,2024,embedded
job,c#,2024,game
job,c++,2024,game
job,go,2024,devops_cloud
job,python,2024,devops_cloud
job,c++,2024,game
job,go,2024,game
job,java,2024,game
job,javascript,2024,game
job,python,2024,game
job,php,2024,enterprise
job,java,2025,mobile
job,kotlin,2025,mobile
job,go,2025,web backend
job,java,2025,web backend
job,javascript,2025,web backend
job,kotlin,2025,web backend
job,python,2025,web backend
job,rust,2025,web backend
job,typescript,2025,web backend
job,java,2024,data_ai
job,python,2024,data_ai
job,rust,2024,data_ai
job,python,2025,web backend
job,php,2024,enterprise
job,java,2024,mobile
job,kotlin,2024,mobile
job,typescript,2024,enterprise
job,c,2024,embedded
job,python,2025,data_ai
job,rust,2025,data_ai
job,php,2025,web backend
job,javascript,2024,web backend
job,c++,2025,game
job,python,2025,game
job,javascript,2025,web frontend
job,typescript,2025,web frontend
job,c#,2025,web backend
job,python,2024,data_ai
job,c,2025,embedded
job,c,2025,embedded
job,c++,2025,embedded
job,python,2025,embedded
job,go,2024,web backend
job,java,2024,web backend
job,javascript,2024,web backend
job,c,2024,embedded
job,python,2024,data_ai
job,javascript,2025,web frontend
job,python,2025,web frontend
job,typescript,2025,web frontend
job,c++,2024,game
job,javascript,2025,web frontend
job,c#,2025,web backend
job,java,2025,web backend
job,javascript,2025,web backend
job,typescript,2025,web backend
job,c,2024,embedded
job,java,2024,embedded
job,kotlin,2024,embedded
job,python,2024,embedded
job,php,2024,enterprise
job,c#,2024,web backend
job,go,2024,devops_cloud
job,typescript,2024,blockchain
job,python,2024,enterprise
job,c,2024,embedded
job,go,2024,embedded
job,rust,2024,embedded
job,c,2024,enterprise
job,c#,2024,enterprise
job,java,2024,enterprise
job,kotlin,2024,enterprise
job,python,2024,enterprise
job,java,2024,devops_cloud
job,javascript,2024,web frontend
job,c#,2024,web backend
job,javascript,2024,web backend
job,c,2025,enterprise
job,go,2025,enterprise
job,java,2025,enterprise
job,javascript,2025,enterprise
job,php,2025,enterprise
job,python,2025,enterprise
job,c++,2024,game
job,c,2024,data_ai
job,java,2025,data_ai
job,c++,2024,developer tools
job,go,2024,developer tools
job,python,2024,developer tools
job,javascript,2025,web backend
job,c,2024,embedded
job,c#,2024,embedded
job,c++,2024,embedded
job,java,2024,embedded
job,python,2024,embedded
job,python,2025,devops_cloud
job,c#,2025,enterprise
job,python,2025,data_ai
job,java,2025,enterprise
job,java,2025,web frontend
job,javascript,2025,web frontend
job,kotlin,2025,web frontend
job,java,2024,developer tools
job,rust,2024,developer tools
job,go,2024,developer tools
job,go,2024,web backend
job,c,2025,security
job,rust,2025,security
job,c#,2025,game
job,c++,2025,game
job,java,2025,game
job,python,2025,game
job,python,2025,devops_cloud
job,kotlin,2025,mobile
job,python,2025,mobile
job,c#,2025,web backend
job,javascript,2025,web backend
job,typescript,2025,web backend
job,python,2024,data_ai
job,java,2025,mobile
job,kotlin,2025,mobile
job,c,2025,embedded
job,c++,2025,embedded
job,java,2025,embedded
job,javascript,2025,embedded
job,python,2025,embedded
job,java,2024,mobile
job,kotlin,2024,mobile
job,c,2024,embedded
job,c++,2024,embedded
job,typescript,2024,embedded
job,go,2024,data_ai
job,java,2024,data_ai
job,python,2024,data_ai
job,rust,2024,data_ai
job,c#,2025,enterprise
job,c#,2024,enterprise
job,go,2024,enterprise
job,java,2024,enterprise
job,typescript,2024,enterprise
job,python,2025,data_ai
job,c#,2025,web backend
job,javascript,2025,web frontend
job,c#,2025,web backend
job,javascript,2025,web frontend
job,java,2024,testing_qa
job,java,2024,devops_cloud
job,java,2025,testing_qa
job,java,2025,web frontend
job,javascript,2025,web frontend
job,typescript,2025,web frontend
job,c,2024,security
job,go,2024,security
job,java,2024,security
job,javascript,2024,security
job,kotlin,2024,security
job,python,2024,security
job,rust,2024,security
job,typescript,2024,security
job,c#,2025,devops_cloud
job,go,2025,devops_cloud
job,java,2025,devops_cloud
job,javascript,2025,devops_cloud
job,typescript,2025,devops_cloud
job,javascript,2024,enterprise
job,typescript,2024,web frontend
job,c,2025,embedded
job,c#,2025,web backend
job,c#,2025,web backend
job,javascript,2025,web backend
job,javascript,2024,enterprise
job,python,2025,web backend
job,python,2024,devops_cloud
job,c,2025,embedded
job,kotlin,2025,embedded
job,c#,2024,game
job,c++,2024,game
job,javascript,2024,game
job,python,2024,game
job,java,2025,enterprise
job,python,2024,devops_cloud
job,python,2025,data_ai
job,swift,2025,mobile
job,java,2025,mobile
job,kotlin,2025,mobile
job,java,2025,mobile
job,kotlin,2025,mobile
job,python,2024,data_ai
job,c#,2024,devops_cloud
job,go,2024,devops_cloud
job,javascript,2024,devops_cloud
job,python,2024,devops_cloud
job,typescript,2024,devops_cloud
job,python,2025,enterprise
job,javascript,2025,web frontend
job,javascript,2025,enterprise
job,c,2025,web backend
job,php,2025,web backend
job,c#,2025,web backend
job,javascript,2025,web backend
job,java,2024,web backend
job,c++,2025,game
job,java,2025,game
job,go,2025,devops_cloud
job,java,2025,devops_cloud
job,java,2024,enterprise
job,python,2024,embedded
job,rust,2024,developer tools
job,javascript,2024,testing_qa
job,rust,2024,testing_qa
job,c,2024,embedded
job,php,2024,enterprise
job,c,2025,embedded
job,rust,2025,embedded
job,c#,2025,web backend
job,c#,2025,enterprise
job,typescript,2024,devops_cloud
job,python,2025,web backend
job,javascript,2024,web frontend
job,ypescript,2024,web frontend
job,go,2024,web backend
job,javascript,2024,web backend
job,java,2024,devops_cloud
job,go,2024,devops_cloud
job,java,2024,enterprise
job,c++,2024,game
job,python,2024,game
job,java,2024,data_ai
job,typescript,2024,devops_cloud
job,c#,2025,web backend
job,javascript,2025,web backend
job,c#,2025,devops_cloud
job,java,2025,devops_cloud
job,kotlin,2025,devops_cloud
job,c,2024,embedded
job,java,2025,web backend
job,rust,2025,web backend
job,c,2024,enterprise
job,javascript,2024,enterprise
job,typescript,2024,enterprise
job,go,2025,developer tools
job,rust,2025,developer tools
job,c#,2024,web backend
job,javascript,2024,web backend
job,java,2024,embedded
job,c#,2025,enterprise
job,c#,2024,web backend
job,javascript,2024,web backend
job,python,2025,data_ai
job,c,2025,web frontend
job,javascript,2025,web frontend
job,typescript,2025,web frontend
job,c,2025,testing_qa
job,c#,2024,devops_cloud
job,go,2024,devops_cloud
job,java,2024,devops_cloud
job,javascript,2024,devops_cloud
job,rust,2024,devops_cloud
job,typescript,2024,devops_cloud
job,c,2025,embedded
job,python,2025,embedded
job,rust,2025,embedded
job,c#,2025,web backend
job,c#,2025,web backend
job,typescript,2025,web backend
job,c++,2024,data_ai
job,python,2024,data_ai
job,javascript,2024,web frontend
job,typescript,2024,web frontend
job,c#,2024,enterprise
job,java,2024,data_ai
job,c#,2025,game
job,java,2025,web backend
job,swift,2024,mobile
job,java,2024,mobile
job,javascript,2024,mobile
job,kotlin,2024,mobile
job,c#,2025,web backend
job,java,2025,mobile
job,kotlin,2025,mobile
job,c#,2025,game
job,c++,2025,game
job,go,2024,web backend
job,java,2024,web backend
job,javascript,2024,web backend
job,python,2024,web backend
job,javascript,2025,web frontend
job,c#,2025,game
job,c++,2025,game
job,python,2024,testing_qa
job,python,2024,web backend
job,python,2025,data_ai
job,rust,2025,data_ai
job,c#,2025,game
job,c++,2025,game
job,c#,2024,enterprise
job,java,2024,enterprise
job,c#,2025,web backend
job,java,2025,web backend
job,javascript,2025,web backend
job,php,2025,web backend
job,python,2025,web backend
job,javascript,2024,enterprise
job,javascript,2024,devops_cloud
job,kotlin,2025,mobile
job,python,2025,mobile
job,c,2024,embedded
job,rust,2024,embedded
job,javascript,2024,enterprise
job,kotlin,2024,enterprise
job,c,2024,embedded
job,c,2025,embedded
job,c++,2025,embedded
job,javascript,2025,web backend
job,c#,2025,game
job,c++,2025,game
job,javascript,2025,game
job,python,2025,game
job,go,2025,web backend
job,java,2025,web backend
job,javascript,2025,web backend
job,python,2025,web backend
job,typescript,2025,web backend
job,python,2024,security
job,javascript,2025,web frontend
job,typescript,2025,web frontend
job,c,2024,iot
job,c#,2024,iot
job,go,2024,iot
job,java,2024,iot
job,python,2024,iot
job,rust,2024,iot
job,java,2025,web backend
job,c#,2025,web backend
job,java,2025,web backend
job,rust,2025,web backend
job,typescript,2025,web backend
job,javascript,2024,game
job,c#,2024,web backend
job,javascript,2024,web backend
job,go,2025,iot
job,java,2025,iot
job,python,2025,iot
job,rust,2025,iot
job,c#,2025,web backend
job,c#,2025,enterprise
job,java,2024,enterprise
job,go,2025,devops_cloud
job,python,2025,devops_cloud
job,rust,2025,devops_cloud
job,c,2024,enterprise
job,c#,2024,enterprise
job,c++,2024,enterprise
job,java,2024,enterprise
job,javascript,2024,enterprise
job,kotlin,2024,enterprise
job,python,2024,enterprise
job,c#,2025,game
job,c++,2025,game
job,java,2025,game
job,javascript,2025,game
job,python,2025,game
job,c,2025,embedded
job,c++,2025,embedded
job,c#,2024,web backend
job,javascript,2024,web backend
job,python,2024,web backend
job,python,2024,data_ai
job,c,2024,embedded
job,c++,2024,embedded
job,kotlin,2024,embedded
job,c,2025,embedded
job,java,2025,embedded
job,python,2025,embedded
job,rust,2025,embedded
job,java,2024,mobile
job,kotlin,2024,mobile
job,python,2024,data_ai
job,php,2025,web frontend
job,javascript,2024,web backend
job,java,2025,web backend
job,javascript,2025,web backend
job,c,2024,embedded
job,go,2025,web backend
job,java,2025,web backend
job,javascript,2025,web backend
job,php,2025,web backend
job,python,2025,web backend
job,c++,2025,developer tools
job,go,2024,security
job,javascript,2024,security
job,python,2024,security
job,rust,2024,security
job,go,2025,devops_cloud
job,kotlin,2025,devops_cloud
job,python,2025,devops_cloud
job,rust,2025,devops_cloud
job,c#,2025,web backend
job,javascript,2025,web frontend
job,java,2025,enterprise
job,python,2024,data_ai
job,c,2025,embedded
job,c++,2025,embedded
job,python,2025,embedded
job,c,2024,embedded
job,python,2025,web backend
job,c#,2025,web backend
job,javascript,2025,web backend
job,java,2025,embedded
job,php,2025,web backend
job,javascript,2025,web frontend
job,typescript,2025,web frontend
job,java,2025,enterprise
job,rust,2024,web backend
job,javascript,2024,web frontend
job,java,2025,enterprise
job,php,2025,enterprise
job,python,2025,enterprise
job,java,2024,mobile
job,kotlin,2024,mobile
job,javascript,2025,web backend
job,php,2025,web backend
job,typescript,2025,web backend
job,go,2024,devops_cloud
job,rust,2024,devops_cloud
job,go,2024,devops_cloud
job,go,2025,web backend
job,rust,2025,web backend
job,php,2024,web frontend
job,c++,2024,game
job,go,2024,game
job,java,2024,game
job,javascript,2024,game
job,python,2024,game
job,typescript,2024,game
job,c,2024,enterprise
job,c#,2024,enterprise
job,javascript,2024,enterprise
job,typescript,2024,enterprise
job,java,2025,web backend
job,java,2024,enterprise
job,c,2025,iot
job,go,2025,iot
job,rust,2025,iot
job,c#,2025,web backend
job,rust,2025,security
job,python,2025,data_ai
job,go,2025,web backend
job,java,2025,web backend
job,java,2024,enterprise
job,javascript,2024,developer tools
job,python,2024,developer tools
job,c#,2024,game
job,c++,2024,game
job,python,2025,data_ai
job,c,2025,enterprise
job,c#,2025,enterprise
job,javascript,2025,enterprise
job,typescript,2025,enterprise
job,javascript,2025,web frontend
job,c#,2024,web frontend
job,javascript,2024,web frontend
job,typescript,2024,web frontend
job,c,2025,embedded
job,python,2025,embedded
job,rust,2025,embedded
job,c,2024,embedded
job,python,2024,embedded
job,rust,2024,embedded
job,java,2025,web backend
job,typescript,2025,web backend
job,c#,2025,web backend
job,javascript,2025,web backend
job,python,2025,security
job,c++,2025,developer tools
job,python,2024,data_ai
job,python,2024,devops_cloud
job,javascript,2025,web backend
job,c#,2025,web backend
job,javascript,2025,web backend
job,java,2024,enterprise
job,javascript,2024,enterprise
job,kotlin,2024,enterprise
job,typescript,2024,enterprise
job,java,2024,mobile
job,javascript,2024,mobile
job,kotlin,2024,mobile
job,go,2025,enterprise
job,javascript,2025,enterprise
job,rust,2025,enterprise
job,java,2024,testing_qa
job,kotlin,2024,testing_qa
job,c,2024,embedded
job,go,2024,embedded
job,python,2024,embedded
job,javascript,2025,web frontend
job,typescript,2025,web frontend
job,c#,2025,game
job,c++,2025,game
job,c#,2024,enterprise
job,javascript,2024,enterprise
job,c#,2025,web backend
job,java,2025,web backend
job,python,2024,security
job,javascript,2025,web frontend
job,c#,2025,devops_cloud
job,javascript,2025,devops_cloud
job,typescript,2025,devops_cloud
job,go,2025,devops_cloud
job,c#,2024,mobile
job,javascript,2024,mobile
job,c#,2024,enterprise
job,c#,2024,web backend
job,python,2025,web backend
job,rust,2025,web backend
job,java,2025,web backend
job,python,2024,enterprise
job,php,2025,web frontend
job,java,2024,data_ai
job,javascript,2024,web frontend
job,typescript,2024,web frontend
job,c#,2025,web backend
job,python,2025,data_ai
job,c++,2025,game
job,python,2025,game
job,python,2025,data_ai
job,c,2025,embedded
job,c,2024,embedded
job,swift,2025,mobile
job,kotlin,2025,mobile
job,c,2024,embedded
job,python,2024,data_ai
job,rust,2024,data_ai
job,c,2024,embedded
job,java,2025,testing_qa
job,javascript,2025,testing_qa
job,kotlin,2025,testing_qa
job,python,2025,testing_qa
job,java,2024,mobile
job,kotlin,2024,mobile
job,python,2024,devops_cloud
job,javascript,2024,enterprise
job,python,2025,data_ai
job,go,2024,web backend
job,javascript,2024,web backend
job,rust,2024,web backend
job,c,2025,embedded
job,javascript,2025,web backend
job,php,2025,web backend
job,c,2025,embedded
job,c++,2025,embedded
job,java,2025,web backend
job,kotlin,2025,web backend
job,c#,2025,enterprise
job,java,2025,enterprise
job,c++,2024,data_ai
job,python,2024,data_ai
job,python,2025,data_ai
job,c++,2025,developer tools
job,rust,2025,developer tools
job,go,2025,developer tools
job,javascript,2024,enterprise
job,go,2024,web backend
job,c#,2024,devops_cloud
job,go,2024,devops_cloud
job,java,2024,devops_cloud
job,javascript,2024,devops_cloud
job,python,2024,devops_cloud
job,typescript,2024,devops_cloud
job,typescript,2024,web frontend
job,python,2025,testing_qa
job,c#,2024,web backend
job,javascript,2024,web backend
job,typescript,2024,web backend
job,c#,2025,mobile
job,javascript,2025,mobile
job,kotlin,2025,mobile
job,rust,2025,web backend
job,swift,2025,mobile
job,c,2024,embedded
job,rust,2024,embedded
job,javascript,2024,mobile
job,kotlin,2024,mobile
job,python,2024,mobile
job,typescript,2024,mobile
job,javascript,2024,developer tools
job,c#,2024,enterprise
job,java,2024,enterprise
job,c#,2024,game
job,c++,2024,game
job,c,2025,enterprise
job,rust,2025,enterprise
job,python,2024,data_ai
job,rust,2024,blockchain
job,c,2025,embedded
job,python,2025,devops_cloud
job,c,2024,embedded
job,java,2024,embedded
job,python,2024,embedded
job,rust,2024,embedded
job,typescript,2024,web backend
job,c++,2025,developer tools
job,go,2025,developer tools
job,python,2025,developer tools
job,rust,2025,developer tools
job,go,2024,web backend
job,java,2024,web backend
job,javascript,2024,web backend
job,python,2024,web backend
job,java,2025,web backend
job,kotlin,2025,web backend
job,rust,2025,web backend
job,python,2024,data_ai
job,python,2025,embedded
job,java,2024,data_ai
job,c,2024,enterprise
job,c#,2024,enterprise
job,java,2024,enterprise
job,javascript,2024,enterprise
job,javascript,2025,web frontend
job,typescript,2025,web frontend
job,java,2024,web backend
job,kotlin,2025,security
job,php,2025,security
job,python,2025,security
job,go,2024,web backend
job,java,2024,web backend
job,javascript,2024,web backend
job,python,2024,web backend
job,typescript,2024,web backend
job,javascript,2024,web frontend
job,typescript,2024,web frontend
job,javascript,2025,web frontend
job,typescript,2025,web frontend
job,python,2025,devops_cloud
job,python,2025,data_ai
job,javascript,2024,web backend
job,typescript,2024,web backend
job,c#,2024,game
job,c++,2024,game
job,java,2024,web backend
job,python,2024,data_ai
job,java,2024,data_ai
job,java,2025,web backend
job,c#,2025,game
job,c++,2025,game
job,python,2025,game
job,java,2025,mobile
job,kotlin,2025,mobile
job,c#,2025,game
job,c++,2025,game
job,c,2024,iot
job,c++,2024,iot
job,java,2024,iot
job,python,2024,devops_cloud
job,go,2024,security
job,java,2024,security
job,javascript,2024,security
job,python,2024,security
job,typescript,2024,security
job,c#,2024,game
job,c++,2024,game
job,java,2024,testing_qa
job,go,2024,devops_cloud
job,java,2024,devops_cloud
job,c#,2024,web backend
job,javascript,2024,web backend
job,javascript,2024,web frontend
job,ypescript,2024,web frontend
job,java,2025,web backend
job,javascript,2025,web backend
job,python,2025,web backend
job,typescript,2025,web backend
job,go,2024,devops_cloud
job,python,2024,devops_cloud
job,javascript,2025,web frontend
job,c,2025,embedded
job,c++,2025,embedded
job,c,2024,embedded
job,c++,2024,embedded
job,javascript,2024,enterprise
job,c,2024,enterprise
job,c#,2024,enterprise
job,python,2025,data_ai
job,rust,2025,data_ai
job,c,2025,embedded
job,c++,2025,embedded
job,python,2025,embedded
job,c#,2024,game
job,kotlin,2024,game
job,java,2025,web backend
job,javascript,2025,web frontend
job,typescript,2025,web frontend
job,c,2025,embedded
job,rust,2025,embedded
job,c++,2024,data_ai
job,python,2024,data_ai
job,c,2024,embedded
job,javascript,2025,web frontend
job,typescript,2025,web frontend
job,c#,2024,game
job,c++,2024,game
job,java,2025,mobile
job,kotlin,2025,mobile
job,c,2024,embedded
job,go,2024,embedded
job,java,2024,embedded
job,javascript,2024,embedded
job,kotlin,2024,embedded
job,python,2024,embedded
job,rust,2024,embedded
job,typescript,2024,embedded
job,javascript,2025,web frontend
job,go,2024,web backend
job,go,2025,devops_cloud
job,php,2025,devops_cloud
job,python,2025,devops_cloud
job,javascript,2025,web backend
job,c,2025,enterprise
job,javascript,2025,enterprise
job,typescript,2025,enterprise
job,javascript,2025,web frontend
job,typescript,2025,web frontend
job,java,2024,web backend
job,go,2024,devops_cloud
job,go,2024,devops_cloud
job,python,2024,devops_cloud
job,c#,2024,game
job,c++,2024,game
job,python,2024,data_ai
job,rust,2024,data_ai
job,go,2024,web backend
job,java,2024,web backend
job,javascript,2024,web backend
job,kotlin,2024,web backend
job,typescript,2024,web backend
job,c#,2024,game
job,c++,2024,game
job,c#,2025,game
job,c++,2025,game
job,java,2025,game
job,python,2025,game
job,c,2024,embedded
job,go,2024,embedded
job,python,2024,embedded
job,rust,2024,embedded
job,java,2024,web backend
job,python,2024,data_ai
job,rust,2024,data_ai
job,javascript,2025,web frontend
job,typescript,2025,web frontend
job,java,2025,mobile
job,kotlin,2025,mobile
job,javascript,2025,web frontend
job,javascript,2024,testing_qa
job,javascript,2024,web frontend
job,python,2024,web frontend
job,typescript,2024,web frontend
job,go,2025,security
job,python,2025,security
job,rust,2025,security
job,python,2025,data_ai
job,go,2025,web backend
job,java,2025,web backend
job,javascript,2025,web backend
job,typescript,2025,web backend
job,c,2024,embedded
job,python,2024,embedded
job,rust,2024,embedded
job,python,2025,devops_cloud
job,java,2025,security
job,kotlin,2025,security
job,c#,2024,enterprise
job,go,2024,devops_cloud
job,javascript,2024,enterprise
job,javascript,2025,web frontend
job,kotlin,2025,web frontend
job,go,2025,devops_cloud
job,javascript,2025,devops_cloud
job,python,2025,devops_cloud
job,javascript,2024,web frontend
job,javascript,2025,web frontend
job,java,2025,mobile
job,kotlin,2025,mobile
job,javascript,2025,web backend
job,php,2025,web backend
job,python,2025,web backend
job,c,2024,testing_qa
job,go,2024,testing_qa
job,java,2024,testing_qa
job,javascript,2024,testing_qa
job,python,2024,testing_qa
job,java,2025,devops_cloud
job,java,2024,testing_qa
job,java,2024,enterprise
job,c#,2025,game
job,c++,2025,game
job,java,2025,enterprise
job,c#,2024,devops_cloud
job,javascript,2025,web frontend
job,java,2025,devops_cloud
job,c#,2025,enterprise
job,java,2025,enterprise
job,c,2024,embedded
job,c++,2024,embedded
job,java,2024,enterprise
job,java,2025,enterprise
job,php,2024,web backend
job,javascript,2025,web frontend
job,typescript,2025,web frontend
job,c,2024,embedded
job,c++,2024,embedded
job,java,2025,web backend
job,rust,2024,data_ai
job,javascript,2025,web frontend
job,php,2025,web frontend
job,javascript,2025,web frontend
job,typescript,2025,web frontend
job,java,2025,data_ai
job,rust,2025,data_ai
job,javascript,2025,web frontend
job,java,2025,mobile
job,python,2025,web backend
job,java,2024,web backend
job,go,2024,developer tools
job,python,2024,developer tools
job,java,2025,web frontend
job,javascript,2025,web frontend
job,typescript,2025,web frontend
job,c#,2024,web backend
job,javascript,2024,web backend
job,typescript,2024,web backend
job,c++,2025,game
job,python,2025,game
job,go,2024,enterprise
job,java,2024,enterprise
job,python,2024,enterprise
job,javascript,2025,web frontend
job,typescript,2025,web frontend
job,c,2025,embedded
job,c#,2024,game
job,c++,2024,game
job,typescript,2024,enterprise
job,javascript,2025,web backend
job,c,2024,enterprise
job,c#,2024,enterprise
job,javascript,2024,enterprise
job,python,2024,enterprise
job,c#,2025,web backend
job,java,2025,web backend
job,typescript,2025,web backend
job,java,2025,data_ai
job,c#,2025,enterprise
job,java,2025,enterprise
job,java,2025,mobile
job,kotlin,2025,mobile
job,c#,2024,web backend
job,javascript,2024,web backend
job,c#,2024,game
job,c++,2024,game
job,c#,2025,devops_cloud
job,c,2024,embedded
job,rust,2024,embedded
job,go,2024,web frontend
job,java,2024,web frontend
job,javascript,2024,web frontend
job,kotlin,2024,web frontend
job,python,2024,web frontend
job,rust,2024,web frontend
job,typescript,2024,web frontend
job,java,2025,developer tools
job,python,2025,developer tools
job,c,2024,embedded
job,c++,2024,embedded
job,c,2024,testing_qa
job,python,2024,data_ai
job,go,2025,devops_cloud
job,java,2025,devops_cloud
job,python,2025,devops_cloud
job,rust,2025,devops_cloud
job,c#,2025,web backend
job,python,2025,enterprise
job,java,2024,enterprise
job,go,2024,developer tools
job,javascript,2024,developer tools
job,c#,2025,web backend
job,c#,2025,game
job,c++,2025,game
job,java,2025,enterprise
job,kotlin,2025,mobile
job,c#,2025,enterprise
job,javascript,2024,web backend
job,c,2024,web frontend
job,go,2024,web frontend
job,java,2024,web frontend
job,javascript,2024,web frontend
job,python,2024,web frontend
job,rust,2024,web frontend
job,typescript,2024,web frontend
job,go,2024,web frontend
job,javascript,2024,web frontend
job,typescript,2024,web frontend
job,c,2025,embedded
job,c++,2025,embedded
job,python,2025,data_ai
job,java,2025,data_ai
job,python,2025,data_ai
job,javascript,2025,web frontend
job,php,2025,web frontend
job,typescript,2024,devops_cloud
job,javascript,2024,testing_qa
job,java,2025,mobile
job,javascript,2025,mobile
job,kotlin,2025,mobile
job,c#,2025,web backend
job,c,2024,embedded
job,c,2024,embedded
job,c++,2024,embedded
job,java,2025,web backend
job,java,2024,testing_qa
job,c,2024,testing_qa
job,java,2024,security
job,javascript,2025,web frontend
job,c#,2024,web backend
job,javascript,2024,web backend
job,go,2024,web backend
job,java,2024,web backend
job,javascript,2024,web backend
job,python,2024,web backend
job,java,2025,mobile
job,kotlin,2025,mobile
job,go,2024,web backend
job,java,2025,mobile
job,kotlin,2025,mobile
job,javascript,2025,web frontend
job,php,2025,web frontend
job,python,2025,web frontend
job,rust,2025,web backend
job,c#,2024,enterprise
job,php,2025,web backend
job,go,2025,devops_cloud
job,python,2025,data_ai
job,rust,2024,data_ai
job,java,2024,data_ai
job,java,2025,mobile
job,kotlin,2025,mobile
job,c#,2025,game
job,kotlin,2025,game
job,php,2024,web backend
job,c,2025,embedded
job,c++,2025,embedded
job,java,2025,embedded
job,python,2025,embedded
job,javascript,2024,web frontend
job,c#,2024,web backend
job,c#,2024,game
job,c++,2024,game
job,c,2024,mobile
job,kotlin,2024,mobile
job,java,2025,enterprise
job,python,2025,data_ai
job,python,2025,data_ai
job,c,2025,blockchain
job,rust,2025,blockchain
job,c++,2024,data_ai
job,python,2024,data_ai
job,javascript,2025,web frontend
job,typescript,2025,web frontend
job,javascript,2025,devops_cloud
job,typescript,2025,devops_cloud
job,javascript,2025,web frontend
job,typescript,2025,web frontend
job,go,2024,web frontend
job,javascript,2024,web frontend
job,typescript,2024,web frontend
job,javascript,2025,web frontend
job,go,2024,web backend
job,python,2024,web backend
job,typescript,2024,web backend
job,javascript,2024,enterprise
job,java,2025,web backend
job,typescript,2025,web backend
job,python,2024,data_ai
job,c,2024,testing_qa
job,javascript,2025,enterprise
job,rust,2025,web backend
job,java,2024,data_ai
job,python,2024,data_ai
job,c,2024,embedded
job,c#,2024,enterprise
job,java,2024,enterprise
job,c++,2025,game
job,java,2025,enterprise
job,javascript,2025,web frontend
job,rust,2025,web frontend
job,java,2025,mobile
job,kotlin,2025,mobile
job,javascript,2025,devops_cloud
job,php,2025,devops_cloud
job,c#,2025,enterprise
job,java,2025,enterprise
job,c++,2025,game
job,python,2025,game
job,javascript,2025,web frontend
job,php,2025,web backend
job,java,2024,enterprise
job,c#,2025,game
job,c++,2025,game
job,c#,2024,enterprise
job,c#,2025,web backend
job,typescript,2025,web backend
job,go,2025,devops_cloud
job,javascript,2025,devops_cloud
job,python,2025,devops_cloud
job,c#,2024,enterprise
job,java,2024,enterprise
job,go,2024,web backend
job,java,2025,mobile
job,javascript,2025,mobile
job,kotlin,2025,mobile
job,java,2025,data_ai
job,javascript,2025,web backend
job,php,2025,web backend
job,javascript,2025,web frontend
job,java,2025,web backend
job,go,2024,web backend
job,java,2024,web backend
job,javascript,2024,web backend
job,javascript,2025,web frontend
job,typescript,2025,web frontend
job,c++,2025,game
job,python,2025,game
job,c,2024,enterprise
job,c++,2024,enterprise
job,javascript,2024,enterprise
job,python,2024,enterprise
job,c#,2024,enterprise
job,java,2024,enterprise
job,javascript,2024,enterprise
job,python,2024,enterprise
job,typescript,2024,enterprise
job,javascript,2025,web frontend
job,typescript,2025,web frontend
job,c,2024,security
job,go,2024,security
job,python,2024,security
job,rust,2024,security
job,python,2025,devops_cloud
job,java,2024,enterprise
job,java,2025,web backend
job,typescript,2025,web backend
job,c#,2025,web backend
job,c,2025,embedded
job,go,2025,embedded
job,python,2025,embedded
job,javascript,2025,web backend
job,go,2024,developer tools
job,c#,2024,web backend
job,go,2024,web backend
job,python,2024,enterprise
job,javascript,2025,web frontend
job,c#,2025,web backend
job,javascript,2025,web backend
job,java,2025,enterprise
job,java,2025,testing_qa
job,python,2024,enterprise
job,java,2024,devops_cloud
job,javascript,2024,devops_cloud
job,kotlin,2024,devops_cloud
job,typescript,2024,devops_cloud
job,c,2024,embedded
job,c,2024,testing_qa
job,c++,2024,testing_qa
job,javascript,2025,web frontend
job,php,2025,web frontend
job,java,2024,web backend
job,python,2025,enterprise
job,javascript,2024,enterprise
job,python,2024,embedded
job,python,2024,data_ai
job,rust,2024,web backend
job,c,2025,embedded
job,javascript,2024,developer tools
job,python,2024,data_ai
job,c,2025,embedded
job,java,2024,enterprise
job,typescript,2024,enterprise
job,java,2024,enterprise
job,javascript,2024,web frontend
job,typescript,2024,web frontend
job,javascript,2024,enterprise
job,c#,2025,enterprise
job,python,2025,data_ai
job,c++,2024,data_ai
job,python,2024,data_ai
job,java,2024,enterprise
job,java,2025,devops_cloud
job,python,2025,devops_cloud
job,javascript,2024,enterprise
job,c,2024,embedded
job,go,2024,web backend
job,java,2024,web backend
job,javascript,2024,web backend
job,python,2024,web backend
job,python,2024,data_ai
job,java,2024,web backend
job,kotlin,2024,web backend
job,rust,2024,web backend
job,go,2024,devops_cloud
job,javascript,2025,web frontend
job,typescript,2025,web frontend
job,c,2025,testing_qa
job,swift,2025,mobile
job,java,2025,mobile
job,c#,2024,web backend
job,java,2024,mobile
job,kotlin,2024,mobile
job,python,2024,embedded
job,java,2025,data_ai
job,c#,2025,web backend
job,kotlin,2025,web backend
job,python,2025,web backend
job,c++,2025,data_ai
job,python,2025,data_ai
job,python,2025,security
job,go,2024,web backend
job,rust,2025,security
job,c#,2025,devops_cloud
job,javascript,2025,devops_cloud
job,c,2024,embedded
job,c++,2024,game
job,python,2024,game
job,javascript,2024,security
job,rust,2024,developer tools
job,go,2024,devops_cloud
job,javascript,2024,devops_cloud
job,php,2024,devops_cloud
job,python,2024,devops_cloud
job,javascript,2024,enterprise
job,javascript,2025,enterprise
job,c,2024,embedded
job,python,2024,embedded
job,rust,2024,embedded
job,kotlin,2025,testing_qa
job,python,2025,testing_qa
job,javascript,2025,web frontend
job,c#,2025,enterprise
job,python,2025,data_ai
job,java,2025,data_ai
job,python,2025,data_ai
job,rust,2025,data_ai
job,javascript,2025,web frontend
job,typescript,2024,web backend
job,c++,2024,game
job,python,2024,game
job,javascript,2024,web frontend
job,typescript,2024,web frontend
job,javascript,2025,web frontend
job,typescript,2025,web frontend
job,c,2025,security
job,go,2025,security
job,python,2025,security
job,rust,2025,security
job,java,2025,enterprise
job,javascript,2025,web frontend
job,c,2025,testing_qa
job,java,2025,testing_qa
job,javascript,2025,testing_qa
job,php,2025,testing_qa
job,python,2025,testing_qa
job,java,2024,web backend
job,typescript,2024,web backend
job,c#,2025,embedded
job,c++,2025,embedded
job,python,2025,embedded
job,typescript,2024,devops_cloud
job,python,2024,security
job,javascript,2024,web frontend
job,c,2024,embedded
job,c#,2024,embedded
job,javascript,2025,web frontend
job,python,2024,data_ai
job,javascript,2024,web backend
job,python,2025,data_ai
job,c,2024,iot
job,java,2025,enterprise
job,java,2024,testing_qa
job,go,2024,devops_cloud
job,java,2024,devops_cloud
job,javascript,2024,devops_cloud
job,python,2024,devops_cloud
job,rust,2024,devops_cloud
job,javascript,2025,web frontend
job,typescript,2025,web frontend
job,java,2024,web backend
job,go,2025,security
job,java,2025,security
job,javascript,2025,security
job,python,2025,security
job,rust,2025,security
job,javascript,2025,web frontend
job,javascript,2024,enterprise
job,go,2024,web backend
job,python,2024,data_ai
job,javascript,2025,web frontend
job,java,2025,data_ai
job,go,2024,devops_cloud
job,java,2025,enterprise
job,c,2024,testing_qa
job,go,2024,devops_cloud
job,java,2024,devops_cloud
job,javascript,2024,devops_cloud
job,kotlin,2024,devops_cloud
job,python,2024,data_ai
job,python,2025,data_ai
job,c,2024,embedded
job,java,2025,mobile
job,kotlin,2025,mobile
job,c,2025,devops_cloud
job,go,2025,devops_cloud
job,java,2025,devops_cloud
job,javascript,2025,devops_cloud
job,python,2025,devops_cloud
job,rust,2025,devops_cloud
job,typescript,2025,devops_cloud
job,c,2025,embedded
job,go,2025,embedded
job,python,2025,embedded
job,rust,2025,embedded
job,typescript,2025,embedded
job,javascript,2024,web backend
job,c#,2025,web backend
job,php,2025,web backend
job,go,2024,devops_cloud
job,c,2024,data_ai
job,c#,2024,data_ai
job,python,2024,data_ai
job,java,2025,testing_qa
job,go,2024,web backend
job,java,2024,web backend
job,javascript,2024,web backend
job,python,2024,web backend
job,javascript,2025,web frontend
job,java,2024,devops_cloud
job,kotlin,2024,devops_cloud
job,python,2024,devops_cloud
job,c,2025,embedded
job,c++,2025,embedded
job,go,2025,web backend
job,go,2025,data_ai
job,python,2025,data_ai
job,python,2025,testing_qa
job,c,2024,embedded
job,go,2024,embedded
job,python,2024,embedded
job,rust,2024,embedded
job,c++,2024,game
job,java,2024,game
job,python,2024,game
job,php,2025,web backend
job,php,2024,web backend
job,c,2024,embedded
job,c#,2025,web backend
job,c#,2024,web backend
job,go,2024,web backend
job,java,2024,web backend
job,rust,2024,web backend
job,c,2025,embedded
job,c++,2025,embedded
job,java,2025,testing_qa
job,kotlin,2025,testing_qa
job,java,2025,web frontend
job,java,2025,testing_qa
job,javascript,2025,web frontend
job,typescript,2025,web frontend
job,c,2024,embedded
job,go,2024,embedded
job,python,2024,embedded
job,rust,2024,embedded
job,c,2025,embedded
job,kotlin,2025,embedded
job,javascript,2024,web frontend
job,typescript,2024,web frontend
job,go,2024,web backend
job,java,2024,mobile
job,kotlin,2024,mobile
job,go,2025,devops_cloud
job,go,2024,devops_cloud
job,java,2024,devops_cloud
job,kotlin,2024,devops_cloud
job,c,2024,embedded
job,kotlin,2024,embedded
job,python,2024,embedded
job,go,2024,web backend
job,python,2025,testing_qa
job,javascript,2025,web backend
job,php,2025,web backend
job,c,2025,web backend
job,c#,2025,web backend
job,javascript,2025,web backend
job,c#,2024,game
job,c++,2024,game
job,c,2025,testing_qa
job,go,2025,testing_qa
job,rust,2025,testing_qa
job,c#,2025,web backend
job,go,2025,security
job,python,2025,security
job,rust,2025,security
job,java,2025,mobile
job,kotlin,2025,mobile
job,c#,2024,web backend
job,java,2025,data_ai
job,typescript,2025,data_ai
job,javascript,2025,web frontend
job,c,2024,embedded
job,c++,2025,developer tools
job,go,2025,developer tools
job,python,2025,developer tools
job,rust,2025,developer tools
job,javascript,2024,web frontend
job,c,2025,testing_qa
job,javascript,2025,web frontend
job,typescript,2025,web frontend
job,typescript,2024,iot
job,c,2024,iot
job,c,2024,embedded
job,c++,2024,embedded
job,javascript,2025,web frontend
job,c#,2025,web backend
job,javascript,2025,web backend
job,typescript,2025,web backend
job,c#,2025,game
job,c++,2025,game
job,java,2024,data_ai
job,go,2025,blockchain
job,go,2025,devops_cloud
job,java,2025,devops_cloud
job,python,2025,devops_cloud
job,c#,2025,web backend
job,javascript,2025,web backend
job,c#,2024,devops_cloud
job,go,2025,security
job,javascript,2025,security
job,python,2025,security
job,rust,2025,security
job,javascript,2024,enterprise
job,java,2025,web backend
job,javascript,2025,web frontend
job,rust,2024,web backend
job,python,2025,devops_cloud
job,c,2025,web backend
job,c,2025,embedded
job,java,2025,embedded
job,javascript,2025,embedded
job,python,2025,embedded
job,rust,2025,embedded
job,typescript,2025,embedded
job,javascript,2025,web frontend
job,c,2025,security
job,go,2025,security
job,java,2025,security
job,javascript,2025,security
job,kotlin,2025,security
job,python,2025,security
job,rust,2025,security
job,typescript,2025,security
job,java,2024,web backend
job,go,2025,enterprise
job,c,2024,embedded
job,c++,2024,embedded
job,c++,2025,developer tools
job,javascript,2024,web frontend
job,typescript,2024,web frontend
job,c#,2024,enterprise
job,java,2024,enterprise
job,c++,2025,game
job,python,2025,game
job,php,2025,enterprise
job,javascript,2025,web frontend
job,go,2024,web backend
job,javascript,2024,web backend
job,javascript,2025,enterprise
job,c,2024,embedded
job,c,2024,embedded
job,c++,2024,embedded
job,python,2024,embedded
job,python,2025,devops_cloud
job,java,2024,testing_qa
job,c#,2025,web backend
job,javascript,2025,web backend
job,typescript,2025,web backend
job,php,2024,enterprise
job,c#,2025,enterprise
job,c++,2025,game
job,python,2025,game
job,typescript,2024,devops_cloud
job,c,2024,embedded
job,c++,2024,embedded
job,c++,2024,developer tools
job,python,2024,developer tools
job,php,2024,enterprise
job,go,2025,devops_cloud
job,java,2025,devops_cloud
job,python,2025,devops_cloud
job,c,2025,embedded
job,javascript,2025,embedded
job,typescript,2025,embedded
job,javascript,2025,web frontend
job,c#,2024,enterprise
job,java,2024,enterprise
job,javascript,2024,security
job,go,2025,devops_cloud
job,javascript,2025,devops_cloud
job,python,2025,devops_cloud
job,rust,2025,devops_cloud
job,typescript,2025,devops_cloud
job,c#,2025,web backend
job,python,2024,data_ai
job,c#,2025,web backend
job,php,2025,web backend
job,c#,2025,web backend
job,java,2025,mobile
job,kotlin,2025,mobile
job,rust,2024,web backend
job,rust,2024,data_ai
job,javascript,2024,web frontend
job,typescript,2024,web frontend
job,go,2024,web backend
job,java,2024,web backend
job,javascript,2024,web backend
job,python,2024,web backend
job,typescript,2024,web backend
job,c,2024,security
job,go,2024,security
job,java,2024,security
job,javascript,2024,security
job,kotlin,2024,security
job,python,2024,security
job,rust,2024,security
job,typescript,2024,security
job,java,2024,enterprise
job,java,2024,web backend
job,c,2024,embedded
job,c++,2024,embedded
job,python,2024,embedded
job,c,2025,embedded
job,python,2025,embedded
job,rust,2025,embedded
job,c,2025,embedded
job,c++,2025,embedded
job,php,2025,embedded
job,python,2025,embedded
job,rust,2025,embedded
job,javascript,2025,web frontend
job,php,2025,web frontend
job,c#,2024,devops_cloud
job,python,2024,devops_cloud
job,c,2024,data_ai
job,python,2024,data_ai
job,javascript,2025,web frontend
job,php,2025,web frontend
job,c,2025,game
job,c++,2025,game
job,javascript,2025,game
job,python,2025,game
job,go,2024,devops_cloud
job,python,2024,devops_cloud
job,c#,2025,web backend
job,java,2025,mobile
job,kotlin,2025,mobile
job,c#,2025,web backend
job,javascript,2025,web backend
job,typescript,2025,web backend
job,c,2025,embedded
job,javascript,2025,web frontend
job,php,2025,web frontend
job,c++,2025,game
job,python,2025,game
job,c,2024,embedded
job,c++,2024,embedded
job,python,2024,embedded
job,java,2025,mobile
job,kotlin,2025,mobile
job,javascript,2025,web frontend
job,javascript,2025,web frontend
job,c,2024,embedded
job,c++,2024,embedded
job,javascript,2025,web frontend
job,typescript,2025,web frontend
job,c,2025,embedded
job,c++,2025,embedded
job,c,2025,embedded
job,java,2025,embedded
job,kotlin,2025,embedded
job,php,2025,devops_cloud
job,python,2025,devops_cloud
job,python,2024,enterprise
job,c#,2024,web backend
job,typescript,2024,web backend
job,go,2024,devops_cloud
job,python,2024,devops_cloud
job,javascript,2025,web frontend
job,typescript,2025,web frontend
job,go,2024,data_ai
job,python,2024,data_ai
job,javascript,2025,web frontend
job,typescript,2025,web frontend
job,c,2024,game
job,c++,2024,game
job,java,2024,game
job,kotlin,2024,game
job,c,2025,embedded
job,c#,2024,enterprise
job,javascript,2024,web backend
job,java,2025,data_ai
job,java,2025,enterprise
job,java,2025,web backend
job,javascript,2025,web backend
job,typescript,2025,web backend
job,java,2025,enterprise
job,c#,2025,enterprise
job,java,2024,web backend
job,javascript,2024,web backend
job,kotlin,2024,web backend
job,python,2024,web backend
job,typescript,2024,web backend
job,java,2025,mobile
job,kotlin,2025,mobile
job,php,2024,enterprise
job,c,2024,security
job,python,2024,security
job,typescript,2024,security
job,go,2025,security
job,java,2025,security
job,javascript,2025,security
job,python,2025,security
job,rust,2025,security
job,go,2025,enterprise
job,javascript,2025,enterprise
job,rust,2025,enterprise
job,javascript,2024,enterprise
job,go,2024,web backend
job,java,2024,web backend
job,javascript,2024,web backend
job,python,2024,web backend
job,typescript,2024,web backend
job,c,2024,enterprise
job,c#,2024,enterprise
job,go,2024,enterprise
job,java,2024,enterprise
job,javascript,2024,enterprise
job,python,2024,enterprise
job,typescript,2024,enterprise
job,javascript,2025,web frontend
job,java,2025,data_ai
job,c#,2025,enterprise
job,java,2025,mobile
job,javascript,2025,mobile
job,kotlin,2025,mobile
job,c#,2024,game
job,go,2024,game
job,python,2024,game
job,java,2024,web backend
job,c#,2025,enterprise
job,javascript,2025,web backend
job,go,2025,web backend
job,java,2024,web backend
job,rust,2024,blockchain
job,c#,2025,web backend
job,c,2024,iot
job,c++,2024,iot
job,java,2024,iot
job,c#,2025,web backend
job,java,2025,data_ai
job,python,2025,data_ai
job,rust,2025,data_ai
job,c++,2025,game
job,python,2025,game
job,c++,2024,game
job,swift,2024,game
job,c,2025,embedded
job,javascript,2024,web frontend
job,java,2025,web frontend
job,javascript,2025,web frontend
job,php,2025,web frontend
job,javascript,2025,enterprise
job,java,2025,web backend
job,c,2024,embedded
job,c++,2024,embedded
job,javascript,2024,enterprise
job,java,2024,enterprise
job,kotlin,2024,enterprise
job,python,2024,security
job,javascript,2025,web frontend
job,java,2024,devops_cloud
job,python,2025,devops_cloud
job,python,2024,data_ai
job,c#,2025,web backend
job,java,2025,web backend
job,kotlin,2025,web backend
job,rust,2025,web backend
job,c,2024,embedded
job,javascript,2024,embedded
job,kotlin,2024,embedded
job,typescript,2024,embedded
job,go,2024,web backend
job,java,2024,web backend
job,javascript,2024,web backend
job,python,2024,web backend
job,go,2024,testing_qa
job,rust,2024,testing_qa
job,java,2025,web backend
job,c,2025,embedded
job,rust,2025,embedded
job,typescript,2025,embedded
job,c#,2024,web backend
job,javascript,2024,web backend
job,typescript,2024,web backend
job,java,2024,web backend
job,java,2025,devops_cloud
job,php,2025,devops_cloud
job,python,2025,devops_cloud
job,go,2025,developer tools
job,rust,2025,developer tools
job,php,2025,web frontend
job,java,2024,web backend
job,kotlin,2024,web backend
job,typescript,2024,mobile
job,php,2025,web backend
job,javascript,2024,testing_qa
job,kotlin,2024,testing_qa
job,typescript,2024,testing_qa
job,c#,2024,web backend
job,javascript,2024,web backend
job,javascript,2025,web frontend
job,typescript,2025,web frontend
job,go,2024,security
job,javascript,2024,security
job,python,2024,security
job,c#,2025,web backend
job,java,2025,mobile
job,kotlin,2025,mobile
job,go,2025,devops_cloud
job,python,2025,devops_cloud
job,javascript,2024,enterprise
job,php,2025,devops_cloud
job,python,2025,devops_cloud
job,python,2025,devops_cloud
job,javascript,2025,web frontend
job,python,2025,data_ai
job,go,2024,web backend
job,java,2024,web backend
job,javascript,2024,web backend
job,kotlin,2024,web backend
job,javascript,2025,web frontend
job,java,2025,data_ai
job,python,2025,data_ai
job,c,2024,data_ai
job,java,2024,data_ai
job,python,2024,data_ai
job,rust,2024,data_ai
job,c,2024,embedded
job,javascript,2024,web frontend
job,c,2025,security
job,go,2025,security
job,python,2025,security
job,rust,2025,security
job,go,2025,devops_cloud
job,python,2025,devops_cloud
job,rust,2025,devops_cloud
job,python,2024,data_ai
job,php,2025,web backend
job,kotlin,2025,mobile
job,javascript,2024,devops_cloud
job,python,2024,devops_cloud
job,typescript,2024,devops_cloud
job,java,2024,enterprise
job,c,2024,embedded
job,c++,2024,embedded
job,java,2024,enterprise
job,java,2025,web backend
job,c#,2025,web backend
job,javascript,2025,web backend
job,javascript,2024,embedded
job,c,2024,security
job,c++,2024,security
job,python,2024,security
job,c,2024,embedded
job,c#,2024,devops_cloud
job,javascript,2025,web frontend
job,c,2024,embedded
job,c++,2024,embedded
job,java,2024,embedded
job,javascript,2024,embedded
job,python,2024,embedded
job,c#,2024,enterprise
job,java,2024,enterprise
job,python,2024,data_ai
job,python,2025,data_ai
job,javascript,2025,web frontend
job,php,2025,web frontend
job,typescript,2025,web frontend
job,javascript,2024,enterprise
job,c#,2024,enterprise
job,java,2024,enterprise
job,c,2024,embedded
job,php,2025,web backend
job,javascript,2025,web frontend
job,typescript,2025,web frontend
job,c#,2025,web backend
job,javascript,2025,web backend
job,c#,2024,enterprise
job,c,2025,enterprise
job,c#,2025,enterprise
job,javascript,2025,enterprise
job,typescript,2025,enterprise
job,c,2025,iot
job,c#,2025,iot
job,c++,2025,iot
job,java,2025,iot
job,python,2025,iot
job,java,2024,testing_qa
job,python,2024,testing_qa
job,typescript,2024,testing_qa
job,javascript,2024,web frontend
job,go,2024,web backend
job,python,2025,devops_cloud
job,c#,2025,game
job,c++,2025,game
job,kotlin,2025,game
job,swift,2025,game
job,python,2025,web backend
job,go,2024,web backend
job,java,2024,web backend
job,javascript,2024,web backend
job,kotlin,2024,web backend
job,python,2024,web backend
job,c,2024,embedded
job,c++,2024,embedded
job,java,2024,enterprise
job,c#,2025,web backend
job,python,2025,devops_cloud
job,go,2024,devops_cloud
job,c,2025,testing_qa
job,rust,2025,testing_qa
job,java,2025,enterprise
job,php,2025,web backend
job,go,2024,web backend
job,php,2024,web backend
job,python,2024,web backend
job,c,2025,iot
job,php,2025,web backend
job,java,2024,enterprise
job,c#,2024,web backend
job,go,2025,devops_cloud
job,python,2025,devops_cloud
job,javascript,2024,web frontend
job,typescript,2024,web frontend
job,typescript,2024,game
job,c#,2025,web backend
job,c,2024,embedded
job,c++,2024,embedded
job,javascript,2025,web frontend
job,typescript,2025,web frontend
job,c,2025,testing_qa
job,javascript,2025,web frontend
job,typescript,2025,web frontend
job,java,2025,mobile
job,kotlin,2025,mobile
job,c++,2024,game
job,swift,2024,game
job,go,2024,web backend
job,go,2024,devops_cloud
job,c,2025,enterprise
job,c#,2025,enterprise
job,typescript,2025,enterprise
job,c,2025,embedded
job,rust,2025,embedded
job,python,2024,embedded
job,python,2025,web backend
job,python,2025,devops_cloud
job,c,2024,embedded
job,javascript,2025,web frontend
job,java,2025,web backend
job,javascript,2025,web backend
job,kotlin,2025,web backend
job,c,2024,security
job,go,2024,security
job,python,2024,security
job,c,2024,enterprise
job,c#,2024,enterprise
job,javascript,2024,enterprise
job,python,2024,data_ai
job,javascript,2024,web frontend
job,java,2025,web backend
job,c,2024,data_ai
job,java,2024,data_ai
job,python,2024,data_ai
job,rust,2024,data_ai
job,python,2025,testing_qa
job,c#,2025,web backend
job,java,2025,web backend
job,c++,2025,data_ai
job,python,2025,data_ai
job,javascript,2024,web frontend
job,php,2024,web frontend
job,python,2024,web frontend
job,typescript,2024,web frontend
job,javascript,2025,web frontend
job,typescript,2025,web frontend
job,java,2024,embedded
job,javascript,2024,embedded
job,rust,2024,embedded
job,c#,2025,web backend
job,javascript,2025,web backend
job,javascript,2025,web frontend
job,typescript,2025,web frontend
job,c,2024,embedded
job,java,2024,enterprise
job,c#,2025,devops_cloud
job,go,2025,devops_cloud
job,c,2024,security
job,c++,2024,security
job,javascript,2024,security
job,python,2024,security
job,typescript,2024,security
job,php,2025,web backend
job,python,2025,web backend
job,java,2025,enterprise
job,c,2024,game
job,c++,2024,game
job,swift,2024,game
job,kotlin,2024,data_ai
job,python,2024,data_ai
job,java,2025,mobile
job,javascript,2025,mobile
job,kotlin,2025,mobile
job,c,2025,enterprise
job,c++,2025,enterprise
job,go,2025,enterprise
job,python,2025,enterprise
job,java,2024,devops_cloud
job,go,2025,web backend
job,python,2025,web backend
job,rust,2025,web backend
job,java,2025,enterprise
job,typescript,2025,enterprise
job,c,2025,embedded
job,java,2025,embedded
job,kotlin,2025,embedded
job,c,2024,security
job,python,2024,security
job,rust,2024,security
job,c++,2024,game
job,python,2024,game
job,swift,2024,game
job,c,2024,enterprise
job,c#,2024,enterprise
job,javascript,2024,enterprise
job,php,2025,web frontend
job,python,2025,web frontend
job,c,2025,embedded
job,c++,2025,embedded
job,c,2025,embedded
job,c++,2025,embedded
job,java,2025,web backend
job,javascript,2025,web backend
job,typescript,2025,web backend
job,c,2025,embedded
job,c++,2025,embedded
job,python,2025,embedded
job,java,2025,web backend
job,go,2024,web backend
job,rust,2024,web backend
job,javascript,2025,web frontend
job,kotlin,2025,web frontend
job,go,2024,web backend
job,java,2024,web backend
job,javascript,2024,web backend
job,typescript,2024,web backend
job,c++,2024,developer tools
job,rust,2024,developer tools
job,go,2024,developer tools
job,c#,2024,web backend
job,typescript,2024,web backend
job,c#,2024,web backend
job,javascript,2024,web frontend
job,kotlin,2024,web frontend
job,typescript,2024,web frontend
job,c,2025,enterprise
job,c#,2025,enterprise
job,javascript,2025,enterprise
job,c++,2025,developer tools
job,go,2025,developer tools
job,python,2025,developer tools
job,rust,2025,developer tools
job,javascript,2025,web frontend
job,python,2024,data_ai
job,java,2024,security
job,javascript,2024,security
job,typescript,2024,security
job,java,2025,web backend
job,typescript,2025,web backend
job,typescript,2024,mobile
job,python,2025,devops_cloud
job,go,2025,developer tools
job,rust,2024,web backend
job,java,2024,enterprise
job,c++,2025,game
job,swift,2025,game
job,c,2024,devops_cloud
job,javascript,2024,devops_cloud
job,python,2024,devops_cloud
job,typescript,2024,devops_cloud
job,c++,2025,game
job,swift,2025,game
job,c,2024,testing_qa
job,javascript,2024,testing_qa
job,kotlin,2024,testing_qa
job,c#,2024,game
job,c++,2024,game
job,go,2024,game
job,python,2024,game
job,go,2024,enterprise
job,java,2024,enterprise
job,python,2024,enterprise
job,javascript,2024,web frontend
job,kotlin,2024,web frontend
job,c#,2025,embedded
job,java,2025,embedded
job,python,2025,developer tools
job,c,2025,embedded
job,go,2025,embedded
job,python,2025,embedded
job,rust,2025,embedded
job,c,2025,data_ai
job,java,2025,data_ai
job,python,2025,data_ai
job,rust,2025,data_ai
job,go,2025,web backend
job,python,2025,web backend
job,java,2024,web backend
job,python,2024,data_ai
job,rust,2024,data_ai
job,python,2025,devops_cloud
job,java,2025,web backend
job,go,2024,devops_cloud
job,python,2024,devops_cloud
job,javascript,2025,web frontend
job,python,2024,data_ai
job,rust,2024,data_ai
job,javascript,2025,web frontend
job,php,2024,enterprise
job,typescript,2024,mobile
job,c#,2024,enterprise
job,java,2024,enterprise
job,javascript,2024,game
job,c++,2024,developer tools
job,python,2025,enterprise
job,java,2025,mobile
job,kotlin,2025,mobile
job,rust,2024,web backend
job,go,2024,web backend
job,java,2025,enterprise
job,javascript,2025,web frontend
job,typescript,2025,web frontend
job,javascript,2025,web backend
job,python,2025,web backend
job,typescript,2025,web backend
job,python,2025,testing_qa
job,c#,2024,web backend
job,javascript,2024,web backend
job,python,2025,devops_cloud
job,java,2025,web backend
job,typescript,2025,web backend
job,c,2024,data_ai
job,java,2024,data_ai
job,c,2025,enterprise
job,c++,2025,enterprise
job,go,2025,enterprise
job,java,2025,enterprise
job,javascript,2025,enterprise
job,python,2025,enterprise
job,typescript,2025,enterprise
job,rust,2025,security
job,java,2024,web backend
job,javascript,2024,web backend
job,kotlin,2024,web backend
job,typescript,2024,web backend
job,javascript,2025,web frontend
job,java,2025,web backend
job,javascript,2024,enterprise
job,javascript,2025,web frontend
job,javascript,2024,enterprise
job,python,2025,devops_cloud
job,python,2024,enterprise
job,java,2025,web backend
job,javascript,2025,web frontend
job,php,2025,web backend
job,c,2025,web backend
job,c#,2025,web backend
job,typescript,2025,web backend
job,javascript,2025,web frontend
job,javascript,2024,web frontend
job,typescript,2024,web frontend
job,java,2025,web backend
job,javascript,2025,web backend
job,typescript,2025,web backend
job,java,2025,mobile
job,kotlin,2025,mobile
job,javascript,2024,blockchain
job,rust,2024,blockchain
job,java,2025,enterprise
job,kotlin,2025,enterprise
job,python,2024,data_ai
job,java,2025,web frontend
job,java,2025,web backend
job,javascript,2025,web backend
job,typescript,2025,web backend
job,javascript,2025,testing_qa
job,python,2024,data_ai
job,c++,2025,game
job,c,2025,game
job,c#,2025,game
job,c++,2025,game
job,python,2025,game
job,javascript,2025,web frontend
job,typescript,2025,web frontend
job,c++,2024,developer tools
job,c,2025,web backend
job,java,2025,web backend
job,kotlin,2025,web backend
job,rust,2025,web backend
job,java,2024,enterprise
job,javascript,2024,enterprise
job,python,2024,enterprise
job,typescript,2024,enterprise
job,javascript,2025,web frontend
job,typescript,2025,web frontend
job,go,2024,web backend
job,php,2024,web backend
job,c#,2025,web backend
job,java,2025,web frontend
job,javascript,2025,web frontend
job,typescript,2025,web frontend
job,javascript,2025,web frontend
job,typescript,2025,web frontend
job,rust,2024,data_ai
job,c,2024,testing_qa
job,go,2024,testing_qa
job,java,2024,testing_qa
job,c,2024,enterprise
job,go,2024,enterprise
job,python,2024,enterprise
job,javascript,2025,web frontend
job,typescript,2025,web frontend
job,c,2025,web backend
job,javascript,2025,web backend
job,php,2025,web backend
job,python,2025,web backend
job,javascript,2025,web frontend
job,typescript,2025,web frontend
job,java,2025,enterprise
job,java,2025,web backend
job,javascript,2025,web backend
job,typescript,2025,web backend
job,c,2024,embedded
job,java,2024,embedded
job,javascript,2024,embedded
job,python,2024,embedded
job,typescript,2024,embedded
job,c#,2024,enterprise
job,c#,2025,enterprise
job,java,2025,enterprise
job,php,2025,iot
job,java,2024,devops_cloud
job,c#,2025,enterprise
job,c++,2025,enterprise
job,python,2025,enterprise
job,typescript,2024,web frontend
job,javascript,2025,web frontend
job,typescript,2025,web frontend
job,c,2024,web backend
job,javascript,2024,web backend
job,typescript,2024,web backend
job,rust,2024,web backend
job,c,2025,embedded
job,c++,2025,embedded
job,python,2025,embedded
job,c,2024,enterprise
job,c#,2024,enterprise
job,javascript,2024,enterprise
job,java,2024,web backend
job,java,2025,data_ai
job,c,2025,enterprise
job,c#,2025,enterprise
job,javascript,2025,enterprise
job,c,2025,security
job,java,2025,security
job,javascript,2025,security
job,php,2025,security
job,javascript,2024,web frontend
job,java,2025,enterprise
job,javascript,2025,enterprise
job,python,2025,enterprise
job,rust,2025,enterprise
job,javascript,2024,web backend
job,c,2025,web backend
job,c#,2025,web backend
job,python,2024,data_ai
job,java,2024,data_ai
job,javascript,2025,web frontend
job,c,2025,web backend
job,java,2025,web backend
job,python,2025,web backend
job,rust,2025,web backend
job,typescript,2025,web frontend
job,c#,2025,devops_cloud
job,go,2024,devops_cloud
job,java,2024,devops_cloud
job,kotlin,2024,devops_cloud
job,python,2024,devops_cloud
job,python,2024,data_ai
job,c,2024,embedded
job,python,2024,embedded
job,rust,2024,embedded
job,c,2024,embedded
job,c++,2024,embedded
job,javascript,2025,web frontend
job,php,2025,web frontend
job,c,2024,embedded
job,javascript,2025,web frontend
job,php,2025,web backend
job,go,2024,devops_cloud
job,python,2024,devops_cloud
job,c,2024,embedded
job,java,2024,testing_qa
job,javascript,2025,web frontend
job,php,2025,web frontend
job,javascript,2025,web frontend
job,typescript,2025,web frontend
