source_type,raw_text,language,event_date,label_gpt,label_genimi,label
stackoverflow_question,Group Consecutive Increasing Numbers in List,Python,2020,data_ai,data_ai,data_ai
stackoverflow_question,OSDev. __attribute__((interrupt)) can't work completely,"C,R",2022,embedded,embedded,embedded
stackoverflow_question,Temporal Disaggregation of Time Series in Python,"R,Python",2020,data_ai,data_ai,data_ai
stackoverflow_question,C/C++: Are IEEE 754 float addition/multiplication/... and int-to-float conversion standardized?,"C++,C",2022,embedded,embedded,embedded
stackoverflow_question,matplotlib blitting (animated plot) can't resize figure,Python,2022,data_ai,data_ai,data_ai
stackoverflow_question,Gdb and dollars in identifiers,C,2020,developer tools,developer tools,developer tools
stackoverflow_question,Get list with all values from all cells of pd DataFrame,"R,Python",2021,data_ai,data_ai,data_ai
stackoverflow_question,"How to run ""bundle exec jekyll new .""","Ruby,R",2020,web frontend,web frontend,web frontend
stackoverflow_question,Omit void as function result in C++,"C++,C",2020,embedded,embedded,embedded
stackoverflow_question,How to replace scipy.spatial.distance with np.linalg.norm in Python,"C,Python",2020,developer tools,developer tools,developer tools
stackoverflow_question,C++ : curly brackets with std library type,"C++,C",2022,embedded,embedded,embedded
stackoverflow_question,Take content from one text file and put it in another with PHP?,PHP,2022,web backend,web backend,web backend
stackoverflow_question,How to play a sound every time a button is pressed without freezing Tkinter,"R,Python",2020,embedded,embedded,embedded
stackoverflow_question,find list of colors in mplfinance for seq_col to draw lines,"C,Python",2021,developer tools,developer tools,developer tools
stackoverflow_question,Animation only works when moving the mouse,"R,Python",2022,game,game,game
stackoverflow_question,How to sort an an array having mulitple time slots,"Ruby,R",2022,data_ai,data_ai,data_ai
stackoverflow_question,How would you create a test for a Constructor?,Java,2020,testing_qa,testing_qa,testing_qa
stackoverflow_question,how do you blit text to screen using classes in pygame?,Python,2020,game,game,game
stackoverflow_question,"Overwrite existing files with Python's ""wget""?",Python,2020,developer tools,developer tools,developer tools
stackoverflow_question,Dyamic table name for JPQL / Hibernate query,"R,Java",2020,data_ai,data_ai,data_ai
stackoverflow_question,Python: Replace a specific word in value of dictionary,Python,2021,developer tools,developer tools,developer tools
stackoverflow_question,How do I specify the correct xpath / css selector for drop down list in Selenium (Python),"R,Python",2021,testing_qa,testing_qa,testing_qa
stackoverflow_question,Accessing the data interval of a Dag Run inside a task,"R,Python",2022,data_ai,data_ai,data_ai
stackoverflow_question,How can I get self. variable from a parent class?,Python,2021,developer tools,developer tools,developer tools
stackoverflow_question,Why int is subclass of number.Number?,"R,Python",2021,data_ai,data_ai,data_ai
stackoverflow_question,python read csv files in parallel and concatenate the dataframe,"R,Python",2020,data_ai,data_ai,data_ai
stackoverflow_question,Don't want to use for loop in Pandas. How can I use Apply in this case?,"R,Python",2022,data_ai,data_ai,data_ai
stackoverflow_question,How to handle comfirm alert in Playwright python,"R,Python",2022,testing_qa,testing_qa,testing_qa
stackoverflow_question,No color in folium choropleth legend implemented in pyqt5 and tooltips not showing,Python,2021,data_ai,data_ai,data_ai
stackoverflow_question,'_UnreadVariable' object has no attribute 'run' when trying to run keras optimizer,"R,Python",2020,data_ai,data_ai,data_ai
stackoverflow_question,How to show a vertical line in an Altair chart using mark_rule(),"R,Python",2021,data_ai,data_ai,data_ai
stackoverflow_question,Remove Semicolons as Line Delimiters Reading csv-file Using pandas.read_csv,"R,Python",2020,data_ai,data_ai,data_ai
stackoverflow_question,Is negative floating point zero guaranteed to evaluate to false in C?,"C,R",2022,security,security,security
stackoverflow_question,Creating a new dataframe column with the number of overlapping words between dataframe and list,"R,Python",2021,data_ai,data_ai,data_ai
stackoverflow_question,Extract column data from a CSV file using Python,"C,Python",2021,data_ai,data_ai,data_ai
stackoverflow_question,How to sort array of strings by length in reverse/descending order in Swift?,"R,Swift",2020,mobile,mobile,mobile
stackoverflow_question,Remove list of columns from a DataFrame when some do not exist,Python,2020,data_ai,data_ai,data_ai
stackoverflow_question,what's the mearning of `sudog` in the channel struct in Go?,Go,2021,developer tools,developer tools,developer tools
stackoverflow_question,Find row with nan value and delete it,"R,Python",2021,data_ai,data_ai,data_ai
stackoverflow_question,"Check if a value is in a list of routes, if yes new list append 1, else 0",Python,2022,data_ai,data_ai,data_ai
stackoverflow_question,Where are Rust's built in target specifications defined?,"Rust,R",2021,developer tools,developer tools,developer tools
stackoverflow_question,"""Could not load library: gstreamer"" while setting up gstreamer in intellij IDEA","R,Java",2020,developer tools,developer tools,developer tools
stackoverflow_question,Find number in line s.startswith python,Python,2022,developer tools,developer tools,developer tools
stackoverflow_question,"Is it impossible to run Java Web Start application using ""SDKMAN!""","R,Java",2020,web backend,web backend,web backend
stackoverflow_question,How can I get icon of Windows app in CPP?,"C++,C",2022,embedded,embedded,embedded
stackoverflow_question,Using Regular Expressions to Parse Based on Unique Character Sequence,Python,2022,data_ai,data_ai,data_ai
stackoverflow_question,Faster way to create a temporal median filter for a video,"R,Python",2021,embedded,embedded,embedded
stackoverflow_question,VSCode Intellisense not Working for pygame,"C,Python",2020,developer tools,developer tools,developer tools
stackoverflow_question,How do I make it so my square can land on my other square and stay on it,"R,Python",2020,game,game,game
stackoverflow_question,How can I grab rows with max date for each year by ID from Pandas dataframe?,"R,Python",2022,data_ai,data_ai,data_ai
stackoverflow_question,How to find indices and combinations that adds upto given sum?,"R,Python",2020,data_ai,data_ai,data_ai
stackoverflow_question,Disable hover hint for python keyword in VSCode,"C,Python",2022,developer tools,developer tools,developer tools
stackoverflow_question,Ignoring the newline character while splitting the multiline string,"R,Python",2020,web backend,web backend,web backend
stackoverflow_question,How filter java stream by a list of strings without using a for loop,"R,Java",2021,developer tools,developer tools,developer tools
stackoverflow_question,Opening a file in Python return a stream?,Python,2020,developer tools,developer tools,developer tools
stackoverflow_question,Check if DataFrame column contains only strings,Python,2020,data_ai,data_ai,data_ai
stackoverflow_question,Get the wrong answer——about uncertain number of variables,"C,R",2021,data_ai,data_ai,data_ai
stackoverflow_question,Permission denied to execute Jboss on Intellij,"R,Java",2021,devops_cloud,devops_cloud,devops_cloud
stackoverflow_question,Java varargs method with single null argument,Java,2022,developer tools,developer tools,developer tools
stackoverflow_question,How to extract string if delimiter exist in Python,"R,Python",2022,developer tools,developer tools,developer tools
stackoverflow_question,Pandas str.extract returning NaN,"R,Python",2022,data_ai,data_ai,data_ai
stackoverflow_question,Ruby: different values of self inside lambda when using instance_eval(&lambda) vs instance_eval { lambda.call },"Ruby,R",2020,developer tools,developer tools,developer tools
stackoverflow_question,"Why does this program in Dennis Ritchie's ""The C Programming Language"" not work?",C,2021,embedded,embedded,embedded
stackoverflow_question,java.util.Date special date 1980-04-06: wrong hour,Java,2022,data_ai,data_ai,data_ai
stackoverflow_question,Is there a better way to check months and days to print the seasons in python? I cant use def and class or loops,Python,2021,data_ai,data_ai,data_ai
stackoverflow_question,matplotlib Axis not showing full value,Python,2021,data_ai,data_ai,data_ai
stackoverflow_question,How to get all column's first values of consecutive groups and also max of different bins of the respective group in pandas dataframe?,"R,Python",2022,data_ai,data_ai,data_ai
stackoverflow_question,Playing sound in background in python while GUI is running with tkinter,Python,2020,embedded,embedded,embedded
stackoverflow_question,"How to write Lua commands in Neovim with mod keys (Ctrl, Alt, Shift etc)",Lua,2021,developer tools,developer tools,developer tools
stackoverflow_question,"How to return 351351 int, on little endian machine?",C,2020,embedded,embedded,embedded
stackoverflow_question,Python imputing values using median basis specific column value selection,"R,Python",2020,data_ai,data_ai,data_ai
stackoverflow_question,Pandas groupby and sum according to an index date from two data frames,"R,Python",2022,data_ai,data_ai,data_ai
stackoverflow_question,TFIDF vector into LSTM model,"R,Python",2022,data_ai,data_ai,data_ai
stackoverflow_question,How does one constrain a Generic to an Enum AND a Integral numeric types,"C,C#",2020,developer tools,developer tools,developer tools
stackoverflow_question,Scrape data from script tag using beautifulsoup,Python,2020,data_ai,data_ai,data_ai
stackoverflow_question,Whats the correct way of declaring folder path in python?,Python,2022,developer tools,developer tools,developer tools
stackoverflow_question,PHP Date Diff Behaving Differently in PHP 8 (from 7) with Cloned Date,PHP,2022,web backend,web backend,web backend
stackoverflow_question,Colors in bar charts plotly,Python,2021,data_ai,data_ai,data_ai
stackoverflow_question,Python BeautifulSoup Find data inside a variable,Python,2020,data_ai,data_ai,data_ai
stackoverflow_question,ks_2samp returns p-value of 1.0,"C,Python",2021,data_ai,data_ai,data_ai
stackoverflow_question,"If I add several scopes in a single concern, how can I include them later separately where I need them?","Ruby,R",2022,developer tools,developer tools,developer tools
stackoverflow_question,PHP Warning: PHP Startup: Unable to load dynamic library 'pdo_mysql.so',PHP,2020,web backend,web backend,web backend
stackoverflow_question,Pandas add a new column with a string where the cell match a particular condition,"R,Python",2021,data_ai,data_ai,data_ai
stackoverflow_question,netstandard2.1 version of CancellationTokenRegistration.Unregister(),"C,C#",2020,embedded,embedded,embedded
stackoverflow_question,How to check the type of tkinter-widget-objects,"R,Python",2022,embedded,embedded,embedded
stackoverflow_question,How to send message followed by start to a bot by link using telethon?,"R,Python",2020,mobile,mobile,mobile
stackoverflow_question,Make Pair and Add Each Pair Individually in Ruby,"Ruby,R",2022,web backend,web backend,web backend
stackoverflow_question,How to recursively start multiple threads while killing the original thread?,"R,Java",2021,developer tools,developer tools,developer tools
stackoverflow_question,Update individual value in an xarray DataArray in-place?,"R,Python",2021,data_ai,data_ai,data_ai
stackoverflow_question,why does define conflict with enum class?,"C++,C",2021,developer tools,developer tools,developer tools
stackoverflow_question,Is there any idea of deleting lines in python?,Python,2021,developer tools,developer tools,developer tools
stackoverflow_question,Statsmodel: retrieving coefficients from ANOVA and passing quadratic functions,"TypeScript,Python",2021,data_ai,data_ai,data_ai
stackoverflow_question,Calculating Wall Length From Square Metres,Python,2022,data_ai,data_ai,data_ai
stackoverflow_question,Subregions of boolean 2d array,"R,Python",2020,data_ai,data_ai,data_ai
stackoverflow_question,I am trying to create a rolling dice in python using tkinter,"R,Python",2021,embedded,embedded,embedded
stackoverflow_question,Pass Python variable from one function to another to compare it with the variable of a SQL database,"SQL,Python",2020,web backend,web backend,web backend
stackoverflow_question,Java how to read stdin?,Java,2020,developer tools,developer tools,developer tools
stackoverflow_question,Expand currency sign with moving words inside string,"R,Python",2022,data_ai,data_ai,data_ai
stackoverflow_question,python - pandas groupby to flat DataFrame,"R,Python",2021,data_ai,data_ai,data_ai
stackoverflow_question,Plot group bar charts with matplotlib or Seaborn with Datetime Index in Python,"R,Python",2020,data_ai,data_ai,data_ai
stackoverflow_question,Hide class implementation using static lib c++,"C++,C",2020,embedded,embedded,embedded
stackoverflow_question,How to remove certain file from a list in .pro file?,"C++,C",2021,developer tools,developer tools,developer tools
stackoverflow_question,Warnings when passing arguments to a function,"C,R",2021,developer tools,developer tools,developer tools
stackoverflow_question,Functors in Haskell: showing the value of an item of the type of the type parameter,Haskell,2020,data_ai,data_ai,data_ai
stackoverflow_question,How to move a plotted line on the timeline X axis?,Python,2022,web frontend,web frontend,web frontend
stackoverflow_question,JAVAFX: Switching Between Panes in BorderPane,"R,Java",2020,embedded,embedded,embedded
stackoverflow_question,Time zone issue in Java,Java,2020,web backend,web backend,web backend
stackoverflow_question,How to get data with JSON format in Clickhouse-driver,"C,Python",2020,data_ai,data_ai,data_ai
stackoverflow_question,How to add median and IQR to seaborn violinplot,"R,Python",2022,data_ai,data_ai,data_ai
stackoverflow_question,Get rid of noise while using recv in C++,"C++,C",2022,embedded,embedded,embedded
stackoverflow_question,What is difference between boxing and class value type field?,"C,C#",2022,developer tools,developer tools,developer tools
stackoverflow_question,Storing datastream in hdf5 file using python,Python,2021,data_ai,data_ai,data_ai
stackoverflow_question,Are auto placeholder types and explicit template types equivalent in C++20?,"C++,C",2022,embedded,embedded,embedded
stackoverflow_question,Adding suffix to labels on x-axis,Python,2021,developer tools,developer tools,developer tools
stackoverflow_question,Count values of one column per value of second column in dataframe,Python,2020,data_ai,data_ai,data_ai
stackoverflow_question,Why is `self.__x` not working but `self.y` is?,"R,Python",2022,developer tools,developer tools,developer tools
stackoverflow_question,Is it possible to automatically create relationships between entities in a database when initializing applications?,"R,Java",2020,data_ai,data_ai,data_ai
stackoverflow_question,Generate weakly connected components as new graph in Networkx,"R,Python",2020,data_ai,data_ai,data_ai
stackoverflow_question,How do i edit a copy of a string without changing the original string,"C,R",2020,developer tools,developer tools,developer tools
stackoverflow_question,Only take the last UDP packet of a socket,"TypeScript,C",2022,embedded,embedded,embedded
stackoverflow_question,Nunit: Change test name using TestFixtureSource,"C,C#",2021,testing_qa,testing_qa,testing_qa
stackoverflow_question,C++ How to cache a variable of template type T in a class?,"C++,C",2021,embedded,embedded,embedded
stackoverflow_question,Does IFormFile.OpenReadStream() need to be disposed?,"C,C#",2021,developer tools,developer tools,developer tools
stackoverflow_question,How to convert .py to .exe (32bit),Python,2022,developer tools,developer tools,developer tools
stackoverflow_question,C string padding to separate two strings to fixed width,"C,R",2022,embedded,embedded,embedded
stackoverflow_question,fork process always returning > 0 i cannot figure out why?,"C,R",2021,developer tools,developer tools,developer tools
stackoverflow_question,How to define a specific keras layer weight as non-trainable?,"R,Python",2021,data_ai,data_ai,data_ai
stackoverflow_question,User input numbers and assign them to different variables using loop in python,"R,Python",2022,data_ai,data_ai,data_ai
stackoverflow_question,VSCode + cmake + windows 10 -> cmake not in path,"C++,C",2020,developer tools,developer tools,developer tools
stackoverflow_question,Why does the NewType function not check for the correct variable type?,Python,2021,developer tools,developer tools,developer tools
stackoverflow_question,How to create pandas dataframe automatically from nested for loop?,"R,Python",2022,data_ai,data_ai,data_ai
stackoverflow_question,How to calculate the distance between two points in C,C,2022,embedded,embedded,embedded
stackoverflow_question,CGAL Polyline Simplification results in self-intersection,"C++,C",2021,embedded,embedded,embedded
stackoverflow_question,Divide list into groups based on adjoining difference values,"R,Python",2021,data_ai,data_ai,data_ai
stackoverflow_question,C language coverage report in meson,"C,R",2021,embedded,embedded,embedded
stackoverflow_question,Filter out rows of multiple dataframes in a for loop in pandas,"R,Python",2021,data_ai,data_ai,data_ai
stackoverflow_question,Recursive Programm to print all string combinations of 'a' and 'b' of given length n in c,"C,R",2022,embedded,embedded,embedded
stackoverflow_question,Creating a keras loss function by averaging MAE across groups from another column,"R,Python",2022,data_ai,data_ai,data_ai
stackoverflow_question,ComboBox DisplayMemberPath containing LINQ group name and group elements inline,"C,C#",2020,developer tools,developer tools,developer tools
stackoverflow_question,Does the python interpreter implicitly use the Chinese remainder theorem?,Python,2021,data_ai,data_ai,data_ai
stackoverflow_question,how to delete columns by column name from an excel using python openpyxl,"C,Python",2021,data_ai,data_ai,data_ai
stackoverflow_question,Grid Layout add Gameobject with Instantiate previous object not from above,"C,C#",2021,game,game,game
stackoverflow_question,"String.format, long and DateTime conversion","R,Java",2020,developer tools,developer tools,developer tools
stackoverflow_question,Program constantly going to Edge condition no matter the input - Haskell,Haskell,2020,embedded,embedded,embedded
stackoverflow_question,How to use pandas df.plot.scatter to make a figure with subplots,"R,Python",2020,data_ai,data_ai,data_ai
stackoverflow_question,Why is this coroutine halting the main thread?,Lua,2020,developer tools,developer tools,developer tools
stackoverflow_question,Is Ghidra misinterpreting a function call?,"C,R",2021,security,security,security
stackoverflow_question,Changing values in a dataframe's copy is changing the original dataframe itself,"R,Python",2020,data_ai,data_ai,data_ai
stackoverflow_question,how to categorize a column and put in a new column in pandas,Python,2021,data_ai,data_ai,data_ai
stackoverflow_question,Thread not awake when timed wait elapsed in java,"R,Java",2022,web backend,web backend,web backend
stackoverflow_question,Data of a struct into a union,"C,R",2021,data_ai,data_ai,data_ai
stackoverflow_question,Check if all values of a column are equal in PySpark Dataframe,"R,Python",2021,data_ai,data_ai,data_ai
stackoverflow_question,RMS value of a function,Python,2020,data_ai,data_ai,data_ai
stackoverflow_question,Group by for standard deviation pandas,Python,2021,data_ai,data_ai,data_ai
stackoverflow_question,How to use async/await in Rust when you can't make main function async,"Rust,R",2022,developer tools,developer tools,developer tools
stackoverflow_question,Write a function with an empty case without case,Haskell,2022,developer tools,developer tools,developer tools
stackoverflow_question,Polymorphism for a class with no virtual functions?,"C++,C",2020,developer tools,developer tools,developer tools
stackoverflow_question,Swap specific text in string,"C,R",2022,developer tools,developer tools,developer tools
stackoverflow_question,How to center Headers and Common Text of a Dataframe that will create an Image with these values?,Python,2022,data_ai,data_ai,data_ai
stackoverflow_question,How does the linker generate final virtual memory addresses?,"C,R",2021,embedded,embedded,embedded
stackoverflow_question,how to model a GEKKO constraint to guarantee the count of variables with same value > k,Python,2022,data_ai,data_ai,data_ai
stackoverflow_question,"According to the C standard, is a negative integer literal interpreted as single literal, or operator and literal?","C,R",2022,embedded,embedded,embedded
stackoverflow_question,Rust mod files in the same folder vs use,"Rust,R",2021,embedded,embedded,embedded
stackoverflow_question,How Recursion is taking place in given lines of code?,"C,R",2021,developer tools,developer tools,developer tools
stackoverflow_question,How can I get span indices for a list of strings in Haskell?,Haskell,2020,developer tools,developer tools,developer tools
stackoverflow_question,Start a Function at a specific time range,"C,Python",2022,embedded,embedded,embedded
stackoverflow_question,How can I reduce the number of conditions in a statement?,Python,2020,developer tools,developer tools,developer tools
stackoverflow_question,Dynamically create function with typehint in memory,Python,2021,developer tools,developer tools,developer tools
stackoverflow_question,Fastest way to draw dynamic GL_TRIANGLE_STRIP,"R,Java",2020,embedded,embedded,embedded
stackoverflow_question,Compare two columns with conditions,Python,2020,data_ai,data_ai,data_ai
stackoverflow_question,Iterate through a sized Range<T> by borrowing it,"Rust,R",2020,embedded,embedded,embedded
stackoverflow_question,Access EBP register from C shellcode,"Assembly,C",2020,embedded,embedded,embedded
stackoverflow_question,Python how to add quote to one of the element in a list?,"R,Python",2022,developer tools,developer tools,developer tools
stackoverflow_question,Tkinter - Optionmenu - Is it possible to change the indicator arrow when the dropdown box is clicked by the user?,"R,Python",2020,embedded,embedded,embedded
stackoverflow_question,How to flatten iterator that uses references,"Rust,R",2022,developer tools,developer tools,developer tools
stackoverflow_question,Swift - Risk in using autoreleasepool? CPU usage?,"R,Swift",2021,mobile,mobile,mobile
stackoverflow_question,How can I check my python version in cmd?,"R,Python",2021,developer tools,developer tools,developer tools
stackoverflow_question,Returning all clusters without having duplicate items,Python,2020,data_ai,data_ai,data_ai
stackoverflow_question,Problem deleting all data from a functionary,C,2021,data_ai,data_ai,data_ai
stackoverflow_question,How to group elements in a list in with respect to another list in Python3?,"R,Python",2022,data_ai,data_ai,data_ai
stackoverflow_question,How to get the unmatched column name Using Python,Python,2021,developer tools,developer tools,developer tools
stackoverflow_question,How to handle multiple key presses in Unity C#,"C,C#",2021,game,game,game
stackoverflow_question,ONNX with custom ops from TensorFlow in Java,"R,Java",2022,data_ai,data_ai,data_ai
stackoverflow_question,PayPal Orders v2 Create API in PHP - UNSUPPORTED_MEDIA_TYPE,PHP,2020,web backend,web backend,web backend
stackoverflow_question,How to delete an element from a tuple based on a condition?,Python,2022,developer tools,developer tools,developer tools
stackoverflow_question,YouTube API search videos by topic id: showing implausibly few results,Python,2022,data_ai,data_ai,data_ai
stackoverflow_question,"looking for recommended upgrade path for app (ruby 2.3.8 , rails 4.2.11) to the latest stable versions of ruby and rails","Ruby,R",2022,web backend,web backend,web backend
stackoverflow_question,How to add a CodeBlock as part of MethodSpec's statement in Javapoet,Java,2021,developer tools,developer tools,developer tools
stackoverflow_question,Finding Distance from ray to 3D bezier-curve,"C,C#",2020,data_ai,data_ai,data_ai
stackoverflow_question,debian apt cant find openjdk-8-jdk,Java,2020,devops_cloud,devops_cloud,devops_cloud
stackoverflow_question,Save shapes on the last frame of video opencv,"C,Python",2021,data_ai,data_ai,data_ai
stackoverflow_question,Is CRC already calculated by CAN protocol?,C,2022,iot,iot,iot
stackoverflow_question,How to merge DataFrames on their columns index places?,"R,Python",2022,data_ai,data_ai,data_ai
stackoverflow_question,Finding only one value in nlargest dataframe,Python,2021,data_ai,data_ai,data_ai
stackoverflow_question,How to read a .cfg file in Haskell,Haskell,2020,developer tools,developer tools,developer tools
stackoverflow_question,python pandas: convert list of dictionaries to long format panda dataframe,Python,2020,data_ai,data_ai,data_ai
stackoverflow_question,To check missing values in csv file using Pandas,"C,Python",2022,data_ai,data_ai,data_ai
stackoverflow_question,"How do I split a list in an alphabetical range? I need to filter out a list with ranges ""a"" through ""m"" and ranges ""n"" through ""z""","R,Python",2021,data_ai,data_ai,data_ai
stackoverflow_question,How to delete rows in a dataframe based on 2 variables in either column,Python,2020,data_ai,data_ai,data_ai
stackoverflow_question,Returning the row of an input value if it is within a range of two Columns in Pandas,Python,2020,data_ai,data_ai,data_ai
stackoverflow_question,How to read all DICOM attributes/tags with pydicom?,"C,Python",2021,data_ai,data_ai,data_ai
stackoverflow_question,Pandas/Matplotlib: How do I plot in groups and color code based on another column?,Python,2022,data_ai,data_ai,data_ai
stackoverflow_question,How do I brute force a password protected zip file with a three digit password?,Python,2021,security,security,security
stackoverflow_question,Rails ActiveStorage: Attach a Vips Image,"Ruby,R",2022,web backend,web backend,web backend
stackoverflow_question,Implement Bin Packing problem with additional elastic constraints using pulp optimizer,"R,Python",2022,data_ai,data_ai,data_ai
stackoverflow_question,Printing the id of the function from within the function in python,Python,2021,developer tools,developer tools,developer tools
stackoverflow_question,Sending emails via Sendgrid failing for some mails - unable to get mx info: failed to get IPs from PTR record: lookup <nil>: unrecognized address,"R,Python",2020,devops_cloud,devops_cloud,devops_cloud
stackoverflow_question,How to check if a txt file exists a keyword in another txt file?,Python,2022,data_ai,data_ai,data_ai
stackoverflow_question,Watir: select an element with multiple custom attributes,"Ruby,R",2022,testing_qa,testing_qa,testing_qa
stackoverflow_question,Program stops at for loop,"C,R",2021,developer tools,developer tools,developer tools
stackoverflow_question,How to set a handler for all loggers within a project?,Python,2020,developer tools,developer tools,developer tools
stackoverflow_question,How to use add_pipe to add the YIELD generator to the PIPELINE in spaCy?,"C,Python",2022,developer tools,developer tools,developer tools
stackoverflow_question,JavaFX - Is there a way to loop a checkbox?,Java,2021,embedded,embedded,embedded
stackoverflow_question,python __eq__ and __hash__ functions,Python,2021,developer tools,developer tools,developer tools
stackoverflow_question,How to get the sum out of my switch in Swift?,Swift,2020,mobile,mobile,mobile
stackoverflow_question,"PriorityQueue<Map.Entry<String, Integer>> not accepting entry objects from my map","R,Java",2020,developer tools,developer tools,developer tools
stackoverflow_question,Ploting a function in Julia,TypeScript,2022,data_ai,data_ai,data_ai
stackoverflow_question,How to apply conditional color stying to a column in a pandas dataframe,Python,2022,data_ai,data_ai,data_ai
stackoverflow_question,How to Find Common Keys in an Array of Dictionaries in Python,Python,2020,data_ai,data_ai,data_ai
stackoverflow_question,if...else statement will only print my if line,Java,2022,developer tools,developer tools,developer tools
stackoverflow_question,Saving a Excel file with current date in python3,"C,Python",2020,developer tools,developer tools,developer tools
stackoverflow_question,Pandas groupby n rows starting from bottom of df,Python,2021,data_ai,data_ai,data_ai
stackoverflow_question,Python Pandas: Drop rows based on NA but retain rows with NA meeting condition,"R,Python",2021,data_ai,data_ai,data_ai
stackoverflow_question,"python: How can I print an alphabet from a list, given a number?",Python,2021,developer tools,developer tools,developer tools
stackoverflow_question,Gorm left join with Scan(),"R,Go",2021,web backend,web backend,web backend
stackoverflow_question,"openGL handle VAO, VBO, and EBO creation inside another class","C++,C",2022,embedded,embedded,embedded
stackoverflow_question,"Why does it say ""Trying to reference a deleted function""?","C++,C",2022,developer tools,developer tools,developer tools
stackoverflow_question,Customized Moving Average on Pandas Dataframe With GroupBy,"R,Python",2021,data_ai,data_ai,data_ai
stackoverflow_question,Filter based on other dataframe if any match,Python,2021,data_ai,data_ai,data_ai
stackoverflow_question,After upgrading wxpython version: failed at ..\..\src\msw\bitmap.cpp(754) in wxBitmap::DoCreate(): invalid bitmap size,"TypeScript,Python",2020,embedded,embedded,embedded
stackoverflow_question,Reshape dataframe using pandas melt to get two value columns,Python,2021,data_ai,data_ai,data_ai
stackoverflow_question,Why does the Random class somtimes return nothing?,"C,C#",2022,developer tools,developer tools,developer tools
stackoverflow_question,Printing --help text on GNU/Linux with the standard format,C,2021,embedded,embedded,embedded
stackoverflow_question,Keeping track of count in python data structure,Python,2021,data_ai,data_ai,data_ai
stackoverflow_question,Using filter() to filter words starting with a specific character in Python (how to use filter with 2 arguments),"R,Python",2020,data_ai,data_ai,data_ai
stackoverflow_question,Take n last rows of a dataframe with no NaN,"R,Python",2020,data_ai,data_ai,data_ai
stackoverflow_question,How to only get random letters and not symbols,"C,Python",2020,developer tools,developer tools,developer tools
stackoverflow_question,How to find out the version of aerospike?,"R,Python",2021,data_ai,data_ai,data_ai
stackoverflow_question,QtWebEngine intercepting request with custom URL schema serving reply,Python,2020,embedded,embedded,embedded
stackoverflow_question,reading multiple csv file from a different directory in python,"C,Python",2020,data_ai,data_ai,data_ai
stackoverflow_question,Set df column names as index (pandas),Python,2020,data_ai,data_ai,data_ai
stackoverflow_question,Counting unique values cumulatively by date in pandas and add a column,"R,Python",2022,data_ai,data_ai,data_ai
stackoverflow_question,C - fdopen gives a stream for STDOUT_FILENO that doesn't work with fflush,C,2022,embedded,embedded,embedded
stackoverflow_question,Kotlin way to update elements in one list from elements in another list?,Kotlin,2022,developer tools,developer tools,developer tools
stackoverflow_question,Opening child window in WPF MVVM pattern - correct solution?,"C,C#",2022,embedded,embedded,embedded
stackoverflow_question,Fetching values from multiple columns in Pyspark,"R,Python",2020,data_ai,data_ai,data_ai
stackoverflow_question,Read only 3 digits in Java,Java,2022,embedded,embedded,embedded
stackoverflow_question,How to get .stl file from Amazon S3 by using boto3?,Python,2020,data_ai,data_ai,data_ai
stackoverflow_question,Pipes not displaying in flappy bird game for pygame with NEAT,Python,2021,game,game,game
stackoverflow_question,call function only on text edit of qstandard Item in QTreeView,Python,2020,embedded,embedded,embedded
stackoverflow_question,Golang compiling in a linux machine not connected to the internet,"C,Go",2021,embedded,embedded,embedded
stackoverflow_question,How to draw a histogram using pandas cut,"R,Python",2020,data_ai,data_ai,data_ai
stackoverflow_question,html2pdf : Prevent the crawl of the google robot,"HTML,PHP",2021,web frontend,web frontend,web frontend
stackoverflow_question,What should I do for stop the loop at the background when I am not pressing the button?,"C,R",2022,embedded,embedded,embedded
stackoverflow_question,Replace values in pandas DatafFame,"R,Python",2021,data_ai,data_ai,data_ai
stackoverflow_question,How can I add a filled rectangle outside the boundary of the plot in place of the legend?,Python,2022,developer tools,developer tools,developer tools
stackoverflow_question,xcb: wait/poll for reply OR event,C,2022,embedded,embedded,embedded
stackoverflow_question,Why do the list function and list literals act differently?,Python,2021,developer tools,developer tools,developer tools
stackoverflow_question,A value of type 'Future<bool>' can't be returned from the function because it has a return type of 'Future<void>',"R,Dart",2022,developer tools,developer tools,developer tools
stackoverflow_question,How to ignore auto rotation when reading videos with ffmpeg python?,"R,Python",2022,developer tools,developer tools,developer tools
stackoverflow_question,Why system time larger than real time?,"C,R",2020,data_ai,data_ai,data_ai
stackoverflow_question,How can I cancel OdbcConnection.Open() in case it takes too long?,"C,C#",2020,data_ai,data_ai,data_ai
stackoverflow_question,When to use .loc and when not to use (Pandas Dataframe)?,"R,Python",2020,data_ai,data_ai,data_ai
stackoverflow_question,MSG_MORE in send of unix stream socket is not effective on the peer's recv,"TypeScript,C",2021,embedded,embedded,embedded
stackoverflow_question,How to make a particular visualization in Python,Python,2021,data_ai,data_ai,data_ai
stackoverflow_question,Avoid volatile bit-field assignment expression reading or writing memory several times,"Assembly,C",2022,embedded,embedded,embedded
stackoverflow_question,Turn letters to number not working python,"R,Python",2022,developer tools,developer tools,developer tools
stackoverflow_question,Python match case dictionary keys,Python,2022,data_ai,data_ai,data_ai
stackoverflow_question,String Pattern Matching in C,"C,R",2022,embedded,embedded,embedded
stackoverflow_question,Indirect & Direct initialization of std::atomic in C++11/17. What are the differences?,"C++,C",2022,embedded,embedded,embedded
stackoverflow_question,comparing one string with all the others in the same column in python,"R,Python",2020,data_ai,data_ai,data_ai
stackoverflow_question,Pandas: Three listed columns to wide format,"R,Python",2022,data_ai,data_ai,data_ai
stackoverflow_question,How to select pandas dataframe rows between two dates without knowing the exact time,"R,Python",2021,data_ai,data_ai,data_ai
stackoverflow_question,skip a field in automigrate GORM,"R,Go",2021,web backend,web backend,web backend
stackoverflow_question,Expand a list-like column in dask DF across several columns,Python,2021,data_ai,data_ai,data_ai
stackoverflow_question,Destructuring instead of .bind() doesn't work in an Arrow Monad comprehension,"R,Kotlin",2020,developer tools,developer tools,developer tools
stackoverflow_question,"With Clang++ is there a way to include a file as namespace, etc.?","C++,C",2020,developer tools,developer tools,developer tools
stackoverflow_question,free() returns memory to the OS,"C,R",2022,embedded,embedded,embedded
stackoverflow_question,Python gensim (TfidfModel): How is the Tf-Idf computed?,Python,2021,data_ai,data_ai,data_ai
stackoverflow_question,How to fill in missing values in Pandas dataframe according to pattern in column?,"R,Python",2021,data_ai,data_ai,data_ai
stackoverflow_question,Is there a way to get a tailMap or a headMap from an immutable Guava sorted multimap?,"R,Java",2021,developer tools,developer tools,developer tools
stackoverflow_question,How would I go about getting my code to detect multiple periods (AKA . ),"C++,C",2020,developer tools,developer tools,developer tools
stackoverflow_question,How to standardize HTML tags and then use them in BeautifulSoup?,Python,2020,web frontend,web frontend,web frontend
stackoverflow_question,Converting Hex to signed Int in Go,Go,2022,web backend,web backend,web backend
stackoverflow_question,How to avoid printing a variable without using the say function in python sly?,"R,Python",2021,developer tools,developer tools,developer tools
stackoverflow_question,Why does mconcat require a list rather than a Foldable?,Haskell,2020,developer tools,developer tools,developer tools
stackoverflow_question,Python script to reset date and time,Python,2021,embedded,embedded,embedded
stackoverflow_question,How do I download a Pandas DataFrame to a CSV File in Streamlit,"R,Python",2021,data_ai,data_ai,data_ai
stackoverflow_question,How to concat multiple Pandas DataFrame columns with different token separator?,"R,Python",2020,data_ai,data_ai,data_ai
stackoverflow_question,"Apache executes code in files that have .php prepended before extension ex: .php.txt , php.pdf","C,PHP",2021,web backend,web backend,web backend
stackoverflow_question,Printing int using putchar() in C,C,2022,embedded,embedded,embedded
stackoverflow_question,"How to simulate a terminal-like behaviour of a ""chat-bot"" program?",C,2020,data_ai,data_ai,data_ai
stackoverflow_question,Read multiple csv files stored by date from start date to end date into a pandas dataframe,Python,2020,data_ai,data_ai,data_ai
stackoverflow_question,"Is there a ""C with classes"" language that is not C++?",C,2022,embedded,embedded,embedded
stackoverflow_question,I have a Unity game and I want my player to move relative to the camera,"C,C#",2020,game,game,game
stackoverflow_question,Netbeans 12.6 and 13.0 SQL profiler no longer works for Java 8,Java,2022,developer tools,developer tools,developer tools
stackoverflow_question,pythonic way to count multiple columns conditionaly check,Python,2020,data_ai,data_ai,data_ai
stackoverflow_question,How to simulate touch/click in Unity with script,"C,C#",2021,game,game,game
stackoverflow_question,How to get a lvalue reference to a bit in std::bitset,"C++,C",2021,embedded,embedded,embedded
stackoverflow_question,How to charge pay pal customers manually,"C,C#",2020,enterprise,enterprise,enterprise
stackoverflow_question,Collecting multiple properties to a Map using a single Stream,"R,Java",2021,data_ai,data_ai,data_ai
stackoverflow_question,How can I ignore delimiters inside parentheses when creating Pandas dataframes?,"R,Python",2020,data_ai,data_ai,data_ai
stackoverflow_question,Should you assert not null with the assert statement in production code?,"R,Java",2020,testing_qa,testing_qa,testing_qa
stackoverflow_question,How to make a trait (and a struct implementing it) clonable?,"Rust,R",2020,developer tools,developer tools,developer tools
stackoverflow_question,Reading file and search word,Python,2021,data_ai,data_ai,data_ai
stackoverflow_question,strange behaviour when parse an enum with an out of range value,"C,C#",2021,data_ai,data_ai,data_ai
stackoverflow_question,Screen Sharing using Twilio in iOS,Swift,2020,mobile,mobile,mobile
stackoverflow_question,Python astimezone 1 hour behind expected result compared to adding timedelta to UTC date,Python,2021,data_ai,data_ai,data_ai
stackoverflow_question,How to delete nth term word in string?,"C,R",2020,developer tools,developer tools,developer tools
stackoverflow_question,Need to get the second list ordering when validating the content between 2 different lists by using Java Streams,"R,Java",2020,developer tools,developer tools,developer tools
stackoverflow_question,Groupby and combine and aggregate multiple groups into one single group based on condition,"R,Python",2022,data_ai,data_ai,data_ai
stackoverflow_question,Is there a way to read an image from a url on openCV?,"C,Python",2021,data_ai,data_ai,data_ai
stackoverflow_question,decimal option in pd.read_excel() deprecated?,"C,Python",2020,data_ai,data_ai,data_ai
stackoverflow_question,Does rust have steady clock?,"Rust,R",2022,embedded,embedded,embedded
stackoverflow_question,Why ARM NEON Intrinsics slower than C++ on simple vector multiplication task?,"C++,C",2022,embedded,embedded,embedded
stackoverflow_question,"Sending data within three threads in java, one after another","R,Java",2021,web backend,web backend,web backend
stackoverflow_question,Can not reallocate memory in a very peculiar circumstance,"C,R",2020,embedded,embedded,embedded
stackoverflow_question,How to reduce lists in a list,"C,Python",2022,data_ai,data_ai,data_ai
stackoverflow_question,use malloc to set an array of strings then clear it,"C,R",2020,embedded,embedded,embedded
stackoverflow_question,insert value string into list where list in each cell of column,"R,Python",2022,data_ai,data_ai,data_ai
stackoverflow_question,Type hinting for array-like,Python,2022,developer tools,developer tools,developer tools
stackoverflow_question,How to write lists of list in xlsx in horizontal using python?,"C,Python",2021,developer tools,developer tools,developer tools
stackoverflow_question,How does the dynamic nature of Python interoperate with PyPy's ability to inline functions?,Python,2020,data_ai,data_ai,data_ai
stackoverflow_question,Need to search a file for specific terms and output the second term into a csv with repetition - Python,"C,Python",2022,data_ai,data_ai,data_ai
stackoverflow_question,Sympy - plotting the result of a matrix calculation,Python,2021,data_ai,data_ai,data_ai
stackoverflow_question,How to plot two variables as histogram in python?,"R,Python",2020,data_ai,data_ai,data_ai
stackoverflow_question,extract some data from a huge dataset,Python,2021,data_ai,data_ai,data_ai
stackoverflow_question,copying pointers and memory allocation confusion,"C,R",2020,embedded,embedded,embedded
stackoverflow_question,How to output String array on separate lines with N amount of characters allowed per line,"R,Java",2021,developer tools,developer tools,developer tools
stackoverflow_question,"Why is the matrix @ product of two numpy (n,) vectors the dot product, rather than the outer product?",Python,2020,data_ai,data_ai,data_ai
stackoverflow_question,how does entrySet in hashmap get created and modified?,Java,2020,developer tools,developer tools,developer tools
stackoverflow_question,Python - How to compare the content of two list are in a string,Python,2020,data_ai,data_ai,data_ai
stackoverflow_question,Dataframe column value using max() function,"R,Python",2020,data_ai,data_ai,data_ai
stackoverflow_question,Split text in Pandas and keep the delimiter,Python,2022,data_ai,data_ai,data_ai
stackoverflow_question,Retrieve calls using c# API from Twilio with a specific time range,"C,C#",2022,web backend,web backend,web backend
stackoverflow_question,Transition to command prompt once my console program finishes?,"C++,C",2021,developer tools,developer tools,developer tools
stackoverflow_question,"For this method, how is regex working to catch the first letter in return str.replaceAll(""(\\w)(\\w*)"", ""$2$1a?","R,Java",2020,developer tools,developer tools,developer tools
stackoverflow_question,Can not connect to the public queue using SSL via pymqi version for python 3,Python,2020,data_ai,data_ai,data_ai
stackoverflow_question,How to improve a plot with a long numpy.arange array?,Python,2020,data_ai,data_ai,data_ai
stackoverflow_question,How to transform pandas df containing boolean columns into a heatmap compatible table?,Python,2021,data_ai,data_ai,data_ai
stackoverflow_question,partial class template argument deduction in C++,"C++,C",2021,embedded,embedded,embedded
stackoverflow_question,how to use a my own Haskell library in a stack project?,"C,Haskell",2021,developer tools,developer tools,developer tools
stackoverflow_question,how to use python to find the first not repeating character?,Python,2020,data_ai,data_ai,data_ai
stackoverflow_question,Python pandas pivot table doesn't return all columns,Python,2021,data_ai,data_ai,data_ai
stackoverflow_question,Why is my if block not getting executed in my C program?,"C,R",2021,embedded,embedded,embedded
stackoverflow_question,BlueNRG Bluetooth: read central device name,"C,R",2021,iot,iot,iot
stackoverflow_question,Pandas delete rows where any column (but 2) does not match a regex,"R,Python",2022,data_ai,data_ai,data_ai
stackoverflow_question,How to determine which Button was pressed?,"R,Python",2021,embedded,embedded,embedded
stackoverflow_question,MacOS: Shebang with absolute path not working,"Shell,Python",2021,embedded,embedded,embedded
stackoverflow_question,C programming: Differences between structure initialization way,"C,R",2022,embedded,embedded,embedded
stackoverflow_question,When to use const in a function for C,C,2020,embedded,embedded,embedded
stackoverflow_question,defining a var in loop,"C,R",2020,developer tools,developer tools,developer tools
stackoverflow_question,What does [c - '0'] mean in array?,C,2021,developer tools,developer tools,developer tools
stackoverflow_question,Mocking a class in a Flask API,"C,Python",2020,web backend,web backend,web backend
stackoverflow_question,"read in .txt file , transform into pandas dataframe, but spaces seperating value vary in number of spaces",Python,2021,data_ai,data_ai,data_ai
stackoverflow_question,Writing data in two columns using CSV format in Python,"C,Python",2022,data_ai,data_ai,data_ai
stackoverflow_question,Pandas cumulative sum starting last row where condition was satisfied,Python,2020,data_ai,data_ai,data_ai
stackoverflow_question,Execute method in class dynamic using PHP 7.4,PHP,2022,web backend,web backend,web backend
stackoverflow_question,"""sanic tried to use loop.add_signal_handler but it is not implemented on this platform"" windows 10","C,Python",2020,web backend,web backend,web backend
stackoverflow_question,PHP Imagick clipping mask results in dark halo edges,"C,PHP",2021,web backend,web backend,web backend
stackoverflow_question,Python Multiply Matrix by Vector of Matrices,"R,Python",2022,data_ai,data_ai,data_ai
stackoverflow_question,Index out of range with multiple lists on same line,Python,2021,developer tools,developer tools,developer tools
stackoverflow_question,asyncio print something while waiting for user input,"C,Python",2020,developer tools,developer tools,developer tools
stackoverflow_question,Is #file considered a literal String in Swift?,"R,Swift",2020,developer tools,developer tools,developer tools
stackoverflow_question,How do to a partial match check across strings in two different pandas columns?,Python,2022,data_ai,data_ai,data_ai
stackoverflow_question,What's a faster and more memory-efficient way to read_csv a subset of files from a directory based upon a date pattern in their filename?,"C,Python",2020,data_ai,data_ai,data_ai
stackoverflow_question,Are Decimal Values Considered True in C?,"TypeScript,C",2020,embedded,embedded,embedded
stackoverflow_question,How to create a avro Schema from a python dict,"R,Python",2021,data_ai,data_ai,data_ai
stackoverflow_question,Assign median values by separating data to bins,Python,2020,data_ai,data_ai,data_ai
stackoverflow_question,Sum of random list numbers after 1st negative number,"R,Python",2022,data_ai,data_ai,data_ai
stackoverflow_question,Pandas Create New Column Based Off of Condition and Value in Other Column,"C,Python",2020,data_ai,data_ai,data_ai
stackoverflow_question,Changing property of specific Label from a list (array) of Python tkinter Labels is not working out as expected,"R,Python",2021,developer tools,developer tools,developer tools
stackoverflow_question,"Expected String instance, bytes found",Python,2022,developer tools,developer tools,developer tools
stackoverflow_question,How to groupby().transform() to find mode in dataframe?,"R,Python",2022,data_ai,data_ai,data_ai
stackoverflow_question,How to customize the coordinate axes in matlibplot,"R,Python",2021,developer tools,developer tools,developer tools
stackoverflow_question,How to check if a list contains all the elements of another list INCLUDING duplicates,Python,2021,data_ai,data_ai,data_ai
stackoverflow_question,Cannot move out of *** which is behind a mutable reference,"Rust,R",2020,embedded,embedded,embedded
stackoverflow_question,Pandas split row in multiple row,Python,2020,data_ai,data_ai,data_ai
stackoverflow_question,Why does `gcc -ffast-math` disable the correct result of `isnan()` and `isinf()`?,C,2021,developer tools,developer tools,developer tools
stackoverflow_question,How to detect if a block of memory already freed,"C,R",2022,security,security,security
stackoverflow_question,"I am trying to reverse an array in C. But, the code throws out random 1-2 to some very large numbers digit numbers","C,R",2022,embedded,embedded,embedded
stackoverflow_question,PySimpleGUI > file_types() not working on macOS,Python,2021,developer tools,developer tools,developer tools
stackoverflow_question,Plotly: Putting y-axis two plots in the same range in Python,Python,2021,data_ai,data_ai,data_ai
stackoverflow_question,Replace all non NaN values with the initial value per row,"R,Python",2022,data_ai,data_ai,data_ai
stackoverflow_question,"autoreconf fails with ""possibly undefined macro: AM_PATH_GLIB_2_0""","C,R",2020,developer tools,developer tools,developer tools
stackoverflow_question,A rigidbody object fall thru other other objects,"C,C#",2020,game,game,game
stackoverflow_question,Pandas dataframe intersection with varying groups,"R,Python",2022,data_ai,data_ai,data_ai
stackoverflow_question,Why do gcc and clang generate different symbol names for an instantiation of a function template?,"C++,C",2020,developer tools,developer tools,developer tools
stackoverflow_question,Rect glyphs on a categorical axis behave unexpectedly when updating axis range via CustomJS - Bokeh,Python,2020,data_ai,data_ai,data_ai
stackoverflow_question,python dataframe replace value in one column,"R,Python",2022,data_ai,data_ai,data_ai
stackoverflow_question,"Using PyQt5, How do I make a QComboBox searchable?",Python,2020,developer tools,developer tools,developer tools
stackoverflow_question,Plotly: How to create sunburst subplot using graph_objects?,Python,2020,data_ai,data_ai,data_ai
stackoverflow_question,Transform all DataFrame Columns of a specific Type in Julia,R,2022,data_ai,data_ai,data_ai
stackoverflow_question,How do I deal with the String.Encoding initializer never failing?,Swift,2022,developer tools,developer tools,developer tools
stackoverflow_question,Python) Convert Big Endian to Little Endian,Python,2022,data_ai,data_ai,data_ai
stackoverflow_question,Pandas - How to update non-numeric values to numeric and sum them up? Pandas,"R,Python",2021,data_ai,data_ai,data_ai
stackoverflow_question,generate video with PyAv (from image generator and audio file),Python,2022,data_ai,data_ai,data_ai
stackoverflow_question,Implementing a simple turn-based game in Java using the wait-notify approach,"R,Java",2022,game,game,game
stackoverflow_question,How can i get out of this nested while loop? (Python),Python,2021,developer tools,developer tools,developer tools
stackoverflow_question,How do I let the user multiply two numbers as well as let them multiply a string?,C,2020,developer tools,developer tools,developer tools
stackoverflow_question,In iText 7 - a paragraph and a rectangle with same coordinates are not right overlapping,"C,C#",2022,embedded,embedded,embedded
stackoverflow_question,"With Keycloak Java connector, how to get custom group attributes without using getGroupByPath?","C,Java",2020,security,security,security
stackoverflow_question,problem with circle correct eye detection in opencv,"C,Python",2021,data_ai,data_ai,data_ai
stackoverflow_question,Java Static Method vs. a Singleton in Validator,Java,2020,developer tools,developer tools,developer tools
stackoverflow_question,Python - Fast way to sample data from array when sample size changes,"R,Python",2020,data_ai,data_ai,data_ai
stackoverflow_question,What all things happens inside pygame when I press a key? When to use pygame.event==KEYDOWN,Python,2020,game,game,game
stackoverflow_question,How do i cast an object to a List<Object[]> type?,"C,Java",2020,developer tools,developer tools,developer tools
stackoverflow_question,Telegram Bot - Persist Pickle Context across all Users in a Group Chat,"R,Python",2021,developer tools,developer tools,developer tools
stackoverflow_question,What's the easiest way to calculate regression coefficient in python?,"R,Python",2021,data_ai,data_ai,data_ai
stackoverflow_question,How can I insert a PySpark dataframe into a database with a snowflake schema?,"R,Python",2020,data_ai,data_ai,data_ai
stackoverflow_question,Why doesn't Cabal ask me any questions after cabal init,"C,Haskell",2020,developer tools,developer tools,developer tools
stackoverflow_question,How to set input value to current day in reflex?,"R,Haskell",2021,web frontend,web frontend,web frontend
stackoverflow_question,How do get the code to respond if user dose not type anything and just presses enter?,Java,2020,web frontend,web frontend,web frontend
stackoverflow_question,Number of dates between two dates,Python,2021,data_ai,data_ai,data_ai
stackoverflow_question,Python tools to perform interpolation of values at mesh centroids to mesh vertices?,"Shell,Python",2021,developer tools,developer tools,developer tools
stackoverflow_question,how to pass an assume role in terratest,"R,Go",2020,devops_cloud,devops_cloud,devops_cloud
stackoverflow_question,Understanding &* to access a Rust Arc,"Rust,R",2020,embedded,embedded,embedded
stackoverflow_question,Can someone explain why this input code generates the provided output?,"C++,C",2020,developer tools,developer tools,developer tools
stackoverflow_question,Force run of specific method,"C,Python",2022,developer tools,developer tools,developer tools
stackoverflow_question,Transform each value in a list the same way,Python,2021,data_ai,data_ai,data_ai
stackoverflow_question,Remove \n character in a list without breaking apart every letter,Python,2021,developer tools,developer tools,developer tools
stackoverflow_question,Pygame Jump Animation Problem How To Fix?,Python,2021,game,game,game
stackoverflow_question,FreeRTOS static array declaration with a macro identifier,"C,R",2020,embedded,embedded,embedded
stackoverflow_question,Add tags to an existing S3 object using the ruby AWS SDK,"Ruby,R",2022,web backend,web backend,web backend
stackoverflow_question,"In python, how to check two object have the same attribute values when the objects could possible be None?",Python,2021,data_ai,data_ai,data_ai
stackoverflow_question,MouseWheel up and down bindings not working in tkinter,"R,Python",2020,embedded,embedded,embedded
stackoverflow_question,Seemingly unrelated specification in offsetof reference,"C++,C",2020,embedded,embedded,embedded
stackoverflow_question,WPF Margin-Property will not update in Control Template Trigger,"C,C#",2021,embedded,embedded,embedded
stackoverflow_question,How to get the time of one zone into UTC?,Java,2020,data_ai,data_ai,data_ai
stackoverflow_question,Java shortcut in VSCode to open JavaDocs,"C,Java",2020,developer tools,developer tools,developer tools
stackoverflow_question,Method to add unique object instance into an ArrayList is not working,"R,Java",2020,developer tools,developer tools,developer tools
stackoverflow_question,What are the advantages of specifying the parameter type and return type of a method?,Python,2021,developer tools,developer tools,developer tools
stackoverflow_question,Subtraction between rows with pandas,"R,Python",2021,data_ai,data_ai,data_ai
stackoverflow_question,Finding the PID of a process launched by exec() or system() in C program,C,2021,embedded,embedded,embedded
stackoverflow_question,How to make Python's print() non-blocking?,"R,Python",2021,developer tools,developer tools,developer tools
stackoverflow_question,"Get values for each row element in a csv from the values of a dictionary composed of numpy arrays, if key matches with row string","R,Python",2020,data_ai,data_ai,data_ai
stackoverflow_question,How to read Enumeration values via. pyads,"C,Python",2022,developer tools,developer tools,developer tools
stackoverflow_question,Why do my files in vscode keep being deleted after trying to execute them?,"C,Python",2020,developer tools,developer tools,developer tools
stackoverflow_question,"Trying to read a file, actual file has the correct text, .read() shows nothing:",Python,2020,developer tools,developer tools,developer tools
stackoverflow_question,Julia tranpose grouped data in DataFrames?,R,2022,data_ai,data_ai,data_ai
stackoverflow_question,What is an example of Rust code that causes a segfault?,"Rust,R",2020,developer tools,developer tools,developer tools
stackoverflow_question,How does Python remember the number of decimal places one used to specify a float?,Python,2021,data_ai,data_ai,data_ai
stackoverflow_question,How to change the size of pie chart traces?,Python,2021,data_ai,data_ai,data_ai
stackoverflow_question,Will Airflow dag level retries value override task level retries value?,"R,Python",2021,data_ai,data_ai,data_ai
stackoverflow_question,How to wait for a variable change when using Pyads library?,"C,Python",2020,data_ai,data_ai,data_ai
stackoverflow_question,Returning ‘Nothing’ if an indexed list traversal doesn’t match,Haskell,2021,data_ai,data_ai,data_ai
stackoverflow_question,Encoding a decimal number within a range using bitmask,"C,Scala",2020,embedded,embedded,embedded
stackoverflow_question,LINQ to Entities: pattern for null parent,"C,C#",2022,data_ai,data_ai,data_ai
stackoverflow_question,.NET 6 returning view not found while it searches in the exact directory it is located in,"C,C#",2022,web backend,web backend,web backend
stackoverflow_question,Can pandas replace method be used on a view or slice to modify the original dataframe?,"R,Python",2020,data_ai,data_ai,data_ai
stackoverflow_question,How do I scaffold a new C++ project using CMake?,"C++,C",2020,embedded,embedded,embedded
stackoverflow_question,Is there a way to get the key from a list embedded in a dictionary,Python,2022,embedded,embedded,embedded
stackoverflow_question,How to find overlaps between subsets of a pandas dataframe,"R,Python",2021,data_ai,data_ai,data_ai
stackoverflow_question,Calculating flux jacobian using Sympy,"R,Python",2022,data_ai,data_ai,data_ai
stackoverflow_question,"Chars being cut out of ""custom"" toupper statement in C","C,R",2020,embedded,embedded,embedded
stackoverflow_question,Is os.File.Write() thread safe in golang?,"R,Go",2021,developer tools,developer tools,developer tools
stackoverflow_question,Check if the very last element of a list matches a string of choice,Python,2021,web backend,web backend,web backend
stackoverflow_question,Dart - how to send query parameter array with brackets,"R,Dart",2021,developer tools,developer tools,developer tools
stackoverflow_question,Golang segment stdin stream to file,Go,2022,web backend,web backend,web backend
stackoverflow_question,pandas dataframe groupby add second level index (integer) based on position in group,"R,Python",2020,data_ai,data_ai,data_ai
stackoverflow_question,Pass kwargs to function argument explictly,"R,Python",2022,developer tools,developer tools,developer tools
stackoverflow_question,How do I repeat binary pattern and ratio in matrix effectively in python?,"R,Python",2022,data_ai,data_ai,data_ai
stackoverflow_question,Java - would this method call ever be evaluated?,"Java,Lua",2022,developer tools,developer tools,developer tools
stackoverflow_question,Python code from C code does not give the same results,"C,Python",2021,data_ai,data_ai,data_ai
stackoverflow_question,How can I make a constant static immutable instance of a class?,"C,C#",2022,developer tools,developer tools,developer tools
stackoverflow_question,Link a variable to image name in windows forms,"C,C#",2021,embedded,embedded,embedded
stackoverflow_question,Java: Is it possible to hide a superinterface from the clients of its implementing class?,"R,Java",2020,developer tools,developer tools,developer tools
stackoverflow_question,"byte indices must be integers or slices, not str",Python,2021,web backend,web backend,web backend
stackoverflow_question,Transform list of Either into list of left and list of right,"R,Java",2022,data_ai,data_ai,data_ai
stackoverflow_question,calculating size of a given node based on an edgelist in pandas,Python,2021,data_ai,data_ai,data_ai
stackoverflow_question,Calculating overlap between categorical variables in the same DataFrame in Python,"R,Python",2020,data_ai,data_ai,data_ai
stackoverflow_question,C++ union member object cannot be assigned to post-construction,"C++,C",2021,embedded,embedded,embedded
stackoverflow_question,How to remove duplicates by comparing values in multiple nested objects using the Java stream,"R,Java",2020,developer tools,developer tools,developer tools
stackoverflow_question,Represent Pandas DataFrame Date Column in milliseconds,"R,Python",2022,data_ai,data_ai,data_ai
stackoverflow_question,Alternate OAuth2 sign in for a PyQt5 application,"Go,Python",2020,embedded,embedded,embedded
stackoverflow_question,How do you get the size of a matplotlib plot area in inches?,Python,2020,data_ai,data_ai,data_ai
stackoverflow_question,why does the number 51444.325061 doesnot round off to 51444.325 upto 3 decimal places? I want to round off this number in c programming,"C,R",2021,developer tools,developer tools,developer tools
stackoverflow_question,R's eval(parse(text=text)) equivalent in Python,"R,Python",2021,developer tools,developer tools,developer tools
stackoverflow_question,Why do I get these warnings even though the headers are included?,"C,R",2022,testing_qa,testing_qa,testing_qa
stackoverflow_question,Not able to save object using hibernate,"R,Java",2020,web backend,web backend,web backend
stackoverflow_question,Printing the exponent in scientific numbers with superscript characters,Python,2022,embedded,embedded,embedded
stackoverflow_question,Outputting the results of a DataFrame to a QLabel,Python,2020,data_ai,data_ai,data_ai
stackoverflow_question,Pandas. Splitting Data frame content continuously and evenly across multiple columns,Python,2021,data_ai,data_ai,data_ai
stackoverflow_question,Python Dataframe. Move rows values left according index of rows,"R,Python",2021,data_ai,data_ai,data_ai
stackoverflow_question,Cumulative product for each element over x days in pandas DataFrame,"R,Python",2022,data_ai,data_ai,data_ai
stackoverflow_question,How to calculate the angle between two points and rotate the third point baste on that?,"C++,C",2021,game,game,game
stackoverflow_question,How do I fix this Wide & Deep RNN?,"R,Python",2020,data_ai,data_ai,data_ai
stackoverflow_question,Is there a better way to compare two C structs?,C,2022,embedded,embedded,embedded
stackoverflow_question,How to find the maximum number of words and characters in sentences from a dataframe?,"R,Python",2020,data_ai,data_ai,data_ai
stackoverflow_question,How to Rotate Count Plot In Seaborn?,"R,Python",2020,data_ai,data_ai,data_ai
stackoverflow_question,NumberFormatter() - pad with a specific number of spaces possible?,"R,Swift",2020,developer tools,developer tools,developer tools
stackoverflow_question,Updating value for an existing enum constant on the go in Drools,"R,Java",2020,developer tools,developer tools,developer tools
stackoverflow_question,Wait for method to be finished C#,"C,C#",2022,web backend,web backend,web backend
stackoverflow_question,how to test private methods using xunit C#,"C,C#",2022,testing_qa,testing_qa,testing_qa
stackoverflow_question,Initialise two variables to point to same reference in Python,"R,Python",2021,developer tools,developer tools,developer tools
stackoverflow_question,Detecting last column and last row with Xlnt library in a xlsx file,"C++,C",2022,data_ai,data_ai,data_ai
stackoverflow_question,Why is my Elixir function returning a list of lists?,"R,Elixir",2020,developer tools,developer tools,developer tools
stackoverflow_question,"How to copy element of a row (of a column) and paste to row-1 (of another column) in csv, using pandas?","C,Python",2020,data_ai,data_ai,data_ai
stackoverflow_question,Template member function failed to call in case if class object is composed-off in other class,"C++,C",2021,embedded,embedded,embedded
stackoverflow_question,Appium for a windows application: Cannot find element after double-click,"C,C#",2022,testing_qa,testing_qa,testing_qa
stackoverflow_question,How does python allocate memory for list & string?,"R,Python",2020,data_ai,data_ai,data_ai
stackoverflow_question,How to do image segmentation with Python and OpenCV,"C,Python",2021,data_ai,data_ai,data_ai
stackoverflow_question,Skip iteration in For loop and repeat initialisation in Python,"R,Python",2021,developer tools,developer tools,developer tools
stackoverflow_question,How to share global variable with lazy initialization?,"R,Python",2020,developer tools,developer tools,developer tools
stackoverflow_question,Is it possible to change calling convention in gcc for x64?,C,2021,embedded,embedded,embedded
stackoverflow_question,Trying to understand how to rename a byte array in Go,"C,Go",2021,developer tools,developer tools,developer tools
stackoverflow_question,How to send an email using python after Google's policy update on not allowing just username and password?,Python,2022,developer tools,developer tools,developer tools
stackoverflow_question,Guessing Projects How to add guess limit Python,Python,2021,data_ai,data_ai,data_ai
stackoverflow_question,"Type hint for return, return None, and no return at all?",Python,2020,developer tools,developer tools,developer tools
stackoverflow_question,4.16 LAB: Warm up: Drawing a right triangle,Python,2022,embedded,embedded,embedded
stackoverflow_question,efficient way of computing a list with mean of values in another list,Python,2022,data_ai,data_ai,data_ai
stackoverflow_question,Debian 11 and Apache2 - .htaccess not working,"C,PHP",2022,devops_cloud,devops_cloud,devops_cloud
stackoverflow_question,Remove nested table border from itext table,Java,2020,developer tools,developer tools,developer tools
stackoverflow_question,"Clang, how do these types conflict?","C,Python",2022,developer tools,developer tools,developer tools
stackoverflow_question,How to make a JPanel that work like JOptionPane?,Java,2020,embedded,embedded,embedded
stackoverflow_question,How to concatenate data frames with unequal number of rows and different column names,"R,Python",2021,data_ai,data_ai,data_ai
stackoverflow_question,Why can't GDB find some functions to disassemble by name?,"C++,C",2021,developer tools,developer tools,developer tools
stackoverflow_question,Airflow Jinja Templating in params,"R,Python",2020,data_ai,data_ai,data_ai
stackoverflow_question,How to turn a dash plotly hosted webpage into a single static html page?,"Shell,Python",2020,web frontend,web frontend,web frontend
stackoverflow_question,Convert a 4 byte data to int in C,C,2020,embedded,embedded,embedded
stackoverflow_question,Python Kivy - Changing Screens from another Python file,Python,2021,mobile,mobile,mobile
stackoverflow_question,How can I get the right calculations for the total of the coin change calculator?,Python,2022,blockchain,blockchain,blockchain
stackoverflow_question,"From a list of dictionaries, get all dictionaries where key column has highest severity values",Python,2020,data_ai,data_ai,data_ai
stackoverflow_question,How to track multi-touch using FreeGLUT or GLUT?,"C,R",2022,game,game,game
stackoverflow_question,Python: How to specify function return type in a mixin method,Python,2021,developer tools,developer tools,developer tools
stackoverflow_question,Why use immutable Vector or String in Rust,"Rust,R",2021,embedded,embedded,embedded
stackoverflow_question,how i get mails from gmail over imap with python,Python,2022,web backend,web backend,web backend
stackoverflow_question,Nested java loop not producing desired result,"R,Java",2021,web backend,web backend,web backend
stackoverflow_question,I wonder why python with homebrew doensn't work in VScode,"C,Python",2021,developer tools,developer tools,developer tools
stackoverflow_question,Left join where right is null,"C,C#",2020,data_ai,data_ai,data_ai
stackoverflow_question,How to query a given parameter with nested value inside a Set (or Collection)?,"R,Java",2022,data_ai,data_ai,data_ai
stackoverflow_question,Using Python pysftp download files from SFTP and store directly in AWS S3,Python,2022,devops_cloud,devops_cloud,devops_cloud
stackoverflow_question,"Cannot invoke ""io.restassured.specification.RequestSpecification.get(java.net.URI)","R,Java",2021,testing_qa,testing_qa,testing_qa
stackoverflow_question,Multiplying columns in separate pandas dataframes,"C,Python",2021,data_ai,data_ai,data_ai
stackoverflow_question,translating a C while loop to Pascal,C,2020,embedded,embedded,embedded
stackoverflow_question,Use file names from specific path as MemberData in xUnit. Convert `IEnumerable<string>` to `IEnumerable<object[]>`,"C,C#",2021,testing_qa,testing_qa,testing_qa
stackoverflow_question,c++: what exactly does std::remove_pointer do?,"C++,C",2022,embedded,embedded,embedded
stackoverflow_question,"Creating Unsorted List in range 100,000 to 1000,000","R,Python",2020,data_ai,data_ai,data_ai
stackoverflow_question,Python How to make a number triangle,"R,Python",2022,data_ai,data_ai,data_ai
stackoverflow_question,Update colour of existing text in CMD?,"C,C#",2022,developer tools,developer tools,developer tools
stackoverflow_question,Writing values to an empty dataframe column in Julia,R,2021,data_ai,data_ai,data_ai
stackoverflow_question,Bring window to focus with python periodically,Python,2020,embedded,embedded,embedded
stackoverflow_question,Create origin-Destination matrix from a Data Frame in Python,"R,Python",2020,data_ai,data_ai,data_ai
stackoverflow_question,"contentToString is deprecated in kotlin 1.4, what is the alternative?",Kotlin,2020,developer tools,developer tools,developer tools
stackoverflow_question,C - How to alter a pointer outside a function?,"C,R",2020,developer tools,developer tools,developer tools
stackoverflow_question,Rename nested struct columns to all in lower case in a Spark DataFrame using PySpark,"R,Python",2020,data_ai,data_ai,data_ai
stackoverflow_question,va_args not accepting signed integer in C,"C,R",2022,embedded,embedded,embedded
stackoverflow_question,How to remove entity with first level cache and JPA in one open session?,"R,Java",2022,data_ai,data_ai,data_ai
stackoverflow_question,How to remove empty [''] from string in python from Text file,"R,Python",2020,developer tools,developer tools,developer tools
stackoverflow_question,Python bytes() or bytesarray() counterpart in golang,"Go,Python",2022,developer tools,developer tools,developer tools
stackoverflow_question,Pandas merge dataframes with multiple columns,"R,Python",2022,data_ai,data_ai,data_ai
stackoverflow_question,Alphanumeric Counter in talend to generate id,Java,2020,data_ai,data_ai,data_ai
stackoverflow_question,Is there a way to randomize specific colors across a 10x10 grid/board in java?,"R,Java",2021,developer tools,developer tools,developer tools
stackoverflow_question,How to use %d as a decimal integer with %f in the same line?,"C,R",2021,developer tools,developer tools,developer tools
stackoverflow_question,Non-Modal Window in WPF,"C,C#",2020,embedded,embedded,embedded
stackoverflow_question,Pandoc Lua : how to add a markdown block around a header without losing the markdown syntax #,"C,Lua",2022,developer tools,developer tools,developer tools
stackoverflow_question,How to plot a stacked seaborn histogram colored from a different column,"R,Python",2021,data_ai,data_ai,data_ai
stackoverflow_question,Kotlin Cinterops native library name,"R,Kotlin",2020,embedded,embedded,embedded
stackoverflow_question,What is the idiomatic way to assert that a file exists in xunit?,"C,C#",2022,testing_qa,testing_qa,testing_qa
stackoverflow_question,Sum elements with the same index in a new dataframe,Python,2020,data_ai,data_ai,data_ai
stackoverflow_question,Python and Dask - reading and concatenating multiple files,Python,2020,data_ai,data_ai,data_ai
stackoverflow_question,Meaning of # in a java class path,"C,Java",2020,developer tools,developer tools,developer tools
stackoverflow_question,Copy Texture2D to leave original unchanged,"C,C#",2020,game,game,game
stackoverflow_question,Split Comma seperated values into multiple columns and an empty column next to it to map the name- Pandas,Python,2020,data_ai,data_ai,data_ai
stackoverflow_question,What does \033[95m mean in Python?,Python,2022,developer tools,developer tools,developer tools
stackoverflow_question,JSP how to concat value in name attribute?,"JavaScript,Java",2022,web frontend,web frontend,web frontend
stackoverflow_question,Efficient way to lookup values in other dataframe,"R,Python",2022,data_ai,data_ai,data_ai
stackoverflow_question,Golang net/http Backend blocking requests,"C,Go",2021,web backend,web backend,web backend
stackoverflow_question,Retrieve the right clock from the mirror with Java,Java,2021,embedded,embedded,embedded
stackoverflow_question,"""free_y"" facet_wrap equivalent in seaborn, python","R,Python",2021,data_ai,data_ai,data_ai
stackoverflow_question,How to split string input and convert to integers to calculate output in Python,Python,2021,data_ai,data_ai,data_ai
stackoverflow_question,Create splash screen with GIF and image,Python,2022,web frontend,web frontend,web frontend
stackoverflow_question,C# how to repeat function,"C,C#",2022,developer tools,developer tools,developer tools
stackoverflow_question,C program can only write to file when given absolute path and cant when given relative path,C,2020,embedded,embedded,embedded
stackoverflow_question,Changing x-axis scale piecewise in matplotlib,Python,2020,data_ai,data_ai,data_ai
stackoverflow_question,Why do we even need cache coherence?,"C,R",2021,embedded,embedded,embedded
stackoverflow_question,Lists as Inputs to Python Class Methods,"C,Python",2020,developer tools,developer tools,developer tools
stackoverflow_question,How to manually(without keybindings) search a symbol in a source code using coc-clangd/coc-nvim?,"C++,C",2020,developer tools,developer tools,developer tools
stackoverflow_question,"How can I run all the methods in a python file, and return whether any of the methods returns true?",Python,2020,data_ai,data_ai,data_ai
stackoverflow_question,How to create a Logger in .NET 6 Program.cs,"C,C#",2022,developer tools,developer tools,developer tools
stackoverflow_question,"Scala, ZIO - log something after every retry","C,Scala",2021,web backend,web backend,web backend
stackoverflow_question,Python fillna with Series sharing same index,Python,2022,data_ai,data_ai,data_ai
stackoverflow_question,Mask RCNN model doesn't save weights after epoch 2,"R,Python",2022,data_ai,data_ai,data_ai
stackoverflow_question,Declare Weak in response completion handler,"R,Swift",2022,developer tools,developer tools,developer tools
stackoverflow_question,"type OnProduce = extern ""C"" fn is not FFI safe","Rust,R",2020,embedded,embedded,embedded
stackoverflow_question,Show Python FTP file upload messages,Python,2022,web backend,web backend,web backend
stackoverflow_question,How to read excel files when some cells have multiple rows,"C,Python",2021,data_ai,data_ai,data_ai
stackoverflow_question,Dynamically process template map values,"R,Go",2022,developer tools,developer tools,developer tools
stackoverflow_question,How can I make this mountain Haskell code work?,Haskell,2022,developer tools,developer tools,developer tools
stackoverflow_question,Adding column to dataframe based on another dataframe using pandas,"R,Python",2020,data_ai,data_ai,data_ai
stackoverflow_question,Python: convert unicode string to corresponding Unicode character,"C,Python",2021,data_ai,data_ai,data_ai
stackoverflow_question,How to split each 2 word in string into array - Ruby?,"Ruby,R",2021,developer tools,developer tools,developer tools
stackoverflow_question,Matplotlib bar chart doesn't accept array as height argument,"C,Python",2020,data_ai,data_ai,data_ai
stackoverflow_question,Reverse sort order for part of a key,"R,Python",2022,developer tools,developer tools,developer tools
stackoverflow_question,How to ignore a line when using readlines in python?,Python,2022,developer tools,developer tools,developer tools
stackoverflow_question,Sort and select from a complex nested dictionary using heapq,Python,2021,data_ai,data_ai,data_ai
stackoverflow_question,Trying to get a specific number of characters from a list of characters which then pass the random function,"R,Python",2020,data_ai,data_ai,data_ai
stackoverflow_question,Selecting values from CSV file which are not already in an inventory list,"C,Python",2022,data_ai,data_ai,data_ai
stackoverflow_question,Conversion failed! FFMpeg with custom exe in a pipe,"C++,C",2021,embedded,embedded,embedded
stackoverflow_question,Generating random unsigned integers within a range biased toward the middle,"Rust,R",2020,data_ai,data_ai,data_ai
stackoverflow_question,Can I read from the beginning a file open for append mode without an initial fseek()?,"C,R",2020,embedded,embedded,embedded
stackoverflow_question,How to access array by a list of point coordinates,Python,2020,developer tools,developer tools,developer tools
stackoverflow_question,How do I find the next power of 2 for a u64 integer in Rust efficiently?,"Rust,R",2021,developer tools,developer tools,developer tools
stackoverflow_question,Instantiate creates two objects instead of one,"C,C#",2020,developer tools,developer tools,developer tools
stackoverflow_question,Implementing Service Provider Interface pattern in python,"R,Python",2021,web backend,web backend,web backend
stackoverflow_question,I'm trying to get a factorial using a for loop; but I'm doing something wrong,"R,Java",2021,developer tools,developer tools,developer tools
stackoverflow_question,Is it possible to trace non-assigned values?,Python,2021,data_ai,data_ai,data_ai
stackoverflow_question,Python: How can I count the number of files that appear in the output?,Python,2021,developer tools,developer tools,developer tools
stackoverflow_question,How can I return a matplotlib figure from a function?,"R,Python",2020,developer tools,developer tools,developer tools
stackoverflow_question,"How to use pandas groupby, grouper with ngroup?",Python,2022,data_ai,data_ai,data_ai
stackoverflow_question,Python plotly treemap / sunburst with too many items,Python,2022,data_ai,data_ai,data_ai
stackoverflow_question,resize video data to fit model.predict,"R,Python",2021,data_ai,data_ai,data_ai
stackoverflow_question,calculate rolling average of each list in 2d list in Python,Python,2022,data_ai,data_ai,data_ai
stackoverflow_question,Remove specific string with quoted substring at the end,"Ruby,R",2022,developer tools,developer tools,developer tools
stackoverflow_question,Replace specific pixels by rgb with white color,Python,2022,web frontend,web frontend,web frontend
stackoverflow_question,Adding percentages to subgroups of each group likert-scale Python,"R,Python",2022,data_ai,data_ai,data_ai
stackoverflow_question,"Python Selenium Google click ""I agree"" button","R,Python",2021,testing_qa,testing_qa,testing_qa
stackoverflow_question,Create table in excel - Python openpyxl,"C,Python",2020,data_ai,data_ai,data_ai
stackoverflow_question,Java SDK Reporting Wrong Architecture on Mac M1,"C,Java",2021,developer tools,developer tools,developer tools
stackoverflow_question,Add empty rows at the beginning of dataframe before export to xlsx,"R,Python",2021,data_ai,data_ai,data_ai
stackoverflow_question,how to get numpy where for 1st True Only,Python,2021,data_ai,data_ai,data_ai
stackoverflow_question,How to insert an array into another one using slices,"R,Python",2021,developer tools,developer tools,developer tools
stackoverflow_question,Type punning in C using union,"C,R",2020,embedded,embedded,embedded
stackoverflow_question,pandas: inserting one blank row and one row with index by group?,"R,Python",2020,data_ai,data_ai,data_ai
stackoverflow_question,How to repeat an action in python to make my code simpler,Python,2020,developer tools,developer tools,developer tools
stackoverflow_question,Does GCC 7.3 contain all c++17 features?,"C++,C",2021,data_ai,data_ai,data_ai
stackoverflow_question,Unit test HttpClient with Polly,"C,C#",2020,testing_qa,testing_qa,testing_qa
stackoverflow_question,Why size_t is used for indexing / representing size of an array?,"C++,C",2020,developer tools,developer tools,developer tools
stackoverflow_question,Is this weaker semialign a known abstraction?,"C,Haskell",2022,developer tools,developer tools,developer tools
stackoverflow_question,Can you check if 4 out of 7 variables are the same?,Python,2020,data_ai,data_ai,data_ai
stackoverflow_question,C code does not work when int variable is updated inside loop,"C,R",2020,embedded,embedded,embedded
stackoverflow_question,how to handle time for different components in pygame,Python,2020,game,game,game
stackoverflow_question,pass multiple rows into a function,"R,Python",2021,developer tools,developer tools,developer tools
stackoverflow_question,ProducerTemplate. Camel. How to add attachment,"C,Java",2021,developer tools,developer tools,developer tools
stackoverflow_question,store form input in a Session variable,PHP,2020,web backend,web backend,web backend
stackoverflow_question,getCacheEntry failed: Cache service responded with 503,"C,Python",2022,devops_cloud,devops_cloud,devops_cloud
stackoverflow_question,How to divide a date range into 365 day periods in a python pandas data frame,Python,2020,data_ai,data_ai,data_ai
stackoverflow_question,How to split a sentence of any length into words and store them into variables c++,"C++,C",2020,embedded,embedded,embedded
stackoverflow_question,OpenGL - animating the data of the vector as separate frames,"C++,C",2022,game,game,game
stackoverflow_question,"PHP mail function fails with ""message has lines too long for transport""",PHP,2022,web backend,web backend,web backend
stackoverflow_question,How to set secondary x-axis and its range in plotly graph with subfigures?,"R,Python",2021,data_ai,data_ai,data_ai
stackoverflow_question,Cache lines required to hold an array,C,2021,embedded,embedded,embedded
stackoverflow_question,How does asyncio main thread manage running either the event loop and coroutines at the same time?,"C,Python",2022,data_ai,data_ai,data_ai
stackoverflow_question,How would I go about removing a specific character in an ArrayList?,Java,2020,developer tools,developer tools,developer tools
stackoverflow_question,add a SortedSet directly to a Map,Java,2020,developer tools,developer tools,developer tools
stackoverflow_question,How to set the edge color of polygon patch in matplotlib,Python,2020,developer tools,developer tools,developer tools
stackoverflow_question,join dictionaries in single data frame on a common key,Python,2021,data_ai,data_ai,data_ai
stackoverflow_question,Aerospike: atomically create a list if it does not exists and append items to this list,"R,Java",2022,data_ai,data_ai,data_ai
stackoverflow_question,Removing intersecting lines in geopandas,"Shell,Python",2022,data_ai,data_ai,data_ai
stackoverflow_question,Call a function using a pointer and pass the pointer that can point to the function along in the parameters,"C,R",2022,embedded,embedded,embedded
stackoverflow_question,Replace -ve values in a column as NaN in pandas,Python,2020,data_ai,data_ai,data_ai
stackoverflow_question,Pandas series.notna() returning true to series containing NaNs,Python,2020,data_ai,data_ai,data_ai
stackoverflow_question,What are the benefits of umbrella applications?,"R,Elixir",2020,enterprise,enterprise,enterprise
stackoverflow_question,Referencing a delegate via another delegate in C#,"C,C#",2022,embedded,embedded,embedded
stackoverflow_question,Time Series: Fill NaNs from another dataframe,"R,Python",2021,data_ai,data_ai,data_ai
stackoverflow_question,"Trying to save reference of closure, but not living long enough","Rust,R",2021,developer tools,developer tools,developer tools
stackoverflow_question,PynamoDB - Query or count all items on table,"R,Python",2022,data_ai,data_ai,data_ai
stackoverflow_question,How to define a color in matplotlib with combination of different percentage of different colors?,Python,2022,data_ai,data_ai,data_ai
stackoverflow_question,How do i convert seconds into days in C?,C,2022,embedded,embedded,embedded
stackoverflow_question,prime numbers in python same programs different outputs,"R,Python",2022,developer tools,developer tools,developer tools
stackoverflow_question,Printing a char variable in C doesnt show properly,"C,R",2021,embedded,embedded,embedded
stackoverflow_question,PHP+BillDesk payment gateway integration issue,PHP,2022,web backend,web backend,web backend
stackoverflow_question,How to annotate the return type which is related with input Generic type,Python,2022,developer tools,developer tools,developer tools
stackoverflow_question,How to increase title font size on axs[i].title.set_text,"TypeScript,Python",2020,developer tools,developer tools,developer tools
stackoverflow_question,OR tools CVRP reload using single vehicle,"R,Java",2021,data_ai,data_ai,data_ai
stackoverflow_question,Interrupt test class at the first test failure,Java,2020,testing_qa,testing_qa,testing_qa
stackoverflow_question,write() and read() functions not working properly,C,2021,developer tools,developer tools,developer tools
stackoverflow_question,Why is strnlen() not considered for inclusion in C23?,"C,R",2022,developer tools,developer tools,developer tools
stackoverflow_question,Timing issues: Metronome using AVAudioEngine scheduleBuffer's completion handler,"R,Swift",2021,embedded,embedded,embedded
stackoverflow_question,Combine values in pandas dataframe to string,"R,Python",2021,data_ai,data_ai,data_ai
stackoverflow_question,How can I get row object values of selected row in ObjectListView?,"C,C#",2020,developer tools,developer tools,developer tools
stackoverflow_question,What is the best approach to implement Local Variable Frame for IJVM?,"C,R",2022,embedded,embedded,embedded
stackoverflow_question,How to check if a string passed as argument is a modifiable string,"C,R",2022,developer tools,developer tools,developer tools
stackoverflow_question,Plotly: How to customize axis transformation?,Python,2020,data_ai,data_ai,data_ai
stackoverflow_question,There is no Github pages section in repository settings,"Ruby,R",2022,developer tools,developer tools,developer tools
stackoverflow_question,"Map<String, List<String, Object>> add new list entry when key exists","R,Java",2022,developer tools,developer tools,developer tools
stackoverflow_question,Is there a way in PIL to save an image as an URL?,"R,Python",2021,developer tools,developer tools,developer tools
stackoverflow_question,Maya wait for Qt window to close,"C,Python",2021,embedded,embedded,embedded
stackoverflow_question,"Why sometimes Jain Sip return ""481 Call Leg/Transaction Does Not Exist"" on received bye?",Java,2020,data_ai,data_ai,data_ai
stackoverflow_question,Why doesn't c++11 allow direct-list-initialization with auto,"C++,C",2020,developer tools,developer tools,developer tools
stackoverflow_question,Pandas read_excel function ignoring dtype,"C,Python",2021,data_ai,data_ai,data_ai
stackoverflow_question,Why is my simple merge algorithm c++ not working?,"C++,C",2022,embedded,embedded,embedded
stackoverflow_question,Make data range dynamic in xlsxwriter add_series in Python?,"R,Python",2021,data_ai,data_ai,data_ai
stackoverflow_question,How do I access an airflow rendered template downstream?,"R,Python",2021,data_ai,data_ai,data_ai
stackoverflow_question,How to sort items in nested list in ascending order in Python?,Python,2020,data_ai,data_ai,data_ai
stackoverflow_question,Undefined reference to cv::Mat::Mat(),"C++,C",2022,embedded,embedded,embedded
stackoverflow_question,How to fix animation that appears to not be running while Button Click event is processing?,"C,C#",2021,web frontend,web frontend,web frontend
stackoverflow_question,Zeitwerk: Add engine/gem directories to autoload path of parent Rails app,"Ruby,R",2022,web backend,web backend,web backend
stackoverflow_question,Groupby and Apply Functions on multiple Columns with 1-to-many relationship,"R,Python",2021,data_ai,data_ai,data_ai
stackoverflow_question,How to combine two different type variables?,C,2020,developer tools,developer tools,developer tools
stackoverflow_question,How to find webelement using style property in python selenium,"R,Python",2020,testing_qa,testing_qa,testing_qa
stackoverflow_question,The Logic on How Rekursion Functions with Void instead of Functions,"C,R",2021,developer tools,developer tools,developer tools
stackoverflow_question,How to get joint kernel density plots to look better on black background (seaborn),"R,Python",2020,data_ai,data_ai,data_ai
stackoverflow_question,Rust - Are slices objects mutables by default?,"Rust,R",2021,embedded,embedded,embedded
stackoverflow_question,Verifying signature created using OpenSSL with BearSSL,"C,R",2022,security,security,security
stackoverflow_question,Is _node variable in LIST_FOREACH() macro added only for code readability?,"C,R",2021,web backend,web backend,web backend
stackoverflow_question,Pandas DataFrame conditions across rows,"R,Python",2021,data_ai,data_ai,data_ai
stackoverflow_question,Python zipfile extract files from directory inside a zip file,Python,2020,data_ai,data_ai,data_ai
stackoverflow_question,How do you recreate sigma notation using Numpy?,Python,2020,data_ai,data_ai,data_ai
stackoverflow_question,"How calculate difference between one column value and list of jsons values in other column, and create 2 new columns as a result?",Python,2022,data_ai,data_ai,data_ai
stackoverflow_question,Convert string to function name in python,Python,2020,developer tools,developer tools,developer tools
stackoverflow_question,Java 8 open windows custom csp provider and retrieve key,"C,Java",2020,web backend,web backend,web backend
stackoverflow_question,Cannot transpose a 2D matrix in C,"C,R",2022,embedded,embedded,embedded
stackoverflow_question,Missing template for this request but it exists?,"Ruby,R",2022,web frontend,web frontend,web frontend
stackoverflow_question,What is the purpose of `b` here?,"Rust,R",2022,developer tools,developer tools,developer tools
stackoverflow_question,Check # of instances of character in string against how many have already been checked,"R,Python",2022,developer tools,developer tools,developer tools
stackoverflow_question,How can I transform a level of index into new level in Multi level column (Pandas),Python,2021,data_ai,data_ai,data_ai
stackoverflow_question,Exclude some tests by default,Python,2021,testing_qa,testing_qa,testing_qa
stackoverflow_question,Create new tag with nested tags using BeautifulSoup,Python,2020,web backend,web backend,web backend
stackoverflow_question,How can I obtain a Treelib representation of the below nested list?,"R,Python",2021,developer tools,developer tools,developer tools
stackoverflow_question,How to automatically cancel an order if it is not filled after a minute?,Python,2022,web backend,web backend,web backend
stackoverflow_question,Custom For Loop in Python,Python,2020,developer tools,developer tools,developer tools
stackoverflow_question,Input of multiple char arrays isn't working,"C,R",2021,developer tools,developer tools,developer tools
stackoverflow_question,plotly multiple axes that change dynamically with plot,Python,2021,data_ai,data_ai,data_ai
stackoverflow_question,Save 3D Matplot as interactive HTML,"R,Python",2022,web frontend,web frontend,web frontend
stackoverflow_question,Macro redefinitions with header units,"C++,C",2022,embedded,embedded,embedded
stackoverflow_question,inserting new columns by splitting each column and iterating for many columns in python pandas DataFrame,"R,Python",2021,data_ai,data_ai,data_ai
stackoverflow_question,"Java Enum can't extends other Enum, class can","C,Java",2022,developer tools,developer tools,developer tools
stackoverflow_question,Will viewWillAppear get triggered if the view is already visible?,Swift,2021,mobile,mobile,mobile
stackoverflow_question,Window is not responding to XMoveResizeWindow request,"C++,C",2021,embedded,embedded,embedded
stackoverflow_question,Compare two CSV files and search for similar emoji,"C,Python",2020,data_ai,data_ai,data_ai
stackoverflow_question,Nested loops do not print correct row number python,Python,2021,developer tools,developer tools,developer tools
stackoverflow_question,push_back for vector not adding all the elements from for loop after boolean expression using lambda function - c++,"C++,C",2022,embedded,embedded,embedded
stackoverflow_question,Why are min and max listed as sequence operations?,Python,2020,data_ai,data_ai,data_ai
stackoverflow_question,Python/ Pandas If statement inside a function explained,"C,Python",2021,data_ai,data_ai,data_ai
stackoverflow_question,Merging two rows into one based on common field,Python,2020,data_ai,data_ai,data_ai
stackoverflow_question,Updating grouped data based on date,"R,Python",2022,data_ai,data_ai,data_ai
stackoverflow_question,Why do conforming implementations behave differently w.r.t. incomplete array types with internal linkage?,"C,R",2021,data_ai,data_ai,data_ai
stackoverflow_question,"""Overload"" a template based on the number of template arguments","C++,C",2020,developer tools,developer tools,developer tools
stackoverflow_question,"Correct *scanf(""%d"",...) implementation, especially handling a string with a sign follwed by non-numbers, according to ANSI/ISO C?",C,2021,embedded,embedded,embedded
stackoverflow_question,Designated Initializer Array in C,"C,R",2020,embedded,embedded,embedded
stackoverflow_question,Is there better alternative to Numpy arange()?,Python,2020,data_ai,data_ai,data_ai
stackoverflow_question,Pyarrow: How to specify the dtype of partition keys in partitioned parquet datasets?,"R,Python",2021,data_ai,data_ai,data_ai
stackoverflow_question,Can a petitparser parser be reused safely?,"R,Dart",2020,developer tools,developer tools,developer tools
stackoverflow_question,Splitting __m256 into two __m128 registers,"C,R",2021,embedded,embedded,embedded
stackoverflow_question,FutureWarning: Dropping of nuisance columns in DataFrame reductions with df.median,"R,Python",2022,data_ai,data_ai,data_ai
stackoverflow_question,Carving Out exactly humans From Image,"C,Python",2021,data_ai,data_ai,data_ai
stackoverflow_question,Can we define an enum variable like an array?,"C++,C",2022,developer tools,developer tools,developer tools
stackoverflow_question,How can I use keyboard_on_key_down function in kivy code?,Python,2021,mobile,mobile,mobile
stackoverflow_question,Creating a new column based on multiple columns,Python,2021,data_ai,data_ai,data_ai
stackoverflow_question,What is missing converting session tokens in python to swift?,Swift,2020,mobile,mobile,mobile
stackoverflow_question,String-join operation in python numpy or pandas objects,Python,2020,data_ai,data_ai,data_ai
stackoverflow_question,How to inner-join a list of tuples with a list?,"R,Python",2020,developer tools,developer tools,developer tools
stackoverflow_question,Problems with #define in c,"C,R",2020,embedded,embedded,embedded
stackoverflow_question,Pandas check if dataframe column contains value from list (different lengths),"R,Python",2021,data_ai,data_ai,data_ai
stackoverflow_question,Append value to c.Json response,Go,2021,web backend,web backend,web backend
stackoverflow_question,Cumulative sum but conditionally excluding earlier rows,"R,Python",2021,data_ai,data_ai,data_ai
stackoverflow_question,Why does this fix of a malicious code vulnerability (Spotbugs) work:,Java,2022,security,security,security
stackoverflow_question,How to style upper left cell of a Pandas DataFrame,"R,Python",2022,data_ai,data_ai,data_ai
stackoverflow_question,Masking pandas dataframe of dates using another dataframe of events,Python,2021,data_ai,data_ai,data_ai
stackoverflow_question,How can I update Python code based on API endpoint?,Python,2020,web backend,web backend,web backend
stackoverflow_question,Splitting nth elements in a string in a pandas dataframe,"R,Python",2022,data_ai,data_ai,data_ai
stackoverflow_question,There is a problem when calling another function from a function in the same class,"C,Python",2021,developer tools,developer tools,developer tools
stackoverflow_question,How to make a clean toString for multiple 2 dimensional array,"R,Java",2022,developer tools,developer tools,developer tools
stackoverflow_question,Get File encoding ASCII or EBCDIC with java,"C,Java",2020,web backend,web backend,web backend
stackoverflow_question,How to extract common factors of trigonometric functions using sympy?,Python,2022,data_ai,data_ai,data_ai
stackoverflow_question,Cannot use apc_fetch to fetch a stored variable from the cache,"C,PHP",2020,web backend,web backend,web backend
stackoverflow_question,Apply Scaling to a 3 Dimensional Numpy array of variable sized arrays,"R,Python",2020,data_ai,data_ai,data_ai
stackoverflow_question,How to embed a texture for use with OpenGL into a C array?,C,2020,embedded,embedded,embedded
stackoverflow_question,Is there any way to break the Java Stream with custom condition and collect all the items till the condition matches to the list using Java 8,Java,2020,developer tools,developer tools,developer tools
stackoverflow_question,How to extend an abstract class with Generics in Java?,Java,2021,developer tools,developer tools,developer tools
stackoverflow_question,Starting a widget app as a thread within Python3?,"R,Python",2020,embedded,embedded,embedded
stackoverflow_question,How to parse POST data into a dictionary,"R,Python",2021,web backend,web backend,web backend
stackoverflow_question,Getting strings from file gone wrong,C,2022,developer tools,developer tools,developer tools
stackoverflow_question,"Calculate mean of df, BUT if =>1 of the values differs >20% from this mean, the mean is set to NaN",Python,2020,data_ai,data_ai,data_ai
stackoverflow_question,How to put a variable at a specific memory location in SDCC,"C,R",2021,embedded,embedded,embedded
stackoverflow_question,How is a functions of multiple parameters to be interpreted?,Haskell,2021,developer tools,developer tools,developer tools
stackoverflow_question,rationalize() for BigFloats has an upper limit?,R,2022,data_ai,data_ai,data_ai
stackoverflow_question,Generic Method to Flatten a Collection of Nested Objects into a DataTable?,"C,C#",2022,data_ai,data_ai,data_ai
stackoverflow_question,Elixir / Phoenix - Deleting a file from a controller action after sending it,"R,Elixir",2020,web backend,web backend,web backend
stackoverflow_question,Rectangle Collision with each other,Python,2021,game,game,game
stackoverflow_question,How to find regions of ones surrounded by zeros in a numpy array?,Python,2021,data_ai,data_ai,data_ai
stackoverflow_question,Counting how many times each letter appears in the string,Python,2022,data_ai,data_ai,data_ai
stackoverflow_question,Python/Pandas - Fill Empty Column Header with row beneath,"R,Python",2021,data_ai,data_ai,data_ai
stackoverflow_question,Navigating the file system with netbeans is VERY slow,Java,2022,developer tools,developer tools,developer tools
stackoverflow_question,How to print all the diagonals of a matrix in Java,"R,Java",2021,developer tools,developer tools,developer tools
stackoverflow_question,How to display image on point hover of 3D plot in python?,"Shell,Python",2022,data_ai,data_ai,data_ai
stackoverflow_question,How to break from loop to stop program from running,"R,Python",2020,developer tools,developer tools,developer tools
stackoverflow_question,Split sorted list into two lists,"R,Python",2022,data_ai,data_ai,data_ai
stackoverflow_question,"Creating ranges from sequential values, while maintaining other columns in pandas",Python,2022,data_ai,data_ai,data_ai
stackoverflow_question,Pandas dropping column from multi-index doesn't remove from column list,Python,2022,data_ai,data_ai,data_ai
stackoverflow_question,Pandas: Get rows with consecutive column values,"R,Python",2022,data_ai,data_ai,data_ai
stackoverflow_question,Draw a background video behind a 3D model in OpenGL,Python,2021,embedded,embedded,embedded
stackoverflow_question,Is there a way to keep vehicle from flipping when jumped from ramp?,"C,C#",2022,iot,iot,iot
stackoverflow_question,Slicing a 3D image to create a 2D image,"R,Python",2022,embedded,embedded,embedded
stackoverflow_question,Can't show info level logging in AWS Lambda,Python,2021,devops_cloud,devops_cloud,devops_cloud
stackoverflow_question,Get indices from one randomly chosen true element in a boolean array,"R,Python",2021,data_ai,data_ai,data_ai
stackoverflow_question,How bad is it to move the drop of a large struct to another thread?,"Rust,R",2022,embedded,embedded,embedded
stackoverflow_question,How to create a video that plots the scatter plots one by one using python?,Python,2021,data_ai,data_ai,data_ai
stackoverflow_question,using Numpy for Kmean Clustering,Python,2021,data_ai,data_ai,data_ai
stackoverflow_question,"Using Glom on a nested structure, how to I move top level dictionary fields into a list of dictionaries?",Python,2020,data_ai,data_ai,data_ai
stackoverflow_question,Gspread append_row appending data to different column,"R,Python",2020,developer tools,developer tools,developer tools
stackoverflow_question,"Why does ""gdb"" print the class methods of specific classes?","C++,C",2020,developer tools,developer tools,developer tools
stackoverflow_question,Initialize a uInt128 value from a string,C,2021,embedded,embedded,embedded
stackoverflow_question,Plot subplots borderless - more than 10 subplots in a row,Python,2020,data_ai,data_ai,data_ai
stackoverflow_question,Making python plots in a for loop that gives each plot a different title,Python,2021,data_ai,data_ai,data_ai
stackoverflow_question,looping through a list in a if statement to check for possible outcome,Python,2020,developer tools,developer tools,developer tools
stackoverflow_question,Pandas time plot without date,Python,2022,data_ai,data_ai,data_ai
stackoverflow_question,Having trouble running two loops at the same time python,"R,Python",2021,developer tools,developer tools,developer tools
stackoverflow_question,how to use fastrand in a numpy array,"R,Python",2021,data_ai,data_ai,data_ai
stackoverflow_question,Is there a other way to use Maybe on my path search function through the BTree? (Haskell),Haskell,2022,developer tools,developer tools,developer tools
stackoverflow_question,When is ADL lookup is considered for unqualified dependent name?,"C++,C",2020,data_ai,data_ai,data_ai
stackoverflow_question,Storing response as json in Python requests-cache,Python,2022,data_ai,data_ai,data_ai
stackoverflow_question,How i can secure c# program,"C,C#",2020,security,security,security
stackoverflow_question,Mapping graph/relationship based values in a DataFrame in python,"R,Python",2020,data_ai,data_ai,data_ai
stackoverflow_question,Contains within List of doubles,"C,C#",2022,data_ai,data_ai,data_ai
stackoverflow_question,How to split a text file into chunks?,"C,Python",2022,data_ai,data_ai,data_ai
stackoverflow_question,Trying to pop enemy in pygame when health reaches 0,Python,2020,game,game,game
stackoverflow_question,Change Column Value Based on Other Column by Group,"R,Python",2021,data_ai,data_ai,data_ai
stackoverflow_question,Python read file line by line and convert to dictionary,Python,2020,data_ai,data_ai,data_ai
stackoverflow_question,How to get the last row value in pandas through dataframe.get_value(),"R,Python",2020,data_ai,data_ai,data_ai
stackoverflow_question,Creating a simple form with a reference to another table,"Ruby,R",2020,web frontend,web frontend,web frontend
stackoverflow_question,How can I draw a circle using linerenderer and make it the circle as object child of the object is should draw around?,"C,C#",2020,game,game,game
stackoverflow_question,How can the memory address of a struct be the same inside a function and after the struct has been returned?,"Rust,R",2020,embedded,embedded,embedded
stackoverflow_question,Selenium: How to determine if WebdriverWait is really the problem?,"R,Python",2021,testing_qa,testing_qa,testing_qa
stackoverflow_question,Split a CSV file into two equal size groups having a criteria,"R,Python",2020,data_ai,data_ai,data_ai
stackoverflow_question,CSFML Vertex Array and drawing,C,2020,embedded,embedded,embedded
stackoverflow_question,Scraping Telegram Messages in Telethon Using Channel ID,"R,Python",2021,data_ai,data_ai,data_ai
stackoverflow_question,Vertical lines between columns - Plotly-Dash,"Shell,Python",2020,web frontend,web frontend,web frontend
stackoverflow_question,Is there an elegant solution for writing async delegates in C# (Unity),"C,C#",2021,game,game,game
stackoverflow_question,TryFrom<&[u8]> trait bound in trait,"Rust,R",2020,developer tools,developer tools,developer tools
stackoverflow_question,Python: create new column conditionally on values from two other columns,"R,Python",2020,data_ai,data_ai,data_ai
stackoverflow_question,Why does GO mod tidy not work with bitbucket,"C,Go",2022,developer tools,developer tools,developer tools
stackoverflow_question,"Python np.sqrt(x-a)*np.heaviside(x,a)","R,Python",2021,data_ai,data_ai,data_ai
stackoverflow_question,Get absolute maximum value from f64 array,"Rust,R",2022,data_ai,data_ai,data_ai
stackoverflow_question,Did Python 3.9 update how to type hint the function type?,Python,2021,data_ai,data_ai,data_ai
stackoverflow_question,Set Windows taskbar as foreground window/process,"C,C#",2021,embedded,embedded,embedded
stackoverflow_question,delegate and the await task,"C,C#",2022,developer tools,developer tools,developer tools
stackoverflow_question,tag-incompatible: How to add a SET OF to a SEQUENCE in pyasn1?,"C,Python",2021,developer tools,developer tools,developer tools
stackoverflow_question,Why do some numbers present the decimals and others don't?,C,2022,data_ai,data_ai,data_ai
stackoverflow_question,Is possible to upload files with formForWithoutJavascript in IHP?,Haskell,2022,web frontend,web frontend,web frontend
stackoverflow_question,YOLO V5 custom object detection : csv output,"C,Python",2022,data_ai,data_ai,data_ai
stackoverflow_question,Is there a way to emulate string literal types in Rust?,"Rust,R",2022,developer tools,developer tools,developer tools
stackoverflow_question,Why is the playsound function not able to play my mp3 file in python,Python,2021,developer tools,developer tools,developer tools
stackoverflow_question,'is' statement with a variable type,"R,Dart",2020,developer tools,developer tools,developer tools
stackoverflow_question,Plotly: How to use for loop or list for name attribute in bar charts?,Python,2020,data_ai,data_ai,data_ai
stackoverflow_question,How can I use IO#reopen with a StringIO?,"Ruby,R",2021,developer tools,developer tools,developer tools
stackoverflow_question,"Inheriting 'NamedTuple', which is not a class.pylint(inherit-non-class)","R,Python",2021,developer tools,developer tools,developer tools
stackoverflow_question,How a 3D numpy array is tranposed,"R,Python",2020,data_ai,data_ai,data_ai
stackoverflow_question,Why do I get extra system calls when compiling code directly to an executable vs. compiling to an object file and then manually linking?,"C,R",2022,developer tools,developer tools,developer tools
stackoverflow_question,How to use IndexOf to get two separate parts in a string,"C,C#",2021,developer tools,developer tools,developer tools
stackoverflow_question,"VTKCutter leaves gaps, does not return the every point it intersects",Python,2022,embedded,embedded,embedded
stackoverflow_question,Greater than and less than in a list in python,Python,2020,developer tools,developer tools,developer tools
stackoverflow_question,How to iterate over a list of lists of integers?,Python,2021,developer tools,developer tools,developer tools
stackoverflow_question,Identify records that are present in particular set of years and not in the another set of years,"R,Python",2022,data_ai,data_ai,data_ai
stackoverflow_question,WPF showing whitespace that is not present in designer view,"C,C#",2021,embedded,embedded,embedded
stackoverflow_question,How can you identify what versions of VS Code an extensions will work with?,"C,Python",2020,developer tools,developer tools,developer tools
stackoverflow_question,How to print multiple lines of input given from a while loop?,Python,2022,developer tools,developer tools,developer tools
stackoverflow_question,How to inset data with eloquent models in slim out of the laravel?,PHP,2022,web backend,web backend,web backend
stackoverflow_question,Is it possible to write to Command Prompt with python?,"C,Python",2022,developer tools,developer tools,developer tools
stackoverflow_question,i cant find the problem in palindrome recursion c,C,2020,developer tools,developer tools,developer tools
stackoverflow_question,"implementing RngCore for my own rng, with function returning result","Rust,R",2022,embedded,embedded,embedded
stackoverflow_question,how to make range in hexadecimal python?,Python,2020,developer tools,developer tools,developer tools
stackoverflow_question,Python Regular Expression to find single letter Cardinal Direction,Python,2020,data_ai,data_ai,data_ai
stackoverflow_question,How can I display sprites on screen on the Nintendo DS using nflib?,C,2021,game,game,game
stackoverflow_question,Selecting column with smallest value in pandas dataframe,"R,Python",2021,data_ai,data_ai,data_ai
stackoverflow_question,Memory leak when using readline in joined or detached thread,C,2022,testing_qa,testing_qa,testing_qa
stackoverflow_question,"Ansible variable is defined, yet default filter still gets processed",Python,2022,devops_cloud,devops_cloud,devops_cloud
stackoverflow_question,dataframe.str[start:stop] where start and stop are columns in same data frame,Python,2022,data_ai,data_ai,data_ai
stackoverflow_question,Remove content with parentheses under multiple conditions in Python,"R,Python",2021,data_ai,data_ai,data_ai
stackoverflow_question,What does explicitly-defaulted move constructor do?,"C++,C",2022,developer tools,developer tools,developer tools
stackoverflow_question,How to highlight a bar by datetime value with Altair,"R,Python",2020,data_ai,data_ai,data_ai
stackoverflow_question,How to save multi-layer PSD with Python/ImageMagick/Wand,"C,Python",2021,developer tools,developer tools,developer tools
stackoverflow_question,performance using loc vs simply using inside square brackets,Python,2021,developer tools,developer tools,developer tools
stackoverflow_question,Assert_called_once_with need to check if the instances in the call are with the same info,"C,Python",2021,testing_qa,testing_qa,testing_qa
stackoverflow_question,Python closest match between two string columns,Python,2022,data_ai,data_ai,data_ai
stackoverflow_question,Python pandas: Calculating time difference based on conditions,Python,2020,data_ai,data_ai,data_ai
stackoverflow_question,How do i find and replace characters in nested list using python?,"TypeScript,Python",2020,developer tools,developer tools,developer tools
stackoverflow_question,Unresolved overloaded function type when using QtConcurrent for QImage::fill,"C++,C",2020,embedded,embedded,embedded
stackoverflow_question,Idiomatic way to deserialise JSON to type based on string in Go,"R,Go",2022,data_ai,data_ai,data_ai
stackoverflow_question,Why WHILE loop is stopped as soon as one condition is satisfied?,Java,2021,developer tools,developer tools,developer tools
stackoverflow_question,Missing resource name in Code::Blocks and therefore FindResource doesn't work,"C++,C",2021,embedded,embedded,embedded
stackoverflow_question,julia vector of matrix or 3d Array,"C,R",2021,data_ai,data_ai,data_ai
stackoverflow_question,How to preserve the value of class properties,Python,2022,developer tools,developer tools,developer tools
stackoverflow_question,Pandas arrange rows based on duplicate values of selected column,"R,Python",2020,data_ai,data_ai,data_ai
stackoverflow_question,Identity non-English words in a column in pandas dataframe using Wordnet,"R,Python",2022,data_ai,data_ai,data_ai
stackoverflow_question,nil.to_s Produces a Frozen String?,"Ruby,R",2020,developer tools,developer tools,developer tools
stackoverflow_question,consul & connect undefined: freeport.GetOne,"C,Go",2022,web backend,web backend,web backend
stackoverflow_question,Artificially reducing CPU speed or number of cores,"C++,C",2020,embedded,embedded,embedded
stackoverflow_question,why is the sort function not sorting a struct?,C,2021,developer tools,developer tools,developer tools
stackoverflow_question,How to do vlookup without pandas using python script,Python,2021,data_ai,data_ai,data_ai
stackoverflow_question,std::filesystem::recursive_directory_iterator with consistent path separation?,"C++,C",2022,embedded,embedded,embedded
stackoverflow_question,How to add tags when uploading to S3 from pandas?,"C,Python",2022,data_ai,data_ai,data_ai
stackoverflow_question,localtime_r returns null for large number,"C++,C",2020,data_ai,data_ai,data_ai
stackoverflow_question,Reading and plotting HDF5(.h5) file and showing map for a specific latitude and longitude,Python,2022,data_ai,data_ai,data_ai
stackoverflow_question,How center button in layout,Python,2020,web frontend,web frontend,web frontend
stackoverflow_question,"How can we pull function definitions into a type class, instead of a reference",Haskell,2022,developer tools,developer tools,developer tools
stackoverflow_question,how to make a field of the class to be of the same type as parameter in constructor,Python,2020,developer tools,developer tools,developer tools
stackoverflow_question,Aggregating values in a list by multiple group by and calculating percentage of distribution in java 8,"R,Java",2022,data_ai,data_ai,data_ai
stackoverflow_question,for loop doesn't run with the rest of the code,"C,R",2022,developer tools,developer tools,developer tools
stackoverflow_question,How could I put a function containing multiple parameters into hashmap value in Java?,Java,2022,developer tools,developer tools,developer tools
stackoverflow_question,Passing the const-qualified object to the 'std::move',"C++,C",2021,embedded,embedded,embedded
stackoverflow_question,Alpha vantage API Not working for NSE while the same query is giving output for foreign stocks,"C,PHP",2020,data_ai,data_ai,data_ai
stackoverflow_question,Removing indexes to match array dimensions,"R,Python",2021,data_ai,data_ai,data_ai
stackoverflow_question,Pandas Dataframe - possible to remove list formatting from values inside?,"R,Python",2020,data_ai,data_ai,data_ai
stackoverflow_question,How to split a text file in multiple files?,"R,Python",2022,developer tools,developer tools,developer tools
stackoverflow_question,Convert English date in French language,"C,PHP",2021,data_ai,data_ai,data_ai
stackoverflow_question,`numpy.random.normal` generates different numbers on different systems,"R,Python",2022,data_ai,data_ai,data_ai
stackoverflow_question,Mock a class initialised by a static method,"C,Java",2020,developer tools,developer tools,developer tools
stackoverflow_question,vectorize a loop using numpy,Python,2020,data_ai,data_ai,data_ai
stackoverflow_question,Python list in list with 2 strings,Python,2020,data_ai,data_ai,data_ai
stackoverflow_question,Converting Python array into 4-dimensional columns,Python,2022,data_ai,data_ai,data_ai
stackoverflow_question,Cannot deduce type of indirectly called template function,"C++,C",2021,developer tools,developer tools,developer tools
stackoverflow_question,"Dropping max value in list, keeping duplicates","C,Python",2021,data_ai,data_ai,data_ai
stackoverflow_question,How to change width of a plot while zooming with tkinter toolbar,"R,Python",2020,embedded,embedded,embedded
stackoverflow_question,TM4C123G launchpad: How to modify one pin (e.g. PE1) without knowing its GPIO and its position in the byte,"C,R",2022,embedded,embedded,embedded
stackoverflow_question,Mock a function passed as default parameter,"C,Python",2020,developer tools,developer tools,developer tools
stackoverflow_question,How to hide grid lines in VS2019 XAML designer (UWP)?,"C,C#",2021,mobile,mobile,mobile
stackoverflow_question,Python type annotations with TypeVar that excludes types,Python,2020,data_ai,data_ai,data_ai
stackoverflow_question,How to pass an enum case into a function that uses 'if case' to check for a property's case,Swift,2021,developer tools,developer tools,developer tools
stackoverflow_question,How to handle formatting a regular string which could be a f-string [C0209],"R,Python",2021,developer tools,developer tools,developer tools
stackoverflow_question,Any disadvantage to creating a class which uses methods which return a Task<T> but are synchronous methods over methods returning T,"C,C#",2021,developer tools,developer tools,developer tools
stackoverflow_question,ClosedXml.Excel HasDuplicates Extension Method Missing following Upgrade,"C,C#",2021,developer tools,developer tools,developer tools
stackoverflow_question,"In Pandas, how to merge multiple CSV files with a unnamed date index",Python,2021,data_ai,data_ai,data_ai
stackoverflow_question,Comparing two datetime columns in data frame and return a flag,"R,Python",2020,data_ai,data_ai,data_ai
stackoverflow_question,CsvHelper: Save Map values ​to a variable,"C,C#",2020,developer tools,developer tools,developer tools
stackoverflow_question,"When instanced rendering, using a transform vbo with glVertexAttribDivisor messes up glDrawElements","C++,C",2022,embedded,embedded,embedded
stackoverflow_question,How to flip a spritesheet in Bevy,"Rust,R",2020,game,game,game
stackoverflow_question,Combining 2 dataframes of different lengths by nearest observed datetime index,"R,Python",2022,data_ai,data_ai,data_ai
stackoverflow_question,Make multipart/form-data post requests with python,Python,2020,web backend,web backend,web backend
stackoverflow_question,How to get total RAM from Golang code on Mac?,"C,Go",2020,developer tools,developer tools,developer tools
stackoverflow_question,"What is ""new list<int>[V]; ""?","C++,C",2021,developer tools,developer tools,developer tools
stackoverflow_question,How to get second non null value per row in pandas,"C,Python",2020,data_ai,data_ai,data_ai
stackoverflow_question,What's the correct way to use scanf_s in using string arrays?,"C,R",2022,developer tools,developer tools,developer tools
stackoverflow_question,"c++: MyClass x(1,2,3) vs MyClass x = MyClass(1,2,3)","C++,C",2022,embedded,embedded,embedded
stackoverflow_question,How can I get OPC UA node name in Eclipse Milo?,"C,Java",2021,iot,iot,iot
stackoverflow_question,C program abort() make the .exe access denied after termination,"C,R",2020,embedded,embedded,embedded
stackoverflow_question,Different results for same mathematical operations,Python,2020,data_ai,data_ai,data_ai
stackoverflow_question,"How to solve ""jupyter_client.kernelspec.NoSuchKernel: No such kernel named iqsharp"" in python?","C,Python",2020,data_ai,data_ai,data_ai
stackoverflow_question,Open Programms on Raspberry Pi using Python?,"R,Python",2021,iot,iot,iot
stackoverflow_question,How to add several graphs to a single tab using plotly express with python,"R,Python",2020,data_ai,data_ai,data_ai
stackoverflow_question,How to get a python dict value by using in his key in a dict within other dicts,Python,2021,data_ai,data_ai,data_ai
stackoverflow_question,Add an admin menu to wordpress without link,"R,PHP",2022,web frontend,web frontend,web frontend
stackoverflow_question,Reorganizing array elements in Python,Python,2022,data_ai,data_ai,data_ai
stackoverflow_question,Why do I need to create a struct and then a pointer to it's address?,"C,R",2021,embedded,embedded,embedded
stackoverflow_question,Default dict with a non-trivial default,"C,Python",2022,developer tools,developer tools,developer tools
stackoverflow_question,How to remove duplicate entries from array of arrays based on nested value?,"Ruby,R",2022,data_ai,data_ai,data_ai
stackoverflow_question,"GCC segfault caused by ""optimised out"" value in MATLAB MEX function","C,MATLAB",2020,embedded,embedded,embedded
stackoverflow_question,Two python datetime objects having the same timezone information are printed differently,Python,2021,data_ai,data_ai,data_ai
stackoverflow_question,How to convert string bytes to a PNG file?,Python,2021,data_ai,data_ai,data_ai
stackoverflow_question,Printing all permutations of n numbers,C,2022,developer tools,developer tools,developer tools
stackoverflow_question,"Dart - how to convert Map<String, dynamic> to Map<String, String>","R,Dart",2020,developer tools,developer tools,developer tools
stackoverflow_question,Merging ranked lists of tuples based on common id,Python,2021,data_ai,data_ai,data_ai
stackoverflow_question,Does strtoull always return a valid number or set errno?,"C,R",2021,testing_qa,testing_qa,testing_qa
stackoverflow_question,What happens inside std::cin in C++?,"C++,C",2021,embedded,embedded,embedded
stackoverflow_question,Are dict thread-safe with pypy?,Python,2020,data_ai,data_ai,data_ai
stackoverflow_question,Control the Bokeh xwheel_zoom tool using a Bokeh widget/callback,Python,2020,data_ai,data_ai,data_ai
stackoverflow_question,Why does a generic type class representing a Tree have A and B types?,"C,Scala",2020,developer tools,developer tools,developer tools
stackoverflow_question,fill missing data in pandas time series with data from the previous week(day) or day?,"R,Python",2021,data_ai,data_ai,data_ai
stackoverflow_question,Static function vs Static member functions C++,"C++,C",2020,embedded,embedded,embedded
stackoverflow_question,How to use multiple models in Keras model subclass API,"R,Python",2020,data_ai,data_ai,data_ai
stackoverflow_question,How to DisplayAlert in a .NET MAUI ViewModel,"C,C#",2022,mobile,mobile,mobile
stackoverflow_question,How do you simulate a right-click in Python?,Python,2020,developer tools,developer tools,developer tools
stackoverflow_question,problem with moving the humanoid through a touched event,"R,Lua",2021,embedded,embedded,embedded
stackoverflow_question,How would I put “\” in a string without the apostrophe in the front of it being cancelled out?,Lua,2021,developer tools,developer tools,developer tools
stackoverflow_question,Custom loss functions in Keras with penalty depending on the values ​of y_pred and y_true,"R,Python",2022,data_ai,data_ai,data_ai
stackoverflow_question,C++ class as namespace for static values,"C++,C",2022,embedded,embedded,embedded
stackoverflow_question,Azure File Storage using PHP,"R,PHP",2020,web backend,web backend,web backend
stackoverflow_question,Save PIL image to a SFTP folder (PNG or PDF) using Paramiko,"R,Python",2022,devops_cloud,devops_cloud,devops_cloud
stackoverflow_question,How can I communicate with another agent (anylogic) within certain vision angle?,"C,Java",2020,iot,iot,iot
stackoverflow_question,Problem with Boehm gc and mutli-thread program,"C,R",2020,embedded,embedded,embedded
stackoverflow_question,C++20-ranges: reuse of a filter view,"C++,C",2021,embedded,embedded,embedded
stackoverflow_question,Pandas merging connected groups from multiple columns,"R,Python",2022,data_ai,data_ai,data_ai
stackoverflow_question,Reading tuple data from file with varying types,Python,2022,data_ai,data_ai,data_ai
stackoverflow_question,Polars DataFrame memory size in Python,"R,Python",2022,data_ai,data_ai,data_ai
stackoverflow_question,How to tweak my code to get this smoother/fatter distance map using cv2.distanceTransform?,"C,Python",2022,data_ai,data_ai,data_ai
stackoverflow_question,how to detect pairs of array using python,Python,2021,data_ai,data_ai,data_ai
stackoverflow_question,Running exe in VSCode produces no output,"C++,C",2020,developer tools,developer tools,developer tools
stackoverflow_question,Fetch all scheduled messages from a telegram group using the telethon library,Python,2020,web backend,web backend,web backend
stackoverflow_question,How to sort x-axis label and legends in python plotly express?,Python,2022,data_ai,data_ai,data_ai
stackoverflow_question,How to find duplicate elements in a Stream in Java,Java,2021,data_ai,data_ai,data_ai
stackoverflow_question,"C: Is accessing initial member of nested struct using pointer cast to ""outer"" struct type defined?","C,R",2021,embedded,embedded,embedded
stackoverflow_question,is there any way to block read when reached end of file util there is new data write to file in java,Java,2020,developer tools,developer tools,developer tools
stackoverflow_question,How to add data to Map copying existing values based on List of identifiers,Kotlin,2021,data_ai,data_ai,data_ai
stackoverflow_question,Saving a file in FILES,"C,C#",2021,developer tools,developer tools,developer tools
stackoverflow_question,"Pandas Full Name Split into First , Middle and Last Names",Python,2022,data_ai,data_ai,data_ai
stackoverflow_question,Zipped lists in Python are being sorted incorrectly,"R,Python",2021,data_ai,data_ai,data_ai
stackoverflow_question,What is the swift way of converting this string into PGN notation?,Swift,2020,data_ai,data_ai,data_ai
stackoverflow_question,"Rust: access line in file by index, or is there another way to compare two lines","Rust,R",2021,embedded,embedded,embedded
stackoverflow_question,RabbitMQ (MQTT) how to send answer message from consumer to publisher?,"R,Python",2022,data_ai,data_ai,data_ai
stackoverflow_question,Minimal pyhf example failing with 'Inequality constraints incompatible',"C,Python",2020,data_ai,data_ai,data_ai
stackoverflow_question,How to send multiple emails using EmailOperator in Airflow,"R,Python",2022,devops_cloud,devops_cloud,devops_cloud
stackoverflow_question,How do I get all items with which a user was in contact?,"R,Python",2020,data_ai,data_ai,data_ai
stackoverflow_question,How to create candlestick chart with data that came from yahoo finance?,"C,Python",2022,data_ai,data_ai,data_ai
stackoverflow_question,Java8 variable in for loop,"R,Java",2020,developer tools,developer tools,developer tools
stackoverflow_question,"Programmatically changing SQL query and mapping, generating by JPA/Hibernate","R,Java",2021,web backend,web backend,web backend
stackoverflow_question,The rationale of `functools.partial` behavior,"C,Python",2022,developer tools,developer tools,developer tools
stackoverflow_question,When do we casually move out to the pointer region is safe in C?,"C,R",2021,embedded,embedded,embedded
stackoverflow_question,Random numbers in an array without duplicates,"R,Java",2021,data_ai,data_ai,data_ai
stackoverflow_question,How to fix extra comma column offset CSV using Pandas?,"C,Python",2021,data_ai,data_ai,data_ai
stackoverflow_question,string.punctuation not working as expected in python,"R,Python",2022,developer tools,developer tools,developer tools
stackoverflow_question,I made a python script to easily find a square root but I can't stop it,"R,Python",2021,developer tools,developer tools,developer tools
stackoverflow_question,Java redundant code 4 times same stuff with different getter and setters,Java,2022,web backend,web backend,web backend
stackoverflow_question,Set tkinter filedialog to open only executable files,"R,Python",2020,embedded,embedded,embedded
stackoverflow_question,"How to extract the value of a pandas dataframe cell, located two cells below the current position?","R,Python",2022,data_ai,data_ai,data_ai
stackoverflow_question,Haskell function incompatible type and definition,Haskell,2022,developer tools,developer tools,developer tools
stackoverflow_question,Modifying axis labels for pandas bar plot,Python,2020,data_ai,data_ai,data_ai
stackoverflow_question,use tkinter to keybind functions without having focus,"R,Python",2021,embedded,embedded,embedded
stackoverflow_question,How can I use the column_name of a dataframe as a value on the rows?,"R,Python",2020,data_ai,data_ai,data_ai
stackoverflow_question,Pick a balance number of odd and even numbers in python,"R,Python",2022,data_ai,data_ai,data_ai
stackoverflow_question,Where does VS Code function signature IntelliSense come from for Python?,"C,Python",2022,developer tools,developer tools,developer tools
stackoverflow_question,Using template on a QWidget constructor,"C++,C",2021,embedded,embedded,embedded
stackoverflow_question,Practical purpose of the null-coalescing assignment operator in C#?,"C,C#",2020,developer tools,developer tools,developer tools
stackoverflow_question,How to read a column header with a line break into Pandas?,Python,2020,data_ai,data_ai,data_ai
stackoverflow_question,What does this mean: a pointer to void will never be equal to another pointer?,"C,R",2021,developer tools,developer tools,developer tools
stackoverflow_question,"Searching a text file to find all the words that ends with ""ing"" using java",Java,2021,developer tools,developer tools,developer tools
stackoverflow_question,The name does not exist in the current context when using an if statement,"C,C#",2020,developer tools,developer tools,developer tools
stackoverflow_question,Scala 3 - Extract Tuple of wrappers and InverseMap on First Order Type,"C,Scala",2020,data_ai,data_ai,data_ai
stackoverflow_question,map_partitions runs twice when storing dask dataframe in parquet and records are counted,"R,Python",2022,data_ai,data_ai,data_ai
stackoverflow_question,"Need some help about ""swap"" function in c++","C++,C",2021,embedded,embedded,embedded
stackoverflow_question,"Why does float('inf') == float('inf') return True, but float('inf') - float('inf') == float('inf') returns False?",Python,2022,data_ai,data_ai,data_ai
stackoverflow_question,Python: take unique dates in dataframe,"R,Python",2022,data_ai,data_ai,data_ai
stackoverflow_question,Passing struct array to function and calculating average in C?,"C,R",2020,embedded,embedded,embedded
stackoverflow_question,Why is my programming printing out 1 statement twice and not following execution order?,C,2021,developer tools,developer tools,developer tools
stackoverflow_question,How to release a struct that wasn't called with malloc?,"C,R",2021,embedded,embedded,embedded
stackoverflow_question,What is the effect of adding an index when using range(len(x)) in a for loop in Python? e.g. range(len(x[0]),"R,Python",2020,developer tools,developer tools,developer tools
stackoverflow_question,Room insert into one-to-many relationship,"R,Kotlin",2021,data_ai,data_ai,data_ai
stackoverflow_question,How to store class object having string in binary file?,"C++,C",2021,developer tools,developer tools,developer tools
stackoverflow_question,"python string format with negative sign for negative number, but space for positive number",Python,2020,developer tools,developer tools,developer tools
stackoverflow_question,How to extract two values from each classes to put it in the testing set?,"R,Python",2020,testing_qa,testing_qa,testing_qa
stackoverflow_question,Copying a Public key Mod from an Intel SGX Enclave to Untrusted area,"C++,C",2022,security,security,security
stackoverflow_question,My toy language's evaluator won't type check,Haskell,2022,developer tools,developer tools,developer tools
stackoverflow_question,Julia - Speed up String to Date or DateTime conversion,"C,R",2021,data_ai,data_ai,data_ai
stackoverflow_question,Couldn't match expected type ‘Request’ with actual type ‘[Char]’,"C,Haskell",2021,developer tools,developer tools,developer tools
stackoverflow_question,sum of squares (4 values shaping a square) within a 2d numpy array. Python,Python,2021,data_ai,data_ai,data_ai
stackoverflow_question,leetcode 110. Balanced Binary Tree，Problems with balanced tree code,"C,R",2022,data_ai,data_ai,data_ai
stackoverflow_question,Freeing copies to allocated memory (by getline() function),C,2021,embedded,embedded,embedded
stackoverflow_question,How do I use fscanf to read file to initialize values in C?,C,2021,embedded,embedded,embedded
stackoverflow_question,How can i get color of the cell if it's haven't got value? (NPOI),"C,C#",2020,developer tools,developer tools,developer tools
stackoverflow_question,How to count the frequency of characters in a string in a row?,"R,Python",2020,developer tools,developer tools,developer tools
stackoverflow_question,How to expand a column and merge with another dataframe by these columns?,Python,2022,data_ai,data_ai,data_ai
stackoverflow_question,convert unix timestamp string to readable date using pandas libraries,Python,2021,data_ai,data_ai,data_ai
stackoverflow_question,How to add already created figures to a subplot figure,Python,2022,developer tools,developer tools,developer tools
stackoverflow_question,How can I write pyhton code that prints number of words in a file that do not contain each letter of the alphabet?,Python,2020,data_ai,data_ai,data_ai
stackoverflow_question,What does `impl ... for` mean?,"Rust,R",2021,developer tools,developer tools,developer tools
stackoverflow_question,Get indicator column when using df.join(),"R,Python",2021,data_ai,data_ai,data_ai
stackoverflow_question,how to call overloaded function in the same version of another in c++,"C++,C",2022,developer tools,developer tools,developer tools
stackoverflow_question,What is the regs() equivalent in Elixir?,"R,Elixir",2020,developer tools,developer tools,developer tools
stackoverflow_question,Netbeans on MacOS X Big Sur no JDK Found,"C,Java",2020,developer tools,developer tools,developer tools
stackoverflow_question,How can i create Path space markup element in Anylogic via Code,"C,Java",2020,embedded,embedded,embedded
stackoverflow_question,Using postfix/suffix operator in an assignment,C,2021,developer tools,developer tools,developer tools
stackoverflow_question,How to split a string by a certain string?,"R,Java",2021,developer tools,developer tools,developer tools
stackoverflow_question,Pandas DataFrame group by consecutive same values on multiple columns,"R,Python",2022,data_ai,data_ai,data_ai
stackoverflow_question,characters in c and c++,"C++,C",2021,embedded,embedded,embedded
stackoverflow_question,Is there any advantage to passing a pointer to an array to a function?,"C,R",2020,embedded,embedded,embedded
stackoverflow_question,Setting center of borderpane form another controller class,"R,Java",2022,embedded,embedded,embedded
stackoverflow_question,Include paths in C++ CMake project,"C++,C",2020,embedded,embedded,embedded
stackoverflow_question,Slim Framework remove public folder in URL,"C,PHP",2021,web backend,web backend,web backend
stackoverflow_question,How to place variadic template arguments into an array?,"C++,C",2022,developer tools,developer tools,developer tools
stackoverflow_question,Why the derivative of an unknown function is 1 in SymPy,"R,Python",2021,data_ai,data_ai,data_ai
stackoverflow_question,Is there a python function for cumulative probability,"R,Python",2020,data_ai,data_ai,data_ai
stackoverflow_question,How to merge 2 rows into 1 row pandas,"R,Python",2020,data_ai,data_ai,data_ai
stackoverflow_question,What is difference between Init-Only and ReadOnly in C# 9?,"C,C#",2020,developer tools,developer tools,developer tools
stackoverflow_question,How can I remove or update a private tag using fo-DICOM?,"C,C#",2020,data_ai,data_ai,data_ai
stackoverflow_question,Pandas DataFrame update cell values from second DataFrame,"R,Python",2022,data_ai,data_ai,data_ai
stackoverflow_question,Time Complexity of Split AVL Tree Function,"C,R",2022,data_ai,data_ai,data_ai
stackoverflow_question,Matplotlib - Why is my quiver plot always off?,"R,Python",2021,data_ai,data_ai,data_ai
stackoverflow_question,Relimit pyplot.psd y-axis plot based on frequency range,Python,2020,data_ai,data_ai,data_ai
stackoverflow_question,"Downloading 1000s of images using php , how to bypass blank images",PHP,2022,web backend,web backend,web backend
stackoverflow_question,Resetting array index when reaching the last index,Java,2020,developer tools,developer tools,developer tools
stackoverflow_question,How to extract a subset of dataframe based on the last occurence of a string in a column in pandas?,"R,Python",2021,data_ai,data_ai,data_ai
stackoverflow_question,PHP 8.0 how to append strings to unknown SESSION variables in a clean concise way without Warnings,PHP,2022,web backend,web backend,web backend
stackoverflow_question,Getting Text value from element using beautifulsoup in Python,Python,2021,data_ai,data_ai,data_ai
stackoverflow_question,How to run a function using a function pointer that located in a struct? (C),"C,R",2021,embedded,embedded,embedded
stackoverflow_question,Python: extract column from pandas pivot,"R,Python",2022,data_ai,data_ai,data_ai
stackoverflow_question,"PDF issue with fonts in adobe, after using overlays in PDFBox",Java,2021,testing_qa,testing_qa,testing_qa
stackoverflow_question,How to create a library without headers?,"C++,C",2021,developer tools,developer tools,developer tools
stackoverflow_question,Scala split large class into multiple files,"C,Scala",2022,developer tools,developer tools,developer tools
stackoverflow_question,SFINAE not telling correctly whether a method exists,"C++,C",2021,developer tools,developer tools,developer tools
stackoverflow_question,Iterating through elements in a list from different index positions,"R,Python",2021,developer tools,developer tools,developer tools
stackoverflow_question,Run a python code with arguments from Julia terminal,"C,Python",2021,developer tools,developer tools,developer tools
stackoverflow_question,How to get whole all array from observed publishers each time?,"C,Swift",2022,data_ai,data_ai,data_ai
stackoverflow_question,Different behavior of lambdas for Runnables created,"R,Java",2020,developer tools,developer tools,developer tools
stackoverflow_question,How to convert a string of utf-8 bytes into a unicode emoji in python,"C,Python",2022,data_ai,data_ai,data_ai
stackoverflow_question,Why does GCP Cloud Functions log two blank lines?,"C,Go",2022,devops_cloud,devops_cloud,devops_cloud
stackoverflow_question,"PHP Zipped contents appearing in ""_"" underscore directory",PHP,2021,web backend,web backend,web backend
stackoverflow_question,Crash when HTTP content length is very large,"C++,C",2022,testing_qa,testing_qa,testing_qa
stackoverflow_question,Is it possible to run reduce on a stream in elixir?,"R,Elixir",2021,data_ai,data_ai,data_ai
stackoverflow_question,How to limit first level comments in Praw Reddit?,"R,Python",2020,developer tools,developer tools,developer tools
stackoverflow_question,Array of permutations without Python for-loop,"R,Python",2022,developer tools,developer tools,developer tools
stackoverflow_question,Displaying a rectangle under a click condition in Pygame,Python,2020,game,game,game
stackoverflow_question,How to test UIFontMetrics UIFont.TextStyle in XCTest,"C,Swift",2020,testing_qa,testing_qa,testing_qa
stackoverflow_question,Python extract data and create data,Python,2021,data_ai,data_ai,data_ai
stackoverflow_question,Can't tell what's wrong with a simple swap of list elements,Python,2021,developer tools,developer tools,developer tools
stackoverflow_question,Plot window is blank for both GR and Plotly,R,2022,testing_qa,testing_qa,testing_qa
stackoverflow_question,"Make sf::Shape a parameter type, SFML","C++,C",2021,embedded,embedded,embedded
stackoverflow_question,What is alpha in ridge regression?,Python,2020,data_ai,data_ai,data_ai
stackoverflow_question,accessing robot variables inside custom functions,"R,Python",2020,embedded,embedded,embedded
stackoverflow_question,Translating python2 itertools.izip to python3 zip,Python,2021,developer tools,developer tools,developer tools
stackoverflow_question,How to rotate an overlayed image in folium?,"R,Python",2022,web frontend,web frontend,web frontend
stackoverflow_question,How to left rotate bits of an Integer,"Ruby,R",2020,embedded,embedded,embedded
stackoverflow_question,"Unit testing: verifying a method was called, with an object created inside the tested method as parameter","C,C#",2020,testing_qa,testing_qa,testing_qa
stackoverflow_question,Swift: The simpliest way to load a local png/jpg image file to a UInt8/UInt16 array? And write such array back to an image file?,"C,Swift",2022,embedded,embedded,embedded
stackoverflow_question,Can we use a class as method,Kotlin,2020,developer tools,developer tools,developer tools
stackoverflow_question,Double click when clicking once pynput,Python,2020,developer tools,developer tools,developer tools
stackoverflow_question,C#: Custom time zone format strings,"C,C#",2021,developer tools,developer tools,developer tools
stackoverflow_question,My Bar Plot is not showing bars for all the data values,Python,2020,data_ai,data_ai,data_ai
stackoverflow_question,How can i store a line by line user input as an integer list in Haskell?,"R,Haskell",2021,developer tools,developer tools,developer tools
stackoverflow_question,"Why am I getting ""uninitialized local variable 'guess' used"" even though I'm doing exactly the same thing the teacher is doing?",C,2021,developer tools,developer tools,developer tools
stackoverflow_question,What is the safest cross-platform way to get the low byte or the high byte of a 16-bit integer?,"C,R",2021,embedded,embedded,embedded
stackoverflow_question,Why is Rust's .expect() called expect?,"Rust,R",2021,developer tools,developer tools,developer tools
stackoverflow_question,Stacking select columns as rows in pandas dataframe,"R,Python",2020,data_ai,data_ai,data_ai
stackoverflow_question,Ninja forms - how to show submitted data to the user on thank you page?,"R,PHP",2021,web frontend,web frontend,web frontend
stackoverflow_question,How to use scipy.optimize.fmin with a vector instead of a scalar,"C,Python",2020,data_ai,data_ai,data_ai
stackoverflow_question,In python convert SVG to PNG while resizing and increasing quality,"R,Python",2021,data_ai,data_ai,data_ai
stackoverflow_question,GIT : Run dos2unix commands only on modified files using git status command,Java,2020,developer tools,developer tools,developer tools
stackoverflow_question,Excluding README section from godoc for Github project,"C,Go",2021,developer tools,developer tools,developer tools
stackoverflow_question,How to check whether a type is directly derived from another type?,"C++,C",2021,developer tools,developer tools,developer tools
stackoverflow_question,how to make my python project as a software in ubuntu,"R,Python",2020,developer tools,developer tools,developer tools
stackoverflow_question,How to convert a growing recursive math function to code?,"C,C#",2021,developer tools,developer tools,developer tools
stackoverflow_question,How to insert space in URL based off user input,Swift,2022,web frontend,web frontend,web frontend
stackoverflow_question,"Pandas - Merge 2 dataframes, only with columns from the first dataframe as output","R,Python",2021,data_ai,data_ai,data_ai
stackoverflow_question,"Vim Airline interpreting .h files as cpp, not c","C,R",2021,embedded,embedded,embedded
stackoverflow_question,"Use of the term ""context"" in .Net Core","C,C#",2020,web backend,web backend,web backend
stackoverflow_question,"In Java, I need the user to enter five integers then show the average. How do I get the 5th integer included in the sum without typing a 6th entry?",Java,2020,developer tools,developer tools,developer tools
stackoverflow_question,How to append tuples from for loop to list,Python,2022,developer tools,developer tools,developer tools
stackoverflow_question,How to calculate the sum of all digits?,"R,Python",2021,data_ai,data_ai,data_ai
stackoverflow_question,Make difference between copy and direct initialization,"C++,C",2022,developer tools,developer tools,developer tools
stackoverflow_question,Custom scientific axis unit for a bar plot with log scale x-axis,Python,2020,data_ai,data_ai,data_ai
stackoverflow_question,Is there a function in python to replace characters in a string and vice-versa?,Python,2021,developer tools,developer tools,developer tools
stackoverflow_question,"Programming in Python, tab completion in spacemacs not right","C,Python",2020,developer tools,developer tools,developer tools
stackoverflow_question,Trying to grab data using an id in one dataframe in another seperate dataframe that do not posses the same column name,"R,Python",2021,data_ai,data_ai,data_ai
stackoverflow_question,What is calling void(); doing?,"C++,C",2020,developer tools,developer tools,developer tools
stackoverflow_question,Handle a signal in the foreground in Go,"R,Go",2022,embedded,embedded,embedded
stackoverflow_question,Using static classes or not in an object that has many instances for memory/performance benefit?,"C,C#",2020,embedded,embedded,embedded
stackoverflow_question,How to fill matplotlib polygon regardless of point order?,"Go,Python",2021,developer tools,developer tools,developer tools
stackoverflow_question,Way to produce a table in pandas given a formula and zeros,"R,Python",2021,data_ai,data_ai,data_ai
stackoverflow_question,Additional functionalities of datetime subclass is lost when inserted into pandas dataframe,"R,Python",2021,data_ai,data_ai,data_ai
stackoverflow_question,How to share video when video is downloaded and store in core data,Swift,2022,mobile,mobile,mobile
stackoverflow_question,Overwrite text file but not from The start,Python,2021,embedded,embedded,embedded
stackoverflow_question,How to add the Legend labels as barplot annotations,Python,2020,data_ai,data_ai,data_ai
stackoverflow_question,Don't understand keras double parentheses syntax,"R,Python",2020,data_ai,data_ai,data_ai
stackoverflow_question,How to add noexcept specifier to already defined function type?,"C++,C",2021,developer tools,developer tools,developer tools
stackoverflow_question,"Problem with C pointers ""invalid parameter""?","C,R",2020,embedded,embedded,embedded
stackoverflow_question,Pandas melt dataframe while separating value columns,Python,2022,data_ai,data_ai,data_ai
stackoverflow_question,How to get shape (dimensions) of an Eigen matrix?,"C++,C",2021,data_ai,data_ai,data_ai
stackoverflow_question,"How to implement in python given two coroutine, keep run one until the other finished","C,Python",2021,developer tools,developer tools,developer tools
stackoverflow_question,Serde Conditional Deserialization for Binary Formats (Versioning),"Rust,R",2022,embedded,embedded,embedded
stackoverflow_question,Java Swing GridLayout Change Grid Sizes,"R,Java",2022,embedded,embedded,embedded
stackoverflow_question,Java program to keep track of team score,Java,2020,embedded,embedded,embedded
stackoverflow_question,smarty registerPlugin doesn't work correctly,"R,PHP",2022,developer tools,developer tools,developer tools
stackoverflow_question,Pythonic way of searching through a sorted list,Python,2022,data_ai,data_ai,data_ai
stackoverflow_question,Use period_range to generate new rows in Pandas DataFrame,"R,Python",2021,data_ai,data_ai,data_ai
stackoverflow_question,IPv4 link-local multicast not transmitted over multiple network interfaces,"C,Java",2022,networking,networking,networking
stackoverflow_question,Instagram Authorization Page Redirect is Endlessly Reloading My Web Page,"R,PHP",2021,web frontend,web frontend,web frontend
stackoverflow_question,"Sample every nth element of numpy array, repeat by moving start index m times","R,Python",2022,data_ai,data_ai,data_ai
stackoverflow_question,Type hint for Callable that takes kwargs,Python,2021,developer tools,developer tools,developer tools
stackoverflow_question,tf.gather_nd to get values of 2d array from 1d array of indices,"R,Python",2020,data_ai,data_ai,data_ai
stackoverflow_question,How to select multiple columns after applying group by a column,Python,2022,data_ai,data_ai,data_ai
stackoverflow_question,How to ignore test files(_test.go) using go/analysis?,Go,2021,testing_qa,testing_qa,testing_qa
stackoverflow_question,How does for loop implement into_iter,"Rust,R",2022,developer tools,developer tools,developer tools
stackoverflow_question,Using lists with re (Or how to delete a substring between a list of possible codons),"R,Python",2021,data_ai,data_ai,data_ai
stackoverflow_question,why when the x and y size are not the same the grid is not showing properly,Python,2021,web frontend,web frontend,web frontend
stackoverflow_question,App icon not showing up despite app running successfully,"R,Java",2021,mobile,mobile,mobile
stackoverflow_question,Which python static checker can catch 'forgotten await' problems?,Python,2020,data_ai,data_ai,data_ai
stackoverflow_question,confused with the fowarding reference,"C++,C",2022,developer tools,developer tools,developer tools
stackoverflow_question,Why do my variables keep going back to 0 and why do my variables look different on the screen then in reality?,"C,C#",2022,testing_qa,testing_qa,testing_qa
stackoverflow_question,Generate tiles in piano tiles consecutively in pygame,Python,2021,game,game,game
stackoverflow_question,Getting data from .txt file and sort it into a list,Python,2020,data_ai,data_ai,data_ai
stackoverflow_question,how to split a javascript returned String object in java,"R,Java",2020,web frontend,web frontend,web frontend
stackoverflow_question,Specify colors in a Gadfly (Julia) boxplot,"C,R",2022,data_ai,data_ai,data_ai
stackoverflow_question,Pandas join multine row text,"R,Python",2020,data_ai,data_ai,data_ai
stackoverflow_question,Make Python Script to read modify and write TSV file efficient,"C,Python",2022,data_ai,data_ai,data_ai
stackoverflow_question,Use updateMenu to change color or marker Ploty px.scatter_matrix,Python,2021,web frontend,web frontend,web frontend
stackoverflow_question,CuPY: Not seeing kernel concurrency,"C,Python",2020,embedded,embedded,embedded
stackoverflow_question,Fyne List widget doesn't display items correctly,Go,2021,embedded,embedded,embedded
stackoverflow_question,Airflow web: Pass program arguments to DAG as an array or list,"R,Python",2022,web backend,web backend,web backend
stackoverflow_question,Function parameter with unknown value cannot be used in a constant expression,"C++,C",2020,developer tools,developer tools,developer tools
stackoverflow_question,Lombok doest not work in quarkus extension,"R,Java",2022,developer tools,developer tools,developer tools
stackoverflow_question,[Java]Struggling to put string in alphabetical order,"R,Java",2020,developer tools,developer tools,developer tools
stackoverflow_question,Finding header of CSV file with pandas,Python,2022,data_ai,data_ai,data_ai
stackoverflow_question,Instance variable of a static nested class vs static variable of an outer class,"C,Java",2021,developer tools,developer tools,developer tools
stackoverflow_question,Visual Studio SDL2.dll The code execution cannot proceed because SDL2.dll was not found,"C++,C",2022,embedded,embedded,embedded
stackoverflow_question,Can't change python interpreter from VS CODE Status Bar,"C,Python",2022,developer tools,developer tools,developer tools
stackoverflow_question,How to write Unit testing for Jooq Select Query in junit,"C,Java",2020,testing_qa,testing_qa,testing_qa
stackoverflow_question,Searching 1d array in 2d array in python,"R,Python",2021,data_ai,data_ai,data_ai
stackoverflow_question,Two-dimensional dynamic array pointer access,"C,R",2022,embedded,embedded,embedded
stackoverflow_question,Read and display all file bytes in C++,"C++,C",2020,embedded,embedded,embedded
stackoverflow_question,How to sort one list of lists using a custom conditional?,"R,Python",2021,developer tools,developer tools,developer tools
stackoverflow_question,C# pass a null value as a generic object rather than a type for overloaded methods,"C,C#",2022,developer tools,developer tools,developer tools
stackoverflow_question,Why do two distinct array literals equal each other in Swift?,Swift,2021,developer tools,developer tools,developer tools
stackoverflow_question,break values in pandas column into bins,Python,2021,data_ai,data_ai,data_ai
stackoverflow_question,convert arbitrarily-many columns into key-value pairs using python/pandas,"R,Python",2020,data_ai,data_ai,data_ai
stackoverflow_question,POST mywebsite/wp-admin/admin-ajax.php 400 (Bad Request),"R,PHP",2021,web backend,web backend,web backend
stackoverflow_question,Pandas: column with list of pairs,"R,Python",2022,data_ai,data_ai,data_ai
stackoverflow_question,How create extension function ifNullOrEmpty?,Kotlin,2022,developer tools,developer tools,developer tools
stackoverflow_question,How can i count numbers greater than 0 in a part of colums row wise in a dataframe and save it in a column,Python,2020,data_ai,data_ai,data_ai
stackoverflow_question,Why does Weld need a AnnotationLiteral instead just of the Annotation class?,"C,Java",2020,developer tools,developer tools,developer tools
stackoverflow_question,OSGI bundle osgi.command.function run more than one function,Java,2020,embedded,embedded,embedded
stackoverflow_question,python create a column with day and month together,"R,Python",2022,data_ai,data_ai,data_ai
stackoverflow_question,Merge three Pandas dataframe between datetime and adding corresponding columns,"R,Python",2021,data_ai,data_ai,data_ai
stackoverflow_question,How to replace values in numpy matrix columns with values from another array?,Python,2022,data_ai,data_ai,data_ai
stackoverflow_question,Settings.bundle/Root.plist in .Net MAUI,"C,C#",2022,embedded,embedded,embedded
stackoverflow_question,How do I create a year dummy variable from two date variables as a range in Python?,"R,Python",2022,data_ai,data_ai,data_ai
stackoverflow_question,"Are string functions like strlen, strcpy, strcat really old and bad?","C++,C",2021,developer tools,developer tools,developer tools
stackoverflow_question,How to patch an object's attributes with `side_effect`,"C,Python",2022,testing_qa,testing_qa,testing_qa
stackoverflow_question,How to convert a list of &str into a list of static &str?,"Rust,R",2020,developer tools,developer tools,developer tools
stackoverflow_question,Using strcat results in an empty string,"C,R",2021,developer tools,developer tools,developer tools
stackoverflow_question,How can I sum a list of tuples in Haskell?,Haskell,2020,developer tools,developer tools,developer tools
stackoverflow_question,How can I retrieve an Excel IRibbonUI instance in Python using win32com?,"C,Python",2022,developer tools,developer tools,developer tools
stackoverflow_question,Numpy - Map data to a matrix based on index location,"R,Python",2022,data_ai,data_ai,data_ai
stackoverflow_question,Capture first image from h.264 video streaming using websocket - Python,"C,Python",2022,embedded,embedded,embedded
stackoverflow_question,Set ObjectName and then call it in a function,Python,2020,developer tools,developer tools,developer tools
stackoverflow_question,Java - traverse through folders and do something if intended folder is present,Java,2022,web backend,web backend,web backend
stackoverflow_question,take IO output to another pure Haskell-function,Haskell,2021,embedded,embedded,embedded
stackoverflow_question,How to thread-safe update loadingcache value guava map,Java,2021,developer tools,developer tools,developer tools
stackoverflow_question,How to turn 3d array into 2d array with labels based on the 3rd dimension?,"R,Python",2022,data_ai,data_ai,data_ai
stackoverflow_question,Accessing AWS service from a program calling aws cli,"C,Go",2022,devops_cloud,devops_cloud,devops_cloud
stackoverflow_question,how python interpreter treats the position of the function definition having default parameter,Python,2020,data_ai,data_ai,data_ai
stackoverflow_question,Create a new column as a count of the Pandas DataFrame,"R,Python",2020,data_ai,data_ai,data_ai
stackoverflow_question,Python MSS Screen Capture target specific windows,Python,2021,embedded,embedded,embedded
stackoverflow_question,What is the fastest way to do inverse multi-hot encoding in pandas?,Python,2020,data_ai,data_ai,data_ai
stackoverflow_question,How can I make my Sprite launch an object towards the mouse position?,Python,2020,game,game,game
stackoverflow_question,"Layer weight shape (1, 1) not compatible with provided weight shape (1,) for keras model","R,Python",2020,data_ai,data_ai,data_ai
stackoverflow_question,Capturing presence of NAs in a new column for numeric columns,Python,2020,data_ai,data_ai,data_ai
stackoverflow_question,Pandas pivot or reshape dataframe with NaN,"R,Python",2020,data_ai,data_ai,data_ai
stackoverflow_question,Tensorflow Hub shape not defined,"R,Python",2020,data_ai,data_ai,data_ai
stackoverflow_question,trying to trim and lowercase my String in rust,"Rust,R",2022,developer tools,developer tools,developer tools
stackoverflow_question,Interrupt system calls on multiple threads,C,2021,embedded,embedded,embedded
stackoverflow_question,extend item then remove item in nested list in python,Python,2020,developer tools,developer tools,developer tools
stackoverflow_question,how to click a button if another element contains a text,"R,Python",2022,web frontend,web frontend,web frontend
stackoverflow_question,How to create a non-blocking generator to read a file?,"C,Python",2020,web backend,web backend,web backend
stackoverflow_question,"Why does snprintf() take a size_t size limit, but returns an int number of chars printed?","C,R",2022,developer tools,developer tools,developer tools
stackoverflow_question,PHP - unzip / open returns integer,PHP,2021,web backend,web backend,web backend
stackoverflow_question,A class has incomplete type,"C++,C",2022,developer tools,developer tools,developer tools
stackoverflow_question,Updating php script one time per day,"C,PHP",2021,web backend,web backend,web backend
stackoverflow_question,How to Write a Swift Function That Contains 2 Closures,Swift,2020,mobile,mobile,mobile
stackoverflow_question,"List *next pointer isn't pointing to another node, returning 3221226356",C,2021,embedded,embedded,embedded
stackoverflow_question,What is the nature of accumulating/iterating recursively and IO operations within a function of type 'IO a'?,Haskell,2022,data_ai,data_ai,data_ai
stackoverflow_question,Slice Operators | Catching the 2nd element in every sub list | Python,"C,Python",2021,data_ai,data_ai,data_ai
stackoverflow_question,How to set year if numberOfSchools equal to 0? (C# LINQ),"C,C#",2022,developer tools,developer tools,developer tools
stackoverflow_question,How to save CNTK model as ONNX in C#,"C,C#",2021,data_ai,data_ai,data_ai
stackoverflow_question,How to access files in folder with same string in file name in python?,"R,Python",2022,developer tools,developer tools,developer tools
stackoverflow_question,How to multi-thread two counters in Java?,"R,Java",2020,developer tools,developer tools,developer tools
stackoverflow_question,Future trait not implemented when using Warp’s and_then,"Rust,R",2020,developer tools,developer tools,developer tools
stackoverflow_question,Getting the means and sum of columns of a dataframe on the basis of randomly selected bins,"R,Python",2020,data_ai,data_ai,data_ai
stackoverflow_question,Is asReversed() essentially reversed() for List in Kotlin?,"C,Kotlin",2020,developer tools,developer tools,developer tools
stackoverflow_question,Update PyVista plotter with new scalars,Python,2021,web frontend,web frontend,web frontend
stackoverflow_question,Pandas groupby and count unique value of column,"R,Python",2020,data_ai,data_ai,data_ai
stackoverflow_question,How to Optimise my code that computes the sum of all from less than 2 million,"C,R",2022,data_ai,data_ai,data_ai
stackoverflow_question,"Can this code be further reduce , maybe without variable ""k"" (in this example)",Java,2020,developer tools,developer tools,developer tools
stackoverflow_question,JOOQ - Join on condition or not exit,"SQL,Java",2021,developer tools,developer tools,developer tools
stackoverflow_question,Python - While Loop not ending,Python,2022,developer tools,developer tools,developer tools
stackoverflow_question,Make PHP7 and PHP 8 live together,PHP,2021,web backend,web backend,web backend
stackoverflow_question,only keep rows with values greater than something,"R,Python",2020,data_ai,data_ai,data_ai
stackoverflow_question,"Rounding a double to 2 decimal places in Swift, XCode 12","R,Swift",2020,mobile,mobile,mobile
stackoverflow_question,Can an optional parameter be optionally required in C#?,"C,C#",2022,developer tools,developer tools,developer tools
stackoverflow_question,Understanding thread interruption in Java,"R,Java",2020,web backend,web backend,web backend
stackoverflow_question,How to implement dynamic values for *case* in c#?,"C,C#",2020,developer tools,developer tools,developer tools
stackoverflow_question,Unable to cast C# object in F# type,"C,C#",2020,developer tools,developer tools,developer tools
stackoverflow_question,"Raspberry Pi AMG8833 Thermal Camera, How to print highest detected temperature?","C,Python",2020,iot,iot,iot
stackoverflow_question,How to set values of succeeding rows based on dynamic condition pandas,"R,Python",2022,data_ai,data_ai,data_ai
stackoverflow_question,try failing but except code not executing,Python,2020,testing_qa,testing_qa,testing_qa
stackoverflow_question,"Seaborn heatmap, how to specifiy x,y axes from data frame","R,Python",2021,data_ai,data_ai,data_ai
stackoverflow_question,Insert/replace/merge values from one dataframe to another,"R,Python",2022,data_ai,data_ai,data_ai
stackoverflow_question,"How to compare 2 distances in Python, Pygame with lines to create a box?",Python,2021,game,game,game
stackoverflow_question,How to create private repository in Github using PyGithub,Python,2020,developer tools,developer tools,developer tools
stackoverflow_question,Compiling with SDL in different directories,C,2020,embedded,embedded,embedded
stackoverflow_question,How to print an existing variable by passing its name,Python,2022,developer tools,developer tools,developer tools
stackoverflow_question,Is it safe to use Python's eval() in a unit-test for __repr__?,Python,2022,testing_qa,testing_qa,testing_qa
stackoverflow_question,How to deserialize an array of aliases into an enum with serde,"Rust,R",2021,data_ai,data_ai,data_ai
stackoverflow_question,Why is my character's horizontal velocity lost when jumping?,"C,C#",2022,game,game,game
stackoverflow_question,"Get monotonic time, same as CLOCK_MONOTONIC",Go,2022,embedded,embedded,embedded
stackoverflow_question,Keep sub-sequences of a binary list if they surpass a given length,"R,Python",2022,data_ai,data_ai,data_ai
stackoverflow_question,Pandas: group and sum dataframe while adding min and max year,"R,Python",2022,data_ai,data_ai,data_ai
stackoverflow_question,Multiple Inheritance -- super() vs Parent class names,Python,2022,developer tools,developer tools,developer tools
stackoverflow_question,Tensor shape seems to disappear when indexing result of tf.shape(tensor),"R,Python",2022,data_ai,data_ai,data_ai
stackoverflow_question,How to perform cumulative division in python pandas,Python,2021,data_ai,data_ai,data_ai
stackoverflow_question,stand-alone If statement in function being iterated twice,Python,2021,developer tools,developer tools,developer tools
stackoverflow_question,Add external script to functions.php,"R,PHP",2022,web backend,web backend,web backend
stackoverflow_question,Make a c++ program accepts command after started,"C++,C",2021,embedded,embedded,embedded
stackoverflow_question,closing an excel file using python if file is already open,Python,2020,developer tools,developer tools,developer tools
stackoverflow_question,Antlr4 Win/Ubuntu at org.antlr.v4.gui.TestRig.main(TestRig.java:119),"R,Java",2021,embedded,embedded,embedded
stackoverflow_question,Pandas and SQL; How to select specific row in database?,"SQL,Python",2022,data_ai,data_ai,data_ai
stackoverflow_question,Using TinyCC (tcc) to generate a C wrapper for V,C,2021,embedded,embedded,embedded
stackoverflow_question,Conditional shift: Subtract 'previous row value' from 'current row value' with multiple conditions in pandas,"R,Python",2021,data_ai,data_ai,data_ai
stackoverflow_question,How do I display a total from a menu form,"SQL,PHP",2021,web frontend,web frontend,web frontend
stackoverflow_question,how to right click to save picture or file?,Python,2020,developer tools,developer tools,developer tools
stackoverflow_question,Sorting words in alphabetically order C,"C,R",2020,developer tools,developer tools,developer tools
stackoverflow_question,Interpreting GPS info of exif data from many photos in python,Python,2022,data_ai,data_ai,data_ai
stackoverflow_question,"Is there a one-line version of ""create array if nil, otherwise append""?",Swift,2020,developer tools,developer tools,developer tools
stackoverflow_question,How to stop from while loop in pyqt?,Python,2022,developer tools,developer tools,developer tools
stackoverflow_question,"drawing in the ""icon"" space of the item in a default QListView with QAbstractListModel?",Python,2020,embedded,embedded,embedded
stackoverflow_question,How to add line numbers to multiline string,"R,Python",2020,developer tools,developer tools,developer tools
stackoverflow_question,overriding equals method with same class strategy vs instance of strategy,Java,2021,developer tools,developer tools,developer tools
stackoverflow_question,Extra characters while reading file path,"R,Python",2021,developer tools,developer tools,developer tools
stackoverflow_question,How to set tick frequency of ylim in matplotlib,Python,2021,data_ai,data_ai,data_ai
stackoverflow_question,Set intercept to 0 on a linear regression plot using Altair in Python,"R,Python",2022,data_ai,data_ai,data_ai
stackoverflow_question,Can't access to sun.security.pkcs11.SunPKCS11 in Java 11,"C,Java",2021,security,security,security
stackoverflow_question,How to test timeZone method via Unit Test?,Java,2021,testing_qa,testing_qa,testing_qa
stackoverflow_question,how to read a txt and delimit it by pipes,"R,Java",2020,developer tools,developer tools,developer tools
stackoverflow_question,How to improve matrix computing performance in C#?,"C,C#",2021,developer tools,developer tools,developer tools
stackoverflow_question,How to convert a for-loop to find the first occurrence to Java streams?,"R,Java",2020,developer tools,developer tools,developer tools
stackoverflow_question,"How do I solve this billion iteration sum? Project Euler problem 94, Python",Python,2020,data_ai,data_ai,data_ai
stackoverflow_question,How to print row number inside apply function after a criteria,"R,Python",2022,data_ai,data_ai,data_ai
stackoverflow_question,how to split a column based on a character and append the rest of columns with each split,"R,Python",2021,data_ai,data_ai,data_ai
stackoverflow_question,Why does mktime give me an hour less?,C,2020,developer tools,developer tools,developer tools
stackoverflow_question,Forward fill missing value except for the last known value,Python,2021,data_ai,data_ai,data_ai
stackoverflow_question,Misleading SettingWithCopyWarning when assigning on result of DataFrame.dropna?,"R,Python",2021,data_ai,data_ai,data_ai
stackoverflow_question,Reading a vector of maps with yaml-cpp fails,"C++,C",2022,data_ai,data_ai,data_ai
stackoverflow_question,Why can we use arrow with pointer?,"C++,C",2021,developer tools,developer tools,developer tools
stackoverflow_question,I am unable to decode the logic to print the following python pattern. What changes should I do in my code?,Python,2020,developer tools,developer tools,developer tools
stackoverflow_question,glOrtho doesent work it still gets mapped to default coordinates,"C,Python",2021,embedded,embedded,embedded
stackoverflow_question,arrow validation more then 10 fields,"R,Kotlin",2022,testing_qa,testing_qa,testing_qa
stackoverflow_question,Python typing: Narrowing type from function that returns a Union,Python,2022,data_ai,data_ai,data_ai
stackoverflow_question,Drag and move Image of Button around the 'Canvas' PyQt5,"R,Python",2021,embedded,embedded,embedded
stackoverflow_question,How to pass const struct pointer to a setter method in C++,"C++,C",2021,embedded,embedded,embedded
stackoverflow_question,Is there any way to generate one HTML report from two pytest runs?,"HTML,Python",2022,testing_qa,testing_qa,testing_qa
stackoverflow_question,time data does not match format '%y-%m-%d',Python,2021,data_ai,data_ai,data_ai
stackoverflow_question,drop the row only if all columns contains 0,Python,2020,data_ai,data_ai,data_ai
stackoverflow_question,Reading/Writing boolean values to INI file in PHP,PHP,2022,web backend,web backend,web backend
stackoverflow_question,Plotting Butterfly Curve using Python,Python,2020,data_ai,data_ai,data_ai
stackoverflow_question,Imaginary Matrices in Sympy using MatrixSymbol,Python,2020,data_ai,data_ai,data_ai
stackoverflow_question,Is the secure-connect-DBNAME.zip safe to upload to a repository?,"C,Java",2020,security,security,security
stackoverflow_question,pywinuto - click_input() function clicks on random node of tree view,Python,2022,embedded,embedded,embedded
stackoverflow_question,Comparing a bit to a boolean,"C,R",2020,data_ai,data_ai,data_ai
stackoverflow_question,Value of CRC changing everytime program is run,"C,R",2021,embedded,embedded,embedded
stackoverflow_question,How to convert a NSString to AutoreleasingUnsafeMutablePointer,Swift,2021,embedded,embedded,embedded
stackoverflow_question,Python Bloomberg tia.bbg get mora than 2500 rows returned,"R,Python",2022,data_ai,data_ai,data_ai
stackoverflow_question,Delete last line from multiple CSV files within a directory,"C,Python",2021,data_ai,data_ai,data_ai
stackoverflow_question,add a dot in 4th index for each string,Python,2020,developer tools,developer tools,developer tools
stackoverflow_question,Flatten the result of SQL GROUP BY and create new columns from unique values,"SQL,Python",2022,data_ai,data_ai,data_ai
stackoverflow_question,self-convolution layer in TensorFlow,"R,Python",2022,data_ai,data_ai,data_ai
stackoverflow_question,Python Type Hint for parent class function that returns same type as calling class?,"C,Python",2022,developer tools,developer tools,developer tools
stackoverflow_question,"How would I make a ""dynamic"" function signature in TensorFlow?","R,Python",2022,data_ai,data_ai,data_ai
stackoverflow_question,How to make an interface more specific in Java?,Java,2020,web frontend,web frontend,web frontend
stackoverflow_question,"c++, using enable_if along with existing template class?","C++,C",2020,embedded,embedded,embedded
stackoverflow_question,"How can you filter out columns in a DataFrame which all have the same values - for example, all categorical variables giving either Yes or No","R,Python",2021,data_ai,data_ai,data_ai
stackoverflow_question,"Alternatives to the "".isdigit()"" command, that allow decimals and negatives",Python,2022,data_ai,data_ai,data_ai
stackoverflow_question,Excel.exe still running in Task Manager in C sharp,"C,C#",2022,embedded,embedded,embedded
stackoverflow_question,Is there a more efficient way of getting the type of derived class when working with a pointer to an abstract base class?,"C++,C",2020,developer tools,developer tools,developer tools
stackoverflow_question,Initializing an empty array for a range of combinations in Julia,C,2020,embedded,embedded,embedded
stackoverflow_question,Filter Pandas MultiIndex over all First Levels Columns,"R,Python",2021,data_ai,data_ai,data_ai
stackoverflow_question,JTextArea with line wrap reports incorrect preferred size to JDialog pack?,"R,Java",2020,developer tools,developer tools,developer tools
stackoverflow_question,Looping through multiple arrays & concatenating values in pandas,"R,Python",2020,data_ai,data_ai,data_ai
stackoverflow_question,pandas: check if the same id has the same value in a dataset,Python,2020,data_ai,data_ai,data_ai
stackoverflow_question,"Why editing a * string in C results in a segmentation fault, but a [] one doesn't?","C,R",2021,embedded,embedded,embedded
stackoverflow_question,struct Test: Identifiable vs class Test: Identifiable,Swift,2020,embedded,embedded,embedded
stackoverflow_question,Allocating memory to an array and changing a value in,"C,R",2021,embedded,embedded,embedded
stackoverflow_question,unable to get the output of this code. Any help will be appriciated,Python,2022,developer tools,developer tools,developer tools
stackoverflow_question,Is it a good or bad practice to declare dtype when using pandas.read_csv()?,Python,2022,data_ai,data_ai,data_ai
stackoverflow_question,What is the use of the type userptr_t in os161?,"C,R",2020,embedded,embedded,embedded
stackoverflow_question,How to fix 'Tweet' object has no attribute 'retweetCount',Python,2021,developer tools,developer tools,developer tools
stackoverflow_question,math output on C++ (checked against other language),"C++,C",2022,embedded,embedded,embedded
stackoverflow_question,How to access Snakemake parameters inside Snakefile?,Python,2022,data_ai,data_ai,data_ai
stackoverflow_question,What does caret symbol do in string formatting?,"R,Python",2020,developer tools,developer tools,developer tools
stackoverflow_question,Why global variable changes in function?,Python,2021,developer tools,developer tools,developer tools
stackoverflow_question,Does Lua have a way to pull files with naming conventions?,Lua,2022,developer tools,developer tools,developer tools
stackoverflow_question,Why is my output only one row when i try outputting my dataframe to a csv file?Python3/boto3,"C,Python",2020,data_ai,data_ai,data_ai
stackoverflow_question,How to ignore `NaN` values in a pandas dataframe while using `rjust()`?,"R,Python",2021,data_ai,data_ai,data_ai
stackoverflow_question,Java Swing: Trying to get a button to center,"R,Java",2021,embedded,embedded,embedded
stackoverflow_question,Boost MSM with constructor parameters on a submachine,"C++,C",2021,embedded,embedded,embedded
stackoverflow_question,How to expose Hash in Grape Entity and not use `using`,"Ruby,R",2021,developer tools,developer tools,developer tools
stackoverflow_question,How to change CollectionView cell width according to label text in swift,"C,Swift",2021,mobile,mobile,mobile
stackoverflow_question,mode.save() create only one file,"R,Python",2020,developer tools,developer tools,developer tools
stackoverflow_question,"jar file, created by netbeans in dist not opening",Java,2022,developer tools,developer tools,developer tools
stackoverflow_question,How to use Pandas Groupby and nlargest,Python,2020,data_ai,data_ai,data_ai
stackoverflow_question,do..while loop in bubble sort for linked list,"C,R",2020,embedded,embedded,embedded
stackoverflow_question,Appium | Robot Framework | Unable to run a keyword to find an element using a custom locator strategy,"R,Python",2020,testing_qa,testing_qa,testing_qa
stackoverflow_question,Make new dataframe from existing dataframe columns,"R,Python",2021,data_ai,data_ai,data_ai
stackoverflow_question,Get the two instances with most number of items in common,Python,2021,data_ai,data_ai,data_ai
stackoverflow_question,beautifulsoup filter id in class,Python,2020,web backend,web backend,web backend
stackoverflow_question,pyspark split array type column to multiple columns,"R,Python",2021,data_ai,data_ai,data_ai
stackoverflow_question,Pandas df.isna().sum() not showing all column names,Python,2021,data_ai,data_ai,data_ai
stackoverflow_question,How can I create a table with 64 combinations with python?,Python,2021,developer tools,developer tools,developer tools
stackoverflow_question,Aiflow 2 Xcom in Task Groups,"R,Python",2022,data_ai,data_ai,data_ai
stackoverflow_question,"Everything in Python is an object, why operators are not?","R,Python",2020,developer tools,developer tools,developer tools
stackoverflow_question,How do I find Coherence Score for LSA and LDA for SkLearn Models?,"C,Python",2021,data_ai,data_ai,data_ai
stackoverflow_question,How to display the missing part of a sorted line data using lambda,"R,Python",2021,data_ai,data_ai,data_ai
stackoverflow_question,Function Looping Over Multiple Dataframes to Create New Categorical Data Column,"R,Python",2022,data_ai,data_ai,data_ai
stackoverflow_question,Multi-threaded evaluations over a Channel in julia,"C,R",2021,embedded,embedded,embedded
stackoverflow_question,XUnit C#- How to test that methods were called inside lambda,"C,C#",2021,testing_qa,testing_qa,testing_qa
stackoverflow_question,mutable datatype similar to string in python,"R,Python",2021,developer tools,developer tools,developer tools
stackoverflow_question,How do I fetch OneToMany mappedBy when creating the child entity before the parent?,Java,2022,data_ai,data_ai,data_ai
stackoverflow_question,How to add random state in numpy array,"R,Python",2021,data_ai,data_ai,data_ai
stackoverflow_question,What is the optimal way to synchronize frames in ffmpeg c/c++?,"C++,C",2022,embedded,embedded,embedded
stackoverflow_question,It is possible to change the date language on Altair or Pandas?,"R,Python",2020,data_ai,data_ai,data_ai
stackoverflow_question,How can I demonstrate that a function space is not empty?,Haskell,2022,data_ai,data_ai,data_ai
stackoverflow_question,When subclassing ndarray why does a transpose happen after __array_finalize__ and not before?,"C,Python",2020,data_ai,data_ai,data_ai
stackoverflow_question,"I need help on my unity project. Camera is acting weird, I'm trying to move my player in the direction the camera is looking","C,C#",2020,game,game,game
stackoverflow_question,How to create a symbolic link in C#/NET6.0 using FileInfo.CreateAsSymbolicLink?,"C,C#",2022,embedded,embedded,embedded
stackoverflow_question,FastAPI + Strawberry GraphQL Filter Conditions,"R,Python",2022,web backend,web backend,web backend
stackoverflow_question,pandas fillna sequentially step by step,"R,Python",2022,data_ai,data_ai,data_ai
stackoverflow_question,Does it take extra time to spawn a thread in a scoped Threadpool?,"Rust,R",2021,developer tools,developer tools,developer tools
stackoverflow_question,"On ARM macOS when explicitly raise()-ing a signal, some return addresses are garbled on the stack","C,R",2021,embedded,embedded,embedded
stackoverflow_question,QListView filter by data attribute (not text),Python,2021,data_ai,data_ai,data_ai
stackoverflow_question,Problem Updating Values from MultiIndex Dataframe after using loc,"R,Python",2022,data_ai,data_ai,data_ai
stackoverflow_question,How do I ignore a file that already exists?,Python,2022,developer tools,developer tools,developer tools
stackoverflow_question,Check if string is type,"C,Python",2022,developer tools,developer tools,developer tools
stackoverflow_question,JavaFX: Bind ObservableList to which view?,Java,2021,embedded,embedded,embedded
stackoverflow_question,get variable from input field php,PHP,2021,web backend,web backend,web backend
stackoverflow_question,display an array in gdb with stride in C,"C,R",2022,embedded,embedded,embedded
stackoverflow_question,FileHandler double logs string in a file,Python,2022,embedded,embedded,embedded
stackoverflow_question,Selecting the other item in a 2-item list,"R,Python",2021,web frontend,web frontend,web frontend
stackoverflow_question,How to show quick fix in VSCode when using python with flake8 and mypy?,"C,Python",2022,developer tools,developer tools,developer tools
stackoverflow_question,How to dump classes loaded into memory? Java,"R,Java",2022,web backend,web backend,web backend
stackoverflow_question,Why do I keep getting 'Nan' values when I try to add a column from a csv dataframe to an existing dataframe both opened on pandas?,"R,Python",2021,data_ai,data_ai,data_ai
stackoverflow_question,how to use a parent class as a parameter in an inherited child class in c++?,"C++,C",2022,embedded,embedded,embedded
stackoverflow_question,How do you restrict a blender 2.8 add-on to a specific main tab?,"R,Python",2020,embedded,embedded,embedded
stackoverflow_question,"Decode emoji into two (or more) code points, using standard libraries","C,Python",2020,developer tools,developer tools,developer tools
stackoverflow_question,create nested dictionary in python dynamically,Python,2021,developer tools,developer tools,developer tools
stackoverflow_question,PDFBox PDPageContentstream.setTextMatrix() making text disappear,Java,2022,embedded,embedded,embedded
stackoverflow_question,Why does GHC complain about the missing `Typeable` instance even if I specify is as a type restriction?,Haskell,2022,developer tools,developer tools,developer tools
stackoverflow_question,Run a bash called from php and return a string,"Shell,PHP",2021,web backend,web backend,web backend
stackoverflow_question,Copy value from one column to another based on condition (using pandas),"R,Python",2020,data_ai,data_ai,data_ai
stackoverflow_question,The sizeof and _Alignof value of a structure,C,2021,embedded,embedded,embedded
stackoverflow_question,Undefined behavior when reading from FIFO,"C++,C",2022,embedded,embedded,embedded
stackoverflow_question,GPU usage in opencl program,"C,R",2020,embedded,embedded,embedded
stackoverflow_question,How to change True/False with string in column in dataframe?,"R,Python",2020,data_ai,data_ai,data_ai
stackoverflow_question,Netbeans 14 - Won't Let Me Activate Java Web and EE,"Shell,Java",2022,web backend,web backend,web backend
stackoverflow_question,win 10 toast notification with an image in python,Python,2020,embedded,embedded,embedded
stackoverflow_question,Pandas agg define metric based on data type,"R,Python",2021,data_ai,data_ai,data_ai
stackoverflow_question,Python file.write() is adding an extra newline after a variable in a concatenated string,"C,Python",2022,developer tools,developer tools,developer tools
stackoverflow_question,Detect a change in a variable and respond accordingly [Lua],"R,Lua",2020,embedded,embedded,embedded
stackoverflow_question,"A system in C++ to create a file, store users login, then validate that login later","C++,C",2022,embedded,embedded,embedded
stackoverflow_question,"std::unique_lock and std::shared_lock in same thread - shouldn't work, but does?","C++,C",2022,embedded,embedded,embedded
stackoverflow_question,Is this `unsafe` code Undefined Behavior in Rust?,"Rust,R",2022,data_ai,data_ai,data_ai
stackoverflow_question,Force all cookies setting to Secure in Classic ASP/VBScript,"C,PHP",2020,web backend,web backend,web backend
stackoverflow_question,IAM Policy not allowing me to upload to S3,Python,2020,devops_cloud,devops_cloud,devops_cloud
stackoverflow_question,Automatically download cdf files from specific website in Python,"R,Python",2020,web backend,web backend,web backend
stackoverflow_question,Python/Pandas: apply my own rule to a column and put it in a specific position,"R,Python",2022,data_ai,data_ai,data_ai
stackoverflow_question,Restart button in Kivy Game,Python,2020,game,game,game
stackoverflow_question,"df.rename does not alter df column names, but df.columns and df.set_axis do (Pandas)","R,Python",2022,data_ai,data_ai,data_ai
stackoverflow_question,how to use lambda inside a function,Python,2022,devops_cloud,devops_cloud,devops_cloud
stackoverflow_question,What do I need to change for this function to calculate the corrrect average?,"R,Java",2020,data_ai,data_ai,data_ai
stackoverflow_question,Finding the winning number when given a group number and selected number,Python,2021,data_ai,data_ai,data_ai
stackoverflow_question,Merge and sum two pandas rows based on if condition,"R,Python",2020,data_ai,data_ai,data_ai
stackoverflow_question,Is it ncessary to use Regex to check date sanity in addition to SimpleDateFormat.parse?,Java,2021,testing_qa,testing_qa,testing_qa
stackoverflow_question,Pandas groupby() and agg() method confusion on columns,"R,Python",2022,data_ai,data_ai,data_ai
stackoverflow_question,Python auto complete from folder,"C,Python",2020,developer tools,developer tools,developer tools
stackoverflow_question,How to transpose CSV data from a wide format to long dataset using Python,"R,Python",2020,data_ai,data_ai,data_ai
stackoverflow_question,"Why is vec![0, <super large number>] so memory-efficient when the default value is 0?","Rust,R",2022,data_ai,data_ai,data_ai
stackoverflow_question,Pandas check if two conditions are true and change row,"R,Python",2022,data_ai,data_ai,data_ai
stackoverflow_question,Trying to do a mutable borrow of members of a Vec() but rustc thinks I'm trying to mutable borrow the Vec(),"Rust,R",2021,developer tools,developer tools,developer tools
stackoverflow_question,How to find a word within a string without case sensitivity?,"C,R",2020,developer tools,developer tools,developer tools
stackoverflow_question,No plugin found for prefix 'jib' in the current project and in the plugin groups while using quarkus + skaffold,"R,Java",2021,devops_cloud,devops_cloud,devops_cloud
stackoverflow_question,Can mypy recognise custom unpacking?,Python,2021,developer tools,developer tools,developer tools
stackoverflow_question,Memory storage issue with plt.contourf()?,"R,Python",2020,data_ai,data_ai,data_ai
stackoverflow_question,What is the fastest way in python to identify the greatest cumulated differences in python array or list?,Python,2022,data_ai,data_ai,data_ai
stackoverflow_question,Rolling groupby nunique count based on start and end dates,Python,2020,data_ai,data_ai,data_ai
stackoverflow_question,Is there a way to write a for each in python3 that modifies the array?,Python,2022,developer tools,developer tools,developer tools
stackoverflow_question,How to print sub-class name in pydantic?,"C,Python",2022,developer tools,developer tools,developer tools
stackoverflow_question,Finding a sequence in a line of letters,Python,2022,data_ai,data_ai,data_ai
stackoverflow_question,How to not duplicate validation code in both object and user input,Java,2020,developer tools,developer tools,developer tools
stackoverflow_question,java printAssembly flag is printing no assembly instructions,Java,2022,developer tools,developer tools,developer tools
stackoverflow_question,How to create optimized schedule that avoids duplicates,Python,2022,data_ai,data_ai,data_ai
stackoverflow_question,Creating a function that makes an inversed matrix,Haskell,2022,data_ai,data_ai,data_ai
stackoverflow_question,How can I have more than 1 propertyWrapper for a variable in Swift?,Swift,2022,developer tools,developer tools,developer tools
stackoverflow_question,remote: HTTP Basic: Access denied downloading local repo in gitlab,"C,Go",2021,devops_cloud,devops_cloud,devops_cloud
stackoverflow_question,Python Open TIF Failure Multiple Libraries,"R,Python",2021,data_ai,data_ai,data_ai
stackoverflow_question,Is there a way to manually validate object typing?,Python,2022,data_ai,data_ai,data_ai
stackoverflow_question,Get tweets of a topic Twitter API,"R,Python",2022,data_ai,data_ai,data_ai
stackoverflow_question,Python: Issue subsetting rows of pandas dataframe using .isin(),"R,Python",2020,data_ai,data_ai,data_ai
stackoverflow_question,What is the correct way to display widgets without calling QApplication::exec()?,"C++,C",2020,embedded,embedded,embedded
stackoverflow_question,Rust minimalist way to round robin an integer in a specific range,"Rust,R",2022,embedded,embedded,embedded
stackoverflow_question,How do I pack a Gtk::Entry into a Gtk::HeaderBar so the entry completely fills the header bar?,"C++,C",2022,embedded,embedded,embedded
stackoverflow_question,How to specify date bin ranges for Seaborn displot,"R,Python",2022,data_ai,data_ai,data_ai
stackoverflow_question,API Exclude data if date is in the past,Swift,2020,web backend,web backend,web backend
stackoverflow_question,"In Python Plotly, annotation is always on the top-left of a target point. How to annotate under a target point?",Python,2022,data_ai,data_ai,data_ai
stackoverflow_question,How do I read durations correctly with pandas read_excel?,Python,2021,data_ai,data_ai,data_ai
stackoverflow_question,How to emit Signal from nested QML page to python,"C,Python",2022,embedded,embedded,embedded
stackoverflow_question,Choose several elements sequentially in a list for round robin scheduling,Python,2020,embedded,embedded,embedded
stackoverflow_question,Difference in len() and .nunique with relation to pandas dataframe,"R,Python",2021,data_ai,data_ai,data_ai
stackoverflow_question,Concurrent updates on DynamoDB with Conditional Expression sometime both passing,"C,C#",2022,data_ai,data_ai,data_ai
stackoverflow_question,How to remove from a List when total values by date net to zero,"C,C#",2020,data_ai,data_ai,data_ai
stackoverflow_question,Plotly: Show value in hoverlabel instead of percentage in stacked area chart `groupnorm='percent'`,Python,2021,data_ai,data_ai,data_ai
stackoverflow_question,"What would be the best way to transmit data from one python script to another, without them being on the same computer?",Python,2022,data_ai,data_ai,data_ai
stackoverflow_question,Extracting only the common substrings from two string columns,Python,2022,data_ai,data_ai,data_ai
stackoverflow_question,How to work with OpenAI maximum context length is 2049 tokens?,Python,2021,data_ai,data_ai,data_ai
stackoverflow_question,Python Mocking - How to store function arguments to a mocked function in the mock that is returned?,"C,Python",2022,developer tools,developer tools,developer tools
stackoverflow_question,Is there a C++ smart pointer that could wrap up an object to make it thread safe?,"C++,C",2022,embedded,embedded,embedded
stackoverflow_question,Shall I try to use const T & as much as possible?,"C++,C",2022,developer tools,developer tools,developer tools
stackoverflow_question,Generate 3D numpy array based on provided pattern,"R,Python",2022,data_ai,data_ai,data_ai
stackoverflow_question,How to add a column level to pandas dataframe,Python,2020,data_ai,data_ai,data_ai
stackoverflow_question,mocked function returns null after specifying return,"C,Java",2020,testing_qa,testing_qa,testing_qa
stackoverflow_question,How can I generate a dynamic graph from a list of graphs on Networkx or DyNetx,"R,Python",2020,data_ai,data_ai,data_ai
stackoverflow_question,How do I idiomatically compare each item in a list to every other item?,"Rust,R",2022,developer tools,developer tools,developer tools
stackoverflow_question,Rapid creation of nD array from generator yielding numpy arrays?,Python,2022,data_ai,data_ai,data_ai
stackoverflow_question,Add Missing Date Index in a multiindex dataframe,"R,Python",2020,data_ai,data_ai,data_ai
stackoverflow_question,Can I pass a regex to pandas index_col,Python,2020,data_ai,data_ai,data_ai
stackoverflow_question,"Apply function on all but K columns in a dataframe (similarity of a vector to each member of the df, without id column)?","R,Python",2022,data_ai,data_ai,data_ai
stackoverflow_question,keras demo code siamese_contrastive.py save and load model?,"R,Python",2021,data_ai,data_ai,data_ai
stackoverflow_question,do not change the TAB of the QTabWidget until the form is complete,Python,2021,embedded,embedded,embedded
stackoverflow_question,Creating n-grams for rows in a dataframe with counts in Pandas?,"R,Python",2021,data_ai,data_ai,data_ai
stackoverflow_question,Why are the results different in int and string cases?,"C,C#",2021,data_ai,data_ai,data_ai
stackoverflow_question,What is a Span in syn?,"Rust,R",2022,data_ai,data_ai,data_ai
stackoverflow_question,How to get execution time and add it to my class?,Python,2021,developer tools,developer tools,developer tools
stackoverflow_question,Elegantly convert a numpy array of int64 to a numpy array of datetime64,Python,2020,data_ai,data_ai,data_ai
stackoverflow_question,How to compare two dataframes and find matches from columns (pandas),"R,Python",2022,data_ai,data_ai,data_ai
stackoverflow_question,vector's emplace_back - vector as a constructor argument,"C++,C",2021,embedded,embedded,embedded
stackoverflow_question,How can I see if I have reached beginning of file?,C,2020,developer tools,developer tools,developer tools
stackoverflow_question,Why does C print float values after the decimal point different from the input value?,"C,R",2021,developer tools,developer tools,developer tools
stackoverflow_question,Splitting Macbeth When a Character Speaks,"R,Python",2021,game,game,game
stackoverflow_question,Equality of structures containing numpy arrays,Python,2020,data_ai,data_ai,data_ai
stackoverflow_question,rpy2 convert python object to R object in jupyter lab,"R,Python",2021,data_ai,data_ai,data_ai
stackoverflow_question,"How do I make the program give the ""Invalid Grade"" message and ask for the grade to be entered again infinitely as long as the grade is >100 or <100",C,2021,developer tools,developer tools,developer tools
stackoverflow_question,Unwanted cutting problem in visualization,Python,2020,data_ai,data_ai,data_ai
stackoverflow_question,How to get the edges of a 3D Delaunay tessellation with CGAL?,"C++,C",2022,embedded,embedded,embedded
stackoverflow_question,xarray interp variable with two dimensional gird into one point,"R,Python",2022,data_ai,data_ai,data_ai
stackoverflow_question,Reasons for different Floating Point Calculation Behaviour after update from VS 2015 Update 3 to VS2015 Update 3 d,"C++,C",2020,developer tools,developer tools,developer tools
stackoverflow_question,Sending entire Ethereum address balance in post EIP-1559 world,"R,Python",2021,blockchain,blockchain,blockchain
stackoverflow_question,Tkinter: Opening a URL via Dropdown. Need to specify Item from List,"R,Python",2021,embedded,embedded,embedded
stackoverflow_question,php multidimensional array merge with same key and value,"R,PHP",2020,web backend,web backend,web backend
stackoverflow_question,Apache Poi unable to read sheet names,"C,Java",2021,developer tools,developer tools,developer tools
stackoverflow_question,How to remove a struct's field?,"Rust,R",2022,developer tools,developer tools,developer tools
stackoverflow_question,initialization of top level properties,Kotlin,2022,embedded,embedded,embedded
stackoverflow_question,Fitting 2D Gaussian to a 2D matrix of values,Python,2021,data_ai,data_ai,data_ai
stackoverflow_question,"Sorting an array in C(small elements at the edges, large ones in the middle)","C,R",2020,embedded,embedded,embedded
stackoverflow_question,Lua yielding across C-call boundary,Lua,2021,embedded,embedded,embedded
stackoverflow_question,Convert void* to const void**,"C++,C",2021,embedded,embedded,embedded
stackoverflow_question,How do I print the sum of an array's elements?,Java,2022,developer tools,developer tools,developer tools
stackoverflow_question,undefined reference to `std::is_constant_evaluated()' in c++20 gcc,"C++,C",2022,embedded,embedded,embedded
stackoverflow_question,python 3 tkinter continue text widget tag with natural input after tag range terminator,"R,Python",2022,embedded,embedded,embedded
stackoverflow_question,How to add time delay in state space model,Python,2021,data_ai,data_ai,data_ai
stackoverflow_question,struggling to open image in python,"R,Python",2021,developer tools,developer tools,developer tools
stackoverflow_question,Is there a on change property for textEdit class in Qt?,"C++,C",2021,embedded,embedded,embedded
stackoverflow_question,Set index starting from the second row for a dataframe in Pandas,"R,Python",2020,data_ai,data_ai,data_ai
stackoverflow_question,Replace last dot with underscore( using lua),Lua,2022,developer tools,developer tools,developer tools
stackoverflow_question,Is there a way to use multiple StringSplitOptions in String.Split()?,"C,C#",2022,developer tools,developer tools,developer tools
stackoverflow_question,Min distance between Point Cloud (XYZ) Points in Python,"C,Python",2021,data_ai,data_ai,data_ai
stackoverflow_question,Change the default Java path to other path in FreeBSD,"R,Java",2020,devops_cloud,devops_cloud,devops_cloud
stackoverflow_question,How to create a 64-bit-DLL in Delphi 10.4 and call it from python/julia,Python,2021,embedded,embedded,embedded
stackoverflow_question,Read ftr file into R,"R,Python",2020,data_ai,data_ai,data_ai
stackoverflow_question,Add rows to dataframe using the string values from column,Python,2020,data_ai,data_ai,data_ai
stackoverflow_question,"Using Pandas, how to I apply a formula to several rows, based on the average of previous rows given a certain condition?",Python,2020,data_ai,data_ai,data_ai
stackoverflow_question,Apply filter to stream if certain condition is fullfilled,"R,Java",2021,data_ai,data_ai,data_ai
stackoverflow_question,How to check if an index already exists in a table?,"C,Java",2021,data_ai,data_ai,data_ai
stackoverflow_question,"boost::mp11::mp_list can't define proper transition table for FSM based on boost::msm, what is missing?","C++,C",2021,embedded,embedded,embedded
stackoverflow_question,Converting column type 'datetime64[ns]' to datetime in Python3,"R,Python",2021,data_ai,data_ai,data_ai
stackoverflow_question,Python script to get the total count of file types within a folder and write results into a file,Python,2020,data_ai,data_ai,data_ai
stackoverflow_question,Pandas - appending to existing file using to_csv,"C,Python",2020,data_ai,data_ai,data_ai
stackoverflow_question,Edit list element in multilist - Python,Python,2021,web backend,web backend,web backend
stackoverflow_question,How do I keep a kivymd toolbar on every screen?,Python,2021,mobile,mobile,mobile
stackoverflow_question,Python filter to remove outliers in image,"C,Python",2022,data_ai,data_ai,data_ai
stackoverflow_question,Order of static initialization with function call,"C++,C",2022,embedded,embedded,embedded
stackoverflow_question,How does openGL control framerate by eternal loop ？,"C++,C",2021,game,game,game
stackoverflow_question,cakephp 4.* cake : The term 'cake' is not recognized as the name of a cmdlet,"C,PHP",2020,web backend,web backend,web backend
stackoverflow_question,Null output dealing with file IO in C#,"C,C#",2022,embedded,embedded,embedded
stackoverflow_question,Populating an array using Channels in a WaitGroup routine,"R,Go",2022,embedded,embedded,embedded
stackoverflow_question,Retrieving Multiple funds using investpy under a specific form,"R,Python",2021,data_ai,data_ai,data_ai
stackoverflow_question,Can not print out the elements of an array in a for-loop,"C,R",2022,developer tools,developer tools,developer tools
stackoverflow_question,C++/Qt: How to create a busyloop which you can put on pause?,"C++,C",2021,embedded,embedded,embedded
stackoverflow_question,Toggling a QRadioButton in pyqt5: uncheck when a checked radio button is clicked,"R,Python",2020,embedded,embedded,embedded
stackoverflow_question,How to read a dynamic data from csv file using python and dataframe,"R,Python",2022,data_ai,data_ai,data_ai
stackoverflow_question,uwsgi PY_SSIZE_T_CLEAN macro must be defined for '#' formats,"R,Python",2022,developer tools,developer tools,developer tools
stackoverflow_question,Find Files that Match a Dynamic Pattern,"Rust,R",2022,data_ai,data_ai,data_ai
stackoverflow_question,Checking for equality if either input can be `str` or `bytes`,"R,Python",2022,data_ai,data_ai,data_ai
stackoverflow_question,Tuple assignment to mutable struct parameters,"Rust,R",2020,embedded,embedded,embedded
stackoverflow_question,Sort df by date column by month,"R,Python",2021,data_ai,data_ai,data_ai
stackoverflow_question,How to compare each element of array to other elements?,"R,Swift",2020,developer tools,developer tools,developer tools
stackoverflow_question,Set location of annotation on string-axis on matplotlib python,Python,2021,data_ai,data_ai,data_ai
stackoverflow_question,argparse: Ignore positional arguments if a flag is set?,"R,Python",2020,developer tools,developer tools,developer tools
stackoverflow_question,Why different php session value in Chrome and FireFox?,PHP,2021,web backend,web backend,web backend
stackoverflow_question,Joining pandas dataframes with special condition,Python,2021,data_ai,data_ai,data_ai
stackoverflow_question,How to parse a JWT token with RSA in jwt-go ParseWithClaims?,Go,2021,security,security,security
stackoverflow_question,PYPDF2 - Extracting all pages and converting to CSV,Python,2021,data_ai,data_ai,data_ai
stackoverflow_question,Adding custom JButton to JFrame changes background color,Java,2020,embedded,embedded,embedded
stackoverflow_question,Elixir: Tail-call optimized recursion inside conditionals,"R,Elixir",2022,web backend,web backend,web backend
stackoverflow_question,"How can I conditionally add an sbt plugin, depending on the active sbt version?","C,Scala",2022,developer tools,developer tools,developer tools
stackoverflow_question,"How many seconds elapsed since 01/01/1970, leap-seconds included?","C,Python",2021,data_ai,data_ai,data_ai
stackoverflow_question,Time since first ever occurrence in Pandas,"R,Python",2022,data_ai,data_ai,data_ai
stackoverflow_question,Python: Mapping data up a hierarchy,Python,2022,data_ai,data_ai,data_ai
stackoverflow_question,How to place geom_text labels outside the plot boundary in plotnine,"R,Python",2021,data_ai,data_ai,data_ai
stackoverflow_question,How can I split a text between commas and make each new part a new column?,"R,Python",2021,developer tools,developer tools,developer tools
stackoverflow_question,How To Get The Time Interval of a Column in Pandas,Python,2021,data_ai,data_ai,data_ai
stackoverflow_question,Apply a function across all rows in new column creation Pandas,Python,2021,data_ai,data_ai,data_ai
stackoverflow_question,"What does ""printf-style function with dynamic format string and no further arguments should use print-style function instead"" mean?",Go,2022,developer tools,developer tools,developer tools
stackoverflow_question,Button style on the form,"C++,C",2021,web frontend,web frontend,web frontend
stackoverflow_question,How to get a tensor of indices in tensorflow?,"R,Python",2020,data_ai,data_ai,data_ai
stackoverflow_question,class cannot be cast to the same class Spigot custom API,"Go,Java",2022,developer tools,developer tools,developer tools
stackoverflow_question,parse json from txt file not working in python,Python,2021,developer tools,developer tools,developer tools
stackoverflow_question,How to pass object of unknown type to function,"C,C#",2020,developer tools,developer tools,developer tools
stackoverflow_question,python function for bayesiasn information criterion (BIC),"C,Python",2020,data_ai,data_ai,data_ai
stackoverflow_question,Modifying Seaborn Violinplot to show means not median,"R,Python",2020,data_ai,data_ai,data_ai
stackoverflow_question,Why is does char from an array give subscript warning in gcc for isspace in newlib,C,2022,developer tools,developer tools,developer tools
stackoverflow_question,Shap - The color bar is not displayed in the summary plot,"Shell,Python",2021,developer tools,developer tools,developer tools
stackoverflow_question,Reassign values to a numpy array using another array,"R,Python",2021,data_ai,data_ai,data_ai
stackoverflow_question,Using generic type of model through interface in C#,"C,C#",2021,embedded,embedded,embedded
stackoverflow_question,Adding an image to a PDF file using Python,Python,2020,data_ai,data_ai,data_ai
stackoverflow_question,numpy.testing.assert_array_equal fails with two identical ragged arrays of arrays,"R,Python",2021,testing_qa,testing_qa,testing_qa
stackoverflow_question,Looping through substrings of a string against a dictionary,Python,2022,data_ai,data_ai,data_ai
stackoverflow_question,Counting the number of leading zero bits in a sha256 encrpytion,Python,2022,security,security,security
stackoverflow_question,How to properly calculate sums in parallel?,"R,Haskell",2020,data_ai,data_ai,data_ai
stackoverflow_question,OpenGL canvas if flickering in JFrame on a Windows platform,Kotlin,2021,embedded,embedded,embedded
stackoverflow_question,Python Text File Input Bug,Python,2020,web backend,web backend,web backend
stackoverflow_question,getting plots from event logs using pm4py,Python,2021,data_ai,data_ai,data_ai
stackoverflow_question,Map values are getting overridden while iterating through Map,"C,Java",2020,developer tools,developer tools,developer tools
stackoverflow_question,Extracting the row names of a python pandas dataframe as a pandas series,Python,2020,data_ai,data_ai,data_ai
stackoverflow_question,Kotlin - creating map with 3 arrays using fold not working,Kotlin,2021,embedded,embedded,embedded
stackoverflow_question,How to get a random permutation of integers inside range without permuting the whole array in python?,"R,Python",2021,developer tools,developer tools,developer tools
stackoverflow_question,How can I slice a dataframe at different column numbers for each row?,Python,2021,data_ai,data_ai,data_ai
stackoverflow_question,How can one extract date features from a date in pandasql?,"SQL,Python",2021,data_ai,data_ai,data_ai
stackoverflow_question,How to autorun detect.py (Yolov5) when add video to folder?,Python,2022,data_ai,data_ai,data_ai
stackoverflow_question,np.random.rand() or random.random(),"R,Python",2021,data_ai,data_ai,data_ai
stackoverflow_question,Simple one-liner to merge lines with common first field,"Ruby,R",2022,developer tools,developer tools,developer tools
stackoverflow_question,Roundtrip unbounded type parameters through object,"C,C#",2022,developer tools,developer tools,developer tools
stackoverflow_question,Is there a way to mutate object through mutable reference in an immutable slice?,"Rust,R",2021,data_ai,data_ai,data_ai
stackoverflow_question,Sidebar with filters (dropdowns) in Plotly Dash,"Shell,Python",2021,data_ai,data_ai,data_ai
stackoverflow_question,Utilize Python Input() to perform DateShift on a dataset,"C,Python",2021,data_ai,data_ai,data_ai
stackoverflow_question,Am I paranoid while using boost:asio?,"C++,C",2020,security,security,security
stackoverflow_question,removing duplicate code cause redundant operation?,"C,R",2021,developer tools,developer tools,developer tools
stackoverflow_question,scipy.misc.derivative for uneven space points,"C,Python",2020,data_ai,data_ai,data_ai
stackoverflow_question,How to create a static extension method in Dart?,"R,Dart",2020,mobile,mobile,mobile
stackoverflow_question,How to multiply a list of columns in a column,"C,Python",2020,data_ai,data_ai,data_ai
stackoverflow_question,How do I pass SSL Context into a Python Client that Uses the Autogenerated OpenAPI Python Client Library,"R,Python",2022,web backend,web backend,web backend
stackoverflow_question,"How to mock which return type is 'async Task<(IList<ModelClass>, PaginationModel)>'?","C,C#",2022,data_ai,data_ai,data_ai
stackoverflow_question,‘operator/’ is not a member of ‘std::filesystem’; did you mean ‘operator~',"C++,C",2021,developer tools,developer tools,developer tools
stackoverflow_question,Implicit declaration of function in doubly linked list using C,"C,R",2022,embedded,embedded,embedded
stackoverflow_question,comparing timestamp of the same dataframe in pandas,Python,2021,data_ai,data_ai,data_ai
stackoverflow_question,Prediction Interval for Neural Net in Python,"R,Python",2022,data_ai,data_ai,data_ai
stackoverflow_question,How to Convert JS Password Strength Meter to Swift,Swift,2020,mobile,mobile,mobile
stackoverflow_question,Pandas method chaining when df not assigned yet,"R,Python",2022,data_ai,data_ai,data_ai
stackoverflow_question,"How to effectively put data from X,Y,RGB_COLOR_INT pandas dataframe into image-like canvas numpy array?","R,Python",2022,data_ai,data_ai,data_ai
stackoverflow_question,Leetcode problem - Longest Substring Without Repeating Characters,"R,Python",2022,developer tools,developer tools,developer tools
stackoverflow_question,Visualization of K-Means Clustering of multiple columns,Python,2022,data_ai,data_ai,data_ai
stackoverflow_question,IBM Mobilefirst JAVA adapter giving MFP-Conflict=Concurrency failure while storing user data,"R,Java",2020,mobile,mobile,mobile
stackoverflow_question,Why I am not getting the last two entries from the CSV in my program?,"C,C#",2022,data_ai,data_ai,data_ai
stackoverflow_question,fill lower triangle (including diagonal) of a Numpy Array with -infinity - Python,"R,Python",2021,data_ai,data_ai,data_ai
stackoverflow_question,How to create a ranking column based on date value range in another column?,"R,Python",2021,data_ai,data_ai,data_ai
stackoverflow_question,"What is the meaning of ""pipelined"" in Java Streams?","R,Java",2022,data_ai,data_ai,data_ai
stackoverflow_question,Creating a new dataframe column based on operations applied to nested arrays in another column?,"R,Python",2022,data_ai,data_ai,data_ai
stackoverflow_question,How to pass a variable from python to an HTML tag,Python,2021,web frontend,web frontend,web frontend
stackoverflow_question,Writing to Application.persistentDataPath on HoloLens 2 with Unity3D and accessing files afterward through device web portal,"C,C#",2021,embedded,embedded,embedded
stackoverflow_question,How to know which resource is being used when using SimPy's AnyOf method?,Python,2021,developer tools,developer tools,developer tools
stackoverflow_question,swift combine flatmap sequential operation,"C,Swift",2020,mobile,mobile,mobile
stackoverflow_question,How can I combine multiple similar methods into one that returns three results?,"C,C#",2020,developer tools,developer tools,developer tools
stackoverflow_question,How to save time info without date in pyspark?,"R,Python",2021,data_ai,data_ai,data_ai
stackoverflow_question,Rails: Strong params are missing on API,"Ruby,R",2020,web backend,web backend,web backend
stackoverflow_question,Fill in missing date values and populate second column based on previous row,"R,Python",2020,data_ai,data_ai,data_ai
stackoverflow_question,"In the attempt to fix line spacing with custom font, it gets rid of the font style with setParagraphAttributes",Java,2021,web frontend,web frontend,web frontend
stackoverflow_question,Mocking a function from builtin class,"C,Python",2020,developer tools,developer tools,developer tools
stackoverflow_question,Having a class with different method actions - Virtual or Delegate?,"C,C#",2020,embedded,embedded,embedded
stackoverflow_question,"Update Tkinter progressbar from function called (by button click), function is in separate document","R,Python",2021,embedded,embedded,embedded
stackoverflow_question,Is it possible to get a list of Dog from a list of Animal without a cast?,"JavaScript,Java",2021,data_ai,data_ai,data_ai
stackoverflow_question,I cannot create a linked list in C,C,2021,embedded,embedded,embedded
stackoverflow_question,Extract JVM uptime from binary heap dump,"R,Java",2020,data_ai,data_ai,data_ai
stackoverflow_question,Count Business Days excluding start date and include end date with busday_count,Python,2020,data_ai,data_ai,data_ai
stackoverflow_question,Python GeeksForGeeks arrange array alternatively problem,Python,2022,data_ai,data_ai,data_ai
stackoverflow_question,Python: How to remove default options on Typer CLI?,"R,Python",2020,developer tools,developer tools,developer tools
stackoverflow_question,I am looking for some simple PHP code to send Twilio SMS message (without a framework required),PHP,2020,web backend,web backend,web backend
stackoverflow_question,"Filter the duplicate rows of a pandas dataframe, keeping rows with the latest date only","R,Python",2021,data_ai,data_ai,data_ai
stackoverflow_question,Saved Model file size is the same after pruning with Tensorflow Model Optimization,"R,Python",2021,data_ai,data_ai,data_ai
stackoverflow_question,How can I append in item to a list from a class?,"C,Python",2021,developer tools,developer tools,developer tools
stackoverflow_question,When should I use .copy(),Python,2021,developer tools,developer tools,developer tools
stackoverflow_question,Is there anyway to delete these extra lines in Visual Studio Code?,"C,Java",2022,developer tools,developer tools,developer tools
stackoverflow_question,Converting TimeStamp Series into minutes Series data || Python,"R,Python",2021,data_ai,data_ai,data_ai
stackoverflow_question,How to restructure so as to not be stuck in the IO monad?,Haskell,2021,developer tools,developer tools,developer tools
stackoverflow_question,Difference between blank and pretrained models in spacy,"C,Python",2020,data_ai,data_ai,data_ai
stackoverflow_question,How to implement iterator trait over wrapped vector in Rust?,"Rust,R",2022,embedded,embedded,embedded
stackoverflow_question,How do I use Bits type in Haskell?,Haskell,2021,developer tools,developer tools,developer tools
stackoverflow_question,check if an element is a neighbor and then create a new column,"R,Python",2022,data_ai,data_ai,data_ai
stackoverflow_question,What is the purpose of void pointers?,"C,R",2021,developer tools,developer tools,developer tools
stackoverflow_question,Size legend for plotly express scatterplot in Python,Python,2021,data_ai,data_ai,data_ai
stackoverflow_question,kotlin anonymous functions defined using fun keyword,Kotlin,2021,mobile,mobile,mobile
stackoverflow_question,How can I add an empty line after a certain linenumber within a text file?,Python,2022,developer tools,developer tools,developer tools
stackoverflow_question,Lua : self.array becomes NIL after using it to assign members of other object,"C,Lua",2022,embedded,embedded,embedded
stackoverflow_question,Python add a variable to a class,Python,2022,developer tools,developer tools,developer tools
stackoverflow_question,tight_layout() reserves ylabel and yticklabels space even when disabled,Python,2021,developer tools,developer tools,developer tools
stackoverflow_question,Matplotlib: Change distance between two x-axis tick marks on plot,Python,2022,data_ai,data_ai,data_ai
stackoverflow_question,Disable Submit button if input in Textbox's Text inside UserControl is invalid,"C,C#",2020,testing_qa,testing_qa,testing_qa
stackoverflow_question,How to initialise array of dictionary keys based on the values of the dictionary keys,Swift,2020,developer tools,developer tools,developer tools
stackoverflow_question,Plotly: How to make a multiple index dropdown option?,Python,2020,web frontend,web frontend,web frontend
stackoverflow_question,How to change variables or texts in ktor frontend,"R,Kotlin",2020,web frontend,web frontend,web frontend
stackoverflow_question,"Python, how I can find sum of this elements?",Python,2021,data_ai,data_ai,data_ai
stackoverflow_question,How do I define multiple #define with single assign value in C,"C,R",2020,embedded,embedded,embedded
stackoverflow_question,Odd Repetitions of Patterns When Using Rand(),"C,R",2021,developer tools,developer tools,developer tools
stackoverflow_question,Hibernate loads wrong entity with Polymorphism,"R,Java",2022,data_ai,data_ai,data_ai
stackoverflow_question,pytest - call a function that generates inputs to fill in inputs for pytest.mark.parametrize for desired number of tests,Python,2022,testing_qa,testing_qa,testing_qa
stackoverflow_question,Convert PHP curl POST request with array of parameters to Python code,"Python,PHP",2021,web backend,web backend,web backend
stackoverflow_question,Python: how do I convert all columns except one in a CSV to integers,Python,2022,data_ai,data_ai,data_ai
stackoverflow_question,JProfiler is able to find JVM process for one user but can find it for another user on the same machine,"R,Java",2021,developer tools,developer tools,developer tools
stackoverflow_question,How to bypass cve-2020-26160 vulnerability in dgrijalva/jwt-go?,Go,2021,security,security,security
stackoverflow_question,Loop a value into function and save the results in dataframe,"R,Python",2021,data_ai,data_ai,data_ai
stackoverflow_question,counting to 2 different values with main method and public static final int,Java,2020,embedded,embedded,embedded
stackoverflow_question,Find the only one element in C++ containers,"C++,C",2020,embedded,embedded,embedded
stackoverflow_question,PHP echoing INF instead of result for grades,PHP,2020,web backend,web backend,web backend
stackoverflow_question,Java Date - Leap year - strange behavior,Java,2020,developer tools,developer tools,developer tools
stackoverflow_question,Warning about parameters in XGBoost function in Python?,"R,Python",2021,data_ai,data_ai,data_ai
stackoverflow_question,How to use allure_commons for custom framework in Python,"R,Python",2020,testing_qa,testing_qa,testing_qa
stackoverflow_question,"Transform random integers into range [min,max] without branching","C++,C",2021,embedded,embedded,embedded
stackoverflow_question,pandas set value based on previous row only one time for each group,"R,Python",2021,data_ai,data_ai,data_ai
stackoverflow_question,Chunking API response cuts off required data,Python,2022,web backend,web backend,web backend
stackoverflow_question,How can I print this list without the spaces at the beginning?,"C,Python",2021,developer tools,developer tools,developer tools
stackoverflow_question,setting the values of sliding windows of an array in numpy,Python,2021,data_ai,data_ai,data_ai
stackoverflow_question,use pandas to pick latest value from time based columns,"R,Python",2022,data_ai,data_ai,data_ai
stackoverflow_question,Get fewest number of values that satisfies all keys,"R,Go",2021,data_ai,data_ai,data_ai
stackoverflow_question,"Pandas, find the number of times a combination of rows appear under a different column ID","R,Python",2021,data_ai,data_ai,data_ai
stackoverflow_question,Aggregating the columnar data in Pandas data frame,"R,Python",2020,data_ai,data_ai,data_ai
stackoverflow_question,Stop appending ints to a list after a specified sum is reached,Python,2020,developer tools,developer tools,developer tools
stackoverflow_question,efficient way to check every value in a 2d python array,"R,Python",2020,data_ai,data_ai,data_ai
stackoverflow_question,How to intersect 3 dataframes of the same dimensions and output a dataframe of common occurrences in at least 2 dataframes,"R,Python",2022,data_ai,data_ai,data_ai
stackoverflow_question,Grouping two words as one in FreqDist,Python,2022,data_ai,data_ai,data_ai
stackoverflow_question,"Is there a reason I can't write to, and later read from the same csv file using pandas?",Python,2020,data_ai,data_ai,data_ai
stackoverflow_question,Unable to load_model due to 'unknown activation_function: LeakyReLU',"R,Python",2021,data_ai,data_ai,data_ai
stackoverflow_question,Is there a way to find the first value of x to a corresponding y in a tuple/ list?,Python,2020,developer tools,developer tools,developer tools
stackoverflow_question,"Each time I try the predict method this is what I get: Input 0 of layer ""conv2d_16"" is incompatible with the layer","R,Python",2022,data_ai,data_ai,data_ai
stackoverflow_question,Rails Console - Deprecation Notices After Updating Gems,"Ruby,R",2022,web backend,web backend,web backend
stackoverflow_question,Pointer to one before first element of array,"C,R",2020,embedded,embedded,embedded
stackoverflow_question,pandas groupby multiple columns with python and streamlit,"R,Python",2022,data_ai,data_ai,data_ai
stackoverflow_question,Is it possible to have a type class for both constants and expressions in DSL?,"C,Haskell",2020,developer tools,developer tools,developer tools
stackoverflow_question,"Look for certain words in a Pandas Dataframe column and if found, add them to a new column",Python,2020,data_ai,data_ai,data_ai
stackoverflow_question,Differences between BlockingCollection and TaskScheduler,"C,C#",2020,developer tools,developer tools,developer tools
stackoverflow_question,How to sort pandas dataframe in ascending order using Python,"R,Python",2021,data_ai,data_ai,data_ai
stackoverflow_question,How to count values from one column based on the description in other column in pandas?,"R,Python",2022,data_ai,data_ai,data_ai
stackoverflow_question,Multiselect/Selectbox doesn’t wait after first selection - Streamlit,"R,Python",2021,web frontend,web frontend,web frontend
stackoverflow_question,Pandas get rows based on column max in slice with multiindex,Python,2021,data_ai,data_ai,data_ai
stackoverflow_question,How do I enable and react to the Maximize button when using PySimpleGUI,Python,2021,developer tools,developer tools,developer tools
stackoverflow_question,Accessing value used in LINQ Select within a foreach,"C,C#",2021,developer tools,developer tools,developer tools
stackoverflow_question,How to set query parameters with same name as Guzzle?,PHP,2022,developer tools,developer tools,developer tools
stackoverflow_question,How to insert another column values in a column with their respective location?,"R,Python",2021,data_ai,data_ai,data_ai
stackoverflow_question,Kotlin field Assignment via Scope Function (Apply ),Kotlin,2022,mobile,mobile,mobile
stackoverflow_question,How to retrieve an enum index value based on char array? in C++ (cpp),"C++,C",2022,embedded,embedded,embedded
stackoverflow_question,Random Obstacle Generator in unity 3D,"C,C#",2022,game,game,game
stackoverflow_question,What is the least memory-intensive way to read a Parquet file in Python? Is line-by-line possible?,"R,Python",2022,data_ai,data_ai,data_ai
stackoverflow_question,Removing a python function definition entirely but keeping the signature,Python,2022,developer tools,developer tools,developer tools
stackoverflow_question,How can i print the lines like this example?,Python,2021,web frontend,web frontend,web frontend
stackoverflow_question,Python apriori returning Generator instead of Dataframe,"R,Python",2021,data_ai,data_ai,data_ai
stackoverflow_question,Is there some way to see if my graph has a normal distribution from a csv file?,"R,Python",2021,data_ai,data_ai,data_ai
stackoverflow_question,How to remove a particular grid line?,"R,Python",2022,web frontend,web frontend,web frontend
stackoverflow_question,gtk-rs: how to update view from another thread,"Rust,R",2021,embedded,embedded,embedded
stackoverflow_question,Use template fields in BaseSensorOperator for SFTPSensor,"R,Python",2021,embedded,embedded,embedded
stackoverflow_question,How to convert QList to QSet in Qt 6,"C++,C",2021,embedded,embedded,embedded
stackoverflow_question,Anaconda Kernel and Google Colab crash when using cv2.FastFeatureDetector(),"C,Python",2020,data_ai,data_ai,data_ai
stackoverflow_question,Is it OK to define optional methods on abstract base class?,"C,Python",2022,developer tools,developer tools,developer tools
stackoverflow_question,Why is this example using memcpy to convert uint8_t* parameter to a structure?,"C++,C",2021,embedded,embedded,embedded
stackoverflow_question,C++/C Code to have different execution block on M1 and Intel,"C++,C",2021,embedded,embedded,embedded
stackoverflow_question,Python: Check if element is less than the next elements,"R,Python",2022,data_ai,data_ai,data_ai
stackoverflow_question,Why does memchr() take a void pointer as input?,"C,R",2022,developer tools,developer tools,developer tools
stackoverflow_question,How can I generate a large set of random numbers without collision on Python?,"R,Python",2020,data_ai,data_ai,data_ai
stackoverflow_question,Managing multiple levels of collection fixtures in xUnit / porting from NUnit,"C,C#",2021,testing_qa,testing_qa,testing_qa
stackoverflow_question,Add stdout of subprocess to JSON report if test case fails,"R,Python",2020,testing_qa,testing_qa,testing_qa
stackoverflow_question,How to delete second element from pairs in haskell?,Haskell,2022,developer tools,developer tools,developer tools
stackoverflow_question,What is the difference between using the Dump() extension method and using the Console.WriteLine() in the LINQPad?,"C,C#",2020,developer tools,developer tools,developer tools
stackoverflow_question,How to find Intersecting and unique strings in specific groups in a pd.dataframe?,"R,Python",2021,data_ai,data_ai,data_ai
stackoverflow_question,How can I quickly download and send audio from youtube?,"R,Python",2022,mobile,mobile,mobile
stackoverflow_question,Counting the number of vowels in a string and returning the count Python?,Python,2020,data_ai,data_ai,data_ai
stackoverflow_question,How to statically allocate memory based upon type information from another translation unit,"C++,C",2021,embedded,embedded,embedded
stackoverflow_question,How To Draw a line with variables,C,2021,developer tools,developer tools,developer tools
stackoverflow_question,Why does Tomcat start listening on more ports?,"C,Java",2022,devops_cloud,devops_cloud,devops_cloud
stackoverflow_question,how to get equidistant log scaling of y axis,Python,2021,data_ai,data_ai,data_ai
stackoverflow_question,SpaCy's Matcher Regular Expression not matching string,"C,Python",2020,data_ai,data_ai,data_ai
stackoverflow_question,Why ++variable isn't treated as lvalue in C?,C,2022,embedded,embedded,embedded
stackoverflow_question,Apply os.path.join method within a DataFrame,Python,2020,data_ai,data_ai,data_ai
stackoverflow_question,How to change date from “yyyy-mm-dd” to “mm/dd/yyyy” in Python?,"R,Python",2021,developer tools,developer tools,developer tools
stackoverflow_question,"How can we transform a column previous value (greater, equal or smaller) to (1, 0, -1) on a pandas dataframe?","R,Python",2021,data_ai,data_ai,data_ai
stackoverflow_question,"FileReader ""eats"" each first letter","R,Java",2020,embedded,embedded,embedded
stackoverflow_question,How to select the whole sheet in xlwings,Python,2022,developer tools,developer tools,developer tools
stackoverflow_question,"Generating ""working hours"" interval index with pandas",Python,2021,data_ai,data_ai,data_ai
stackoverflow_question,"In python (pandas.DataFrame), is there an easy/efficient way to create all possible combinations of one column from each index, scoring by value?","R,Python",2021,data_ai,data_ai,data_ai
stackoverflow_question,Pandas read csv using wild card pattern for selecting columns,"R,Python",2020,data_ai,data_ai,data_ai
stackoverflow_question,"Read HID device input, e.g. from a keyboard or barcode scanner","C,C#",2022,embedded,embedded,embedded
stackoverflow_question,Problems with pandas_ta indicators rsi,Python,2021,data_ai,data_ai,data_ai
stackoverflow_question,Sample logging generation python logging library,Python,2022,developer tools,developer tools,developer tools
stackoverflow_question,Reading a file and print lines that contain a certain stream of characters decided by the user,C,2022,developer tools,developer tools,developer tools
stackoverflow_question,Why does SwiftUI's TabView rotation to landscape jump to random tab-number?,"C,Swift",2021,mobile,mobile,mobile
stackoverflow_question,Using path-strings as index in pandas,"R,Python",2020,data_ai,data_ai,data_ai
stackoverflow_question,How to make an enemy follow the player with momentum in Unity?,"C,C#",2022,game,game,game
stackoverflow_question,Can not access query string in .htaccess?,"C,PHP",2022,web backend,web backend,web backend
stackoverflow_question,How to calculate the probablity of a specific streak in x attempts?,Python,2021,data_ai,data_ai,data_ai
stackoverflow_question,Write data from for loop into a dataframe pandas,"R,Python",2021,data_ai,data_ai,data_ai
stackoverflow_question,How do you limit System.Diagnostics.Process HANDLE access rights in C# .NET?,"C,C#",2021,security,security,security
stackoverflow_question,Which magic method does hasattr call?,Python,2022,developer tools,developer tools,developer tools
stackoverflow_question,Declare enum class refering to another enum class,"C++,C",2021,embedded,embedded,embedded
stackoverflow_question,C# Call function from another class,"C,C#",2021,developer tools,developer tools,developer tools
stackoverflow_question,Concatenate column names by using the binary values in the columns,Python,2021,data_ai,data_ai,data_ai
stackoverflow_question,Convert pandas column (containing floats and NaN values) from float64 to nullable int8,"R,Python",2020,data_ai,data_ai,data_ai
stackoverflow_question,Can I serialize an enum's definition with serde?,"Rust,R",2022,data_ai,data_ai,data_ai
stackoverflow_question,How can i bind an an array to another array in c programming?,"C,R",2020,embedded,embedded,embedded
stackoverflow_question,Best method to measure CPU time in Python3?,"C,Python",2020,data_ai,data_ai,data_ai
stackoverflow_question,why does match think these arms are not the same?,"Rust,R",2020,developer tools,developer tools,developer tools
stackoverflow_question,Split Numpy array (800 * x) where each row is a string of space separeted feature values,"R,Python",2022,data_ai,data_ai,data_ai
stackoverflow_question,Parsing datetime string containing milliseconds to datetime,Python,2020,data_ai,data_ai,data_ai
stackoverflow_question,Pandas DF - Find a sequence in consecutive columns in a row,"R,Python",2021,data_ai,data_ai,data_ai
stackoverflow_question,Odoo default data for binary field,Python,2022,enterprise,enterprise,enterprise
stackoverflow_question,How can I get the specific character in string except the last one in Python?,Python,2022,developer tools,developer tools,developer tools
stackoverflow_question,How to print a rectangle shape thru multiplication signs in python?,"Shell,Python",2022,developer tools,developer tools,developer tools
stackoverflow_question,Get a sale.order with an ID in other model [Odoo],"R,Python",2022,web backend,web backend,web backend
stackoverflow_question,How to calculate the count of null field from the model dynamically using java,Java,2021,web backend,web backend,web backend
stackoverflow_question,How to change the value new Date() in java,Java,2020,developer tools,developer tools,developer tools
stackoverflow_question,Performing for loop in pandas,Python,2020,data_ai,data_ai,data_ai
stackoverflow_question,"gcc -fanalyzer complains about double free, I don't understand why",C,2021,developer tools,developer tools,developer tools
stackoverflow_question,"J8583: ISO8583 MessageFactory has no parsing guide for message type ""ffffff50""",Java,2021,embedded,embedded,embedded
stackoverflow_question,Why removing random element from vector and list costs almost the same time?,"C++,C",2022,data_ai,data_ai,data_ai
stackoverflow_question,how to find number with most divisor from array in java,"R,Java",2022,developer tools,developer tools,developer tools
stackoverflow_question,"LU-factorization with OpenMP seems to slow, need advice","C,R",2021,data_ai,data_ai,data_ai
stackoverflow_question,Nlog Parameter maxArchiveDays not supported on FileTarget,"C,C#",2020,developer tools,developer tools,developer tools
stackoverflow_question,in c++ is there any way specialise a function template for specific values of arguments,"C++,C",2022,embedded,embedded,embedded
stackoverflow_question,Is it possible to create our own escape sequence in c#?,"C,C#",2020,embedded,embedded,embedded
stackoverflow_question,"My last two elif/else statement wont execute, and I cant find out why?",Python,2021,developer tools,developer tools,developer tools
stackoverflow_question,Convert RGB values to jpg Image in Python,"R,Python",2022,developer tools,developer tools,developer tools
stackoverflow_question,Pandas : Percentage of nan for each value of a column,"R,Python",2020,data_ai,data_ai,data_ai
stackoverflow_question,Python notification not working after compiling,Python,2022,web backend,web backend,web backend
stackoverflow_question,Fill missing composite indexes in pandas dataframe,"R,Python",2020,data_ai,data_ai,data_ai
stackoverflow_question,How to Convert 2D numpy array in to MIDI file?,Python,2022,data_ai,data_ai,data_ai
stackoverflow_question,converting a string to a void pointer,"C,R",2022,embedded,embedded,embedded
stackoverflow_question,Is it possible to hide multiple winforms objects with array?,"C,C#",2020,embedded,embedded,embedded
stackoverflow_question,How to perform a cumulative count & sum in R?,"R,Python",2022,data_ai,data_ai,data_ai
stackoverflow_question,Get updated object after mapping by lambda expression,"R,Java",2021,data_ai,data_ai,data_ai
stackoverflow_question,Should I use OAuth2 Authentication?,"C,Python",2020,security,security,security
stackoverflow_question,convert pandas dataframe to list of tuple with unique pairs of integers as the first entry,"R,Python",2020,data_ai,data_ai,data_ai
stackoverflow_question,C Syslog API - How to Override _PATH_LOG,C,2020,embedded,embedded,embedded
stackoverflow_question,XV-11 Lidar read data with Raspberry pi 3B+,"R,Python",2021,iot,iot,iot
stackoverflow_question,Why is ruamel.yaml giving me invalid yaml when loading from custom classes?,"R,Python",2022,data_ai,data_ai,data_ai
stackoverflow_question,How to groupby by geometry column with Python?,"R,Python",2022,data_ai,data_ai,data_ai
stackoverflow_question,How can I change order of arguments in vscode?,Java,2022,developer tools,developer tools,developer tools
stackoverflow_question,Insert value in numpy array with conditions,"R,Python",2022,data_ai,data_ai,data_ai
stackoverflow_question,Unable to remove leading spaces when doing String .split(),"R,Java",2020,developer tools,developer tools,developer tools
stackoverflow_question,Efficient way to find row in df2 based on condition from value in df1,"R,Python",2022,data_ai,data_ai,data_ai
stackoverflow_question,Why a rust immutable reference can call &mut self methd?,"Rust,R",2021,developer tools,developer tools,developer tools
stackoverflow_question,Sort python dictionary with list as value,"R,Python",2020,data_ai,data_ai,data_ai
stackoverflow_question,How do I check the current progress of URLSession.dataTaskPublisher?,"C,Swift",2020,mobile,mobile,mobile
stackoverflow_question,Getting 'SparseDtype' object has no attribute 'itemsize' when trying to save sparse df to hdf5?,Python,2020,data_ai,data_ai,data_ai
stackoverflow_question,Upgrading Jenkins Java version from 8 to 11,Java,2021,devops_cloud,devops_cloud,devops_cloud
stackoverflow_question,"How do I sort data according to diferent criteria, without having to copy it?","Rust,R",2022,data_ai,data_ai,data_ai
stackoverflow_question,Nested for loop Python not working as expected,"R,Python",2022,developer tools,developer tools,developer tools
stackoverflow_question,how is it more efficient to use final/const instead of var?,"R,Dart",2020,developer tools,developer tools,developer tools
stackoverflow_question,Pandas: Set values in all rows that are between two rows in a dataframe?,"R,Python",2022,data_ai,data_ai,data_ai
stackoverflow_question,.NET MAUI commands never get executed,"C,C#",2022,mobile,mobile,mobile
stackoverflow_question,Why lambda function in list comprehension is slower than in map?,Python,2020,data_ai,data_ai,data_ai
stackoverflow_question,Lua remove folders in file path from request uri,"R,Lua",2021,embedded,embedded,embedded
stackoverflow_question,Weird thing with scanning strings in c,"C,R",2021,embedded,embedded,embedded
stackoverflow_question,"Variable is correct, but test case does not execute",C,2021,testing_qa,testing_qa,testing_qa
stackoverflow_question,List assignment in the function in Python,Python,2022,web backend,web backend,web backend
stackoverflow_question,How to index each steps of moving disk in Tower of Hanoi (recursive approach),"C,R",2022,embedded,embedded,embedded
stackoverflow_question,Pandas dataframes too large to append to dask dataframe?,"R,Python",2020,data_ai,data_ai,data_ai
stackoverflow_question,boost.beast : HTTP/1.1 400 Bad Request,"C++,C",2022,web backend,web backend,web backend
stackoverflow_question,Python: Fastest way to write large integer to file,"R,Python",2020,data_ai,data_ai,data_ai
stackoverflow_question,Quarkus logger does not replace %s in log,"R,Java",2022,developer tools,developer tools,developer tools
stackoverflow_question,How do i prevent a segmentation fault with opencv in python,"C,Python",2021,data_ai,data_ai,data_ai
stackoverflow_question,"std:: has no member ""filesystem"" in C++/17","C++,C",2020,embedded,embedded,embedded
stackoverflow_question,Convert OpenGL texture to OpenCV Mat not working,"C++,C",2020,embedded,embedded,embedded
stackoverflow_question,What is a viable alternative to getOne(long id) in Spring,"R,Java",2022,web backend,web backend,web backend
stackoverflow_question,How to get the same output when using the `difference` function of a HashSet?,"Rust,R",2022,developer tools,developer tools,developer tools
stackoverflow_question,Reshaping array to fit in Keras model,"R,Python",2021,data_ai,data_ai,data_ai
stackoverflow_question,"How to mock zap logger from ctrl ""sigs.k8s.io/controller-runtime""?",Go,2021,devops_cloud,devops_cloud,devops_cloud
stackoverflow_question,"C: Thread synchronization using pthreads, locking and unlocking mutex","C,R",2020,embedded,embedded,embedded
stackoverflow_question,logging.FileHandler in python creates empty files,Python,2021,developer tools,developer tools,developer tools
stackoverflow_question,GORM converts query text into lowercase,"R,Go",2021,data_ai,data_ai,data_ai
stackoverflow_question,Using boost::recursive_variant with std::unordered_map,"C++,C",2022,embedded,embedded,embedded
stackoverflow_question,Python: How to recursively merge 2 dictionaries?,Python,2022,developer tools,developer tools,developer tools
stackoverflow_question,How to accept string input only if it of certain length in C else ask user to input the string again,"C,R",2022,embedded,embedded,embedded
stackoverflow_question,how do I make my crash function restart my game?,Python,2020,game,game,game
stackoverflow_question,"CUDA: ""missing return statement at end of non-void function"" in constexpr if function","C++,C",2020,embedded,embedded,embedded
stackoverflow_question,Frama-C does not recognize valid memory access from bitwise-ANDed index,"C,R",2022,embedded,embedded,embedded
stackoverflow_question,PyQt5 : QWebEngineView doesn't load URL,Python,2022,embedded,embedded,embedded
stackoverflow_question,How to plot each pandas row as a line plot,Python,2021,data_ai,data_ai,data_ai
stackoverflow_question,"Is there a go linter that can find ""nil pointer dereference"" potential panic?",Go,2021,developer tools,developer tools,developer tools
stackoverflow_question,Faster way to create cost matrix,"C,Python",2020,data_ai,data_ai,data_ai
stackoverflow_question,Assign value on large pandas dataframe based on index stored on two others dataframes,"R,Python",2021,data_ai,data_ai,data_ai
stackoverflow_question,Use Index as a variable for an equation in a DataFrame,Python,2021,data_ai,data_ai,data_ai
stackoverflow_question,Trying to implement Luhn's Algorithm in C,C,2020,embedded,embedded,embedded
stackoverflow_question,Is there any reasonable way to embed a Prolog interpreter inside of a C program?,"C,R",2020,embedded,embedded,embedded
stackoverflow_question,How to ignore the outliers in a seaborn violin plot?,"R,Python",2021,data_ai,data_ai,data_ai
stackoverflow_question,Checking a condition before running multiple methods. Ruby on Rails,"Ruby,R",2022,web backend,web backend,web backend
stackoverflow_question,How do I bound Higher Rank Trait Bound lifetimes?,"Rust,R",2022,embedded,embedded,embedded
stackoverflow_question,How to bulk remove objects in minio with golang,Go,2022,web backend,web backend,web backend
stackoverflow_question,Tkinter validatecommand command mangles argument type?,"R,Python",2021,embedded,embedded,embedded
stackoverflow_question,Benchmarking function that takes a long time,"C,R",2021,data_ai,data_ai,data_ai
stackoverflow_question,How to extract a specific value from the linq query?,"C,C#",2021,developer tools,developer tools,developer tools
stackoverflow_question,Casting COM interface to interface from which it inherits,"C++,C",2021,embedded,embedded,embedded
stackoverflow_question,Python: Count how often a value occurs with same id,"R,Python",2020,data_ai,data_ai,data_ai
stackoverflow_question,Spacy code is not correctly identifying annotations with respect to training data,"C,Python",2021,data_ai,data_ai,data_ai
stackoverflow_question,I need to simplify the current output and get an clean output result,Python,2020,data_ai,data_ai,data_ai
stackoverflow_question,"Added rows like ""ABCD -> DEFG -> GHIJ"" by apped_row","R,Python",2022,developer tools,developer tools,developer tools
stackoverflow_question,Python - How can I add sound to an MJPG file?,"C,Python",2021,embedded,embedded,embedded
stackoverflow_question,Edit page not rendered properly,"Ruby,R",2022,web frontend,web frontend,web frontend
stackoverflow_question,How can I pass a member function with an unknown prototype to a class in C++?,"C++,C",2021,embedded,embedded,embedded
stackoverflow_question,What are the pros/cons in using pd.Index vs df.loc,Python,2022,data_ai,data_ai,data_ai
stackoverflow_question,I can't connect raspberry pi and sensor by USB,"R,Python",2021,iot,iot,iot
stackoverflow_question,JAVA Paho mqtt - publish to wildcard,Java,2020,iot,iot,iot
stackoverflow_question,How to convert a hex list to a list of ASCII values?,"C,Python",2022,data_ai,data_ai,data_ai
stackoverflow_question,Why is my super simple function on Python wrong?,"C,Python",2021,developer tools,developer tools,developer tools
stackoverflow_question,How can I get the outer class's reference if the anonymous Inner Class has two outer class?,Java,2020,developer tools,developer tools,developer tools
stackoverflow_question,"How to move cursor form first menu to next menu by pressing Right arrow Key once, Instead of Twice?",Python,2022,embedded,embedded,embedded
stackoverflow_question,How to test Go Mock Repository inside loop on usecase,"C,Go",2022,testing_qa,testing_qa,testing_qa
stackoverflow_question,Numpyic way to take the first N rows and columns out of every M rows and columns from a square matrix,"R,Python",2022,data_ai,data_ai,data_ai
stackoverflow_question,Assigning tkinter filedialog value to a different variable,"R,Python",2021,embedded,embedded,embedded
stackoverflow_question,Return value based on condition from multiple columns,"C,Python",2020,data_ai,data_ai,data_ai
stackoverflow_question,How to add an integer-represented column in Pandas dataframe,"R,Python",2020,data_ai,data_ai,data_ai
stackoverflow_question,I need to understand syntax of this java code,Java,2021,developer tools,developer tools,developer tools
stackoverflow_question,gcc/clang usage of restrict keyword for local variables and struct fields,C,2020,embedded,embedded,embedded
stackoverflow_question,How to check a string for keywords as it is being updated by a keylogger?,"R,Python",2021,security,security,security
stackoverflow_question,How to run mozilla hubs on my local machine?,"R,Elixir",2020,web frontend,web frontend,web frontend
stackoverflow_question,Unity particleSystem main access cannot modify struct member when accessed struct is not classified as a variable,"C,C#",2022,game,game,game
stackoverflow_question,How can I emit a SwarmEvent::Behaviour from a derived NetworkBehaviour?,"Rust,R",2020,iot,iot,iot
stackoverflow_question,Why does quickcheck pass for these two different functions Haskell?,"C,Haskell",2021,data_ai,data_ai,data_ai
stackoverflow_question,Run a .py file by double-clicking on it in Windows 10,Python,2020,developer tools,developer tools,developer tools
stackoverflow_question,Restrict template to largest data type necessary for all calls,"C++,C",2022,data_ai,data_ai,data_ai
stackoverflow_question,Run tests programmatically in Go,Go,2021,testing_qa,testing_qa,testing_qa
stackoverflow_question,"Number of NCBI publications published with a keyword, grouped by year","C,Python",2021,data_ai,data_ai,data_ai
stackoverflow_question,"Where are local static variables inside a function stored - in the data segment, or on the stack?","C++,C",2021,embedded,embedded,embedded
stackoverflow_question,yydestruct too few arguments to function call (flex&bison),"C,R",2020,embedded,embedded,embedded
stackoverflow_question,how can we resample time series in polars,"R,Python",2021,data_ai,data_ai,data_ai
stackoverflow_question,"In Pandas, how to replace list elements in Series?","R,Python",2022,data_ai,data_ai,data_ai
stackoverflow_question,Why does TimeZoneInfo.IsValidTime() give unexpected result for DateTimeKind.Local?,"C,C#",2020,data_ai,data_ai,data_ai
stackoverflow_question,"in a windows form app when user changes a value after previously setting one, can i update an if statement result?","C,C#",2020,developer tools,developer tools,developer tools
stackoverflow_question,How can I find the nearest value of a pandas element compared with another entire column?,Python,2021,data_ai,data_ai,data_ai
stackoverflow_question,"tkinter help: difference between ""master"" and ""root"" keywords in this code?","R,Python",2020,embedded,embedded,embedded
stackoverflow_question,Usage of static inline to functions which calls other larger functions in C,"C,R",2021,embedded,embedded,embedded
stackoverflow_question,Add row to dataframe when quarterly data is missing,Python,2020,data_ai,data_ai,data_ai
stackoverflow_question,Using linkGrabber to get 'href' from google search in python,Python,2020,data_ai,data_ai,data_ai
stackoverflow_question,What happens when a string is cut off by a null character in C?,C,2021,embedded,embedded,embedded
stackoverflow_question,pandas- convert/transpose columns to rows without using loop,"R,Python",2022,data_ai,data_ai,data_ai
stackoverflow_question,How to convert a set of probabilities to 0 and 1?,"R,Python",2021,data_ai,data_ai,data_ai
stackoverflow_question,Performance of multithreaded algorithm to find max number in array,"C,R",2021,data_ai,data_ai,data_ai
stackoverflow_question,Scala Option to get the key value,"C,Scala",2020,data_ai,data_ai,data_ai
stackoverflow_question,"Python websocket context manager with a while True in body, closing connection","C,Python",2021,web backend,web backend,web backend
stackoverflow_question,"How to improve lisibility/split ""fat"" class method (inside ruby class/rails model)","Ruby,R",2020,web backend,web backend,web backend
stackoverflow_question,two separate classes doesn't share the same data c++,"C++,C",2020,embedded,embedded,embedded
stackoverflow_question,What are the equivalent libraries for rt.jar and jfxrt.jar for the latest version of jdk17 and javafx17?,Java,2021,developer tools,developer tools,developer tools
stackoverflow_question,Set single value on pandas multiindex dataframe,"R,Python",2022,data_ai,data_ai,data_ai
stackoverflow_question,Iterative column fill for pandas dataframe if value has new data,"R,Python",2021,data_ai,data_ai,data_ai
stackoverflow_question,C# delegate event dont send class instance as parameter for reference,"C,C#",2020,developer tools,developer tools,developer tools
stackoverflow_question,Why return does not exit a process in xv6?,C,2022,embedded,embedded,embedded
stackoverflow_question,How do I get the computer to guess my number using divide and conqueror algorithm python,Python,2021,data_ai,data_ai,data_ai
stackoverflow_question,Devise redirect to on successful login seems to get stuck on first login attempt,"Ruby,R",2020,web backend,web backend,web backend
stackoverflow_question,Collapse rows in pandas df based on condition,Python,2022,data_ai,data_ai,data_ai
stackoverflow_question,How to check if more than one character is uppercase in a string in Java,Java,2022,developer tools,developer tools,developer tools
stackoverflow_question,C2011: 'Card': 'class' type redefinition (despite using include guards and not redefining class in .cpp file),"C++,C",2020,embedded,embedded,embedded
stackoverflow_question,remove only numbers between brackets from a string,Python,2020,developer tools,developer tools,developer tools
stackoverflow_question,Creating a Fibonacci sequence in C,C,2021,embedded,embedded,embedded
stackoverflow_question,regex function that eliminates comments in a string,"C,Python",2020,developer tools,developer tools,developer tools
stackoverflow_question,How to get the size of an array nested in a const struct declaration,"C,R",2021,embedded,embedded,embedded
stackoverflow_question,Java : How do I use add in Arraylist?,"R,Java",2022,developer tools,developer tools,developer tools
stackoverflow_question,How to join rows in pandas dataframe based on column value?,Python,2022,data_ai,data_ai,data_ai
stackoverflow_question,Python File Handler with Rotating Content of File,Python,2020,data_ai,data_ai,data_ai
stackoverflow_question,How to Create folder structures using Python?,Python,2020,developer tools,developer tools,developer tools
stackoverflow_question,Kotlin filter list within a list,Kotlin,2020,mobile,mobile,mobile
stackoverflow_question,How to limit number of parallel executions in ParallelStream?,"R,Java",2022,developer tools,developer tools,developer tools
stackoverflow_question,"Separate aggregated row into distinct rows, adding a unique count in pandas",Python,2021,data_ai,data_ai,data_ai
stackoverflow_question,How do I use a .bat file to start a .pyw script without cmd popping up?,"C,Python",2020,developer tools,developer tools,developer tools
stackoverflow_question,Does it make sense to have properties like Option[List[...]] when the List container supports the property of empty?,"C,Scala",2021,data_ai,data_ai,data_ai
stackoverflow_question,clang not recognizing unitialized pointer found in static library,"C,R",2022,developer tools,developer tools,developer tools
stackoverflow_question,What is the difference between tf.keras.layers.Input() and tf.keras.layers.Flatten(),"R,Python",2022,data_ai,data_ai,data_ai
stackoverflow_question,Append the lists in a DataFrame Column: Must have equal len keys and value when setting with an iterable,Python,2022,data_ai,data_ai,data_ai
stackoverflow_question,What is the role of identifier in C preprocessor directives,"C,R",2022,embedded,embedded,embedded
stackoverflow_question,Find the cost of all paths in a matrix using Dijkstra's Algorithm in Python,"R,Python",2021,data_ai,data_ai,data_ai
stackoverflow_question,how to add column name in a dataframe created from a csv file?,Python,2020,data_ai,data_ai,data_ai
stackoverflow_question,How to use yaml.Validate in cuelang for yaml validation?,"C,Go",2022,data_ai,data_ai,data_ai
stackoverflow_question,Python Matplotlib - how to graph top 20 of the df?,Python,2021,data_ai,data_ai,data_ai
stackoverflow_question,Web scraping an interactive chart for time series data *newbie*,Python,2020,web frontend,web frontend,web frontend
stackoverflow_question,How to check if a String can be made out of specified list of Chars?,Kotlin,2020,developer tools,developer tools,developer tools
stackoverflow_question,Python Pandas: How to print all columns in the data frame where all the values are 0,Python,2022,data_ai,data_ai,data_ai
stackoverflow_question,Saving multiple files using template and for loop Python,Python,2020,data_ai,data_ai,data_ai
stackoverflow_question,Problems to access/change private variables in an operator overload of a different class,"C++,C",2020,developer tools,developer tools,developer tools
stackoverflow_question,Dynamic batch size in Keras LSTM (TensorFlow 2.x),"R,Python",2022,data_ai,data_ai,data_ai
stackoverflow_question,Big O time complexity for itertools combinations,Python,2021,data_ai,data_ai,data_ai
stackoverflow_question,How to use natsort in different language?,"R,PHP",2022,developer tools,developer tools,developer tools
stackoverflow_question,Get last windows update check C++ wuapi,"C++,C",2021,embedded,embedded,embedded
stackoverflow_question,How to convert array column to int array in Pandas?,"R,Python",2021,data_ai,data_ai,data_ai
stackoverflow_question,Pass argument that is BaseModel class or Null - everything else shouldn't work,"C,Python",2022,developer tools,developer tools,developer tools
stackoverflow_question,"Why is Java's System.getSystemProperty(""os.name"") wrong?","C,Java",2022,developer tools,developer tools,developer tools
stackoverflow_question,"PHP SameSite session problem, session doesn't work","C,PHP",2020,web backend,web backend,web backend
stackoverflow_question,NumPy - Can this be vectorized?,Python,2020,data_ai,data_ai,data_ai
stackoverflow_question,What is the purpose of the &() syntax?,"Rust,R",2020,developer tools,developer tools,developer tools
stackoverflow_question,How to prevent specific keyboard inputing into TextBox in WPF,"C,C#",2022,embedded,embedded,embedded
stackoverflow_question,OData cannot serialize a null resource,"C,C#",2020,data_ai,data_ai,data_ai
stackoverflow_question,Add CSS class to selected Wicket Tab,"C,Java",2021,web frontend,web frontend,web frontend
stackoverflow_question,deleting multiple lines in command prints ASCII control chars,"C,Python",2020,developer tools,developer tools,developer tools
stackoverflow_question,Rule 2.3: A project shall not contains unused typedef declarations,"C,R",2022,developer tools,developer tools,developer tools
stackoverflow_question,Pandas DataFrame count row length for specific entry,"R,Python",2020,data_ai,data_ai,data_ai
stackoverflow_question,Is it clean to create an instance of a class inside a static method of that class?,"C,C#",2021,developer tools,developer tools,developer tools
stackoverflow_question,"Searching for a matching items in between two sets with ""complex in"" condition","C,Python",2022,data_ai,data_ai,data_ai
stackoverflow_question,Problem with generating random terrain pygame,"R,Python",2021,game,game,game
stackoverflow_question,Object obj = true; but Java says obj is Boolean,Java,2021,developer tools,developer tools,developer tools
stackoverflow_question,Python: change column of strings with None to 0/1,Python,2022,data_ai,data_ai,data_ai
stackoverflow_question,How to increment an int every time I run my tests,"C,C#",2021,testing_qa,testing_qa,testing_qa
stackoverflow_question,"Why does using curley braces when creating an object, calls 2 constructor if one constructor have initializer list","C++,C",2020,developer tools,developer tools,developer tools
stackoverflow_question,python datetime timestamp bug before 1968,Python,2021,data_ai,data_ai,data_ai
stackoverflow_question,"Display date, id column and other columns in Folium HeatMapWithTime",Python,2021,web frontend,web frontend,web frontend
stackoverflow_question,pyplot.scatter reduce marker size,Python,2022,data_ai,data_ai,data_ai
stackoverflow_question,Finding consecutive rows which have values in a desired range,Python,2020,data_ai,data_ai,data_ai
stackoverflow_question,htaccess rewrite rule remove subdirectory and .php extension,"C,PHP",2021,web backend,web backend,web backend
stackoverflow_question,"Prevent C# ""with expressions"" bypassing constructor validation","C,C#",2022,developer tools,developer tools,developer tools
stackoverflow_question,Displaying text under mouse cursor using OpenCV,"C,Python",2021,embedded,embedded,embedded
stackoverflow_question,How to convert Object type to HashMap,"C,Java",2021,developer tools,developer tools,developer tools
stackoverflow_question,Why is getchar() in C printing characters?,"C,R",2020,developer tools,developer tools,developer tools
stackoverflow_question,What is the default font color in Plotly go.Table?,Python,2021,data_ai,data_ai,data_ai
stackoverflow_question,Scala - what is this map + case syntax?,"C,Scala",2022,developer tools,developer tools,developer tools
stackoverflow_question,How to override a long file path in pytest summary report,Python,2022,testing_qa,testing_qa,testing_qa
stackoverflow_question,How do I use AWS STS Assume role with MFA using AWS SDK Go v2?,Go,2021,devops_cloud,devops_cloud,devops_cloud
stackoverflow_question,A way in Python to agnostically append() / add() to a collection (or other receiver)?,"C,Python",2022,developer tools,developer tools,developer tools
stackoverflow_question,How to break a column to fix a php table,PHP,2022,web backend,web backend,web backend
stackoverflow_question,Split a date into equal intervals based on a given frequency,Java,2020,data_ai,data_ai,data_ai
stackoverflow_question,Dash callback preventing other callbacks,"Shell,Python",2021,web frontend,web frontend,web frontend
stackoverflow_question,C# Vector The type must be a non-nullable?,"C,C#",2020,developer tools,developer tools,developer tools
stackoverflow_question,Why values [2][0] and [2][1] of glm::frustumLH_ZO are negated?,"C++,C",2021,data_ai,data_ai,data_ai
stackoverflow_question,Log4j Latest version with slf4j-log4j12,Java,2022,developer tools,developer tools,developer tools
stackoverflow_question,The most efficient way to check if all values in a row are the same or are missing,R,2022,data_ai,data_ai,data_ai
stackoverflow_question,Is there a way to retrieve an episode count & dates from an actor that played multiple roles?,Python,2021,data_ai,data_ai,data_ai
stackoverflow_question,Find The Parity Outlier using dictionary {Python},"C,Python",2022,data_ai,data_ai,data_ai
stackoverflow_question,Usage of 0xcafebabe in Java class file to identify byte order?,"C,Java",2020,embedded,embedded,embedded
stackoverflow_question,"""/dev/ttyUSB0"" equivalent in windows","C,R",2020,embedded,embedded,embedded
stackoverflow_question,"Create standalone functions from class methods (""uncurry""?)",Python,2022,developer tools,developer tools,developer tools
stackoverflow_question,How to set Bearer token in akka-htpp client request,"C,Scala",2022,web backend,web backend,web backend
stackoverflow_question,Missing templates during Kotlin project creation,Kotlin,2020,mobile,mobile,mobile
stackoverflow_question,Pandas dataframe drop rows based on attributes,Python,2020,data_ai,data_ai,data_ai
stackoverflow_question,How to convert timestamp to integer in Pandas dataframe. I tried to_numeric() function but it's not working,"R,Python",2021,data_ai,data_ai,data_ai
stackoverflow_question,Swift change backgroundcolor and have rounded corners in an UIVIew?,Swift,2021,mobile,mobile,mobile
stackoverflow_question,What is the life cycle of a class instance returned by function?,"C++,C",2021,developer tools,developer tools,developer tools
stackoverflow_question,is there a method on python to remove anomalies with the k-nearest neighbors method?,Python,2021,data_ai,data_ai,data_ai
stackoverflow_question,For loop in FXML file || How to send data from controller to fxml file?,Java,2020,web frontend,web frontend,web frontend
stackoverflow_question,Python KivyMD: how to call a function using a button?,Python,2020,mobile,mobile,mobile
stackoverflow_question,How to create function to return routes with warp,"Rust,R",2021,web backend,web backend,web backend
stackoverflow_question,"How to fill a char array with elements, if you press Enter (on keyboard) it should end FOR loop and print the whole array till Enter","C,R",2020,embedded,embedded,embedded
stackoverflow_question,Splitting strings from pandas column into multiple strings,"R,Python",2021,data_ai,data_ai,data_ai
stackoverflow_question,Automation of splitting excel sheets based on column values with Python,"C,Python",2020,data_ai,data_ai,data_ai
stackoverflow_question,Reading part of pcap file in Scapy,"C,Python",2020,embedded,embedded,embedded
stackoverflow_question,Axes messed up trying to plot temporal series with matplotlib,"R,Python",2022,data_ai,data_ai,data_ai
stackoverflow_question,"LINQ method syntax to group by a column, pick one element from each group with total count per group","C,C#",2020,data_ai,data_ai,data_ai
stackoverflow_question,How to stop a periodic function in golang,"R,Go",2022,developer tools,developer tools,developer tools
stackoverflow_question,could not convert string to float: '.ipynb_checkpoints',"R,Python",2022,data_ai,data_ai,data_ai
stackoverflow_question,simplification of function signature in Java,Java,2022,web backend,web backend,web backend
stackoverflow_question,How do you record user's audio in Streamlit shearing?,"R,Python",2021,web frontend,web frontend,web frontend
stackoverflow_question,Using $PROJECT_DIR$ in the path String in IntelliJ Idea,Java,2021,developer tools,developer tools,developer tools
stackoverflow_question,how to take particular the value from the list,Python,2022,developer tools,developer tools,developer tools
stackoverflow_question,How to calculate number of days until the nearest and since the datest date from dates in list in Python Pandas?,Python,2022,data_ai,data_ai,data_ai
stackoverflow_question,Can't pre-define dtype when reading data,Python,2020,data_ai,data_ai,data_ai
stackoverflow_question,How to define a Fortran subroutine which has the same name as an external subroutine?,"R,Python",2020,embedded,embedded,embedded
stackoverflow_question,Detect consecutive monthly repetition in Pandas DataFrame column without iterating,Python,2022,data_ai,data_ai,data_ai
stackoverflow_question,What is the correct way to start `:pg`'s default scope in an Elixir 1.12 application?,"R,Elixir",2021,developer tools,developer tools,developer tools
stackoverflow_question,how to make the label skip the line,"R,Python",2020,web frontend,web frontend,web frontend
stackoverflow_question,Create multiple new pandas column based on other columns in a loop,Python,2022,data_ai,data_ai,data_ai
stackoverflow_question,Why does the generator returned by `fst (Random.split gen)` sometimes produce the same results as `gen`?,Haskell,2022,data_ai,data_ai,data_ai
stackoverflow_question,Put only the stdout of the last shell command in a Python variable,"Shell,Python",2021,developer tools,developer tools,developer tools
stackoverflow_question,Pandas Style conditional formatting (highlight) on text,"R,Python",2021,data_ai,data_ai,data_ai
stackoverflow_question,How to find NLP words count and plot it?,"R,Python",2021,data_ai,data_ai,data_ai
stackoverflow_question,SonarQube cannot parse Pylint output,"R,Python",2021,testing_qa,testing_qa,testing_qa
stackoverflow_question,How to subtract two columns of lists from each other in pandas?,"R,Python",2020,data_ai,data_ai,data_ai
stackoverflow_question,Create an interval and countdown using rxpy,"R,Python",2020,data_ai,data_ai,data_ai
stackoverflow_question,How to determine the x value on the edge of the violinplot for a mean line,"R,Python",2021,data_ai,data_ai,data_ai
stackoverflow_question,Ternary Operator (?:) based assignment avoids type check in C,"C,R",2022,embedded,embedded,embedded
stackoverflow_question,"How can I retrieve a generic folder icon in C# that appears small & open on Windows 10, using either the Win32 API or the Windows API Code Pack?","C,C#",2020,embedded,embedded,embedded
stackoverflow_question,StringLength validation always returns true,"C,C#",2022,testing_qa,testing_qa,testing_qa
stackoverflow_question,Filling a column with values from other rows with pandas,"R,Python",2021,data_ai,data_ai,data_ai
stackoverflow_question,How to detect which GameObject is being collided with,"C,C#",2022,game,game,game
stackoverflow_question,Handle process signals in Swoole script without pcntl_signal() function,"C,PHP",2021,embedded,embedded,embedded
stackoverflow_question,Antlr4: getting an ordered list of tokens?,"R,Java",2020,developer tools,developer tools,developer tools
stackoverflow_question,Efficient way to count unique elements in a column of lists?,"R,Python",2021,data_ai,data_ai,data_ai
stackoverflow_question,How to update the existing excel sheet with data frame in python,"C,Python",2020,data_ai,data_ai,data_ai
stackoverflow_question,Correct way to declare typedef enum in C?,C,2021,embedded,embedded,embedded
stackoverflow_question,var_dump(): Property access is not allowed yet,"SQL,PHP",2020,developer tools,developer tools,developer tools
stackoverflow_question,Why does println! print different outputs for f32 and f64?,"Rust,R",2022,data_ai,data_ai,data_ai
stackoverflow_question,How to detect position liquidation at FTX exchange,"C,C#",2022,blockchain,blockchain,blockchain
stackoverflow_question,"What is the point in using a ""using"" declaration in this context?","C++,C",2022,developer tools,developer tools,developer tools
stackoverflow_question,"Following Python Lazy Logging Formatting, but pylint is still showing (logging-not-lazy) messages","R,Python",2020,developer tools,developer tools,developer tools
stackoverflow_question,beginner questions about class and objects,"C++,C",2020,developer tools,developer tools,developer tools
stackoverflow_question,Python - why I must use self in this method?,Python,2022,developer tools,developer tools,developer tools
stackoverflow_question,Ensure rounded percentages sum up to 100 per group (largest remainder method),Python,2022,data_ai,data_ai,data_ai
stackoverflow_question,Basic asyncio not executing second task,"C,Python",2021,developer tools,developer tools,developer tools
stackoverflow_question,"Shade area in plot with datetime on xaxis (axhspan, matplotlib) in python",Python,2020,data_ai,data_ai,data_ai
stackoverflow_question,The cause field in Throwable object is set to this after popping method stack frames,"C,Java",2022,developer tools,developer tools,developer tools
stackoverflow_question,Resampling data monthly R or Python,"R,Python",2020,data_ai,data_ai,data_ai
stackoverflow_question,How can i Modify the given code so that the ﬁnal list only contains a single copy of each letter?,Python,2020,developer tools,developer tools,developer tools
stackoverflow_question,Return the larger value in the in the given range,"R,Java",2020,data_ai,data_ai,data_ai
stackoverflow_question,How might I be able to write multiple function definitions for multiple types in a polymorphic manner in Haskell?,"R,Haskell",2021,developer tools,developer tools,developer tools
stackoverflow_question,Locate second location of a similar image using pyautogui,Python,2021,embedded,embedded,embedded
stackoverflow_question,How to set color per column with Plotly,Python,2021,data_ai,data_ai,data_ai
stackoverflow_question,Make list's values to boolean in custom function arguments,Python,2021,developer tools,developer tools,developer tools
stackoverflow_question,Changing the icon in a button based off of MediaPlaybackState,"C,C#",2021,embedded,embedded,embedded
stackoverflow_question,How to parse twitch IRC emotes in Swift?,"C,Swift",2021,mobile,mobile,mobile
stackoverflow_question,Why is this a valid scanf statement to break out of a while loop?,C,2020,developer tools,developer tools,developer tools
stackoverflow_question,How were arrays initialized in K&R C?,"C,R",2020,developer tools,developer tools,developer tools
stackoverflow_question,Adding a verticle line using axvline in matplotlib based on datetime data,Python,2021,data_ai,data_ai,data_ai
stackoverflow_question,How to highlight a specific x value with matplotlib?,Python,2022,data_ai,data_ai,data_ai
stackoverflow_question,Laravel Resource Controller producing 404 despite being properly routed,"R,PHP",2021,web backend,web backend,web backend
stackoverflow_question,How to forward fill null values of one column from the values of another column?,"R,Python",2022,data_ai,data_ai,data_ai
stackoverflow_question,Nested list construction from df,Python,2022,data_ai,data_ai,data_ai
stackoverflow_question,Unable to get the data from DB in a required format using Rails,"Ruby,R",2022,web backend,web backend,web backend
stackoverflow_question,Return value of function when return path not specified,"C++,C",2021,developer tools,developer tools,developer tools
stackoverflow_question,Update specific rows and columns of a Python dataframe using a loop,"R,Python",2020,data_ai,data_ai,data_ai
stackoverflow_question,Accumulate gradients with distributed strategy in Tensorflow 2,"R,Python",2021,data_ai,data_ai,data_ai
stackoverflow_question,Implicit parameter modifiers with delegates? (C#),"C,C#",2021,developer tools,developer tools,developer tools
stackoverflow_question,Python: tkinter window presented in an OO manner,"R,Python",2020,embedded,embedded,embedded
stackoverflow_question,Event on-delete on One2many widget in Odoo,Python,2020,web backend,web backend,web backend
stackoverflow_question,How to use springframework.data.jpa.repository.Query to find all results between two dates ignoring time,"R,Java",2020,web backend,web backend,web backend
stackoverflow_question,How to merge rows in pandas with similar data,Python,2022,data_ai,data_ai,data_ai
stackoverflow_question,How to group by arrays to a new array in python,"R,Python",2020,data_ai,data_ai,data_ai
stackoverflow_question,Stop picking the same data twice,Java,2022,data_ai,data_ai,data_ai
stackoverflow_question,How to work with ArrayList of ArrayLists of Integers?,"R,Java",2020,developer tools,developer tools,developer tools
stackoverflow_question,why str split is not working as expected?,"R,Python",2021,developer tools,developer tools,developer tools
stackoverflow_question,How do I make a restart button or use r for restarting the scene,"C,C#",2022,game,game,game
stackoverflow_question,How can I get the position from smaller number to biggest number of list?,"R,Python",2020,data_ai,data_ai,data_ai
stackoverflow_question,How to convert Go's []byte to C's *uint8_t,"C,Go",2020,embedded,embedded,embedded
stackoverflow_question,What does urllib.request.urlretrieve do if not returned,"R,Python",2021,developer tools,developer tools,developer tools
stackoverflow_question,use the format! macro with something of type Box<dyn Display + 'static>,"Rust,R",2022,developer tools,developer tools,developer tools
stackoverflow_question,return multiple pandas Dataframes as single Django zip files (one file per DF) HttpResponse,Python,2020,web backend,web backend,web backend
stackoverflow_question,Do type conversions in Java also cause a conversion in the memory bytes?,Java,2020,developer tools,developer tools,developer tools
stackoverflow_question,How to do a multi level sort on list of lists in Python?,"TypeScript,Python",2021,developer tools,developer tools,developer tools
stackoverflow_question,"I am multiplying two complex numbers whose imaginary parts are both zero, I was expecting the result to be only real but I get an imaginary part","C,R",2022,data_ai,data_ai,data_ai
stackoverflow_question,"How to Get only Integer objects, only String Objects, only even Integer objects ....?",Java,2020,data_ai,data_ai,data_ai
stackoverflow_question,How to append pandas dataframe from different size lists using python?,"R,Python",2020,data_ai,data_ai,data_ai
stackoverflow_question,Creating a python desktop app to navigate and view S3 files without using aws credentials,"R,Python",2021,embedded,embedded,embedded
stackoverflow_question,Placing string beside a string in python,"R,Python",2021,developer tools,developer tools,developer tools
stackoverflow_question,Java - Normalize and serialize a nested tree structure with Jackon,"C,Java",2020,data_ai,data_ai,data_ai
stackoverflow_question,Finding the difference of values in a series in pandas based on another time series,"R,Python",2020,data_ai,data_ai,data_ai
stackoverflow_question,C - How to terminate all threads after one of them signals the main thread with a condition variable?,"C,R",2020,embedded,embedded,embedded
stackoverflow_question,"Convert nanoseconds to days, hours, min and seconds",Python,2020,data_ai,data_ai,data_ai
stackoverflow_question,How to conditionally write code that's dependent on lambda's return type in C++?,"C++,C",2020,embedded,embedded,embedded
stackoverflow_question,Time average of set of trials in Julia?,"C,R",2022,data_ai,data_ai,data_ai
stackoverflow_question,All threads are not running with QThread along with QtSerialPort (for Arduino) and Matplotlib,"R,Python",2020,embedded,embedded,embedded
stackoverflow_question,"amzon SP-API ,The request signature we calculated does not match the signature you provided",PHP,2021,developer tools,developer tools,developer tools
stackoverflow_question,"Show function names in vscode ""Find All References?""",C,2022,developer tools,developer tools,developer tools
stackoverflow_question,"split username & password from URL in 3.8+ (splituser is deprecated, no alternative)","R,Python",2020,developer tools,developer tools,developer tools
stackoverflow_question,how to efficiently create a range of float numbers,"C,Python",2021,data_ai,data_ai,data_ai
stackoverflow_question,Using Lucene Analyzer Without Indexing - Is My Approach Reasonable?,"C,Java",2020,data_ai,data_ai,data_ai
stackoverflow_question,cv2 creates a unreadable .mp4v (and .avi) file,"C,Python",2022,embedded,embedded,embedded
stackoverflow_question,C language 2D array sum of first n elements,"C,R",2021,embedded,embedded,embedded
stackoverflow_question,Append an array to an image in python,Python,2022,embedded,embedded,embedded
stackoverflow_question,SFML - Weird RenderTexture behaviour when resizing window,"C++,C",2021,game,game,game
stackoverflow_question,C++: Disadvatages of using std::uint_fastn_t,"C++,C",2021,embedded,embedded,embedded
stackoverflow_question,How to round connection for Matplotlib axis spines,Python,2021,data_ai,data_ai,data_ai
stackoverflow_question,tkinter create clickable labels in for loop,"R,Python",2021,embedded,embedded,embedded
stackoverflow_question,List index out of range for a SEC webscraper,"R,Python",2021,web backend,web backend,web backend
stackoverflow_question,How can I correct this python login system?,Python,2021,web backend,web backend,web backend
stackoverflow_question,Learn C the Hard Way's ex17 database design issues,"C,R",2020,data_ai,data_ai,data_ai
stackoverflow_question,Python parser ply does not handle spaces,"R,Python",2022,data_ai,data_ai,data_ai
stackoverflow_question,Find all the pairs in a list with conditions Python,Python,2022,data_ai,data_ai,data_ai
stackoverflow_question,How to create a type alias with a throw-away generic?,Python,2021,developer tools,developer tools,developer tools
stackoverflow_question,How to sound a bell when the user clicks outside a modal window?,"R,Python",2020,web frontend,web frontend,web frontend
stackoverflow_question,Is it possible to run JavaFX with Java 11 on M1 Mac?,Java,2022,embedded,embedded,embedded
stackoverflow_question,How to draw a set amount of circles at random positions on a screen in pygame?,Python,2020,game,game,game
stackoverflow_question,use item created in another function to add this item to a list,"R,Elixir",2022,developer tools,developer tools,developer tools
stackoverflow_question,Format Currency string in c# without currency code,"C,C#",2022,developer tools,developer tools,developer tools
stackoverflow_question,how to fire 'profile_update' hook on adding/removing roles from wp-admin/users.php page? (or what other hook to use in this case),"R,PHP",2020,web backend,web backend,web backend
stackoverflow_question,How to input unknown number of user strings?,"C,R",2020,developer tools,developer tools,developer tools
stackoverflow_question,How does versioning in the Rust Prelude work?,"Rust,R",2022,developer tools,developer tools,developer tools
stackoverflow_question,Count which cycle of the alphabet this letter is in [python],Python,2020,data_ai,data_ai,data_ai
stackoverflow_question,I'm trying to create a series of random numbers in Python,Python,2020,data_ai,data_ai,data_ai
stackoverflow_question,Randomly Filling NaN values of a Column with Non-Null String Values,"R,Python",2021,data_ai,data_ai,data_ai
stackoverflow_question,How to convert lifetime of boxed reference without allocating a new box?,"Rust,R",2022,embedded,embedded,embedded
stackoverflow_question,How do i animate subplots in python using matplotlib,Python,2021,data_ai,data_ai,data_ai
stackoverflow_question,How to create a progress pie chart using plotly from a percentage value?,Python,2021,data_ai,data_ai,data_ai
stackoverflow_question,Is there a way to define a preprocessor macro that includes preprocessor directives?,"C,R",2022,developer tools,developer tools,developer tools
stackoverflow_question,C++ standard conforming method to assign address of program memory to pointer,"C++,C",2022,embedded,embedded,embedded
stackoverflow_question,Python `with` statement semantic equivalent,Python,2022,developer tools,developer tools,developer tools
stackoverflow_question,Single Backslash in Ruby String,"Ruby,R",2022,web backend,web backend,web backend
stackoverflow_question,How to exclude categories from Archive.php WordPress,"R,PHP",2021,web backend,web backend,web backend
stackoverflow_question,can dynamic binding happen without using pointer and using regular object in c++,"C++,C",2022,embedded,embedded,embedded
stackoverflow_question,How do I loop through a unordered_map in C++ without auto?,"C++,C",2022,embedded,embedded,embedded
stackoverflow_question,How to write to delta table/delta format in Python without using Pyspark?,"R,Python",2021,data_ai,data_ai,data_ai
stackoverflow_question,Reverse number function in python loops when if statement is added,"R,Python",2020,developer tools,developer tools,developer tools
stackoverflow_question,Change the redirection of WordPress when database connection interrupted,"R,PHP",2021,web backend,web backend,web backend
stackoverflow_question,Replace specific values in multiindex dataframe,"R,Python",2020,data_ai,data_ai,data_ai
stackoverflow_question,How to see if a string ONLY contains a substring in python,"R,Python",2022,developer tools,developer tools,developer tools
stackoverflow_question,Ruby Gem Sequel - how to show only group by with count value > 1,"Ruby,R",2021,data_ai,data_ai,data_ai
stackoverflow_question,Method waits for a thread's termination,"R,Java",2021,embedded,embedded,embedded
stackoverflow_question,Compare several values of pandas dataframe with the same id,"R,Python",2020,data_ai,data_ai,data_ai
stackoverflow_question,"Removing duplicates from Pandas rows, replace them with NaNs, shift NaNs to end of rows","R,Python",2020,data_ai,data_ai,data_ai
stackoverflow_question,Extracting integers from a string and forming actual numbers from a list of these integers,"R,Python",2022,data_ai,data_ai,data_ai
stackoverflow_question,Navigating the automatic differentiation ecosystem in Julia,"C,R",2021,data_ai,data_ai,data_ai
stackoverflow_question,Anonymous mmap with near-unlimited growth,C,2021,embedded,embedded,embedded
stackoverflow_question,No auto-completion in VS Code with Python extension (using Pylance),"C,Python",2022,developer tools,developer tools,developer tools
stackoverflow_question,The type or namespace name ‘player’ could not be found. (Are you missing a directive or an assembly reference),"C,C#",2021,game,game,game
stackoverflow_question,How to get nearest match in csv file python,"C,Python",2021,data_ai,data_ai,data_ai
stackoverflow_question,How does struct Node *ptr = malloc(sizeof(*ptr)) work?,"C,R",2021,embedded,embedded,embedded
stackoverflow_question,How do I change the date range displayed for my lineplot,"R,Python",2022,data_ai,data_ai,data_ai
stackoverflow_question,Why is a pointer mismatch allowed for a recursive typedef?,"C,R",2022,developer tools,developer tools,developer tools
stackoverflow_question,"Why do I get ""borrow of moved value"" in a loop when the value is not initialized?","Rust,R",2021,developer tools,developer tools,developer tools
stackoverflow_question,Java v Python floating point arithmetic,"Java,Python",2022,data_ai,data_ai,data_ai
stackoverflow_question,How can I make compounds words singular using an NLP library?,"C,Python",2021,data_ai,data_ai,data_ai
stackoverflow_question,How to check a bs4 element's type with if in Python?,"R,Python",2021,developer tools,developer tools,developer tools
stackoverflow_question,Unable to convert string to date in Python,Python,2020,data_ai,data_ai,data_ai
stackoverflow_question,I'm making a payroll using Java. Why am I getting the wrong net pay if my mathematical formulas seem correct?,Java,2020,data_ai,data_ai,data_ai
stackoverflow_question,How can I flip loaded image sprites? Pygame,"R,Python",2020,game,game,game
stackoverflow_question,Pandas copy slice warning appears to be inconsistent?,Python,2020,data_ai,data_ai,data_ai
stackoverflow_question,python plotnine: labeller in facet_grid not changing the facet title,Python,2020,data_ai,data_ai,data_ai
stackoverflow_question,How do I prompt a user to key in correct input and reuse that input to go through a loop?,Python,2022,developer tools,developer tools,developer tools
stackoverflow_question,"Async Generator says it doesn't implement __anext__, when it does","C,Python",2022,developer tools,developer tools,developer tools
stackoverflow_question,Problem searching in my Binary Search Tree,"C,R",2022,data_ai,data_ai,data_ai
stackoverflow_question,Looping through text file in a folder with numpy loadtxt,Python,2022,data_ai,data_ai,data_ai
stackoverflow_question,"Keep getting ""None"" at every input statement",Python,2021,developer tools,developer tools,developer tools
stackoverflow_question,How to create 'update' using multiple 'set' methods,"SQL,Java",2021,developer tools,developer tools,developer tools
stackoverflow_question,Creating a pandas pivot table to count number of times items appear in a list together,Python,2021,data_ai,data_ai,data_ai
stackoverflow_question,Extracting start and end indices of a token using spacy,"C,Python",2022,data_ai,data_ai,data_ai
stackoverflow_question,Adding a particle effect to my clicker game,Python,2020,game,game,game
stackoverflow_question,How to rotate a point around an arbitrary axis?,"C++,C",2020,embedded,embedded,embedded
stackoverflow_question,Count decimal numbers in a string using the standard library,"C++,C",2020,developer tools,developer tools,developer tools
stackoverflow_question,Converting a list of bytes data to string,Python,2021,data_ai,data_ai,data_ai
stackoverflow_question,How to move an image in pygame with key press?,Python,2021,game,game,game
stackoverflow_question,Achieving the effect of 'volatile' without the added MOV* instructions?,"C++,C",2021,embedded,embedded,embedded
stackoverflow_question,Command prompt not opening but executing the command in .Net,"C,C#",2022,developer tools,developer tools,developer tools
stackoverflow_question,How to add shading for consecutive values on a plot,"R,Python",2020,data_ai,data_ai,data_ai
stackoverflow_question,"Unsupported relations for schema, Has Many (UUID, Without Gorm Model)","R,Go",2022,data_ai,data_ai,data_ai
stackoverflow_question,Python program to input data of students with their marks in a text file and another file containing the students with decreasing percentage,Python,2021,data_ai,data_ai,data_ai
stackoverflow_question,"Add missing dates in pandas df, but date range has (valid) duplicates",Python,2020,data_ai,data_ai,data_ai
stackoverflow_question,Pandas concatenate Multiindex columns with same row index,Python,2020,data_ai,data_ai,data_ai
stackoverflow_question,Excluding rightmost edge in numpy.histogram,"R,Python",2020,data_ai,data_ai,data_ai
stackoverflow_question,How can I calculate gradients of each element in a tensor using GradientTape?,"R,Python",2022,data_ai,data_ai,data_ai
stackoverflow_question,Get amount of numbers with at least 1 occurence of 7 in range,Python,2022,data_ai,data_ai,data_ai
stackoverflow_question,Divide each cell in dataframe by max of of that column in pandas,"R,Python",2020,data_ai,data_ai,data_ai
stackoverflow_question,Spring Data JPA: find by json property,"R,Java",2021,data_ai,data_ai,data_ai
stackoverflow_question,Why my for loop is not iterating all the values,"R,Python",2022,developer tools,developer tools,developer tools
stackoverflow_question,How do I draw a line on WPF drag and drop to the mouse from the drag source?,"C,C#",2021,embedded,embedded,embedded
stackoverflow_question,"Tensorflow 2.8.0 - Custom layer doesn't work out with tf.map_fn(tf.range,...)","R,Python",2022,data_ai,data_ai,data_ai
stackoverflow_question,Extract images from PDF in high resolution with Python,Python,2020,data_ai,data_ai,data_ai
stackoverflow_question,How can I get only certain rows of data based on certain criteria,Python,2022,data_ai,data_ai,data_ai
stackoverflow_question,Linting variable annotation typo from PEP 526,Python,2021,developer tools,developer tools,developer tools
stackoverflow_question,Best way to join two paths?,"R,Python",2021,web backend,web backend,web backend
stackoverflow_question,How to find memory usage with memory_profiler Python?,Python,2021,data_ai,data_ai,data_ai
stackoverflow_question,Is a class template's name in scope for a qualified out-of-line destructor's definition?,"C++,C",2021,data_ai,data_ai,data_ai
stackoverflow_question,Why fancy indexing is not same as slicing in numpy?,"R,Python",2021,data_ai,data_ai,data_ai
stackoverflow_question,Kivy Python edit Label text from another class,Python,2022,embedded,embedded,embedded
stackoverflow_question,Plotting 2D picture on 3D plot in Python,"Shell,Python",2022,data_ai,data_ai,data_ai
stackoverflow_question,Limit the number of times a key can be pressed in pygame,Python,2020,game,game,game
stackoverflow_question,nlargest(2) at row level to retrieve columns names & equal values,Python,2022,data_ai,data_ai,data_ai
stackoverflow_question,Replace comma-separated values in a dataframe with values from another dataframe,"R,Python",2020,data_ai,data_ai,data_ai
stackoverflow_question,What are the attributes needed to read a Tibco EMS message queue from C#,"C,C#",2021,embedded,embedded,embedded
stackoverflow_question,Type hint 2D numpy array,Python,2021,data_ai,data_ai,data_ai
stackoverflow_question,Can a numpy 1D array not be contiguous?,"R,Python",2020,data_ai,data_ai,data_ai
stackoverflow_question,PHP - how can I get the number of characters in an array value?,PHP,2021,web backend,web backend,web backend
stackoverflow_question,Why does random.choice() sometimes not make any choice?,"R,Python",2021,data_ai,data_ai,data_ai
stackoverflow_question,Convert list to int and sum all elements in pandas dataframe,"R,Python",2020,data_ai,data_ai,data_ai
stackoverflow_question,How to convert this line of code from Python to Julia?,"C,Python",2022,developer tools,developer tools,developer tools
stackoverflow_question,Rust not allowing mutable borrow when splitting properly,"Rust,R",2020,developer tools,developer tools,developer tools
stackoverflow_question,ffmpeg converting to mp4 without audio,PHP,2021,embedded,embedded,embedded
stackoverflow_question,How to convert a string to a variable / list name?,"R,Python",2022,developer tools,developer tools,developer tools
stackoverflow_question,call a method only if the previous one returned a value,Python,2022,developer tools,developer tools,developer tools
stackoverflow_question,How to partial split and take the first portion of string in Python?,"R,Python",2020,developer tools,developer tools,developer tools
stackoverflow_question,Group by sequence of True,Python,2021,data_ai,data_ai,data_ai
stackoverflow_question,"Issue related with 'scorers', when trying to load a spacy NER model","C,Python",2022,data_ai,data_ai,data_ai
stackoverflow_question,Python behave fixture on feature level not loaded,Python,2022,testing_qa,testing_qa,testing_qa
stackoverflow_question,replace specific value in pandas dataframes using the mean between 10 previous and next values,"R,Python",2021,data_ai,data_ai,data_ai
stackoverflow_question,create tabs and add Widgets + buttons in each tab via a loop,Python,2020,web frontend,web frontend,web frontend
stackoverflow_question,How do I set a filter to an animation in LibGDX?,Java,2021,game,game,game
stackoverflow_question,Dot notation for function composition,Haskell,2022,developer tools,developer tools,developer tools
stackoverflow_question,How to check char array contain any char without loop in C++?,"C++,C",2020,embedded,embedded,embedded
stackoverflow_question,Otree: Create random var with a probability distribution that depends on player input,"R,Python",2021,game,game,game
stackoverflow_question,python simple OOP for passing args and decorator,"SQL,Python",2022,developer tools,developer tools,developer tools
stackoverflow_question,How to split DataTable rows using a for loop?,"C,C#",2020,data_ai,data_ai,data_ai
stackoverflow_question,LiveData observes twice instead of only one,"R,Kotlin",2021,data_ai,data_ai,data_ai
stackoverflow_question,Constructor taking std::string_view vs std::string and move,"C++,C",2020,embedded,embedded,embedded
stackoverflow_question,Finding dead ends in a skeletonized canal structure,"R,Python",2022,embedded,embedded,embedded
stackoverflow_question,Problem with while and if statement which doesn't print answer,Python,2022,developer tools,developer tools,developer tools
stackoverflow_question,Predictions become irrational after adding weights to the fit,"R,Python",2022,data_ai,data_ai,data_ai
stackoverflow_question,How to stop overlapping Canvas image in tkinter,"R,Python",2020,embedded,embedded,embedded
stackoverflow_question,QSocketNotifier opened on a FIFO keeps firing even if I read everything,"C++,C",2020,embedded,embedded,embedded
stackoverflow_question,How can I condition the activation of a bind ('<Enter>') event to a certain area of ​a window?,"R,Python",2021,web frontend,web frontend,web frontend
stackoverflow_question,Caught signal 11 (Segmentation fault: address not mapped to object at address (nil),C,2022,embedded,embedded,embedded
stackoverflow_question,I'm trying to generate a random distinct 3 or 4 digit number,"R,Java",2020,developer tools,developer tools,developer tools
stackoverflow_question,Is it possible to exclude field-sets in AspectJ,"C,Java",2020,developer tools,developer tools,developer tools
stackoverflow_question,Uproot issue: Trouble making sense of a particular 'branch',"R,Python",2022,developer tools,developer tools,developer tools
stackoverflow_question,Public Setters vs. Friend Class vs. Specific Constructor,"C++,C",2022,developer tools,developer tools,developer tools
stackoverflow_question,Qt Quick2 Creating qmlRegisterSingletonType for Singleton Class Type,"C++,C",2020,embedded,embedded,embedded
stackoverflow_question,Why does my keyPressEvent not register or work PyQt5?,Python,2020,developer tools,developer tools,developer tools
stackoverflow_question,How to use multiple separators in a pandas Series and split into multiple rows,Python,2021,data_ai,data_ai,data_ai
stackoverflow_question,Python: Need advice on improving code for a simple blackjack game,Python,2020,game,game,game
stackoverflow_question,How to make a String.format flag with a variable inside,"R,Java",2020,developer tools,developer tools,developer tools
stackoverflow_question,Pass event argument to command with Microsoft.Toolkit.Mvvm and Microsoft.Xaml.Behaviors.Wpf,"C,C#",2021,web frontend,web frontend,web frontend
stackoverflow_question,Why the length of the array appended in loop is more than the number of iteration?,"R,Python",2020,testing_qa,testing_qa,testing_qa
stackoverflow_question,Python plot signals based on the azimuth of arrival?,Python,2022,data_ai,data_ai,data_ai
stackoverflow_question,Does GnuPlot have a termination character option for each output?,"C++,C",2021,developer tools,developer tools,developer tools
stackoverflow_question,Obtain missing datetime - dataseries- from dataset Python,Python,2020,data_ai,data_ai,data_ai
stackoverflow_question,Powers of 10 not working correctly in Python: multiplying by 10**7 not returning the same as 10e7,Python,2021,data_ai,data_ai,data_ai
stackoverflow_question,How to insert a value in Database when using MVC identity framework in AspNetUsers Table?,"C,C#",2020,web backend,web backend,web backend
stackoverflow_question,"Groupby, shif and rolling mean in pandas","R,Python",2020,data_ai,data_ai,data_ai
stackoverflow_question,Fail to push head on Linked List,"C,R",2020,embedded,embedded,embedded
stackoverflow_question,Resample 15 min data month profile into an average day profile,"R,Python",2022,data_ai,data_ai,data_ai
stackoverflow_question,Fastest way to get the prefix of a random shuffle in numpy,Python,2022,data_ai,data_ai,data_ai
stackoverflow_question,Parse only specific characters from the string using python,Python,2021,developer tools,developer tools,developer tools
stackoverflow_question,"If and else not working, incorrect output",Python,2022,testing_qa,testing_qa,testing_qa
stackoverflow_question,Split 1 row into multiple rows of hourly data based on datetime column,Python,2021,data_ai,data_ai,data_ai
stackoverflow_question,Why no OptionalDouble orElseNull() or a better solution,"R,Java",2021,developer tools,developer tools,developer tools
stackoverflow_question,Read dbus property with Python,"R,Python",2022,embedded,embedded,embedded
stackoverflow_question,Python-docx: Changing line spacing for one table changes it in all tables,"C,Python",2020,developer tools,developer tools,developer tools
stackoverflow_question,Is it possible to write to an open pipe (from a C program) from the command line?,C,2021,embedded,embedded,embedded
stackoverflow_question,Get arrays in all directions from a single point in a matrix,"R,Python",2020,data_ai,data_ai,data_ai
stackoverflow_question,wrk with lua script - generating multiple POST requests with different body,"R,Lua",2021,web backend,web backend,web backend
stackoverflow_question,"Why is this list not being assigned, even though the conditions should be met?",Python,2021,data_ai,data_ai,data_ai
stackoverflow_question,How to find the index of the second minimum in pandas DataFrame?,Python,2020,data_ai,data_ai,data_ai
stackoverflow_question,"Clean pandas dataframe column, remove parts from strings that are presented in some other dataframe","R,Python",2021,data_ai,data_ai,data_ai
stackoverflow_question,Windows not recognizing g++ or gcc,"C++,C",2022,developer tools,developer tools,developer tools
stackoverflow_question,matplotlib: how to put picture to a specific point of data-coordinate system,Python,2020,data_ai,data_ai,data_ai
stackoverflow_question,Pandas dataframe grouping function to compute date difference,Python,2020,data_ai,data_ai,data_ai
stackoverflow_question,Filter assosciated collection in JPA query,"R,Java",2022,web backend,web backend,web backend
stackoverflow_question,Get the field from the attribute in C#?,"C,C#",2020,developer tools,developer tools,developer tools
stackoverflow_question,How to use python variable inside ffmpeg command,Python,2022,developer tools,developer tools,developer tools
stackoverflow_question,Filling NA values in one dataframe by another based on two columns,Python,2021,data_ai,data_ai,data_ai
stackoverflow_question,Python : Create a function that takes a list of integers and strings and returns a new list with the strings filtered out,Python,2022,data_ai,data_ai,data_ai
stackoverflow_question,how to add elements of a list to elements of a row in pandas database,Python,2022,data_ai,data_ai,data_ai
stackoverflow_question,Chi Squared Analysis on Data sets that don't have matching frequencies,"C,Python",2022,data_ai,data_ai,data_ai
stackoverflow_question,C++ : Output of a formatted table,"C++,C",2020,embedded,embedded,embedded
stackoverflow_question,create multiple excel files with the data in dataframe using python,"C,Python",2021,data_ai,data_ai,data_ai
stackoverflow_question,Dash DataTable Filter is not working for numeric columns,"Shell,Python",2022,data_ai,data_ai,data_ai
stackoverflow_question,Why would an internal loop modify a coroutine?,"C,C#",2022,developer tools,developer tools,developer tools
stackoverflow_question,Binning Percent Ranges with Labels Python Pandas,"R,Python",2022,data_ai,data_ai,data_ai
stackoverflow_question,issue in converting a dtype('O')to date format,"R,Python",2021,data_ai,data_ai,data_ai
stackoverflow_question,how to copy two 2d numpy arrays to a preallocated array,Python,2020,data_ai,data_ai,data_ai
stackoverflow_question,VSCode. Pylance doesn't work via SSH connection,"C,Python",2022,developer tools,developer tools,developer tools
stackoverflow_question,Pandas: How to exclude the matched one and get only the highlighted differences in dataframe with Multilevel Column Index,Python,2021,data_ai,data_ai,data_ai
stackoverflow_question,Python Threads with Pandas Dataframe does not improve performance,"R,Python",2022,data_ai,data_ai,data_ai
stackoverflow_question,Tkinter Recalling A Function After Button Click,"R,Python",2021,embedded,embedded,embedded
stackoverflow_question,Expressing type hint of sibling nested class in class constructor,Python,2021,developer tools,developer tools,developer tools
stackoverflow_question,How to use matplotlib fill_between for default ylim,Python,2021,data_ai,data_ai,data_ai
stackoverflow_question,What are the returned values of python os.fork()?,Python,2022,developer tools,developer tools,developer tools
stackoverflow_question,How to merge two DataFrames with DatetimeIndex preserved in pandas?,Python,2021,data_ai,data_ai,data_ai
stackoverflow_question,how i can use mouse button 4-5 (gamer) with python?,Python,2022,game,game,game
stackoverflow_question,Accessing the contents of a function from a struct defined inside that function,"C++,C",2021,embedded,embedded,embedded
stackoverflow_question,Using Gekko to reproduce a control history in an observed trajectory,"R,Python",2022,embedded,embedded,embedded
stackoverflow_question,"""Abstraction"" in the context of I/O system",Java,2020,embedded,embedded,embedded
stackoverflow_question,Folium - add larger pop ups with data from XML file,Python,2022,web frontend,web frontend,web frontend
stackoverflow_question,Sort values in a dataframe by a column and take second one only if equal,"R,Python",2022,data_ai,data_ai,data_ai
stackoverflow_question,How to add values from selectedData input to a list?,"Shell,Python",2022,developer tools,developer tools,developer tools
stackoverflow_question,How to integrate a function w.r.t time; i.e 'y' is an array and values of time(t) is varying from 1 to 3000,"R,Python",2021,data_ai,data_ai,data_ai
stackoverflow_question,How could i improve my opencv program to detect only the crosswalk?,"C,Python",2022,data_ai,data_ai,data_ai
stackoverflow_question,How can i create a new list of sublist?,Python,2020,developer tools,developer tools,developer tools
stackoverflow_question,How can I set Task timeout in JavaFx?,"R,Java",2020,web frontend,web frontend,web frontend
stackoverflow_question,Python Plotly: Create a plotly HISTOGRAM graph with a dropdown menu and put it in a html,"R,Python",2022,web frontend,web frontend,web frontend
stackoverflow_question,SFML program crashes with non-ASCII character in window title,"C++,C",2020,embedded,embedded,embedded
stackoverflow_question,"difference between store(x, std::memory_order_relaxed) and directly assigning a value","C++,C",2020,embedded,embedded,embedded
stackoverflow_question,"Logback's ""method"" Conversion Word outputs question mark ""?"" when using AsyncAppender","C,Java",2020,testing_qa,testing_qa,testing_qa
stackoverflow_question,Lua Roblox How to set spicific players health to 0,"R,Lua",2020,game,game,game
stackoverflow_question,Multi dimensional diagonal matrix where diagonal elements are row vectors or column vectors,"R,Python",2020,data_ai,data_ai,data_ai
stackoverflow_question,"return first row with non-null value. if null , then return first row appearance python-pandas",Python,2021,data_ai,data_ai,data_ai
stackoverflow_question,Doing a FIFO with a queue of 2,Java,2021,embedded,embedded,embedded
stackoverflow_question,static final fields vs TrustFinalNonStaticFields,Java,2021,developer tools,developer tools,developer tools
stackoverflow_question,Add a number to get prime number in python,"R,Python",2020,data_ai,data_ai,data_ai
stackoverflow_question,How do I add row indices to a column using lambda functions in Pandas?,Python,2021,data_ai,data_ai,data_ai
stackoverflow_question,Python: why is warning printed twice following temporary suppression?,"R,Python",2021,data_ai,data_ai,data_ai
stackoverflow_question,Modify ellipse coordinates in pygame,Python,2020,game,game,game
stackoverflow_question,Display nested JSON as a dataframe with all values in their own column,Python,2021,data_ai,data_ai,data_ai
stackoverflow_question,Use np.where across column range,"R,Python",2021,data_ai,data_ai,data_ai
stackoverflow_question,Counting a certain pixel value in Python,Python,2022,data_ai,data_ai,data_ai
stackoverflow_question,Python to delete content from a cell in csv,Python,2021,data_ai,data_ai,data_ai
stackoverflow_question,Start systemd user service from Rails,"Ruby,R",2022,web backend,web backend,web backend
stackoverflow_question,Modify a python script that runs on terminal with command line input to work in an IDE,Python,2021,developer tools,developer tools,developer tools
stackoverflow_question,How do I press alt <numpad> with pyautoguii?,Python,2020,developer tools,developer tools,developer tools
stackoverflow_question,How to express integer as a product of its prime factors?,"C,R",2021,data_ai,data_ai,data_ai
stackoverflow_question,Binance API: How to get an Order ID in binance using python,"C,Python",2021,developer tools,developer tools,developer tools
stackoverflow_question,Binary Search Trees Max Height,Python,2020,data_ai,data_ai,data_ai
stackoverflow_question,Hamiltonian Paths in Python with Arbitrary Starting Positions,Python,2021,data_ai,data_ai,data_ai
stackoverflow_question,Is there a multiple integrator in Python providing both variable integration limits (like scipy) and high precision (like mpmath)?,"C,Python",2020,data_ai,data_ai,data_ai
stackoverflow_question,Questions about creating UML Class diagram from Java program - default constructor? Are there no attributes in this example?,Java,2020,developer tools,developer tools,developer tools
stackoverflow_question,Find value which is nearest minimum of the key,Java,2020,data_ai,data_ai,data_ai
stackoverflow_question,plotting sub_plots from pivot_table using matplotlib/seaborn,"R,Python",2020,data_ai,data_ai,data_ai
stackoverflow_question,Sympy Inverse a function: y = ax+b into x = (y-b)/a,Python,2022,developer tools,developer tools,developer tools
stackoverflow_question,Flip sprite when changing the direction of movement,Python,2022,game,game,game
stackoverflow_question,How to check if a date occurred more than 1 year ago in C#?,"C,C#",2020,embedded,embedded,embedded
stackoverflow_question,Numpy only computation of mathematical expression involving a nested sum of functions over the same array,Python,2021,data_ai,data_ai,data_ai
stackoverflow_question,"How to check in Python if one tuple is an exact, ordered subsequence of the other?",Python,2021,developer tools,developer tools,developer tools
stackoverflow_question,Calculate the sum of differences of all rows in pandas dataFrame,"R,Python",2021,data_ai,data_ai,data_ai
stackoverflow_question,Create a List of random Integers using Stream and sum all elements except the smallest?,"R,Java",2021,data_ai,data_ai,data_ai
stackoverflow_question,Seaborn heatmap with variating cell sizes,"R,Python",2020,data_ai,data_ai,data_ai
stackoverflow_question,Passing an array as function argument without defining a variable,"C,R",2021,developer tools,developer tools,developer tools
stackoverflow_question,flag rows in a dataframe conditionally on values of other rows,Python,2022,data_ai,data_ai,data_ai
stackoverflow_question,How to run sequential Tasks in an ExecutorService,Java,2020,developer tools,developer tools,developer tools
stackoverflow_question,How to append rows with concat to a Pandas DataFrame,"R,Python",2022,data_ai,data_ai,data_ai
stackoverflow_question,GSON serialize null for a specific field affected during obfuscation,"C,Kotlin",2021,data_ai,data_ai,data_ai
stackoverflow_question,How to Turn a Car around to face the opposite direction on key press in PyGame,Python,2022,game,game,game
stackoverflow_question,Pandas Resampling biweekly between a specific week range,"R,Python",2022,data_ai,data_ai,data_ai
stackoverflow_question,Misunderstanding how end= argument works in print() function in a while loop,Python,2022,developer tools,developer tools,developer tools
stackoverflow_question,How to download an xlsx file from a website to save as a dataframe with Pandas,Python,2020,data_ai,data_ai,data_ai
stackoverflow_question,Check if any word in a dataframe in column A exist in column B,Python,2022,data_ai,data_ai,data_ai
stackoverflow_question,how to have nested lists in Lua,Lua,2021,embedded,embedded,embedded
stackoverflow_question,What's the problem in the code which was supposed to print Armstrong numbers up to 999,C,2022,testing_qa,testing_qa,testing_qa
stackoverflow_question,using ref or out modifiers with params modifier C#,"C,C#",2022,developer tools,developer tools,developer tools
stackoverflow_question,What's the most efficient way to keep track of n largest values?,"C,R",2021,data_ai,data_ai,data_ai
stackoverflow_question,Is having global variables in common blocks an undefined behaviour?,C,2021,security,security,security
stackoverflow_question,Is it possible to remove the border?,Python,2020,web frontend,web frontend,web frontend
stackoverflow_question,What is the difference between creating a new guid instance or selecting in Visual Studio tools > create guid?,"C,C#",2021,developer tools,developer tools,developer tools
stackoverflow_question,What is the difference between `char **argv` and `char** argv`?,"C++,C",2021,embedded,embedded,embedded
stackoverflow_question,How to plot specific features on SHAP summary plots?,"Shell,Python",2020,data_ai,data_ai,data_ai
stackoverflow_question,How to pass php variable to html template from Database in WordPress,"R,PHP",2022,web backend,web backend,web backend
stackoverflow_question,Divide Pandas dataframe with multiindex by another dataframe with smaller multiindex,Python,2020,data_ai,data_ai,data_ai
stackoverflow_question,"Variables inside functions, can't be used outside the functions",Python,2021,developer tools,developer tools,developer tools
stackoverflow_question,"How to stop a ball from ""phasing"" through the paddle?",Python,2020,game,game,game
stackoverflow_question,xlsx writer - How to get a thick border on only 1 side of a cell?,"R,Python",2021,developer tools,developer tools,developer tools
stackoverflow_question,How do I properly subclass with glib using Rust?,"Rust,R",2021,developer tools,developer tools,developer tools
stackoverflow_question,Sorting lists with indexing for easy item removal,"R,Python",2021,developer tools,developer tools,developer tools
stackoverflow_question,"Reading a string in C until a "","" is encountered",C,2022,embedded,embedded,embedded
stackoverflow_question,How to automatically display a specific range of columns on a spreadsheet created with xlsxwriter?,"R,Python",2022,developer tools,developer tools,developer tools
stackoverflow_question,Extracting values needed for a histogram heatmap from an array,Python,2021,data_ai,data_ai,data_ai
stackoverflow_question,Moq internal class and/or internal method,"C,C#",2020,developer tools,developer tools,developer tools
stackoverflow_question,How to calculate the sum indicating the presence of particular value in each column and take total count for each id?,"R,Python",2020,data_ai,data_ai,data_ai
stackoverflow_question,Ursina player keeps clipping through ground,"R,Python",2022,game,game,game
stackoverflow_question,Is there a way to assert that an attribute has been set on a unittest mock object?,"C,Python",2020,testing_qa,testing_qa,testing_qa
stackoverflow_question,HIGH DPI Tkinter re scaling when I run it in Spyder and when I run it direct in terminal,"R,Python",2020,embedded,embedded,embedded
stackoverflow_question,A if A else B but evaluate A only once,"C++,C",2020,developer tools,developer tools,developer tools
stackoverflow_question,Pandas - Column Addition for duplicate or list values in a column in Dataframe,Python,2022,data_ai,data_ai,data_ai
stackoverflow_question,Pandas to_csv method's option quoting=csv.QUOTE_MINIMAL is NOT working,"C,Python",2020,data_ai,data_ai,data_ai
stackoverflow_question,c++ passing a pointer to a template function as template,"C++,C",2022,embedded,embedded,embedded
stackoverflow_question,pyside/pyqt how to animate an arc simply?,Python,2021,embedded,embedded,embedded
stackoverflow_question,Numpy function to help avoid the use of any loops or if-else statements,"R,Python",2022,data_ai,data_ai,data_ai
stackoverflow_question,Not able get exact str(float) result of python 2 in python 3,Python,2020,developer tools,developer tools,developer tools
stackoverflow_question,contour plot from csv file using interpolation : results in NaN,"C,Python",2021,data_ai,data_ai,data_ai
stackoverflow_question,adding elements to arrayList with do while loop,"R,Java",2022,developer tools,developer tools,developer tools
stackoverflow_question,pandas: convert a list in a column into separate columns,Python,2020,data_ai,data_ai,data_ai
stackoverflow_question,Rust: Why the first borrow later used here?,"Rust,R",2021,developer tools,developer tools,developer tools
stackoverflow_question,run linux command from java,"R,Java",2020,web backend,web backend,web backend
stackoverflow_question,Hashmap-return the lowest key,Java,2022,data_ai,data_ai,data_ai
stackoverflow_question,Is there a way to ignore an out parameter from a method call when it's not needed?,"C,C#",2021,developer tools,developer tools,developer tools
stackoverflow_question,C++ input integer print unicode,"C++,C",2020,embedded,embedded,embedded
stackoverflow_question,Create a template function that returns different tuple types depending on template argument types conditions,"C++,C",2020,developer tools,developer tools,developer tools
stackoverflow_question,Find largest number in file,C,2022,data_ai,data_ai,data_ai
stackoverflow_question,"String formatting for keys with "":"" and ""/""","R,Python",2020,developer tools,developer tools,developer tools
stackoverflow_question,How can i calculate linear interpolation between two numbers using given steps?,"R,Python",2022,data_ai,data_ai,data_ai
stackoverflow_question,Cannot write in a file when using starting a program using the console,"C,Python",2020,developer tools,developer tools,developer tools
stackoverflow_question,Wrong argument cast in pthread_create,"C,R",2021,embedded,embedded,embedded
stackoverflow_question,'ActionController::ParameterMissing' related to User.rb and controllers in Rails,"Ruby,R",2022,web backend,web backend,web backend
stackoverflow_question,scipy.optimize.minimize_scalar() adding constraint to helper function result inside objective function?,"C,Python",2022,data_ai,data_ai,data_ai
stackoverflow_question,How to update 'Balance' column based on other column values in a pandas Data frame,"R,Python",2020,data_ai,data_ai,data_ai
stackoverflow_question,create a dag with airflow,"R,Python",2021,devops_cloud,devops_cloud,devops_cloud
stackoverflow_question,Extract some data from array,C,2022,data_ai,data_ai,data_ai
stackoverflow_question,"How to split column of type interval[int64,right) onto two columns in Pandas",Python,2022,data_ai,data_ai,data_ai
stackoverflow_question,C# string value is not fully shown in VS Code Watch Window,"C,C#",2021,developer tools,developer tools,developer tools
stackoverflow_question,function that remove an integer from an array using pointer in C,"C,R",2022,embedded,embedded,embedded
stackoverflow_question,The Java ZGC garbage collector USES a lot of memory,"C,Java",2020,data_ai,data_ai,data_ai
stackoverflow_question,Give relative directory from root at SFTP camel,"C,Java",2020,devops_cloud,devops_cloud,devops_cloud
stackoverflow_question,Argparse multiple values with options,"R,Python",2020,developer tools,developer tools,developer tools
stackoverflow_question,"Screen only updating when moving my mouse over it, is there something wrong with my code?",Python,2020,developer tools,developer tools,developer tools
stackoverflow_question,Changing description after a for cycle in tqdm,Python,2020,developer tools,developer tools,developer tools
stackoverflow_question,"Why am I getting the ""Clear screen capability required"" when spawning screen with TERM=dumb?","C,Python",2021,testing_qa,testing_qa,testing_qa
stackoverflow_question,compress or size optimization for large sparse array in C,"C,R",2022,embedded,embedded,embedded
stackoverflow_question,Can You Preserve Column Order When Pandas Dataframe.Combine Or DataFrame.Combine_First?,"R,Python",2020,data_ai,data_ai,data_ai
stackoverflow_question,"write a code for checking valid email address,","C++,C",2022,developer tools,developer tools,developer tools
stackoverflow_question,"Check if user input for date ranges has been made in consecutive, chronological pairs",Python,2022,data_ai,data_ai,data_ai
stackoverflow_question,My PC freezes and crashes when calling this Void,"C,C#",2022,developer tools,developer tools,developer tools
stackoverflow_question,Which units do Apache DBCP defaultQueryTimeout expects?,"C,Java",2020,data_ai,data_ai,data_ai
stackoverflow_question,"how do I make a variable string, instead of an integer?","R,Python",2020,developer tools,developer tools,developer tools
stackoverflow_question,visualize boost sml state machine,"C++,C",2020,embedded,embedded,embedded
stackoverflow_question,How do I initialize the parent class using a class method instead of calling the constructor?,Python,2021,developer tools,developer tools,developer tools
stackoverflow_question,Problem with website using QNetworkAccessManager Investing.com,"C++,C",2020,web frontend,web frontend,web frontend
stackoverflow_question,Python pandas read_fwf strips white space,"R,Python",2022,data_ai,data_ai,data_ai
stackoverflow_question,Remove Element in Nested List with Condition From another List - Java 8,"R,Java",2020,web backend,web backend,web backend
stackoverflow_question,Is there a meaningful difference between u8::from_be_bytes and u8::from_le_bytes?,"Rust,R",2022,data_ai,data_ai,data_ai
stackoverflow_question,How to compare 3 or more DataFrames for equality in Pandas?,Python,2020,data_ai,data_ai,data_ai
stackoverflow_question,How to restrict Int values bound to database column?,Kotlin,2021,data_ai,data_ai,data_ai
stackoverflow_question,C++ program crashing due to seemingly unrelated array,"C++,C",2020,embedded,embedded,embedded
stackoverflow_question,What is the difference between SBT and IDEA when creating a Scala project in intelliJ?,"C,Scala",2020,developer tools,developer tools,developer tools
stackoverflow_question,Handling Unicode in string search,Go,2021,data_ai,data_ai,data_ai
stackoverflow_question,Finding Average of two numbers C++,"C++,C",2021,embedded,embedded,embedded
stackoverflow_question,How to add parameters to section names in Catch2,"C++,C",2022,testing_qa,testing_qa,testing_qa
stackoverflow_question,python matplotlib shared xlabel description / title on multiple subplots for animation,Python,2020,data_ai,data_ai,data_ai
stackoverflow_question,Why is my handler method not triggered when defined as a lambda?,"R,Java",2020,developer tools,developer tools,developer tools
stackoverflow_question,"vim ALE is ""ignoring"" pyright","R,Python",2021,developer tools,developer tools,developer tools
stackoverflow_question,get ID of record from datagridview in c# and show the data to another form,"C,C#",2020,web frontend,web frontend,web frontend
stackoverflow_question,Why doesn't by_ref prevent .all from consuming the iterator?,"Rust,R",2020,developer tools,developer tools,developer tools
stackoverflow_question,Where is run_node defined in the sched_fair.c of Linux 2.6.33?,"C,R",2020,embedded,embedded,embedded
stackoverflow_question,numpy to find products of all combinations of pairs of numbers in a matrix row,"R,Python",2020,data_ai,data_ai,data_ai
stackoverflow_question,Axis2 - No services found in this location,"C,Java",2022,enterprise,enterprise,enterprise
stackoverflow_question,Limitations of std::result_of for lambdas in C++14,"C++,C",2021,developer tools,developer tools,developer tools
stackoverflow_question,Pydantic doesn't convert subclass to dict,"C,Python",2022,data_ai,data_ai,data_ai
stackoverflow_question,assigning non-unique ID to a dataframe in pandas,"R,Python",2020,data_ai,data_ai,data_ai
stackoverflow_question,How to identify Spanish vs. English Text from a csv of tweets?,"R,Python",2020,data_ai,data_ai,data_ai
stackoverflow_question,Inserting a struct variable into a c++ vector inside a loop,"C++,C",2021,embedded,embedded,embedded
stackoverflow_question,Declaring more than one handler in the same struct sigaction?,"C,R",2022,security,security,security
stackoverflow_question,how can I change values from a nested list accordingly?,Python,2021,developer tools,developer tools,developer tools
stackoverflow_question,Reading xarray goes16 data directly from S3 without downloading into the system,"C,Python",2022,data_ai,data_ai,data_ai
stackoverflow_question,How to enforce relative constraints on hypothesis strategies?,"R,Python",2022,data_ai,data_ai,data_ai
stackoverflow_question,How to stop bazel from relying on Python2,Python,2020,developer tools,developer tools,developer tools
stackoverflow_question,Numba jitting changes result when adding certain kind of 0 to local variable,"C,Python",2020,data_ai,data_ai,data_ai
stackoverflow_question,Using += operator on a string in order to add .txt for file output,"C++,C",2021,developer tools,developer tools,developer tools
stackoverflow_question,Pygame Screen Shake Slows Down Game How To Fix?,Python,2021,game,game,game
stackoverflow_question,Can I specify the bins for pandas cut as columns from my dataframe?,"C,Python",2021,data_ai,data_ai,data_ai
stackoverflow_question,How to make it so that I can ask a user their birthday and calculate days alive?,"C,C#",2021,data_ai,data_ai,data_ai
stackoverflow_question,How to plot a point on a time series in python,"R,Python",2022,data_ai,data_ai,data_ai
stackoverflow_question,Add leading zeroes to the Minute part of a datetime column,"R,Python",2020,data_ai,data_ai,data_ai
stackoverflow_question,entitygraph not working - returning all the entity,"R,Java",2020,data_ai,data_ai,data_ai
stackoverflow_question,How can I generate a random number between a range without repeating a number more than once?,"C++,C",2021,developer tools,developer tools,developer tools
stackoverflow_question,Why is python format function rounding off certain numbers but not others?,"R,Python",2022,data_ai,data_ai,data_ai
stackoverflow_question,"inline function in an array of functions, good idea for performance?","C++,C",2022,developer tools,developer tools,developer tools
stackoverflow_question,Inserting text at a specific line in a file using C++,"C++,C",2021,embedded,embedded,embedded
stackoverflow_question,Are thread_local objects initialized to 0 in C?,"C,R",2022,embedded,embedded,embedded
stackoverflow_question,Is there a way to select all values for a certain date within pandas with a condition?,Python,2022,data_ai,data_ai,data_ai
stackoverflow_question,"Sixty percent of the time, my scraper works every time",Python,2021,data_ai,data_ai,data_ai
stackoverflow_question,Dart sort / compare nullable datetime,"R,Dart",2020,data_ai,data_ai,data_ai
stackoverflow_question,java Linked List for swapping two numbers,Java,2022,developer tools,developer tools,developer tools
stackoverflow_question,Filter out ASGs that contain string in AutoScalingGroupName using boto3,Python,2020,devops_cloud,devops_cloud,devops_cloud
stackoverflow_question,Replacing values outside column-specific ranges of multiple columns in a pandas data frame,"C,Python",2020,data_ai,data_ai,data_ai
stackoverflow_question,Declare user-defined reduction of OpenMP for class template,"C++,C",2022,embedded,embedded,embedded
stackoverflow_question,String offset in constructor (C++),"C++,C",2022,embedded,embedded,embedded
stackoverflow_question,"Spotipy search track name and return album, track and artist",Python,2022,data_ai,data_ai,data_ai
stackoverflow_question,Why does Tensorflow Function perform retracing for different integer inputs to the function?,"R,Python",2021,data_ai,data_ai,data_ai
stackoverflow_question,Reusing lambda from a map stream,"R,Java",2021,devops_cloud,devops_cloud,devops_cloud
stackoverflow_question,VS Code Intellisense - unrelated methods,"C,Python",2022,developer tools,developer tools,developer tools
stackoverflow_question,Combining year & month as an integer or an object while ignoring nan,Python,2021,data_ai,data_ai,data_ai
stackoverflow_question,How to use PlayerPrefs in another script,"C,C#",2022,game,game,game
stackoverflow_question,Telethon: Join a Chat/Channel without to know if it's a public channel or a chat,"R,Python",2022,mobile,mobile,mobile
stackoverflow_question,Python check if the line contains any specific or exact words,Python,2022,data_ai,data_ai,data_ai
stackoverflow_question,Why can I not get this Microsoft Store snippet of code to work?,"C,C#",2020,developer tools,developer tools,developer tools
stackoverflow_question,bind a collection without using list view wpf,"C,C#",2022,embedded,embedded,embedded
stackoverflow_question,MISSING_CREDENTIAL No credential is found for oss.sonatype.org,"C,Scala",2021,security,security,security
stackoverflow_question,How can I make my code simpler and still get the same output?,Python,2021,developer tools,developer tools,developer tools
stackoverflow_question,Freezed @Default list parameter creates unmodifiable list,"R,Dart",2022,developer tools,developer tools,developer tools
stackoverflow_question,How can I add line breaks in a wchar_t array?,"C++,C",2021,developer tools,developer tools,developer tools
stackoverflow_question,Issue while comparing two dates in swift,Swift,2020,mobile,mobile,mobile
stackoverflow_question,Jetty - httponly cookie not being saved in browser in embedded jetty 11,"C,Java",2022,embedded,embedded,embedded
stackoverflow_question,TinkerPop - Retrieving values from multiple vertices give strange output,"R,Java",2022,data_ai,data_ai,data_ai
stackoverflow_question,how to download youtube video in the highest quality available,Python,2021,web frontend,web frontend,web frontend
stackoverflow_question,Looping through a second column using a probability input,Python,2022,data_ai,data_ai,data_ai
stackoverflow_question,Pandas Dataframes - Is there a better way to add rows and then append some data to those rows?,"R,Python",2022,data_ai,data_ai,data_ai
stackoverflow_question,Rotate object based on mouse axis,"C,C#",2022,game,game,game
stackoverflow_question,Haskell Servant: How to prefix routes when using generics?,"R,Haskell",2022,web backend,web backend,web backend
stackoverflow_question,Kotlin - Can't assign new values to lateinit vars via Destructuring Declaration,Kotlin,2020,developer tools,developer tools,developer tools
stackoverflow_question,How to write try except for loading data,"R,Python",2020,data_ai,data_ai,data_ai
stackoverflow_question,Incrementing value in array of tuples,Python,2021,developer tools,developer tools,developer tools
stackoverflow_question,"Add bytes from array into single value, unsigned bytes to uint64","C++,C",2020,data_ai,data_ai,data_ai
stackoverflow_question,waitpid() failed: no such file or directory,C,2021,developer tools,developer tools,developer tools
stackoverflow_question,Convert pandas dataframe to distance matrix,Python,2022,data_ai,data_ai,data_ai
stackoverflow_question,"How to change the color of a selected word in a specific place, and also change the color of the same word, but in another place in JTextPane?","R,Java",2022,web frontend,web frontend,web frontend
stackoverflow_question,How to convert a string tensor to a PIL Image?,"R,Python",2022,data_ai,data_ai,data_ai
stackoverflow_question,Taking the address of a non-instantiated struct,"C++,C",2021,embedded,embedded,embedded
stackoverflow_question,split pandas column into many using delimiter from right to left,Python,2022,data_ai,data_ai,data_ai
stackoverflow_question,AvalonDock multiple LayoutDocumentPane with different ObservableCollection containing dynamic created UserControls,"C,C#",2020,web frontend,web frontend,web frontend
stackoverflow_question,How to sum while iterating through an exponential equation in Python?,Python,2020,developer tools,developer tools,developer tools
stackoverflow_question,How to scrolldown a textbox using scrollbar widget tkinter,"R,Python",2022,embedded,embedded,embedded
stackoverflow_question,How to connect to User Data Stream Binance?,"C,Python",2022,data_ai,data_ai,data_ai
stackoverflow_question,3D Physical Compass in Unity (Handling Rotation),"C,C#",2020,game,game,game
stackoverflow_question,Sink does not receive values when connecting to finished a Publisher,"C,Swift",2021,web backend,web backend,web backend
stackoverflow_question,"Python quit unexpectedly - pyodbc, odbc 17 [macOS]","C,Python",2021,data_ai,data_ai,data_ai
stackoverflow_question,Is there a way to directly map to struct the result of Couchbase N1QL query in Go,"C,Go",2022,web backend,web backend,web backend
stackoverflow_question,Is there a way to check if a platform supports an OpenGL function?,"C++,C",2021,embedded,embedded,embedded
stackoverflow_question,get local address for recieved data with UdpClient listening on any ip address,"C,C#",2020,embedded,embedded,embedded
stackoverflow_question,Parquet file larger than memory consumption of pandas DataFrame,"R,Python",2021,data_ai,data_ai,data_ai
stackoverflow_question,Im not sure how to take filename out of sha256 checksum in Python 3,"C,Python",2020,developer tools,developer tools,developer tools
stackoverflow_question,Include epoch and model number in keras callback filename,"R,Python",2021,developer tools,developer tools,developer tools
stackoverflow_question,split rows where one column's value changed the sign but crossed zero - python pandas,"R,Python",2022,data_ai,data_ai,data_ai
stackoverflow_question,"Pandas Series, need to save it as CSV properly","R,Python",2021,data_ai,data_ai,data_ai
stackoverflow_question,Wicket DropDownChoice onSelectionChanged method removed after version update,"C,Java",2020,web frontend,web frontend,web frontend
stackoverflow_question,Filling QSharedPointer<T> collection in C++/Qt,"C++,C",2020,embedded,embedded,embedded
stackoverflow_question,List sorting except zero in python,"R,Python",2020,data_ai,data_ai,data_ai
stackoverflow_question,How to register payment for invoice from python in Odoo v15 CE,Python,2022,web backend,web backend,web backend
stackoverflow_question,pandas merge asof with more than one match,"R,Python",2022,data_ai,data_ai,data_ai
stackoverflow_question,Taking the average from 3d array without zeros,Python,2021,data_ai,data_ai,data_ai
stackoverflow_question,How to remove watermark from PDF file using Python's PyPDF2 lib,Python,2021,developer tools,developer tools,developer tools
stackoverflow_question,"Oct2Py plot function not responding, can't change toolkit either","C,Python",2020,developer tools,developer tools,developer tools
stackoverflow_question,How to create an interceptor that deletes old record (LIFO) on insert after reaching predefined record limit?,"R,Java",2021,data_ai,data_ai,data_ai
stackoverflow_question,Is it possible to change a string class member in another class?,Java,2021,developer tools,developer tools,developer tools
stackoverflow_question,Displaying ClickOnce version number of .NET 6 WPF application,"C,C#",2022,embedded,embedded,embedded
stackoverflow_question,Swift: can I use async/await syntax with a function that already returns synchronously a value?,"C,Swift",2022,mobile,mobile,mobile
stackoverflow_question,How to rerun skipped tests in testNG?,Java,2021,testing_qa,testing_qa,testing_qa
stackoverflow_question,"Python DB connection closing, using try catch inside a finally clause",Python,2021,web backend,web backend,web backend
stackoverflow_question,How to sort dictionary by longest to shortest,Python,2021,developer tools,developer tools,developer tools
stackoverflow_question,Move multiple mice with Python,Python,2022,embedded,embedded,embedded
stackoverflow_question,Unable to click inside of a game window with pyautogui/win32api/pydirectinput,Python,2022,game,game,game
stackoverflow_question,Send Images using Whatsapp Cloud Api,"TypeScript,PHP",2022,mobile,mobile,mobile
stackoverflow_question,transpose square matrix with pointer in C. wrong output,"C,R",2020,embedded,embedded,embedded
stackoverflow_question,How to divide elements in pandas column by grouped sum,"R,Python",2021,data_ai,data_ai,data_ai
stackoverflow_question,Python 3.x Collecting Mouse Events,"R,Python",2020,embedded,embedded,embedded
stackoverflow_question,How to reorder the days of week in this Pandas Pivot Table?,"R,Python",2022,data_ai,data_ai,data_ai
stackoverflow_question,Passing a List element in C#,"C,C#",2020,embedded,embedded,embedded
stackoverflow_question,Save 16-bit numpy arrays as 16-bit PNG image,"R,Python",2020,data_ai,data_ai,data_ai
stackoverflow_question,"Numpy Remove duplicates, apply function, then add it back","R,Python",2020,data_ai,data_ai,data_ai
stackoverflow_question,calculating a range based on the fields of a pandas dataframe,Python,2020,data_ai,data_ai,data_ai
stackoverflow_question,Replacing values in n-dimensional tensor given indices from np.argwhere(),"R,Python",2022,data_ai,data_ai,data_ai
stackoverflow_question,How to extract only the digits and print as a string,Python,2021,developer tools,developer tools,developer tools
stackoverflow_question,How to remove NaNs and squeeze in a DataFrame - pandas,"R,Python",2020,data_ai,data_ai,data_ai
stackoverflow_question,How can I get the most recent file from a directory?,Python,2020,developer tools,developer tools,developer tools
stackoverflow_question,Annotate some scatter plot observations,"R,Python",2021,data_ai,data_ai,data_ai
stackoverflow_question,Python unit test patching does not work when multithreading,"C,Python",2021,testing_qa,testing_qa,testing_qa
stackoverflow_question,Round to next largest integer in Julia?,"C,R",2022,developer tools,developer tools,developer tools
stackoverflow_question,Count the number of occurrences of each word in a file and load into pandas,"R,Python",2022,data_ai,data_ai,data_ai
stackoverflow_question,Passing Figure object to Graph in plotly dash,"Shell,Python",2020,data_ai,data_ai,data_ai
stackoverflow_question,How to scrape multiple pages of a site using paging using BeautifulSoup and requests?,Python,2022,data_ai,data_ai,data_ai
stackoverflow_question,how to access class with the internal keyword inside a third-party jar from kotlin?,Kotlin,2020,developer tools,developer tools,developer tools
stackoverflow_question,Filter dataframe based on 2 columns with values,"R,Python",2022,data_ai,data_ai,data_ai
stackoverflow_question,localize pandas datetime during daylight saving with multiple notations,Python,2022,data_ai,data_ai,data_ai
stackoverflow_question,What does it mean to surround an integer with square brackets in a bytes() call in python?,Python,2021,developer tools,developer tools,developer tools
stackoverflow_question,Received fatal alert: handshake_failure when calling from Java 1.8.0_162 to Java 1.6.0_45-b06,"JavaScript,Java",2022,security,security,security
stackoverflow_question,Examining fields of a struct by reference (via static analysis),Go,2022,embedded,embedded,embedded
stackoverflow_question,Deserialize a Vec of values into a struct by implementing serde `Deserializer`,"Rust,R",2022,data_ai,data_ai,data_ai
stackoverflow_question,How to get IP address from aiohttp response,"C,Python",2020,web backend,web backend,web backend
stackoverflow_question,Need close GTK+ window after execute the function,C,2022,embedded,embedded,embedded
stackoverflow_question,incompatible pointer types assigning to 'void (*)(void *)' from 'int (int *)',"C,R",2020,embedded,embedded,embedded
stackoverflow_question,"How to use pdftotext library with ""-layout"" option in Python",Python,2021,developer tools,developer tools,developer tools
stackoverflow_question,Updating all elements with a given value in a 2darray with neighboring values average,Python,2021,data_ai,data_ai,data_ai
stackoverflow_question,How to avoid excessive lambda functions in pandas DataFrame assign and apply method chains,"R,Python",2020,data_ai,data_ai,data_ai
stackoverflow_question,What is the proper way to keep a repository of Python tools like classes and functions?,Python,2020,developer tools,developer tools,developer tools
stackoverflow_question,How can I convert from byte array to string in Java removing padding characters?,"R,Java",2020,developer tools,developer tools,developer tools
stackoverflow_question,return a reference to an array with templated size,"C++,C",2022,developer tools,developer tools,developer tools
stackoverflow_question,Python - Splitting positive/negative/neutral/ feedback sentiment score from Vader into separate columns and adding it to data set,"R,Python",2020,data_ai,data_ai,data_ai
stackoverflow_question,How do I get the C++ standard flag as a string in CMake?,"C++,C",2022,embedded,embedded,embedded
stackoverflow_question,How to combine rows of a pandas dataframe as lists based on a condition that rows following a fullstop will be merged as a list?,"R,Python",2022,data_ai,data_ai,data_ai
stackoverflow_question,Log4j2 is not formatting output like specified / appender is not added I think,Java,2020,testing_qa,testing_qa,testing_qa
stackoverflow_question,Block scope and internal linkage?,C,2020,security,security,security
stackoverflow_question,c++ returning object from a function,"C++,C",2021,embedded,embedded,embedded
stackoverflow_question,Why does the image flicker when displayed?,Python,2021,testing_qa,testing_qa,testing_qa
stackoverflow_question,Can these for loops be refactored?,Python,2020,developer tools,developer tools,developer tools
stackoverflow_question,Comparing two similar PIL images using numpy arrays not working,"R,Python",2020,data_ai,data_ai,data_ai
stackoverflow_question,Are C++20 new atomic_flag features supported in g++ / gcc?,"C++,C",2020,embedded,embedded,embedded
stackoverflow_question,Difference between Faust vs Kafka-python,"C,Python",2021,data_ai,data_ai,data_ai
stackoverflow_question,Why does printing a return carriage significantly reduce the rate at which a printf statement executes in C,"C,R",2020,developer tools,developer tools,developer tools
stackoverflow_question,Storing template type to cast Base back down to Derived<T>,"C++,C",2020,developer tools,developer tools,developer tools
stackoverflow_question,I want my output to be free of line breaks?,"R,Python",2021,web frontend,web frontend,web frontend
stackoverflow_question,Unable to get an image to fit inside the bounds of a UITextField,Swift,2020,mobile,mobile,mobile
stackoverflow_question,How to use multiple variables inside the Python for loop?,"R,Python",2021,developer tools,developer tools,developer tools
stackoverflow_question,Pandas : How to return Friday as business day if date is falling on Sunday or Saturday?,Python,2020,data_ai,data_ai,data_ai
stackoverflow_question,My function will only return 0.00 when trying to find a percentage,C,2020,data_ai,data_ai,data_ai
stackoverflow_question,Use Class<?> parameter in instanceof method,"C,Java",2022,developer tools,developer tools,developer tools
stackoverflow_question,Start external application from Python as new process,"R,Python",2020,developer tools,developer tools,developer tools
stackoverflow_question,Python:'list' object cannot be interpreted as an integer,"R,Python",2020,developer tools,developer tools,developer tools
stackoverflow_question,"How to skip some symbol characters, when this character is used as a split column symbol in pandas split function","R,Python",2021,data_ai,data_ai,data_ai
stackoverflow_question,Cumulative Sum of a column based on values in another column?,Python,2021,data_ai,data_ai,data_ai
stackoverflow_question,How to use ccache > 4.6.1 on Windows MSVC with cmake?,"C++,C",2022,developer tools,developer tools,developer tools
stackoverflow_question,Evaluating a sum in SymPy,Python,2021,data_ai,data_ai,data_ai
stackoverflow_question,Numpy not solving matrix equation correctly,Python,2021,data_ai,data_ai,data_ai
stackoverflow_question,Unable to understand the syntax for iloc for reversing all rows vs reversing all columns,"R,Python",2020,data_ai,data_ai,data_ai
stackoverflow_question,dgettext failing to translate string,"C,R",2020,web frontend,web frontend,web frontend
stackoverflow_question,How to rename a key in a JSON object using lenses?,Haskell,2020,developer tools,developer tools,developer tools
stackoverflow_question,"im trying create a lua dll in C but the GCC is saying "" undefined reference to `luaL_checknumber' ""","C,Lua",2022,embedded,embedded,embedded
stackoverflow_question,Trying to make pandas python code shorter,Python,2021,data_ai,data_ai,data_ai
stackoverflow_question,pandas: add week dates with dataframe,Python,2021,data_ai,data_ai,data_ai
stackoverflow_question,How to add emoji to menu in telegram bot python?,"R,Python",2021,web backend,web backend,web backend
stackoverflow_question,How to put excel window upfront in xlwings?,"C,Python",2022,developer tools,developer tools,developer tools
stackoverflow_question,Pandas use column names if do not exist,Python,2021,data_ai,data_ai,data_ai
stackoverflow_question,pandas: convert date interval into regular date,Python,2020,data_ai,data_ai,data_ai
stackoverflow_question,Create a Twitter Thread with Tweepy,"R,Python",2020,web backend,web backend,web backend
stackoverflow_question,Tkinter treeview - Expand all child nodes,"R,Python",2020,embedded,embedded,embedded
stackoverflow_question,Is there a way to use 1ULL in java?,"C,Java",2021,developer tools,developer tools,developer tools
stackoverflow_question,Can you transfer/recreate a unix domain socket file across filesystems?,C,2022,devops_cloud,devops_cloud,devops_cloud
stackoverflow_question,Haskell stack in a project-specific location,"C,Haskell",2022,embedded,embedded,embedded
stackoverflow_question,set all steps within a day to missing if any hourly step is missing in a netcdf,"C,Python",2021,data_ai,data_ai,data_ai
stackoverflow_question,Determine Class Automatically When Passing Member Function Argument,"C++,C",2021,developer tools,developer tools,developer tools
stackoverflow_question,Mesh to filled voxel grid,Python,2022,embedded,embedded,embedded
stackoverflow_question,Recursion appears to duplicate some values randomly -- Advent of Code 2020 day 14 in Elixir,"R,Elixir",2020,developer tools,developer tools,developer tools
stackoverflow_question,Custom hlines in mplfinance python,"C,Python",2022,data_ai,data_ai,data_ai
stackoverflow_question,C: How to name a struct field `errno`?,"C,R",2022,developer tools,developer tools,developer tools
stackoverflow_question,Split function won't split Python,Python,2021,developer tools,developer tools,developer tools
stackoverflow_question,Low quality H.265 Media Foundation encoding?,"C++,C",2020,embedded,embedded,embedded
stackoverflow_question,writing large int to disk with c++,"C++,C",2022,embedded,embedded,embedded
stackoverflow_question,How to print all possible variations without repetitions of array for given range?,"R,PHP",2020,developer tools,developer tools,developer tools
stackoverflow_question,QT Creator C++ : Passing information from QDialog to MainWindow,"C++,C",2022,embedded,embedded,embedded
stackoverflow_question,How to ignore a custom header in Pandas,"C,Python",2020,data_ai,data_ai,data_ai
stackoverflow_question,"Logging sensor data, calculating rate of change, and data analysis support in python for raspberry pi","C,Python",2021,iot,iot,iot
stackoverflow_question,Merge converting timestamp to scientific notation and losing precision,"R,Python",2021,data_ai,data_ai,data_ai
stackoverflow_question,How to convert exponent in Python and get rid of the 'e+'?,Python,2020,developer tools,developer tools,developer tools
stackoverflow_question,"Roblox Studio Lua's I'm having trouble with ""Infinite yield possible""","R,Lua",2020,game,game,game
stackoverflow_question,Python Dash - how to pass parameters in @app.callback,"Shell,Python",2022,web frontend,web frontend,web frontend
stackoverflow_question,Split lists in a column into one hot encoded features in pyspark,"R,Python",2021,data_ai,data_ai,data_ai
stackoverflow_question,How to __scrape__ data off page loaded via Javascript,Python,2020,data_ai,data_ai,data_ai
stackoverflow_question,"Java, splitting string into array","R,Java",2022,web backend,web backend,web backend
stackoverflow_question,Search for phrases in text with POS tagging,Python,2022,data_ai,data_ai,data_ai
stackoverflow_question,How to start and break the loop by pressing a key on Python 3.x,"R,Python",2020,developer tools,developer tools,developer tools
stackoverflow_question,Is it necessary to annotate the template specializations of an exported entity with export?,"C++,C",2021,developer tools,developer tools,developer tools
stackoverflow_question,Scala Assertion unknown parameter on case class,"C,Scala",2021,developer tools,developer tools,developer tools
stackoverflow_question,"Avoiding long list of elif, making if loop more efficient and dynamic","R,Python",2021,developer tools,developer tools,developer tools
stackoverflow_question,table png file from pandas DF,"R,Python",2020,data_ai,data_ai,data_ai
stackoverflow_question,Tensorflow Keras Tensor Multiplication with None as First Dimension,"R,Python",2022,data_ai,data_ai,data_ai
stackoverflow_question,Is there a base class of all delegate in C#,"C,C#",2020,developer tools,developer tools,developer tools
stackoverflow_question,Not able to run ByteBuddy interceptor when @Morph argument is specified,Java,2020,developer tools,developer tools,developer tools
stackoverflow_question,How to resample a dataframe an include start and end times?,Python,2022,data_ai,data_ai,data_ai
stackoverflow_question,How to set a host on gin's test context?,"C,Go",2020,testing_qa,testing_qa,testing_qa
stackoverflow_question,Why using datetime.striptime() to convert date for matplotlib not shows the whole date,"C,Python",2020,data_ai,data_ai,data_ai
stackoverflow_question,Incomplete type not allowed when using new[] keyword,"C++,C",2020,developer tools,developer tools,developer tools
stackoverflow_question,Is there any practical use for a function that does nothing?,C,2022,developer tools,developer tools,developer tools
stackoverflow_question,How to define a variable at the declaration level and be able to modify it?,"Rust,R",2021,developer tools,developer tools,developer tools
stackoverflow_question,Ticks not aligned with the cell in matplotlib table,Python,2020,developer tools,developer tools,developer tools
stackoverflow_question,Python sorted lambda function returning a boolean,"R,Python",2020,data_ai,data_ai,data_ai
stackoverflow_question,How can I connect to IBM MQ via the AMQP API in .Net Core,"C,C#",2022,web backend,web backend,web backend
stackoverflow_question,Why does MSVC's STL implementation cast to const volatile char* here?,"C++,C",2022,embedded,embedded,embedded
stackoverflow_question,cant find whos the owner of malloc - memory leak,C,2022,data_ai,data_ai,data_ai
stackoverflow_question,While Loop Not Working (Function and Time.Sleep),Python,2022,developer tools,developer tools,developer tools
stackoverflow_question,How to save a string with multiple words with scanf(),"C,R",2021,developer tools,developer tools,developer tools
stackoverflow_question,Getting unknown property: yii\web\User::admin,PHP,2022,web backend,web backend,web backend
stackoverflow_question,PyWinAuto automation of notepad example vs 'reallife' example,Python,2020,testing_qa,testing_qa,testing_qa
stackoverflow_question,HP Bar not visible in play mode,"C,C#",2021,mobile,mobile,mobile
stackoverflow_question,Session Issue while upgrading to php7.2 - Login as Customer Feature,"C,PHP",2020,web backend,web backend,web backend
stackoverflow_question,Setting CMAKE_C_FLAGS and CMAKE_CXX_FLAGS to the same thing without repeating oneself?,"C++,C",2022,developer tools,developer tools,developer tools
stackoverflow_question,The definition of `rand()` in GCC 9.3.0,C,2022,embedded,embedded,embedded
stackoverflow_question,Python-docx how do I delete a table column?,"C,Python",2022,developer tools,developer tools,developer tools
stackoverflow_question,Pandas reading large panel CSV efficiently in chunks based on values of a column,Python,2022,data_ai,data_ai,data_ai
stackoverflow_question,How to run a function to each row of Dataframe in Python,"R,Python",2020,data_ai,data_ai,data_ai
stackoverflow_question,Creating a dictionary based on rows for a transport problem,Python,2022,data_ai,data_ai,data_ai
stackoverflow_question,How to create a vector of a specific number of Results?,"Rust,R",2020,data_ai,data_ai,data_ai
stackoverflow_question,How to eliminate the whole number and return only the decimal digits?,Java,2021,data_ai,data_ai,data_ai
stackoverflow_question,How to create a column that returns the slope of a moving average?,"R,Python",2022,data_ai,data_ai,data_ai
stackoverflow_question,Reading file to memory in C,C,2022,embedded,embedded,embedded
stackoverflow_question,best way to check if files have been processed,"SQL,Python",2020,data_ai,data_ai,data_ai
stackoverflow_question,How to get NumPy array of n last/first Trues in each row,Python,2022,data_ai,data_ai,data_ai
stackoverflow_question,python telegram bot ignoring messages,"R,Python",2022,developer tools,developer tools,developer tools
stackoverflow_question,Ruby 3 IRB home end and ctrl-u not working,"Ruby,R",2022,developer tools,developer tools,developer tools
stackoverflow_question,Boxcast in Unity2d not working as intended,"C,C#",2021,game,game,game
stackoverflow_question,"How to , is it possible to escape into and use raw php in Latte templates in Nette?",PHP,2022,web backend,web backend,web backend
stackoverflow_question,Tokenizing words in pandas series,Python,2020,data_ai,data_ai,data_ai
stackoverflow_question,Fastest way to assign values based on their index,"R,Python",2022,developer tools,developer tools,developer tools
stackoverflow_question,Print row ID at which all other row values are smaller than 0.05,Python,2021,data_ai,data_ai,data_ai
stackoverflow_question,How to update existing plot with Panel?,Python,2022,developer tools,developer tools,developer tools
stackoverflow_question,APi parse 2 digits after the decimal point?,PHP,2020,web backend,web backend,web backend
stackoverflow_question,How do I avoid generating 3 numbers instead of generating 3 letters and numbers together,Python,2021,developer tools,developer tools,developer tools
stackoverflow_question,"Expanding Aeson example, how to use array of values?","R,Haskell",2020,developer tools,developer tools,developer tools
stackoverflow_question,How to join items from same column using pandas in python?,"R,Python",2021,data_ai,data_ai,data_ai
stackoverflow_question,How can I make objects permanently stick in window without being refreshed in Pygame?,Python,2020,game,game,game
stackoverflow_question,How to type hint a tuple of callables when the default is empty,Python,2021,developer tools,developer tools,developer tools
stackoverflow_question,Pandas groupby find difference between two date time columns,"R,Python",2022,data_ai,data_ai,data_ai
stackoverflow_question,Different grouping separator for same Locale between Java 8 and 11,"C,Java",2021,developer tools,developer tools,developer tools
stackoverflow_question,Custom Avalonia controll to render from other thread performance problem,"C,C#",2021,embedded,embedded,embedded
stackoverflow_question,Virtual functions in class instantiated with std::tuple<void>,"C++,C",2022,embedded,embedded,embedded
stackoverflow_question,Plot PDF of Pareto distribution in Python,"R,Python",2021,data_ai,data_ai,data_ai
stackoverflow_question,Pandas: How to correctly parse a dashed text flat file into a dataframe,Python,2021,data_ai,data_ai,data_ai
stackoverflow_question,How to create new columns based on values before delimiter and add values after the delimiter in Pandas?,"R,Python",2022,data_ai,data_ai,data_ai
stackoverflow_question,Java FileReader method is not returning/printing all characters in file record,Java,2020,web backend,web backend,web backend
stackoverflow_question,Best way to monitor for a key press without stopping a loop,"C++,C",2021,embedded,embedded,embedded
stackoverflow_question,Why is the `puts` function called puts?,C,2022,developer tools,developer tools,developer tools
stackoverflow_question,How to make c++ using cin optional?,"C++,C",2020,embedded,embedded,embedded
stackoverflow_question,Python argument types in rdkit.Chem.rdmolfiles.MolToMolBlock(NoneType),"R,Python",2022,data_ai,data_ai,data_ai
stackoverflow_question,Is there a difference between a = -a and a *= -1 for floats in c++?,"C++,C",2021,embedded,embedded,embedded
stackoverflow_question,JSON Layout with Pattern in Logback Java,"C,Java",2020,web backend,web backend,web backend
stackoverflow_question,How can I detect with php that the user uses an ipad when my user agent doesnt conatin something like that,"C,PHP",2020,web backend,web backend,web backend
stackoverflow_question,how to restore numpy seed back to its former state?,"R,Python",2021,data_ai,data_ai,data_ai
stackoverflow_question,Binary with Arguments in AWS Lambda,Go,2020,devops_cloud,devops_cloud,devops_cloud
stackoverflow_question,how to sort a multidimensional array with one column in ascending order and another column in descending order?,"R,Python",2021,developer tools,developer tools,developer tools
stackoverflow_question,How to initialize a Queue on a second core of an ESP32?,"C,R",2022,embedded,embedded,embedded
stackoverflow_question,Using boto3 to await a synchronous lambda invocation,"C,Python",2021,devops_cloud,devops_cloud,devops_cloud
stackoverflow_question,Python: Formatting wav data of variable length into specific length,Python,2020,data_ai,data_ai,data_ai
stackoverflow_question,"Python, Beautifullsoup - get href link",Python,2021,web backend,web backend,web backend
stackoverflow_question,divide the values from pandas df column by number,"R,Python",2020,data_ai,data_ai,data_ai
stackoverflow_question,How to extract text from PDF and get translation between coordinates in page and string position?,"R,Python",2022,data_ai,data_ai,data_ai
stackoverflow_question,How to iterate code and save each output to a list,Python,2022,developer tools,developer tools,developer tools
stackoverflow_question,Rust struct update syntax without taking ownership,"Rust,R",2020,embedded,embedded,embedded
stackoverflow_question,Are these two initializations equivalent?,"C,R",2022,developer tools,developer tools,developer tools
stackoverflow_question,Grayscale Heatmap to Color Gradient Heatmap,"R,Python",2022,data_ai,data_ai,data_ai
stackoverflow_question,How I create a loop for adding words into string python,Python,2020,developer tools,developer tools,developer tools
stackoverflow_question,How to replace tf.graph and tf.session from tensorflow 1.x with appropriate code in tensorflow 2?,"R,Python",2022,data_ai,data_ai,data_ai
stackoverflow_question,Overlapping semitransparent QRectangles in QPainter,"R,Python",2021,embedded,embedded,embedded
stackoverflow_question,Why is there no blank space printed when there is a print() after an end function?,Python,2021,testing_qa,testing_qa,testing_qa
stackoverflow_question,PHP - Get combinations from array,"R,PHP",2020,web backend,web backend,web backend
stackoverflow_question,Calculate mean of certain rows for each group after group by Pandas,"R,Python",2022,data_ai,data_ai,data_ai
stackoverflow_question,Python: send multipart message with multiple recievers,"R,Python",2022,web backend,web backend,web backend
stackoverflow_question,Pandas filter dataframe to show only rows which contain zeros,Python,2020,data_ai,data_ai,data_ai
stackoverflow_question,What does seq_lengths mean in tensorflow.reverse arguments?,"R,Python",2020,data_ai,data_ai,data_ai
stackoverflow_question,Should I put a C++ macro guard in every header file?,"C++,C",2021,embedded,embedded,embedded
stackoverflow_question,Mypy Optional args vs default values,"C,Python",2022,developer tools,developer tools,developer tools
stackoverflow_question,How to clear duplicates comparing two arraylists?,"R,Java",2022,developer tools,developer tools,developer tools
stackoverflow_question,"Pandas - Compute a value for each row, using information from previous rows?","R,Python",2021,data_ai,data_ai,data_ai
stackoverflow_question,Python pandas filter data by groupby second level values,"R,Python",2021,data_ai,data_ai,data_ai
stackoverflow_question,Write png with pydotplus doesn't work in jupyter,"R,Python",2022,developer tools,developer tools,developer tools
stackoverflow_question,Initialize multiple variables to the same initial value,"C,Python",2022,developer tools,developer tools,developer tools
stackoverflow_question,I want to know the difference between :.0 and :.1f in format method,"R,Python",2021,developer tools,developer tools,developer tools
stackoverflow_question,How to create Controlled Z gate in sympy.physics.quantum.gate qubits,"C,Python",2022,data_ai,data_ai,data_ai
stackoverflow_question,How to control brightness of tkinter app?,"R,Python",2021,embedded,embedded,embedded
stackoverflow_question,Dereferencing Issue with 2D Arrays,"C,R",2021,embedded,embedded,embedded
stackoverflow_question,Pygame Window not Loading Image,Python,2020,game,game,game
stackoverflow_question,Z3PY converting Ints to Python int,Python,2021,embedded,embedded,embedded
stackoverflow_question,Text '2021-06-22T18:27:03.5577Z' could not be parsed at index 20,"R,Java",2021,data_ai,data_ai,data_ai
stackoverflow_question,How to convert negative number in a list of list to 0?,Python,2021,data_ai,data_ai,data_ai
stackoverflow_question,converting python nested-list into matlab-cell using matlab engine,"MATLAB,Python",2020,data_ai,data_ai,data_ai
stackoverflow_question,Ticks which exceeds Locator.MAXTICKS,Python,2022,embedded,embedded,embedded
stackoverflow_question,Store char variables in other char variables in C,"C,R",2020,embedded,embedded,embedded
stackoverflow_question,"Why can I assign one object to another without overloading the ""="" operator?","C++,C",2020,developer tools,developer tools,developer tools
stackoverflow_question,Benefits of std algorithms about readability,"C++,C",2021,developer tools,developer tools,developer tools
stackoverflow_question,Adding new points to point cloud in real time - Open3D,Python,2021,iot,iot,iot
stackoverflow_question,Regression Model with 3 Hidden DenseVariational Layers in Tensorflow-Probability returns nan as loss during training,"R,Python",2020,data_ai,data_ai,data_ai
stackoverflow_question,Maintain an auto-cleanable list of threads in Python,"R,Python",2020,developer tools,developer tools,developer tools
stackoverflow_question,How do i display the attributes of a thread in C?,"C,R",2022,embedded,embedded,embedded
stackoverflow_question,Create tuple object from networkx kernighan_lin_bisection,"R,Python",2020,data_ai,data_ai,data_ai
stackoverflow_question,Foreach-loop loops too many times and requests other Model,"C,C#",2021,developer tools,developer tools,developer tools
stackoverflow_question,How do I adjust Python IDLE Shell settings so that the next line of code I type stays vertically in the center of the shell at all times?,"Shell,Python",2022,developer tools,developer tools,developer tools
stackoverflow_question,How two arrays share zval containers in PHP?,"R,PHP",2021,web backend,web backend,web backend
stackoverflow_question,How do I replace data that is already existed in txt file --python,Python,2022,developer tools,developer tools,developer tools
stackoverflow_question,Extract elements from list in Python to create nested list,"TypeScript,Python",2021,data_ai,data_ai,data_ai
stackoverflow_question,Select priority item from list,Python,2021,developer tools,developer tools,developer tools
stackoverflow_question,How to add a picture to a header/footer in python-docx,"C,Python",2020,developer tools,developer tools,developer tools
stackoverflow_question,Haskell function that returns a list of elements in a list with more than given amount of occurrences,"R,Haskell",2021,data_ai,data_ai,data_ai
stackoverflow_question,read .txt file from s3 bucket not returning all file content,Python,2021,web backend,web backend,web backend
stackoverflow_question,C++ syntax understanding issue for 'using',"C++,C",2021,embedded,embedded,embedded
stackoverflow_question,How to make the inner value of a Result must_use,"Rust,R",2022,developer tools,developer tools,developer tools
stackoverflow_question,How to check if an element of an array of pointers is null in C?,"C,R",2021,embedded,embedded,embedded
stackoverflow_question,Sampling from a large dataset,Python,2021,data_ai,data_ai,data_ai
stackoverflow_question,How to implement a Trie Iterator with Thread run(),"R,Java",2020,embedded,embedded,embedded
stackoverflow_question,Removing spaces from a column in pandas,"R,Python",2021,data_ai,data_ai,data_ai
stackoverflow_question,python : How to make a combination according to the count of elements?,Python,2022,data_ai,data_ai,data_ai
stackoverflow_question,Problem with 'rigid type variable' in a Monad in haskell,Haskell,2020,data_ai,data_ai,data_ai
stackoverflow_question,Optimize very large amount of moving 2D objects in Unity,"C,C#",2022,game,game,game
stackoverflow_question,"Python - How do i delete more than one character on python using slice method, find and rfind",Python,2022,developer tools,developer tools,developer tools
stackoverflow_question,python extension for vs code,"C,Python",2022,developer tools,developer tools,developer tools
stackoverflow_question,How to get a unique value from a list in python,Python,2021,developer tools,developer tools,developer tools
stackoverflow_question,Why does numba work on numpy string vectors but not on numpy strings?,Python,2022,data_ai,data_ai,data_ai
stackoverflow_question,ECHO of an object breaking page,PHP,2020,web frontend,web frontend,web frontend
stackoverflow_question,How to run Karate with a Junit runner without using Maven,"R,Java",2021,testing_qa,testing_qa,testing_qa
stackoverflow_question,Get the count of employee code in a new dataframe in python,Python,2021,data_ai,data_ai,data_ai
stackoverflow_question,"Neptune, Python, Gremlin: Update a property in a graph vertex with an array of values","R,Python",2020,data_ai,data_ai,data_ai
stackoverflow_question,Running C Built .exe On Another PC,"C,R",2020,embedded,embedded,embedded
stackoverflow_question,How to apply the State Pattern with Dart enhanced enums,"R,Dart",2022,developer tools,developer tools,developer tools
stackoverflow_question,Compare and iterate over two 2D arrays,Python,2022,data_ai,data_ai,data_ai
stackoverflow_question,"If .. is a hard link, and hard links are indistinguishable from each other, how can chdir(..) go up a directory?",C,2022,developer tools,developer tools,developer tools
stackoverflow_question,"How can I write a correct function for ""month/day"" instead what I wrote?",C,2021,developer tools,developer tools,developer tools
stackoverflow_question,Using generators to make lazy streams in python,"R,Python",2022,data_ai,data_ai,data_ai
stackoverflow_question,How does one check if all rows in a dataframe match another dataframe?,Python,2021,data_ai,data_ai,data_ai
stackoverflow_question,Retrieve data from a dialog in the calling window,"TypeScript,Python",2022,data_ai,data_ai,data_ai
stackoverflow_question,Php doc: typing a string class name which will always implement a given interface,"C,PHP",2020,web backend,web backend,web backend
stackoverflow_question,Can beast be used with C++20's co_await keyword?,"C++,C",2022,embedded,embedded,embedded
stackoverflow_question,Add drop shadow to xib view in Swift,Swift,2020,mobile,mobile,mobile
stackoverflow_question,c++ Partial template specialization with typename as void,"C++,C",2021,embedded,embedded,embedded
stackoverflow_question,Sorting 2D array in new 2D array (K-means clustering),"R,Java",2020,data_ai,data_ai,data_ai
stackoverflow_question,I want my x folder with the y.png files to take the name of z.png,Python,2020,developer tools,developer tools,developer tools
stackoverflow_question,unable to parse String-Date to java.time.LocalDateTime with specific format,Java,2021,web backend,web backend,web backend
stackoverflow_question,How do I find strings in a file and replace with another in Python?,Python,2022,developer tools,developer tools,developer tools
stackoverflow_question,create a time series scatter plot with plotly,"R,Python",2022,data_ai,data_ai,data_ai
stackoverflow_question,How does a variable using a Floating-point binary format stores the value 0.0,"C,R",2022,embedded,embedded,embedded
stackoverflow_question,How to read video file using Foundry Nuke Python interpreter?,"R,Python",2021,developer tools,developer tools,developer tools
stackoverflow_question,How to read multiple files with Python and combine into single dataframe with identifier for each file?,Python,2021,data_ai,data_ai,data_ai
stackoverflow_question,Is there a way to declare a C# lambda and immediately call it?,"C,C#",2020,developer tools,developer tools,developer tools
stackoverflow_question,Unable to send HTTP POST payload of size greater than 1449 characters with SIM800L+ESP32,"R,PHP",2021,iot,iot,iot
stackoverflow_question,PyDeequ hasPattern fails with 'PatternMatch' object has no attribute '_Check',"R,Python",2022,data_ai,data_ai,data_ai
stackoverflow_question,"How to use a variable from Uni, Mutiny","R,Java",2022,developer tools,developer tools,developer tools
stackoverflow_question,"How should I preferably ""run"" Python scripts in RStudio? Through run (using reticulate::repl_python()?) or source?","R,Python",2022,developer tools,developer tools,developer tools
stackoverflow_question,"How to create a matplotlib figure,without opening a window",Python,2020,data_ai,data_ai,data_ai
stackoverflow_question,Class not changing state of pyserial connection when unplug device,"R,Python",2021,embedded,embedded,embedded
stackoverflow_question,Apache Ignite Group By Linq Query Issue,"C,C#",2020,data_ai,data_ai,data_ai
stackoverflow_question,Convert List of tuples to dataframe,"R,Python",2022,data_ai,data_ai,data_ai
stackoverflow_question,Python logging: how to write logs into file and stdout,Python,2022,developer tools,developer tools,developer tools
stackoverflow_question,One kind of ASCII arithmetic gives segmentation fault while another doesn't,C,2021,developer tools,developer tools,developer tools
stackoverflow_question,"Java Swing, I am using a for loop in draw but only the last element is rendered on panel","C,Java",2021,embedded,embedded,embedded
stackoverflow_question,"Why [1, 1, 2] | [] == [1, 2] is `true` in Ruby?","Ruby,R",2020,developer tools,developer tools,developer tools
stackoverflow_question,Has my collegue reproduced the exact behavior of Task.WhenAll<TResult>?,"C,C#",2022,developer tools,developer tools,developer tools
stackoverflow_question,Get the points of the QPolygonF,"Go,Python",2021,embedded,embedded,embedded
stackoverflow_question,How can I read files to DataFrame in Julia with CSV.read when delimiter might be missing?,"C,R",2022,data_ai,data_ai,data_ai
stackoverflow_question,How to perform spell check in spacy. Need to find number of wrong words and suggestions if possible,"C,Python",2021,data_ai,data_ai,data_ai
stackoverflow_question,midi problem with badly formatted midi bytes,Python,2022,embedded,embedded,embedded
stackoverflow_question,C++ function binding at runtime with function name string in Linux,"C++,C",2021,embedded,embedded,embedded
stackoverflow_question,Converting sympy function to lambda function,Python,2020,data_ai,data_ai,data_ai
stackoverflow_question,What does target_link_libraries do when the target is a static library and the taarget link is a static library,"C++,C",2021,developer tools,developer tools,developer tools
stackoverflow_question,How do i df.fillna with category median values,Python,2022,data_ai,data_ai,data_ai
stackoverflow_question,Is 'Dispose' required for a variable in a loop created with 'Activator.CreateInstance'?,"C,C#",2021,developer tools,developer tools,developer tools
stackoverflow_question,How to combine data from one row in dataframe?,"R,Python",2021,data_ai,data_ai,data_ai
stackoverflow_question,How to get that result without for loop (python),"R,Python",2021,data_ai,data_ai,data_ai
stackoverflow_question,Subtracting value from data frame column: SettingWithCopyWarning,Python,2021,data_ai,data_ai,data_ai
stackoverflow_question,split string dates into list of multiple dates,Python,2020,data_ai,data_ai,data_ai
stackoverflow_question,Print something outside of for loop for last iteration,"R,Python",2022,developer tools,developer tools,developer tools
stackoverflow_question,How can i sort a list by the second item descending and first one ascending?,"R,Python",2021,developer tools,developer tools,developer tools
stackoverflow_question,Load cache files from a specific Path in osmnx,"R,Python",2020,data_ai,data_ai,data_ai
stackoverflow_question,Pynput listener for autocomplete / hotkey typing,Python,2020,embedded,embedded,embedded
stackoverflow_question,Add new column with specific increasing of a quarter using python,Python,2021,data_ai,data_ai,data_ai
stackoverflow_question,"FInding same values on a list (or tupple?), group them together, check the rest of elements","R,Python",2021,data_ai,data_ai,data_ai
stackoverflow_question,psutil.AccessDenied: psutil.AccessDenied (pid=7868),Python,2020,security,security,security
stackoverflow_question,Is it possible to define a hierarchy to python entry points?,Python,2021,developer tools,developer tools,developer tools
stackoverflow_question,rust extend built-in enum Result?,"Rust,R",2021,developer tools,developer tools,developer tools
stackoverflow_question,make a request to a nats group,"TypeScript,Go",2021,web backend,web backend,web backend
stackoverflow_question,Cumulatively add month to a Date column based off the first date of a group,"R,Python",2020,data_ai,data_ai,data_ai
stackoverflow_question,What exactly are the positioning rules for text in Qt?,"C++,C",2020,embedded,embedded,embedded
stackoverflow_question,Scala: multiple overloaded alternatives of method,"C,Scala",2021,developer tools,developer tools,developer tools
stackoverflow_question,"C implementation of linear search,interpolation search and binary search","C,R",2022,embedded,embedded,embedded
stackoverflow_question,How can I reuse http::response in beast,"C++,C",2020,web backend,web backend,web backend
stackoverflow_question,Only allowing item to print if they are beside each other in nested loop,Python,2021,embedded,embedded,embedded
stackoverflow_question,Pop all dataframes from a list of Dataframes,Python,2020,data_ai,data_ai,data_ai
stackoverflow_question,Ten most frequent characters and their frequencies,C,2020,data_ai,data_ai,data_ai
stackoverflow_question,What is the difference between .length and .length() in Ruby?,"Ruby,R",2020,developer tools,developer tools,developer tools
stackoverflow_question,Pandas: How do I normalize COVID-19 dataframe with different countries having different day of outbreak,"R,Python",2020,data_ai,data_ai,data_ai
stackoverflow_question,Delete cl::buffer from Device in OpenCL C++,"C++,C",2022,embedded,embedded,embedded
stackoverflow_question,How can I read a csv file from Dropbox Online?,"R,Python",2022,data_ai,data_ai,data_ai
stackoverflow_question,icon_emoji is not working with slack client,"C,Java",2021,developer tools,developer tools,developer tools
stackoverflow_question,Understanding Java memory model during context switches,"R,Java",2021,web backend,web backend,web backend
stackoverflow_question,How to Find Shortest Path Back to Self in a Graph/Adjacency Matrix - NetworkX,"R,Python",2022,data_ai,data_ai,data_ai
stackoverflow_question,Safely type punning POD-like structures in-place in C++20?,"C++,C",2022,embedded,embedded,embedded
stackoverflow_question,Why does pd.to_datetime use different default Y/M/D based on whether format is specified,Python,2021,data_ai,data_ai,data_ai
stackoverflow_question,C# Uri? vs. Nullable<Uri>,"C,C#",2022,developer tools,developer tools,developer tools
stackoverflow_question,How to remove NaN values from dataframe,"C,Python",2022,data_ai,data_ai,data_ai
stackoverflow_question,Big O Notation for space complexity of converting a string to char array,Java,2020,data_ai,data_ai,data_ai
stackoverflow_question,Can I create my own methods in a subclass using the template method design pattern?,"R,Java",2020,developer tools,developer tools,developer tools
stackoverflow_question,Multi index dataframe delete row with maximum value per group,"R,Python",2021,data_ai,data_ai,data_ai
stackoverflow_question,Display a complete number without scientific writing php,PHP,2021,web backend,web backend,web backend
stackoverflow_question,Python/Pandas - Breaking postal code into postal and extension,Python,2020,data_ai,data_ai,data_ai
stackoverflow_question,Python pandas dataframe apply result of function to multiple columns where NaN,"R,Python",2021,data_ai,data_ai,data_ai
stackoverflow_question,swarmplot doesn't recognize hue when either the x or y parameter is omitted,"R,Python",2021,data_ai,data_ai,data_ai
stackoverflow_question,"Pandas lookup table using two arrays (index from the first array, column from the second array)","R,Python",2021,data_ai,data_ai,data_ai
stackoverflow_question,Python - repeat function after n seconds inputted by user,Python,2020,developer tools,developer tools,developer tools
stackoverflow_question,Unit testing a method which calls a method returning a page of an entitiy,"C,Java",2020,testing_qa,testing_qa,testing_qa
stackoverflow_question,Can pandas perform an aggregating operation involving two columns?,"R,Python",2021,data_ai,data_ai,data_ai
stackoverflow_question,How to rename indexes generated by group by function?,Python,2020,data_ai,data_ai,data_ai
stackoverflow_question,MIPS: Translating C code to MIPS problem in function calls and returns,"C,R",2020,embedded,embedded,embedded
stackoverflow_question,How to know what version of a GitHub Action to use,"C,Python",2021,developer tools,developer tools,developer tools
stackoverflow_question,sort array of objects java with different properties,Java,2020,web backend,web backend,web backend
stackoverflow_question,"When Player Image Scrolling Left, Enemy Mob Scrolls?",Python,2020,game,game,game
stackoverflow_question,Is there a way to see which line of code produces warning message in python?,"R,Python",2020,developer tools,developer tools,developer tools
stackoverflow_question,No instance for (Integral Double) arising from a use of ‘floor’,Haskell,2020,data_ai,data_ai,data_ai
stackoverflow_question,Why is the date time offset the same for eastern and central time?,"C,C#",2021,data_ai,data_ai,data_ai
stackoverflow_question,Best way to get 'selling windows' for each product category in pandas?,"C,Python",2020,data_ai,data_ai,data_ai
stackoverflow_question,Phone Contacts in Python-how to save,Python,2020,data_ai,data_ai,data_ai
stackoverflow_question,Panic when unwrapping HashMap with None value,"Rust,R",2021,developer tools,developer tools,developer tools
stackoverflow_question,Declaration of OM\Db::query(string $statement) must be compatible with PDO::query,PHP,2020,web backend,web backend,web backend
stackoverflow_question,Convert nested dictionary of string keys and array values to pyarrow Table,"R,Python",2022,data_ai,data_ai,data_ai
stackoverflow_question,What is the difference between a = b and a = b[:]?,"C,Python",2020,developer tools,developer tools,developer tools
stackoverflow_question,loading data from txt to python,"R,Python",2022,data_ai,data_ai,data_ai
stackoverflow_question,How do we pop one stack completely into another stack,"C,Java",2022,developer tools,developer tools,developer tools
stackoverflow_question,Python OPC-UA client stops reading after a while,"C,Python",2022,iot,iot,iot
stackoverflow_question,Pandas hist subplots - adding colour bar for the colours of each histogram,Python,2021,data_ai,data_ai,data_ai
stackoverflow_question,Add text between images in PIL,"R,Python",2022,embedded,embedded,embedded
stackoverflow_question,Check if row's date range overlap any previous rows date range in Python / Pandas Dataframe,Python,2021,data_ai,data_ai,data_ai
stackoverflow_question,Merge overlapping multiword in python,"R,Python",2021,developer tools,developer tools,developer tools
stackoverflow_question,How to concatenate two dataframes with duplicates some values?,"R,Python",2022,data_ai,data_ai,data_ai
stackoverflow_question,How to annotate a write-only property using type hints,Python,2022,developer tools,developer tools,developer tools
stackoverflow_question,How to remove specific Array value like this example?,"C,C#",2022,developer tools,developer tools,developer tools
stackoverflow_question,Github API number of watch over time,Python,2022,data_ai,data_ai,data_ai
stackoverflow_question,Unity - Time.deltaTime sets m velocity to ~0,"C,C#",2022,game,game,game
stackoverflow_question,How to reload data for a single tableview cell using RXSwift,"R,Swift",2021,mobile,mobile,mobile
stackoverflow_question,Pandas equivalent to R 'MAX_VALUE',"R,Python",2022,data_ai,data_ai,data_ai
stackoverflow_question,"How to copy, cut folder from one folder to another using ctrl+c and ctrl+v","R,Python",2021,developer tools,developer tools,developer tools
stackoverflow_question,Got different accuracy for training model and load model,"R,Python",2021,data_ai,data_ai,data_ai
stackoverflow_question,How do I filter out rows based on another data frame in Python?,"R,Python",2021,data_ai,data_ai,data_ai
stackoverflow_question,Getting name of a variable in Python,"R,Python",2020,developer tools,developer tools,developer tools
stackoverflow_question,Fill a 2d array of pointers with pointers to structs in C,"C,R",2022,embedded,embedded,embedded
stackoverflow_question,What is the most Java-compliant way to return more than one type in a method?,Java,2021,developer tools,developer tools,developer tools
stackoverflow_question,Python 3: Testing presence of each (sub)key in nested dict vs just using a try block? Poor practise or OK?,Python,2022,testing_qa,testing_qa,testing_qa
stackoverflow_question,"Find <td> that ""belongs"" to <th> with BeautifulSoup",Python,2021,web backend,web backend,web backend
stackoverflow_question,Get percentage change in last 12(changeable) months for each id in pandas,"R,Python",2021,data_ai,data_ai,data_ai
stackoverflow_question,List inside list in a json file,Python,2022,data_ai,data_ai,data_ai
stackoverflow_question,Seaborn X axis Categorical data,"R,Python",2020,data_ai,data_ai,data_ai
stackoverflow_question,"Is there any way to declare a array, not just its elements, as const?","C++,C",2022,developer tools,developer tools,developer tools
stackoverflow_question,Couple of questions about how objects work in python,"C,Python",2021,data_ai,data_ai,data_ai
stackoverflow_question,How to use protected property from interface in derived class c#?,"C,C#",2020,developer tools,developer tools,developer tools
stackoverflow_question,"What is ""<[_]>"" in Rust?","Rust,R",2021,developer tools,developer tools,developer tools
stackoverflow_question,Object goes through the screen when used the gravity in pygame,Python,2022,game,game,game
stackoverflow_question,Return true if x is in list else False (Recursion),Haskell,2020,developer tools,developer tools,developer tools
stackoverflow_question,How to start thread when at least one is finished,"R,Java",2022,developer tools,developer tools,developer tools
stackoverflow_question,plotly dash does not refresh,"Shell,Python",2020,web frontend,web frontend,web frontend
stackoverflow_question,Does ArrayDeque have overhead of shifting elements on remove/add?,"R,Java",2020,developer tools,developer tools,developer tools
stackoverflow_question,Multiplying two 3d tensors with different shapes (Tensorflow),"R,Python",2022,data_ai,data_ai,data_ai
stackoverflow_question,"Html String to Pdf conversion in Java, Styling is not working as expected",Java,2021,web backend,web backend,web backend
stackoverflow_question,"ssl.cipher_suites/0 is undefined or private, use cipher_suites/2,3 instead (ssl 10.4.1) :ssl.cipher_suites()","R,Elixir",2021,security,security,security
stackoverflow_question,"ISO/IEC 9899:1990 programming Language C definition about short int, int, long",C,2020,embedded,embedded,embedded
stackoverflow_question,GORM unable to query all records using .Find(),"R,Go",2022,developer tools,developer tools,developer tools
stackoverflow_question,Pandas: Adding incremental numbers to the suffix of repeating values of a column that are grouped by the value of another column and ordered by index,Python,2020,data_ai,data_ai,data_ai
stackoverflow_question,Get list from another script in unity,"C,C#",2021,game,game,game
stackoverflow_question,In-place shift operation in pandas,Python,2020,data_ai,data_ai,data_ai
stackoverflow_question,"Numba function works randomly with same given input, is this a bug?",Python,2022,data_ai,data_ai,data_ai
stackoverflow_question,"Qt / CPP: how to implement callbacks with signals and slots the ""right way""","C++,C",2021,embedded,embedded,embedded
stackoverflow_question,matplotlib not showing x axis and y axis labels and values and chart title as well,Python,2022,data_ai,data_ai,data_ai
stackoverflow_question,How to update instance of class after class method addition?,Python,2022,developer tools,developer tools,developer tools
stackoverflow_question,JAVA command shows nothing in a command prompt,Java,2021,web backend,web backend,web backend
stackoverflow_question,"Writing a 1D binary array of size N to a (N/2, N/2) size PPM image",C,2020,embedded,embedded,embedded
stackoverflow_question,Only main() function executing in C,C,2021,embedded,embedded,embedded
stackoverflow_question,Java ForkJoinPool hangs in JDK17,"R,Java",2022,developer tools,developer tools,developer tools
stackoverflow_question,"Beginner coder... How do I make if, else statements in my code shorter, instead of just having a whole bunch of if, else statements",Python,2022,developer tools,developer tools,developer tools
stackoverflow_question,"Implement `IntoIterator`, changing arrays into structs","Rust,R",2022,embedded,embedded,embedded
stackoverflow_question,move Pandas row to end based on condition,Python,2022,data_ai,data_ai,data_ai
stackoverflow_question,Is std::from_chars supposed to handle uppercase hexadecimal exponents?,"C++,C",2022,embedded,embedded,embedded
stackoverflow_question,C++ Move constructor vs Copy constructor if no RAW pointer variable is present,"C++,C",2021,embedded,embedded,embedded
stackoverflow_question,Match both dicitonary key-values with pandas dataframe rows,Python,2021,data_ai,data_ai,data_ai
stackoverflow_question,How to definitely solve the scanf input stream problem,"C,R",2022,developer tools,developer tools,developer tools
stackoverflow_question,Plotly - update subplot titles after traces where createtd,Python,2020,web frontend,web frontend,web frontend
stackoverflow_question,How to filter multivalued map with list,"R,Java",2021,developer tools,developer tools,developer tools
stackoverflow_question,Issue when preprocessing text with Ktrain and DistilBERT,"R,Python",2020,data_ai,data_ai,data_ai
stackoverflow_question,how to merge a single branch to master branch using gitpython,Python,2020,developer tools,developer tools,developer tools
stackoverflow_question,PDF from a histogram in zfit?,Python,2020,data_ai,data_ai,data_ai
stackoverflow_question,sizeof operator in C behavior with strings,C,2021,embedded,embedded,embedded
stackoverflow_question,How to terminate an array modification function in haskell?,Haskell,2022,developer tools,developer tools,developer tools
stackoverflow_question,Pandas compare one column values to another column to get new column,Python,2022,data_ai,data_ai,data_ai
stackoverflow_question,Pandas Count number of previous rows based on column value and condition,Python,2022,data_ai,data_ai,data_ai
stackoverflow_question,Is it possible to get cursor position using ANSI escape codes with Python?,Python,2020,developer tools,developer tools,developer tools
stackoverflow_question,"What does , char *(*g(char a, int b)) mean?",C,2021,developer tools,developer tools,developer tools
stackoverflow_question,Bokeh Gives me an Empty Plot with ColumnDataSource,Python,2020,data_ai,data_ai,data_ai
stackoverflow_question,How to pass array initialization thru custom structure?,"C++,C",2020,developer tools,developer tools,developer tools
stackoverflow_question,Get output of template to a variable instead to STDOUT,Go,2020,developer tools,developer tools,developer tools
stackoverflow_question,Hibernate Temporal.TIMESTAMP maps to mysql datetime without millis,"R,Java",2020,web backend,web backend,web backend
stackoverflow_question,Plotting more than 10K data point using Seaborn for x-axis as timestamp,"R,Python",2020,data_ai,data_ai,data_ai
stackoverflow_question,Unable to Run 64 Bit JDK for java FX Project in Netbeans 8.2,Java,2020,developer tools,developer tools,developer tools
stackoverflow_question,"Pandas assigning values to dataframe, conditional on values in another with the same dimensions issue/question","R,Python",2020,data_ai,data_ai,data_ai
stackoverflow_question,Share a variable between two files in C,"C,R",2022,embedded,embedded,embedded
stackoverflow_question,Dart Future.forEach: A value of type 'Object?' can't be assigned to a variable of type 'String',"R,Dart",2022,developer tools,developer tools,developer tools
stackoverflow_question,Why tensorflow.one_hot is not sparse?,"R,Python",2020,data_ai,data_ai,data_ai
stackoverflow_question,Python - save a figure with the same size and setting,"R,Python",2022,data_ai,data_ai,data_ai
stackoverflow_question,converting getrusage from linux to windows,"C++,C",2020,embedded,embedded,embedded
stackoverflow_question,How to impute missing value in time series data with the value of the same day and time from the previous week(day) in python,"R,Python",2021,data_ai,data_ai,data_ai
stackoverflow_question,Add values in a dataframe row based on a specific condition,"R,Python",2020,data_ai,data_ai,data_ai
stackoverflow_question,What is the pythonic way to add a flag to an object after it has been instantiated?,Python,2022,developer tools,developer tools,developer tools
stackoverflow_question,Is the behavior of `sprintf` with a `NULL` format string defined?,"C,R",2020,testing_qa,testing_qa,testing_qa
stackoverflow_question,Beautifulsoup Python unable to scrape data from a website,Python,2020,data_ai,data_ai,data_ai
stackoverflow_question,How save all the results of a php query to a .txt file?,"C,PHP",2020,web backend,web backend,web backend
stackoverflow_question,"Trying to sum specific elements of a list with a ""for i in range(len(list))"" loop",Python,2022,developer tools,developer tools,developer tools
stackoverflow_question,Why is this Python membership test not false?,Python,2020,data_ai,data_ai,data_ai
stackoverflow_question,"Why is my While Loop wont loop my Catch, like my if else statement?",Java,2021,developer tools,developer tools,developer tools
stackoverflow_question,Pandas: Groupby count as column value,"R,Python",2020,data_ai,data_ai,data_ai
stackoverflow_question,Custom types and their usage,Haskell,2021,developer tools,developer tools,developer tools
stackoverflow_question,why (var) is considered as lvalue?,"C++,C",2021,developer tools,developer tools,developer tools
stackoverflow_question,How do I get one of the coordinates of rotation in unity?,"C,C#",2020,game,game,game
stackoverflow_question,Music21 merge midi/merge instruments,"C,Python",2022,embedded,embedded,embedded
stackoverflow_question,I was implementing binary search in C and I'm facing this problem which is that its not printing the index number of the element,"C,R",2021,embedded,embedded,embedded
stackoverflow_question,Combining continuous dates from two columns in pandas data frame,Python,2022,data_ai,data_ai,data_ai
stackoverflow_question,Print statement not executing within ipairs loop,Lua,2021,developer tools,developer tools,developer tools
stackoverflow_question,why does not Rust tuple use square bracket to access elements inside?,"Rust,R",2021,developer tools,developer tools,developer tools
stackoverflow_question,How to Fill a rectangle with color every time the user clicks it? pygame,Python,2020,game,game,game
stackoverflow_question,Pyyaml custom parser of collections,Python,2021,developer tools,developer tools,developer tools
stackoverflow_question,"how to get the id of buttons in a loop, so that when the button is pressed, a function takes the ids of each button",Python,2022,web frontend,web frontend,web frontend
stackoverflow_question,Apply format arguments to struct members in Display implementation,"Rust,R",2022,developer tools,developer tools,developer tools
stackoverflow_question,How to enforce resource level permissions with OData,"C,C#",2020,data_ai,data_ai,data_ai
stackoverflow_question,convert yyyy-mm-dd to mmm-yy in dataframe python,Python,2021,data_ai,data_ai,data_ai
stackoverflow_question,@JsonClassDiscriminator doesn't change json class discriminator,"R,Kotlin",2022,developer tools,developer tools,developer tools
stackoverflow_question,Haskell type variable not resolving,Haskell,2022,developer tools,developer tools,developer tools
stackoverflow_question,"Why does -O3 in gcc seem to initialize my local variable to 0, while -O0 does not?","C++,C",2021,developer tools,developer tools,developer tools
stackoverflow_question,A nonstatic member reference must be relative to a specific object,"C++,C",2021,developer tools,developer tools,developer tools
stackoverflow_question,Capitalize every word in a string when there are multiple white spaces,"C,R",2022,developer tools,developer tools,developer tools
stackoverflow_question,Pandas select rows which sum is the closest to a given number,Python,2020,data_ai,data_ai,data_ai
stackoverflow_question,Pandas dataframe groupby and percent based on multiple columns,"R,Python",2021,data_ai,data_ai,data_ai
stackoverflow_question,graphql-ruby: how to get current user IP inside QueryType?,"Ruby,R",2022,web backend,web backend,web backend
stackoverflow_question,GLFW OpenGL render before showing window,Java,2022,embedded,embedded,embedded
stackoverflow_question,How to compare two elements of a string in Java?,Java,2020,developer tools,developer tools,developer tools
stackoverflow_question,JanusGraph Java unable to add vertex/edge,"R,Java",2022,data_ai,data_ai,data_ai
stackoverflow_question,Initialize ruby object with a hash with default values?,"Ruby,R",2020,web backend,web backend,web backend
stackoverflow_question,Add/Embed Instagram Posts To Laravel 7,"R,PHP",2020,web backend,web backend,web backend
stackoverflow_question,PHP-FPM (7.4.2) doesn't stop gracefully?,PHP,2020,web backend,web backend,web backend
stackoverflow_question,what does the number mean in current thread name?,"R,Java",2021,developer tools,developer tools,developer tools
stackoverflow_question,Dates with no year in Pandas,Python,2020,data_ai,data_ai,data_ai
stackoverflow_question,Collapsing selected Game Objects in the hierarchy,"C,C#",2021,game,game,game
stackoverflow_question,Get max row of sums in group with pandas in python?,"R,Python",2022,data_ai,data_ai,data_ai
stackoverflow_question,Need to select only those rows where at least one value is present from the list,"C,Python",2020,data_ai,data_ai,data_ai
stackoverflow_question,Different scores when mutual_info_classif used independently and through SelectKBest,"R,Python",2020,data_ai,data_ai,data_ai
stackoverflow_question,Calculating the number of days between two dates in swift,"R,Swift",2021,mobile,mobile,mobile
stackoverflow_question,send hex variable via TCP socket,Lua,2021,embedded,embedded,embedded
stackoverflow_question,"Why is the destructor of a function parameter not called at the end of the function, but at the end of the full expression making the function call?","C++,C",2022,developer tools,developer tools,developer tools
stackoverflow_question,Typing a function to differentiate classes based on an attribute,Python,2022,developer tools,developer tools,developer tools
stackoverflow_question,How to model OneOf in Flask Restx?,"R,Python",2020,web backend,web backend,web backend
stackoverflow_question,Splitting grouped pandas dataframe by time,"R,Python",2021,data_ai,data_ai,data_ai
stackoverflow_question,Why does scipy minimize return such bad estimates?,"C,Python",2022,data_ai,data_ai,data_ai
stackoverflow_question,"Pandas dataframe - how to create a conditional sum, where the condition depends on another column int the dataframe","R,Python",2020,data_ai,data_ai,data_ai
stackoverflow_question,arranging files into numpy array,"R,Python",2021,data_ai,data_ai,data_ai
stackoverflow_question,Python: Rearrange indices from np.where(),Python,2020,data_ai,data_ai,data_ai
stackoverflow_question,Why do I get weakref in pandas reassignment?,"R,Python",2021,data_ai,data_ai,data_ai
stackoverflow_question,Python Telegram Bot. How to add a catch-all handler,"R,Python",2021,developer tools,developer tools,developer tools
stackoverflow_question,Must I use lambda to pass a member function as std::function?,"C++,C",2021,developer tools,developer tools,developer tools
stackoverflow_question,Get the hex values of a dd-image with CPP,"C++,C",2020,embedded,embedded,embedded
stackoverflow_question,"How to use Java string replaceAll to replace all occurrences of "" in a string to \""","R,Java",2021,developer tools,developer tools,developer tools
stackoverflow_question,Getting the correct MIME type of a file in Java,Java,2022,web backend,web backend,web backend
stackoverflow_question,How to make the first element of a void* equal to 1 when it's casted as a char*?,"C,R",2022,embedded,embedded,embedded
stackoverflow_question,How to implement sending a heartbeat message using a boost beast websocket client,"C++,C",2021,embedded,embedded,embedded
stackoverflow_question,CGO undefined reference to `TIFFGetField',"C,Go",2020,embedded,embedded,embedded
stackoverflow_question,"Adding timedelta to local datetime, unexpected behaviour accross DST shift",Python,2022,data_ai,data_ai,data_ai
stackoverflow_question,jupyter prints too many outputs even when I didn't print,"R,Python",2020,developer tools,developer tools,developer tools
stackoverflow_question,Why my tensorflow is not detecting my GPU?,"R,Python",2021,data_ai,data_ai,data_ai
stackoverflow_question,Special text to latin characters in python,Python,2021,data_ai,data_ai,data_ai
stackoverflow_question,Removing punctuation from string.punctuation,Python,2020,developer tools,developer tools,developer tools
stackoverflow_question,How can I iterate through a list of strings in Python and concatenate the ones that belong to a tag?,"R,Python",2020,developer tools,developer tools,developer tools
stackoverflow_question,"How to define a sentence as ,Starting with ""uppercase letter"" end ending with ""."", in a txt file",Python,2020,developer tools,developer tools,developer tools
stackoverflow_question,How to kill a thread that uses an input?,"R,Python",2022,developer tools,developer tools,developer tools
stackoverflow_question,Filter pandas dataframe columns based on value for columns in a list,"R,Python",2020,data_ai,data_ai,data_ai
stackoverflow_question,Is it possible to change Linux Terminal text and background color using C?,C,2020,embedded,embedded,embedded
stackoverflow_question,Python's sum not returning same result as NumPy's numpy.sum,Python,2020,data_ai,data_ai,data_ai
stackoverflow_question,Method to abstract enum type and its value,"C,Scala",2021,developer tools,developer tools,developer tools
stackoverflow_question,is there a way to duplicate a Frame or an Entry in tkinter?,"R,Python",2020,embedded,embedded,embedded
stackoverflow_question,How to read BMP file in C?,"C,R",2021,embedded,embedded,embedded
stackoverflow_question,Is it possible to distinguish between braces and parentheses in a constructor?,"C++,C",2022,developer tools,developer tools,developer tools
stackoverflow_question,Hibernate Validation 6.0 ListValueExtractor.extractValues seems to have poor performance with large lists,"R,Java",2021,data_ai,data_ai,data_ai
stackoverflow_question,"Issue with char array, contains garbage","C,R",2022,embedded,embedded,embedded
stackoverflow_question,Which class's constructor is called for the Person[]::new,Java,2021,developer tools,developer tools,developer tools
stackoverflow_question,what does path = pathlib.Path().absolute() in Python mean?,Python,2020,developer tools,developer tools,developer tools
stackoverflow_question,Python ternary object attribute evaluated out of order?,"R,Python",2022,data_ai,data_ai,data_ai
stackoverflow_question,"Take two numbers, and countinue only, if it's not lower or equal to zero","C,C#",2022,data_ai,data_ai,data_ai
stackoverflow_question,Is it necessary to enable nullable context in unit tests?,"C,C#",2022,testing_qa,testing_qa,testing_qa
stackoverflow_question,Changes to Bokeh plot (e.g. zooming) not reflected when calling export_png,"R,Python",2021,data_ai,data_ai,data_ai
stackoverflow_question,"FOURTH DERIVATIVE - My graph is wrong, please let me know my mistake","R,Python",2020,developer tools,developer tools,developer tools
stackoverflow_question,how can i invoke a method with generic parameter,Java,2021,developer tools,developer tools,developer tools
stackoverflow_question,Need help trying to reset cum sum value back to zero when criteria is not meet by comparing values in previous rows from another column,"C,Python",2020,data_ai,data_ai,data_ai
stackoverflow_question,String of type mm:ss:SSS to LocalTime Kotlin/Java,"Java,Kotlin",2022,embedded,embedded,embedded
stackoverflow_question,How to add text on surfaces of cubes,Python,2022,embedded,embedded,embedded
stackoverflow_question,How do I collect task garbages in Python asyncio?,"C,Python",2022,developer tools,developer tools,developer tools
stackoverflow_question,How do I make a program terminate in 5 seconds or keyboard input is recognised,Python,2022,embedded,embedded,embedded
stackoverflow_question,Finding rows using foreign keys between 2 pandas dataframes,Python,2022,data_ai,data_ai,data_ai
stackoverflow_question,How to convert multiple pandas data-frame (e.g. 2D matrices) into a tensor?,Python,2021,data_ai,data_ai,data_ai
stackoverflow_question,while-loop: list index out of range filtering dataframe,"R,Python",2021,data_ai,data_ai,data_ai
stackoverflow_question,Split up rows in DataFrame (hourly) based on another column,"R,Python",2020,data_ai,data_ai,data_ai
stackoverflow_question,a weird string prefix appears when strcat the str,C,2022,developer tools,developer tools,developer tools
stackoverflow_question,PInvoke struct with nested struct array,"C,C#",2020,embedded,embedded,embedded
stackoverflow_question,How should the cin.ignore() function be used in this code?,"C++,C",2020,developer tools,developer tools,developer tools
stackoverflow_question,spring-amqp implementation of RabbitMq - does it internally use queueDeclarePassive?,"R,Java",2022,web backend,web backend,web backend
stackoverflow_question,Why does this Kotlin code not print anything?,Kotlin,2021,developer tools,developer tools,developer tools
stackoverflow_question,"Python3 argparse: When passing string as arg run funcA, if dashed arg run another func","R,Python",2020,developer tools,developer tools,developer tools
stackoverflow_question,How to obtain an array of hexadecimal codes from an image?,PHP,2020,data_ai,data_ai,data_ai
stackoverflow_question,Use user input to set Pygame display size,Python,2021,game,game,game
stackoverflow_question,Wrapping an object and pretend it's an int,"C++,C",2020,embedded,embedded,embedded
stackoverflow_question,Merging points closest to each other in an array of 3 elements each,"C++,C",2020,data_ai,data_ai,data_ai
stackoverflow_question,How can I create an On-Demand DynamoDB table in C#?,"C,C#",2020,web backend,web backend,web backend
stackoverflow_question,is it wrong to use same names for variables inside the function definition as thevariables used when calling a function in python,Python,2021,developer tools,developer tools,developer tools
stackoverflow_question,Check if strings are anagrams,"R,Python",2021,data_ai,data_ai,data_ai
stackoverflow_question,FFTW.jl for 2D array: Diffusion only happening in 1D,R,2021,embedded,embedded,embedded
stackoverflow_question,matplotlib visualization- positive negative proportion chart,"C,Python",2021,data_ai,data_ai,data_ai
stackoverflow_question,Julia - is ulimit working with a Julia session?,R,2022,developer tools,developer tools,developer tools
stackoverflow_question,Convert 2d list to datetime in Python and then plot,"R,Python",2022,data_ai,data_ai,data_ai
stackoverflow_question,Serializer for class '...' is not found. Mark the class as @Serializable or provide the serializer explicitly,"R,Kotlin",2022,data_ai,data_ai,data_ai
stackoverflow_question,Casting from uint16_t to int32_t needs an intermediate cast to int16_t,"C,R",2020,embedded,embedded,embedded
stackoverflow_question,Why does this closure's lifetime change based on seemingly unrelated types?,"Rust,R",2021,data_ai,data_ai,data_ai
stackoverflow_question,how to joint four single byte data to four byte data entire,C,2020,embedded,embedded,embedded
stackoverflow_question,Using previous row to calculate sum of current row,"R,Python",2022,data_ai,data_ai,data_ai
stackoverflow_question,how to Keep the maximum value and remove other values of a list with the considration of othere lists,Python,2022,data_ai,data_ai,data_ai
stackoverflow_question,SubDagOperator Invalid arguments were: **kwargs: {'executor': LocalExecutor(parallelism=32)},"R,Python",2021,devops_cloud,devops_cloud,devops_cloud
stackoverflow_question,Removing columns if values are not in an ascending order python,Python,2021,data_ai,data_ai,data_ai
stackoverflow_question,What is the assignment-expression in array brackets in C?,"C,R",2022,embedded,embedded,embedded
stackoverflow_question,Python Numpy Determine array index which contains overall max/min value,"R,Python",2020,data_ai,data_ai,data_ai
stackoverflow_question,How to get the closest value in a list?,Python,2020,data_ai,data_ai,data_ai
stackoverflow_question,How to convert Task<Object> to List<Object>,"C,C#",2022,data_ai,data_ai,data_ai
stackoverflow_question,Why can we use `nil` to get members,Go,2022,developer tools,developer tools,developer tools
stackoverflow_question,PyQt6 / finplot - Compatability Issue? (problem isolated to small runnable code),"R,Python",2022,embedded,embedded,embedded
stackoverflow_question,How to efficiently implement a version of Path.exists() with a timeout on Windows,"R,Python",2021,developer tools,developer tools,developer tools
stackoverflow_question,copy value from one column to another if condition is met in pandas,"R,Python",2022,data_ai,data_ai,data_ai
stackoverflow_question,Finding a maximum of the product of three integers in a list of any size,"C,Python",2021,data_ai,data_ai,data_ai
stackoverflow_question,How do you make a drop down menu in Tkinter?,"R,Python",2021,embedded,embedded,embedded
stackoverflow_question,"Linq Except not giving desired results in C#, datatable","C,C#",2022,developer tools,developer tools,developer tools
stackoverflow_question,Why kernel forcefully sends TCP RST from client after certain amount of bytes send?,"TypeScript,C",2021,networking,networking,networking
stackoverflow_question,Using effect of Traversable [] and Applicative Maybe in lens library,Haskell,2020,data_ai,data_ai,data_ai
stackoverflow_question,Get the Minimum and Maximum value within specific date range in DataFrame,"R,Python",2020,data_ai,data_ai,data_ai
stackoverflow_question,Find global ordering from local ordering,"R,Python",2022,data_ai,data_ai,data_ai
stackoverflow_question,How to assign a lambda expression to function type variable?,Kotlin,2020,developer tools,developer tools,developer tools
stackoverflow_question,How does Pandas calculate the covariance matrix?,Python,2020,data_ai,data_ai,data_ai
stackoverflow_question,"sum of a int in a list excluding the "" "" python",Python,2022,data_ai,data_ai,data_ai
stackoverflow_question,Understanding the logic of this prime number generator output,"R,Python",2021,data_ai,data_ai,data_ai
stackoverflow_question,Telegram Python Bot Inline Menu and Dictionary,"R,Python",2021,web backend,web backend,web backend
stackoverflow_question,"'Component.GetComponent<T>()' is a method, which is not valid in the given context [Assembly-CSharp]csharp(CS0119)","C,C#",2022,developer tools,developer tools,developer tools
stackoverflow_question,Splitting a list in Pandas Dataframe to multiple columns,Python,2020,data_ai,data_ai,data_ai
stackoverflow_question,Why can't I use EXIT_SUCCESS instead of 0 in the return statement in Visual Studio Code?,"C,R",2022,developer tools,developer tools,developer tools
stackoverflow_question,Why is faust stream not printing any message?,Python,2022,data_ai,data_ai,data_ai
stackoverflow_question,Why does JpaRepository while saving entity tried to create entity for null FK key?,"R,Java",2020,data_ai,data_ai,data_ai
stackoverflow_question,Search text from list in a table row and extracting it in new column if finding one,"R,Python",2020,data_ai,data_ai,data_ai
stackoverflow_question,Pandas action on column between two numbers,"R,Python",2020,data_ai,data_ai,data_ai
stackoverflow_question,How to give a reference an explicit lifetime in rust?,"Rust,R",2022,embedded,embedded,embedded
stackoverflow_question,Returning a reference to a captured mutable variable,"Rust,R",2022,developer tools,developer tools,developer tools
stackoverflow_question,"Is there a slick way to get to the ""residual"" of a set difference?",Python,2020,data_ai,data_ai,data_ai
stackoverflow_question,Trying blend/merge column values across multiple rows into a single row,"R,Python",2020,data_ai,data_ai,data_ai
stackoverflow_question,Pygame window opening and closing immediately,Python,2021,game,game,game
stackoverflow_question,Make QGroupBox selectable and clickable,Python,2020,embedded,embedded,embedded
stackoverflow_question,Warning format specifies type int but the argument has type long,C,2021,developer tools,developer tools,developer tools
stackoverflow_question,Unable to set QQmlApplicationEngine rootContext Property,"C++,C",2022,embedded,embedded,embedded
stackoverflow_question,"How to access Apple Id ""Sign In"" dialog from UI Test","C,Swift",2022,testing_qa,testing_qa,testing_qa
stackoverflow_question,DNS request with scapy (Python),"C,Python",2022,data_ai,data_ai,data_ai
stackoverflow_question,Access parameter name with brackets in $_POST in PHP,"R,PHP",2022,web backend,web backend,web backend
stackoverflow_question,Calculate percentage change between values of column in Pandas dataframe,Python,2022,data_ai,data_ai,data_ai
stackoverflow_question,Exponents in C and Python giving different answers,"C,Python",2020,data_ai,data_ai,data_ai
stackoverflow_question,"C++, OpengGL animation how to change the color of the cubes when the line is moving?","C++,C",2021,game,game,game
stackoverflow_question,Problem reading Floats in Pandas data frame in python,"R,Python",2021,data_ai,data_ai,data_ai
stackoverflow_question,Python dataframe interpolation - adding a new row to a dataframe,"R,Python",2021,data_ai,data_ai,data_ai
stackoverflow_question,Is there any way to create user defined data types in python without using a class,Python,2020,data_ai,data_ai,data_ai
stackoverflow_question,Creating IO bundles using dynamic parameters in chisel using MixedVec,"C,Scala",2020,embedded,embedded,embedded
stackoverflow_question,What's the difference between Map.entry and Pair in Java?,Java,2022,developer tools,developer tools,developer tools
stackoverflow_question,Show text after a date has passed,PHP,2021,web frontend,web frontend,web frontend
stackoverflow_question,How do I handle these typedef's without warnings?,"C,R",2020,developer tools,developer tools,developer tools
stackoverflow_question,Create panel data from a dataframe,"R,Python",2021,data_ai,data_ai,data_ai
stackoverflow_question,Wrong comparing of Double and Int numbers in Kotlin,Kotlin,2022,mobile,mobile,mobile
stackoverflow_question,Does NET 5 have a class for storing geolocation data?,"C,C#",2020,data_ai,data_ai,data_ai
stackoverflow_question,"Nested column names in pandas rows, trying to do an unstack type operation",Python,2022,data_ai,data_ai,data_ai
stackoverflow_question,Converting a code a* b * c written in C to LC3,"Assembly,C",2022,embedded,embedded,embedded
stackoverflow_question,Calculating pandas column until the end,Python,2021,data_ai,data_ai,data_ai
stackoverflow_question,How do you split a list into monotonically increasing/decreasing lists?,Python,2021,data_ai,data_ai,data_ai
stackoverflow_question,How is mockk's allAny() used,"C,Kotlin",2022,developer tools,developer tools,developer tools
stackoverflow_question,convert utf-8 byte to string python,"R,Python",2020,data_ai,data_ai,data_ai
stackoverflow_question,std::conditional - Invalid parameter type ‘void’ even when testing for 'void',"C++,C",2022,developer tools,developer tools,developer tools
stackoverflow_question,"Mapping every element of a 2D array to its corresponding (x,y) coordinate in python","R,Python",2021,data_ai,data_ai,data_ai
stackoverflow_question,ScalaTest - how to check that all items of sequence match the predicate?,"C,Scala",2021,testing_qa,testing_qa,testing_qa
stackoverflow_question,C# basic hello world not running,"C,C#",2020,developer tools,developer tools,developer tools
stackoverflow_question,How to allow/wait for Akka streams to complete on JVM shutdown?,"C,Scala",2020,developer tools,developer tools,developer tools
stackoverflow_question,Can anyone suggest a faster method for creaing this array?,"R,Python",2020,developer tools,developer tools,developer tools
stackoverflow_question,Split object list according to some fields,"R,Java",2022,data_ai,data_ai,data_ai
stackoverflow_question,PHP swagger annotation for multiple responses with the same code,"R,PHP",2020,web backend,web backend,web backend
stackoverflow_question,Required attribute for property that is not required in the database,"C,C#",2022,enterprise,enterprise,enterprise
stackoverflow_question,Int Variable in C Changing When Not Called,C,2022,embedded,embedded,embedded
stackoverflow_question,argparse define fraction as default parameter,"R,Python",2022,developer tools,developer tools,developer tools
stackoverflow_question,Coordinate shift when converting from Kivy (origin at bottom left) to MatplotLib pyplot (top left),Python,2021,embedded,embedded,embedded
stackoverflow_question,Loop only grabbing last obj,PHP,2020,developer tools,developer tools,developer tools
stackoverflow_question,Can a partial specialization refer to sizeof(T) in the specialization's argument list?,"C++,C",2020,developer tools,developer tools,developer tools
stackoverflow_question,Pandas UDF returns dataframe without data,"R,Python",2020,data_ai,data_ai,data_ai
stackoverflow_question,Problem download pdf files with python + selenium,"R,Python",2020,web backend,web backend,web backend
stackoverflow_question,CSV dataframe doesn't match with dataframe generated from URL,"C,Python",2022,data_ai,data_ai,data_ai
stackoverflow_question,Alternative To Storing List in Pandas DataFrame,"C,Python",2020,data_ai,data_ai,data_ai
stackoverflow_question,"`stbi_failure_reason()` returns no SOI, but file loads",C,2020,developer tools,developer tools,developer tools
stackoverflow_question,"Is there a way to plot a layout in Julia, using different colours per plot?",TypeScript,2022,data_ai,data_ai,data_ai
stackoverflow_question,How do I extract some items from a tf.data.Dataset without starting from the first one?,"R,Python",2022,data_ai,data_ai,data_ai
stackoverflow_question,Iterate color from colormap by integer (counter),Python,2021,developer tools,developer tools,developer tools
stackoverflow_question,How can I add column to prettytable as a first column,Python,2020,developer tools,developer tools,developer tools
stackoverflow_question,Bulk ops in Apache beam Java with native throttling,"C,Java",2022,data_ai,data_ai,data_ai
stackoverflow_question,"How to make a conditional loop from ""Yes, no"" question by comparing String with pointer initiation? [C Programming]","C,R",2020,embedded,embedded,embedded
stackoverflow_question,In Julia when to use `!` (boolean not) vs `~` (bitwise not)?,C,2022,developer tools,developer tools,developer tools
stackoverflow_question,How to avoid exhaustive matching and directly return value of enum instead?,"Rust,R",2021,developer tools,developer tools,developer tools
stackoverflow_question,Delete attributes from an enum class in python,Python,2022,developer tools,developer tools,developer tools
stackoverflow_question,Numpy: partially transpose and stack,"R,Python",2021,data_ai,data_ai,data_ai
stackoverflow_question,null values showing in flask_restplus posting method the code is below,"R,Python",2020,web backend,web backend,web backend
stackoverflow_question,"Cannot construct instance of `com.domain.User` (no Creators, like default constructor, exist): cannot deserialize from Object value","JavaScript,Java",2021,developer tools,developer tools,developer tools
stackoverflow_question,Sending msg from RSU to vehicles in veins,"C++,C",2021,iot,iot,iot
stackoverflow_question,Is there a way to put a Pandas pivot_table into a Plotly table?,Python,2022,data_ai,data_ai,data_ai
stackoverflow_question,How to select values from Numpy array based on fuzzy conditions?,"R,Python",2020,data_ai,data_ai,data_ai
stackoverflow_question,How to rename columns while reading multiple files using pandas,"R,Python",2021,data_ai,data_ai,data_ai
stackoverflow_question,How can we decide whether or not to provide default empty implementation (Defender Method) for an interface method?,Java,2020,developer tools,developer tools,developer tools
stackoverflow_question,Correct input of a phone number with an input mask,"C++,C",2022,web frontend,web frontend,web frontend
stackoverflow_question,Python: searching way to remove duplicates from list of pandas dataframes?,"R,Python",2022,data_ai,data_ai,data_ai
stackoverflow_question,Function parameters behaving strangely in C,C,2022,embedded,embedded,embedded
stackoverflow_question,How does a Rust `Stream` understand when to call `poll_next`?,"Rust,R",2020,embedded,embedded,embedded
stackoverflow_question,How do I loop over all Assets folders and sub folders and get to a list all the prefabs in this folders?,"C,C#",2020,game,game,game
stackoverflow_question,Making a request to the mojang API with go gives a 403,Go,2020,web backend,web backend,web backend
stackoverflow_question,sys.refcount() returning much greater value then expected python3,Python,2021,developer tools,developer tools,developer tools
stackoverflow_question,Java JFrame weird behavior when resizing with setWindowDecorationStyle(JRootPane.FRAME);,"R,Java",2021,embedded,embedded,embedded
stackoverflow_question,Group data in pivot Pandas,"R,Python",2022,data_ai,data_ai,data_ai
stackoverflow_question,"In PyQt5's QListWidget, how can I only show the tooltip for an item when the user chooses it?",Python,2022,embedded,embedded,embedded
stackoverflow_question,"Why does Python ''in operator'' return 'True' for float 1.0 if only the int 1 is a list item in [1, 2.3, 'blabla']?",Python,2021,data_ai,data_ai,data_ai
stackoverflow_question,Java: Type mismatch: cannot convert from null to int,"C,Java",2020,developer tools,developer tools,developer tools
stackoverflow_question,How eof() read the lines in the file?,"C++,C",2020,developer tools,developer tools,developer tools
stackoverflow_question,Find 3 max integers in an array,"R,Java",2020,data_ai,data_ai,data_ai
stackoverflow_question,Python or Pandas left outer join or merge with one key as a list,"C,Python",2020,data_ai,data_ai,data_ai
stackoverflow_question,What's the difference between Dart's analyzer and linter?,"R,Dart",2020,developer tools,developer tools,developer tools
stackoverflow_question,"How to convert Object list into a map of <String, List<String>>?","R,Java",2021,data_ai,data_ai,data_ai
stackoverflow_question,Pygame Tic Tak Toe Logic? How Would I Do It,"C,Python",2020,game,game,game
stackoverflow_question,Python typing support for NamedTuple,Python,2020,developer tools,developer tools,developer tools
stackoverflow_question,How to define `last` iterator without collecting/allocating?,"C,R",2022,developer tools,developer tools,developer tools
stackoverflow_question,How can I write result of join in list in pandas?,Python,2021,data_ai,data_ai,data_ai
stackoverflow_question,How to add value of a dropdown while button clicked in python dash?,"Shell,Python",2021,developer tools,developer tools,developer tools
stackoverflow_question,numpy array of numpy arrays of float numbers becoming an 'object' instead of 'float',Python,2021,data_ai,data_ai,data_ai
stackoverflow_question,Get the number of runs in a for loop,Python,2022,developer tools,developer tools,developer tools
stackoverflow_question,Difficulty in understanding the Qt documentation,Python,2021,embedded,embedded,embedded
stackoverflow_question,Count consecutive elements in a list of a dataframe on cell level in new columns,"R,Python",2021,data_ai,data_ai,data_ai
stackoverflow_question,"Is there a way to get a new list of ints from a list of ints, that add up to a certain value?",Python,2020,data_ai,data_ai,data_ai
stackoverflow_question,How to insert text string into ttk Entry? [Solved],"R,Python",2020,developer tools,developer tools,developer tools
stackoverflow_question,Rotate long/lat coordinates based on True North,Python,2022,embedded,embedded,embedded
stackoverflow_question,Binary to Decimal Script in Python,Python,2021,developer tools,developer tools,developer tools
stackoverflow_question,Define a function to check if its a perfect square in C,C,2021,embedded,embedded,embedded
stackoverflow_question,Why can an array used in fread/fwrite in a position of a buffer be written with or without & and yield the same result?,"C,R",2022,developer tools,developer tools,developer tools
stackoverflow_question,String from BufferedReader is not equal to string literal,Java,2022,developer tools,developer tools,developer tools
stackoverflow_question,Parentheses around a constant or around a cast expression involving a constant,"C,R",2022,developer tools,developer tools,developer tools
stackoverflow_question,Python Dataframe get previous row,"R,Python",2020,data_ai,data_ai,data_ai
stackoverflow_question,using GEKKO to simulate a State Space equation with huge arrays,Python,2020,data_ai,data_ai,data_ai
stackoverflow_question,self.visitChildren(ctx) in ANTLR visitor root node returns None in Python,"R,Python",2022,developer tools,developer tools,developer tools
stackoverflow_question,What is the difference between the random.choices() and random.sample() functions?,"R,Python",2020,data_ai,data_ai,data_ai
stackoverflow_question,How to instance a class using array | Kotlin,"C,Kotlin",2022,mobile,mobile,mobile
stackoverflow_question,How to check if a function/method/class is built-in Python?,Python,2020,data_ai,data_ai,data_ai
stackoverflow_question,'The operation cannot be completed because the DbContext has been disposed.',"C,C#",2020,data_ai,data_ai,data_ai
stackoverflow_question,"Rust Read_line 'expected struct string, found f64'","Rust,R",2022,developer tools,developer tools,developer tools
stackoverflow_question,Formatting networkx data for Keras sequential model,"R,Python",2020,data_ai,data_ai,data_ai
stackoverflow_question,Is there a way to create a dynamic type assignment in C,"C,R",2022,embedded,embedded,embedded
stackoverflow_question,Can I add a vline and hline to a plotly plot ignoring marginal plots?,"C,Python",2022,data_ai,data_ai,data_ai
stackoverflow_question,Why is my code not reversing a two digit number?,C,2022,developer tools,developer tools,developer tools
stackoverflow_question,Lifetime and closures and continuation passing style,"Rust,R",2022,embedded,embedded,embedded
stackoverflow_question,Flatten grid-like Dataframe in Pandas,Python,2021,data_ai,data_ai,data_ai
stackoverflow_question,Program doesn't output text to console,C,2020,embedded,embedded,embedded
stackoverflow_question,PHP validate a number with comma and space,"R,PHP",2020,web backend,web backend,web backend
stackoverflow_question,"Why is ""this"" from superclass calling method from subclass?",Java,2020,developer tools,developer tools,developer tools
stackoverflow_question,matplotlib.pyplot x values not displayed as expected,"R,Python",2020,data_ai,data_ai,data_ai
stackoverflow_question,python3.7 & pandas - use column value in row as lookup value to return different column value,"R,Python",2021,data_ai,data_ai,data_ai
stackoverflow_question,How to redirect output from System.out to JavaFx TextArea,Java,2020,developer tools,developer tools,developer tools
stackoverflow_question,How to create where statement based on result of multiset,Kotlin,2022,data_ai,data_ai,data_ai
stackoverflow_question,Receive gestures in PyQt5 (for Android),"R,Python",2021,mobile,mobile,mobile
stackoverflow_question,How to order values on the subplots x-axis,"R,Python",2021,data_ai,data_ai,data_ai
stackoverflow_question,What are the downsides of replacing all integers with doubles?,"C,R",2021,data_ai,data_ai,data_ai
stackoverflow_question,How do I make a dot animation in a label widget,"R,Python",2021,developer tools,developer tools,developer tools
stackoverflow_question,Trying to get audio raw data and print it using PyAv,Python,2022,embedded,embedded,embedded
stackoverflow_question,Is there a numpy function to find an array in multi dimensional array?,"R,Python",2021,data_ai,data_ai,data_ai
stackoverflow_question,Numpy concatenate behaviour. How to concatenate example correctly,"R,Python",2021,data_ai,data_ai,data_ai
stackoverflow_question,How Do I Create a C# Lambda Expression Programmatically?,"C,C#",2020,developer tools,developer tools,developer tools
stackoverflow_question,While loop is running even though one of the conditions by the and is false,Python,2022,testing_qa,testing_qa,testing_qa
stackoverflow_question,"In a recursive call, how does memory / call stack inside the function itself behave for this given example",Python,2022,developer tools,developer tools,developer tools
stackoverflow_question,FFMPEG Loudnorm reading JSON data,Python,2022,data_ai,data_ai,data_ai
stackoverflow_question,How to replace values in an array based on table values?,Python,2021,data_ai,data_ai,data_ai
stackoverflow_question,locate intersection point of two trajectories in python,"R,Python",2021,data_ai,data_ai,data_ai
stackoverflow_question,How do I convert .blf data of CAN to .asc using python,"C,Python",2022,data_ai,data_ai,data_ai
stackoverflow_question,S3 boto3 refuses to overwrite endpoint URL,Python,2021,web backend,web backend,web backend
stackoverflow_question,What algorithm can I use in this liner function question?,"C++,C",2020,data_ai,data_ai,data_ai
stackoverflow_question,Ortools CVRP reuse the used vehicle,"R,Python",2021,data_ai,data_ai,data_ai
stackoverflow_question,Calculate ROA in PowerBI or Python,"R,Python",2022,data_ai,data_ai,data_ai
stackoverflow_question,Merge all .csv files in folder by a common field present in each file,"C,Python",2021,data_ai,data_ai,data_ai
stackoverflow_question,database connecting to java code wont run,Java,2020,web backend,web backend,web backend
stackoverflow_question,"create a list by concatenating each individual string input with digits ranging from 1 to n. For output, a character must be capitalized",Python,2022,developer tools,developer tools,developer tools
stackoverflow_question,How to type hint object as `PointType` in Python aioinflux?,Python,2022,data_ai,data_ai,data_ai
stackoverflow_question,Loop through multiple DataFrame inside for loop with same calculations and append it to empty DataFrame,"R,Python",2021,data_ai,data_ai,data_ai
stackoverflow_question,HIbernate - object references an unsaved transient instance - save the transient instance before flushing,"R,Java",2020,data_ai,data_ai,data_ai
stackoverflow_question,I am making a space shooter but my bullets keep on going up instead of out and not deleting from the Unity Hierarchy,"C,C#",2022,game,game,game
stackoverflow_question,"Pandas column of lists: How to get the average, max length, and standard deviation of the list lengths of that column",Python,2020,data_ai,data_ai,data_ai
stackoverflow_question,Subtracting first element of each row in a 2D array,"R,Python",2020,data_ai,data_ai,data_ai
stackoverflow_question,Return the amount of overlapping from arraylist of date intervals,"R,PHP",2022,data_ai,data_ai,data_ai
stackoverflow_question,SceneKit – How can I use materials to access node's transform?,"C,Swift",2022,game,game,game
stackoverflow_question,How to load a 16-bits/channel RGB(A) image with PIL?,"R,Python",2020,developer tools,developer tools,developer tools
stackoverflow_question,Is there a 1:1 mapping between static typing and static dispatch vs dynamic typing and dynamic dispatch?,C,2022,data_ai,data_ai,data_ai
stackoverflow_question,Converting Python datetime from UTC to PST,Python,2021,data_ai,data_ai,data_ai
stackoverflow_question,Python: tkinder - right way to handle window grid?,"R,Python",2022,embedded,embedded,embedded
stackoverflow_question,How to roll back a spring jpa repo.save() function,"R,Java",2020,web backend,web backend,web backend
stackoverflow_question,How to check if a variable is string or an integer?,"R,Python",2020,developer tools,developer tools,developer tools
stackoverflow_question,Why Integers in csv file read as strings into pandas dataframe,"R,Python",2021,data_ai,data_ai,data_ai
stackoverflow_question,Filtering a 2D array/list and replacing a value in python,"R,Python",2020,data_ai,data_ai,data_ai
stackoverflow_question,How to make the items in a list run forever - python,"R,Python",2021,data_ai,data_ai,data_ai
stackoverflow_question,KivyMD - MDTabs - How to get current active tab name?,Python,2020,mobile,mobile,mobile
stackoverflow_question,Convert pandas groupby dataframe into heatmap,"R,Python",2022,data_ai,data_ai,data_ai
stackoverflow_question,Why does not Seaborn Relplot print datetime value on x-axis?,"R,Python",2021,data_ai,data_ai,data_ai
stackoverflow_question,Didn't get the ID from database based on row table,PHP,2022,web backend,web backend,web backend
stackoverflow_question,What is the point of itertools.count and itertools.islice?,"R,Python",2022,data_ai,data_ai,data_ai
stackoverflow_question,It there better way to cast Int to enum in Java?,Java,2022,developer tools,developer tools,developer tools
stackoverflow_question,Can't convert .ts files that downloaded from .m3u8 file to mp4,Python,2022,developer tools,developer tools,developer tools
stackoverflow_question,java use function as parameter and only care about the return value of it,Java,2022,web backend,web backend,web backend
stackoverflow_question,Merging two dataframes without repeating values,"R,Python",2022,data_ai,data_ai,data_ai
stackoverflow_question,Why can I only create a function alias using the type auto?,"C++,C",2020,developer tools,developer tools,developer tools
stackoverflow_question,Tic Tac Toe - Game always ending in a tie,Python,2020,game,game,game
stackoverflow_question,Pygame change image colour but preserve transparency,Python,2022,game,game,game
stackoverflow_question,How can my NetBeans java app display the time it was built?,"R,Java",2020,developer tools,developer tools,developer tools
stackoverflow_question,How to print fibonacci series upto 50 terms in c?,C,2022,embedded,embedded,embedded
stackoverflow_question,How to return index of a row 60 seconds before current row,"R,Python",2020,data_ai,data_ai,data_ai
stackoverflow_question,C rand(). Issue with generating random strings,"C,R",2022,developer tools,developer tools,developer tools
stackoverflow_question,Cannot convert TensorFlow (Keras) model to ONNX,"R,Python",2021,data_ai,data_ai,data_ai
stackoverflow_question,How to negate a comparer in C++ 17?,"C++,C",2020,developer tools,developer tools,developer tools
stackoverflow_question,Split C string by non-alpha characters,"C,R",2020,embedded,embedded,embedded
stackoverflow_question,Why does popping from the original list make reversed(original_list) empty?,Python,2021,data_ai,data_ai,data_ai
stackoverflow_question,Kotlin: create a map from a list using index,Kotlin,2020,mobile,mobile,mobile
stackoverflow_question,C# HiQ Html to PDF Performance Issue,"C,C#",2022,web backend,web backend,web backend
stackoverflow_question,How Can I Make An Arrow Image Move Rotated Direction?,Python,2021,game,game,game
stackoverflow_question,is there a pythonic way to handle arguments that could be containers or strings?,Python,2022,data_ai,data_ai,data_ai
stackoverflow_question,MacOS .app can't open file by double click,"C++,C",2022,embedded,embedded,embedded
stackoverflow_question,How to keep trailing zeroes after rounding in Python,"R,Python",2020,developer tools,developer tools,developer tools
stackoverflow_question,Show accuracy and loss with model.predict(),"R,Python",2021,data_ai,data_ai,data_ai
stackoverflow_question,How can I convert a PHLivePhoto to UIImage?,Swift,2022,mobile,mobile,mobile
stackoverflow_question,How to get available space on a network drive in c++?,"C++,C",2021,embedded,embedded,embedded
stackoverflow_question,How to parse JSON data having dot(.) operator?,"C,C#",2020,data_ai,data_ai,data_ai
stackoverflow_question,How can I create a vector with a maximum length?,"C++,C",2021,data_ai,data_ai,data_ai
stackoverflow_question,Why is the computational complexity O(n^4)?,Java,2020,data_ai,data_ai,data_ai
stackoverflow_question,Matplotlib pie charts as scatter plot,Python,2021,data_ai,data_ai,data_ai
stackoverflow_question,How can I send HTTP Requests asynchronously while handling rate-limits?,"C,Scala",2020,web backend,web backend,web backend
stackoverflow_question,What does *(asterisk) mean in python docs?,Python,2022,developer tools,developer tools,developer tools
stackoverflow_question,implement thread safe function object in rust,"Rust,R",2022,embedded,embedded,embedded
stackoverflow_question,How to set default value of radio button using TKinter in a class?,"R,Python",2021,embedded,embedded,embedded
stackoverflow_question,"How do I add a border to a sprite when the mouse hovers over it, and delete it after the mouse stops?",Python,2021,game,game,game
stackoverflow_question,Can anyone tell me why my triggers are not working the way I intended them to?,"C,C#",2020,developer tools,developer tools,developer tools
stackoverflow_question,Memory management for functions and decorators,"R,Python",2022,developer tools,developer tools,developer tools
stackoverflow_question,Tomcat 9.x DBCP basicdatasource methods returning java.time.* cannot be mapped to JMX OpenType,"C,Java",2022,web backend,web backend,web backend
stackoverflow_question,Why do we use Optional[ListNode]?,Python,2022,developer tools,developer tools,developer tools
stackoverflow_question,How to properly reroute output (away from std::cout)?,"C++,C",2021,developer tools,developer tools,developer tools
stackoverflow_question,Writing my own sort() function for 2D array,"R,Python",2022,developer tools,developer tools,developer tools
stackoverflow_question,Avoiding duplicate service calls in java,"R,Java",2020,web backend,web backend,web backend
stackoverflow_question,How Do I Mark A RequestParam As Optional In Swagger?,"R,Java",2021,developer tools,developer tools,developer tools
stackoverflow_question,Pandas groupby get the smallest string,"R,Python",2020,data_ai,data_ai,data_ai
stackoverflow_question,Rabbitmq consumer_timeout behavior not working as expected?,"R,Python",2022,devops_cloud,devops_cloud,devops_cloud
stackoverflow_question,OpenTK adds extra width and height to the window,"C,C#",2021,embedded,embedded,embedded
stackoverflow_question,"When I try to use the exponentiation operator in Rust, it gives strange results. Why?","Rust,R",2022,developer tools,developer tools,developer tools
stackoverflow_question,Mutable vs. immutable borrows in closure?,"Rust,R",2021,developer tools,developer tools,developer tools
stackoverflow_question,Pandas get column value based on row value,Python,2021,data_ai,data_ai,data_ai
stackoverflow_question,"Program won't run after a while, and I get this","C,Java",2020,developer tools,developer tools,developer tools
stackoverflow_question,Will this cause a deadlock or a bad pattern?,"R,Python",2022,developer tools,developer tools,developer tools
stackoverflow_question,Why does rustc allow me to leak a private type?,"Rust,R",2022,developer tools,developer tools,developer tools
stackoverflow_question,How to include Moving Average with Pandas based on Values on other Columns,"R,Python",2020,data_ai,data_ai,data_ai
stackoverflow_question,New to Python trying to make game with pygame,Python,2020,game,game,game
stackoverflow_question,How to make a python program that calculates a result for each row of the input table?,Python,2022,data_ai,data_ai,data_ai
stackoverflow_question,"How to store the last checked item as default, when Opening next time , in PyQt5 QRadioButton?",Python,2021,embedded,embedded,embedded
stackoverflow_question,"In a list, 1 if it fulfills condition 1, 0 if it fulfills condition 2, ignore it if it does not fulfill both",Python,2021,data_ai,data_ai,data_ai
stackoverflow_question,"while loop condtion, difference between not equal and greater than",Java,2020,developer tools,developer tools,developer tools
stackoverflow_question,__attribute__ ((vector_size)) magic being destroyed by union,C,2022,embedded,embedded,embedded
stackoverflow_question,"What do ""possible"" warnings mean? Using php7cc gives me this output (PHP 5.6 to 7.2)","R,PHP",2020,web backend,web backend,web backend
stackoverflow_question,"Why is my python code printing ""function"" and a lot of numbers?",Python,2020,developer tools,developer tools,developer tools
stackoverflow_question,How to specify a default assembler in seedstack?,"C,Java",2020,developer tools,developer tools,developer tools
stackoverflow_question,How to combine two pandas dataset based on multiple conditions?,"R,Python",2022,data_ai,data_ai,data_ai
stackoverflow_question,Count consecutive rows above limit,"R,Python",2021,data_ai,data_ai,data_ai
stackoverflow_question,Using FFT to approximate the CDF for an aggregate loss random variable,"C,Python",2022,data_ai,data_ai,data_ai
stackoverflow_question,Calculate state duration with pandas,"C,Python",2021,data_ai,data_ai,data_ai
stackoverflow_question,Assigning global variables within a local function in C#,"C,C#",2022,embedded,embedded,embedded
stackoverflow_question,How to separate each action in a different file in Yii2,PHP,2020,web backend,web backend,web backend
stackoverflow_question,Specifying a range inside an if condition in C language,"C,R",2022,embedded,embedded,embedded
stackoverflow_question,How to do close join in Julia DataFrames?,R,2022,data_ai,data_ai,data_ai
stackoverflow_question,Initialize boost::optional with ternary operator,"C++,C",2021,embedded,embedded,embedded
stackoverflow_question,Asking for user input during loading screen,Python,2020,web frontend,web frontend,web frontend
stackoverflow_question,"Ruby question mark operator, what does this mean?","Ruby,R",2021,developer tools,developer tools,developer tools
stackoverflow_question,How to deal with a dataframe containing columns with mixed types?,Python,2022,data_ai,data_ai,data_ai
stackoverflow_question,xlwings: how can I read all values when first cell is empty?,"C,Python",2021,developer tools,developer tools,developer tools
stackoverflow_question,Python AutoPep8 formatting not working with max line length parameter,"C,Python",2020,developer tools,developer tools,developer tools
stackoverflow_question,Adding a calculated metric in multiindex pandas dataframe,"R,Python",2021,data_ai,data_ai,data_ai
stackoverflow_question,Why should long-running programs always reap their zombie children?,"C,R",2020,developer tools,developer tools,developer tools
stackoverflow_question,Interaction of Haskell defaulting with expression type signatures,"C,Haskell",2020,developer tools,developer tools,developer tools
stackoverflow_question,matplotlib - symbol to use for a vessel,Python,2020,data_ai,data_ai,data_ai
stackoverflow_question,Display hover when clicked instead of hovering over a datapoint in plotly python?,"R,Python",2021,data_ai,data_ai,data_ai
stackoverflow_question,Create list of lists from list of numbers,Python,2022,data_ai,data_ai,data_ai
stackoverflow_question,Python: Merge two dataframes skipping some rows w.r.t. to column value,"R,Python",2022,data_ai,data_ai,data_ai
stackoverflow_question,Python in power BI to get data does not give data,"R,Python",2022,data_ai,data_ai,data_ai
stackoverflow_question,Select top-N from two pandas DataFrames,"R,Python",2022,data_ai,data_ai,data_ai
stackoverflow_question,Add a test runner to playwright in docker,"R,Java",2021,devops_cloud,devops_cloud,devops_cloud
stackoverflow_question,Changing the font size of horizontal category axis in xlsxwriter,"R,Python",2021,developer tools,developer tools,developer tools
stackoverflow_question,How do I change the order of recognized characters in CRNN networks(python),Python,2022,data_ai,data_ai,data_ai
stackoverflow_question,Julia -- jupyter kernel dying in multithread when calling numpy,"R,Python",2022,data_ai,data_ai,data_ai
stackoverflow_question,String to String Array each 'n' characters,"C,C#",2021,developer tools,developer tools,developer tools
stackoverflow_question,How to use WMMA functions in Cupy kernels?,"C,Python",2020,developer tools,developer tools,developer tools
stackoverflow_question,Use current_user in hotwire partial,"Ruby,R",2021,web frontend,web frontend,web frontend
stackoverflow_question,How to generate random string in dart?,"R,Dart",2020,mobile,mobile,mobile
stackoverflow_question,"Merging DataFrames with ""uneven"" data",Python,2020,data_ai,data_ai,data_ai
stackoverflow_question,Typing hinting in parent class for a method that returns object of any child class,Python,2021,developer tools,developer tools,developer tools
stackoverflow_question,Saving dict generated by pandas read_excel to multi-sheet excel file,Python,2021,data_ai,data_ai,data_ai
stackoverflow_question,Using sparse data generator with Keras/Tensorflow,"R,Python",2020,data_ai,data_ai,data_ai
stackoverflow_question,Is there any difference typecasting between (Parent&)child and (Parent)child in c++?,"C++,C",2022,developer tools,developer tools,developer tools
stackoverflow_question,Read every nth frame from youtube live video for object detection,Python,2022,data_ai,data_ai,data_ai
stackoverflow_question,"The ""main"" Function in Python","C,Python",2020,developer tools,developer tools,developer tools
stackoverflow_question,Remove certain chars in-place,Java,2021,developer tools,developer tools,developer tools
stackoverflow_question,Printing Japanese characters in C program,C,2020,embedded,embedded,embedded
stackoverflow_question,"What happens when you use scanf() for a decimal, but enter in a letter",C,2022,testing_qa,testing_qa,testing_qa
stackoverflow_question,Go boltDB query using bolthold,Go,2022,data_ai,data_ai,data_ai
stackoverflow_question,Julia Differential Equations suppress warning of detected instabilities,R,2022,data_ai,data_ai,data_ai
stackoverflow_question,Pattern matching on enum with value inside it?,"Rust,R",2022,developer tools,developer tools,developer tools
stackoverflow_question,How to update database Item using the Notion API,Python,2022,web backend,web backend,web backend
stackoverflow_question,Reading and Printing a matrix,C,2022,embedded,embedded,embedded
stackoverflow_question,"Python pandas, replace a NAN on a column with previous value on the same column",Python,2022,data_ai,data_ai,data_ai
stackoverflow_question,Pandas DataFrame: Print out the most common color among dogs,Python,2022,data_ai,data_ai,data_ai
stackoverflow_question,Correct way to represent an Enum with values of specific types,Python,2021,developer tools,developer tools,developer tools
stackoverflow_question,Why is my class size appending an extra byte?,"C++,C",2021,embedded,embedded,embedded
stackoverflow_question,Line of code is ran even tho it shouldn't,"C,C#",2021,testing_qa,testing_qa,testing_qa
stackoverflow_question,DatetimeIndex to integer by hours,"R,Python",2021,data_ai,data_ai,data_ai
stackoverflow_question,Failed to convert value(s) to axis units' - while creating a plot for a df,Python,2020,data_ai,data_ai,data_ai
stackoverflow_question,Trying to check a list of list against multiple other lists,"C,Python",2022,data_ai,data_ai,data_ai
stackoverflow_question,Why is there no documentation for keras.engine?,"R,Python",2022,data_ai,data_ai,data_ai
stackoverflow_question,Update all the rows in a particular column PANDAS,"R,Python",2020,data_ai,data_ai,data_ai
stackoverflow_question,Kotlin script to run os command and parse output,Kotlin,2021,embedded,embedded,embedded
stackoverflow_question,Why I can set value for a property that only has a GET,"C,C#",2020,developer tools,developer tools,developer tools
stackoverflow_question,Matplotlib fill area with different colors based on a value,Python,2021,data_ai,data_ai,data_ai
stackoverflow_question,Text File Parsing with Python?! unique pattern of txt words,"R,Python",2021,data_ai,data_ai,data_ai
stackoverflow_question,Creating Dynamic Advice by Passing in Strategies to Aspect,"C,Java",2021,data_ai,data_ai,data_ai
stackoverflow_question,How to group by and apply aggregate function to datetime for a specified period in panda in Python?,Python,2021,data_ai,data_ai,data_ai
stackoverflow_question,Why do we need to specify the data type of variable before assigning a value?,C,2022,data_ai,data_ai,data_ai
stackoverflow_question,How can I get df.isnull() for a single column of a dataframe,Python,2020,data_ai,data_ai,data_ai
stackoverflow_question,Global variable as class init argument,Python,2022,embedded,embedded,embedded
stackoverflow_question,Is it possible to connect to AuraDB with neomodel?,Python,2022,data_ai,data_ai,data_ai
stackoverflow_question,How can I make a sprite fall from a random x position in pygame,Python,2020,game,game,game
stackoverflow_question,sum of bar code-locations combination along a timeline,Python,2021,data_ai,data_ai,data_ai
stackoverflow_question,python pandas stop fillna at last non NaN value,Python,2021,data_ai,data_ai,data_ai
stackoverflow_question,How can I read a file or create it along with its directory if it doesn't exist?,"Rust,R",2020,developer tools,developer tools,developer tools
stackoverflow_question,Cannot run PlaidML: 'str' object has no attribute 'decode',"R,Python",2022,developer tools,developer tools,developer tools
stackoverflow_question,How to get a list of the name of every open window and place that into dataframe?,Python,2020,data_ai,data_ai,data_ai
stackoverflow_question,Translate python not auto detecting language properly,"R,Python",2022,data_ai,data_ai,data_ai
stackoverflow_question,I have problem with when split list in Python,Python,2022,developer tools,developer tools,developer tools
stackoverflow_question,Type mismatch: cannot convert from Agent to Fellow,"C,Java",2022,developer tools,developer tools,developer tools
stackoverflow_question,How to create a list of tokenized words from dataframe column using spaCy?,"C,Python",2022,data_ai,data_ai,data_ai
stackoverflow_question,Simulate mouse scrolling in Ubuntu,Python,2020,embedded,embedded,embedded
stackoverflow_question,how to make a custom sphinx role that is also an external link?,"C,Python",2021,developer tools,developer tools,developer tools
stackoverflow_question,Printing a matrix containing processes in C,"C,R",2020,embedded,embedded,embedded
stackoverflow_question,"gcc-arm-none-eabi 11.3 ""is not implemented and will always fail""","C,R",2022,embedded,embedded,embedded
stackoverflow_question,Can I limit the size of a C++14 Vector?,"C++,C",2022,embedded,embedded,embedded
stackoverflow_question,How to initialize array with one non-zero value,"Rust,R",2022,developer tools,developer tools,developer tools
stackoverflow_question,How to parse a string to case which doesn't match the type in 3rd party crate?,"Rust,R",2022,developer tools,developer tools,developer tools
stackoverflow_question,haskell running out of memory with finite lists,"R,Haskell",2020,data_ai,data_ai,data_ai
stackoverflow_question,"What does this thing: ""\x30\xff\xff\x31\xff\xff\xff\xff"" called?","C,Shell",2021,embedded,embedded,embedded
stackoverflow_question,How to pass variables as arguments only if it is not null in Java,"R,Java",2020,developer tools,developer tools,developer tools
stackoverflow_question,How do i plot this polynomial fraction using numpy and matplotlib?,Python,2020,developer tools,developer tools,developer tools
stackoverflow_question,How to make sure only one of the variables is set to true?,"R,Dart",2022,developer tools,developer tools,developer tools
stackoverflow_question,How to calculate the size of the statically allocated string in the calling function in C?,"C,R",2020,embedded,embedded,embedded
stackoverflow_question,What is the difference between struct format characters L (long) and I (int)?,Python,2022,data_ai,data_ai,data_ai
stackoverflow_question,Multiple specified separator in split() Python,Python,2020,developer tools,developer tools,developer tools
stackoverflow_question,PyGame snake game not running in PyCharm,Python,2020,game,game,game
stackoverflow_question,How to iterate and sample from each category of a dataframe?,Python,2020,data_ai,data_ai,data_ai
stackoverflow_question,How to add a background image to a QWidget without using QMainWindow?,"C++,C",2020,embedded,embedded,embedded
stackoverflow_question,Using pd.concat instead of df.append with pandas 1.4,"R,Python",2022,data_ai,data_ai,data_ai
stackoverflow_question,Julia dataframe directly access row,R,2020,data_ai,data_ai,data_ai
stackoverflow_question,continue a while loop if a condition is true,Java,2020,developer tools,developer tools,developer tools
stackoverflow_question,How to change tkinter label background image on button click,"R,Python",2022,embedded,embedded,embedded
stackoverflow_question,Rust: Reading a stream into a buffer till it is 'complete',"Rust,R",2021,embedded,embedded,embedded
stackoverflow_question,Clip a contourf() plot in 3D plot,Python,2020,data_ai,data_ai,data_ai
stackoverflow_question,Efficient way of making time increment strings?,Python,2021,developer tools,developer tools,developer tools
stackoverflow_question,Pythonic way of doing composition aliases,Python,2020,developer tools,developer tools,developer tools
stackoverflow_question,Compare two lists and get the indices where the values are different,Python,2022,developer tools,developer tools,developer tools
stackoverflow_question,What does a go program crash without a stacktrace mean?,"C,Go",2022,developer tools,developer tools,developer tools
stackoverflow_question,Remove duplicate records on textfile,"C,C#",2020,data_ai,data_ai,data_ai
stackoverflow_question,Downsampling in Pandas DataFrame by dividing observations into ratios,"R,Python",2020,data_ai,data_ai,data_ai
stackoverflow_question,lua - screen limit for characters,Lua,2022,embedded,embedded,embedded
stackoverflow_question,How can I draw line for an image in python,Python,2021,developer tools,developer tools,developer tools
stackoverflow_question,Rails Rswag Swagger UI Not Sending Headers Properly,"Ruby,R",2020,web backend,web backend,web backend
stackoverflow_question,How to directly insert the content of a post in Wordpress to your file manager?,"R,PHP",2021,web backend,web backend,web backend
stackoverflow_question,Parallelizing recursion in a for-loop using readdir,"C,R",2020,developer tools,developer tools,developer tools
stackoverflow_question,type of function in Julia,C,2020,developer tools,developer tools,developer tools
stackoverflow_question,Left Join and get only specific column with 1st string match in pandas,Python,2020,data_ai,data_ai,data_ai
stackoverflow_question,Using T in class definition,"C,C#",2022,developer tools,developer tools,developer tools
stackoverflow_question,Why is my theoretically more efficient prime tester slower?,"R,Haskell",2022,data_ai,data_ai,data_ai
stackoverflow_question,How to cancel Actions already in a BlockingCollection<Action>,"C,C#",2022,developer tools,developer tools,developer tools
stackoverflow_question,Get column names of a data frame based on values from a list in pandas python,Python,2020,data_ai,data_ai,data_ai
stackoverflow_question,How to not run a python exe if it already exists in task manager,Python,2020,developer tools,developer tools,developer tools
stackoverflow_question,Merge multiple columns in a single object C#,"C,C#",2020,developer tools,developer tools,developer tools
stackoverflow_question,"Extracting text in known bbox from pdf, PDFQuery too slow","R,Python",2022,data_ai,data_ai,data_ai
stackoverflow_question,How to convert the column year-month-day to year/month/day in Python,Python,2022,data_ai,data_ai,data_ai
stackoverflow_question,Updating an outer variable in Haskell,"R,Haskell",2022,developer tools,developer tools,developer tools
stackoverflow_question,Each other element in for loop,"R,Python",2022,developer tools,developer tools,developer tools
stackoverflow_question,JavaFX: why text is blurred?,Java,2020,embedded,embedded,embedded
stackoverflow_question,Is there any way to shift row values in the dataframe?,"R,Python",2022,data_ai,data_ai,data_ai
stackoverflow_question,How to get a list of two words before or after a keyword in python?,Python,2022,developer tools,developer tools,developer tools
stackoverflow_question,How to generate 8 bytes unique random number in python?,"R,Python",2020,developer tools,developer tools,developer tools
stackoverflow_question,Bypass static method in Mockito,"C,Java",2020,testing_qa,testing_qa,testing_qa
stackoverflow_question,Why are the addresses of argc and argv 12 bytes apart?,"C,R",2020,embedded,embedded,embedded
stackoverflow_question,How can I de-normalize a dataset which was normalized using an unknown scaling factor?,Python,2020,data_ai,data_ai,data_ai
stackoverflow_question,Generate Custom Event on Clicking Link in QTextDocument,"C,Python",2020,web frontend,web frontend,web frontend
stackoverflow_question,I do not know how to end game when specific block is touched in pygame,Python,2020,game,game,game
stackoverflow_question,Run function for each month of the year within a dataframe,"R,Python",2022,data_ai,data_ai,data_ai
stackoverflow_question,How to tell the channel order only based on the numpy array?,Python,2021,data_ai,data_ai,data_ai
stackoverflow_question,Values less than a threshold in Python,Python,2022,data_ai,data_ai,data_ai
stackoverflow_question,Replace all values in DataFrame with minimum of GroupBy based on condition,Python,2021,data_ai,data_ai,data_ai
stackoverflow_question,Newbie question -- a list of tuples -> list (with workalendar),Python,2022,developer tools,developer tools,developer tools
stackoverflow_question,"How can I get a consistent, unique, identifier for a unique class combination?","C++,C",2022,data_ai,data_ai,data_ai
stackoverflow_question,Double the amount of subplots when using twinx() in matplotlib,Python,2021,data_ai,data_ai,data_ai
stackoverflow_question,Reference Comparison and Content Comparison in Java,"C,Java",2022,web backend,web backend,web backend
stackoverflow_question,Why both the processes(parent & child) point to same code and data segment?,"C,R",2020,embedded,embedded,embedded
stackoverflow_question,"np.where, np.busday_count() with pandas columns",Python,2020,data_ai,data_ai,data_ai
stackoverflow_question,Getting python application to access the certificate stored in windows certificate manager,Python,2020,web backend,web backend,web backend
stackoverflow_question,For loop to merge Data frames,"R,Python",2021,data_ai,data_ai,data_ai
stackoverflow_question,Pointer issues when upgrading to openSSL 1.1.1,"C++,C",2021,security,security,security
stackoverflow_question,portfolio rebalancing each period to get back initial weights,"C,Python",2022,data_ai,data_ai,data_ai
stackoverflow_question,"Binary search list of derived class for element of base class, using a base class comparer","C,C#",2021,developer tools,developer tools,developer tools
stackoverflow_question,Split a column which is separated by comma based on certain condition in pandas,"R,Python",2021,data_ai,data_ai,data_ai
stackoverflow_question,Is using pragma omp simd like this correct?,"C,R",2021,developer tools,developer tools,developer tools
stackoverflow_question,How do I read multiple .txt files in to program with Scanner?,Java,2020,developer tools,developer tools,developer tools
stackoverflow_question,How to mock a function calling io.Copy,Go,2022,developer tools,developer tools,developer tools
stackoverflow_question,C type casting from a Ua_Variant,"C,R",2020,embedded,embedded,embedded
stackoverflow_question,I want to average the third column onwards,Python,2020,data_ai,data_ai,data_ai
stackoverflow_question,Unable to load the data from xml using pyspark,"R,Python",2020,data_ai,data_ai,data_ai
stackoverflow_question,Pandas - Adding auto - increment value to Dataframe,"R,Python",2021,data_ai,data_ai,data_ai
stackoverflow_question,Event handling and picking does not work with Spyder,"R,Python",2022,developer tools,developer tools,developer tools
stackoverflow_question,How does groupingBy work when classifier returns a List?,"R,Java",2021,data_ai,data_ai,data_ai
stackoverflow_question,Get Number of Holidays per month in Python,Python,2020,data_ai,data_ai,data_ai
stackoverflow_question,How to visualize layout of C++ struct/class,"C++,C",2022,embedded,embedded,embedded
stackoverflow_question,Why does this parser do-block fail?,Haskell,2020,developer tools,developer tools,developer tools
stackoverflow_question,"Spell checker program, check function speller cs50","C,Shell",2020,developer tools,developer tools,developer tools
stackoverflow_question,Is it possible to dynamically load .OBJ files using a QML Quick3D View3D?,"C++,C",2021,game,game,game
stackoverflow_question,Direct ffmpeg -> OpenGL send without intermediary buffer copy,C,2021,embedded,embedded,embedded
stackoverflow_question,Read data from a file into struct and add struct to a vector (to create a vector of structs),"C++,C",2020,data_ai,data_ai,data_ai
stackoverflow_question,Java ParallelStream: several map or single map,"R,Java",2022,data_ai,data_ai,data_ai
stackoverflow_question,Add function to kivy screen,Python,2020,embedded,embedded,embedded
stackoverflow_question,How do I assign named keys to arrays?,"R,PHP",2021,developer tools,developer tools,developer tools
stackoverflow_question,Pandas dataframe scale column based on another column,"R,Python",2021,data_ai,data_ai,data_ai
stackoverflow_question,Multi-dimensional array comprehension in Julia,"C,R",2020,data_ai,data_ai,data_ai
stackoverflow_question,How to replace column value by for loop and def function?,"R,Python",2020,developer tools,developer tools,developer tools
stackoverflow_question,Fast way for weighted counting of numpy arrays,Python,2020,data_ai,data_ai,data_ai
stackoverflow_question,How to increase left and right margin in each cell of Dash DataTable,"Shell,Python",2022,data_ai,data_ai,data_ai
stackoverflow_question,"Is there a way to display a field of a map[key-string] with value-struct, in html, in golang?","HTML,Go",2022,web frontend,web frontend,web frontend
stackoverflow_question,Can't get the src.zip for jdk-17,Java,2022,developer tools,developer tools,developer tools
stackoverflow_question,Can a static variable be initialized with a static constant?,"C,R",2020,developer tools,developer tools,developer tools
stackoverflow_question,Strip date from String with junk data - Java,"R,Java",2021,web backend,web backend,web backend
stackoverflow_question,Difference between int variable and int data,"C++,C",2020,data_ai,data_ai,data_ai
stackoverflow_question,Why am I getting these unusual symbols when printing a string?,C,2021,developer tools,developer tools,developer tools
stackoverflow_question,Where to put a function that acts on two instances of a specific class,"R,Python",2021,developer tools,developer tools,developer tools
stackoverflow_question,Empty response pages on YouTube API v3 request,Python,2020,web backend,web backend,web backend
stackoverflow_question,How to get time in millisecond since epoch in python for a custom time?,"C,Python",2022,developer tools,developer tools,developer tools
stackoverflow_question,Rename JSON key after a specific pattern,Python,2021,data_ai,data_ai,data_ai
stackoverflow_question,Reverse the contents of array of n elements,"C,R",2022,developer tools,developer tools,developer tools
stackoverflow_question,How to access list item and filter it?,Python,2022,developer tools,developer tools,developer tools
stackoverflow_question,How could I get the shell process PID and kill it through PHP while the process still running?,"Shell,PHP",2022,web backend,web backend,web backend
stackoverflow_question,Python stripping words upon specific condition in a list of sentences,"R,Python",2020,data_ai,data_ai,data_ai
stackoverflow_question,Why to put argc argv arguments in main when they never accessed?,"C,R",2022,developer tools,developer tools,developer tools
stackoverflow_question,How do i get the direction or the position that the character of the Player is looking?,"R,Lua",2022,game,game,game
stackoverflow_question,How to create a function that passes pandas columns into it?,Python,2020,data_ai,data_ai,data_ai
stackoverflow_question,Turn a list of items into multiple dictionaries where each key has only one value from the list,Python,2021,developer tools,developer tools,developer tools
stackoverflow_question,How to fopen a file beginning with file:// in C?,C,2021,embedded,embedded,embedded
stackoverflow_question,Plotly: How to change the size of the lines displayed in the legend?,Python,2020,developer tools,developer tools,developer tools
stackoverflow_question,Run a YAML SSM Run Document from AWS Lambda with Parameters,Python,2022,devops_cloud,devops_cloud,devops_cloud
stackoverflow_question,Get folder name of unzipped .tar.gz file,"R,Python",2021,developer tools,developer tools,developer tools
stackoverflow_question,Template specialization for constructor based on type,"C++,C",2022,developer tools,developer tools,developer tools
stackoverflow_question,Strange results while reading mouse button press in X11 (repeated values),"C++,C",2022,embedded,embedded,embedded
stackoverflow_question,How To automate adding users to squirrelmail in ubuntu from a php script,"R,PHP",2020,web backend,web backend,web backend
stackoverflow_question,How to get Keras Conv2D layers to work on GPU,"R,Python",2022,data_ai,data_ai,data_ai
stackoverflow_question,Parameterize List Returned From Fixture in Pytest Or Pytest-cases,"C,Python",2022,testing_qa,testing_qa,testing_qa
stackoverflow_question,How to loop in tabula-py data format in python,"R,Python",2021,data_ai,data_ai,data_ai
stackoverflow_question,Is it possible to get login name or email from ADFS in ASP.NET MVC 5?,"C,C#",2020,web backend,web backend,web backend
stackoverflow_question,Get a specific number of rows and place in new column pandas,"R,Python",2022,data_ai,data_ai,data_ai
stackoverflow_question,How do I manually verify the signature of a JWT using Google's public key?,Go,2021,security,security,security
stackoverflow_question,Why dask.delayed takes longer than serial code when working with networkx?,"R,Python",2021,data_ai,data_ai,data_ai
stackoverflow_question,Segmentation Fault in dynamically array creation,"C++,C",2021,embedded,embedded,embedded
stackoverflow_question,When do I need to add quotation marks around an integer in Python,Python,2020,developer tools,developer tools,developer tools
stackoverflow_question,"Given the X numpy array, return True if any of its elements is zero",Python,2022,data_ai,data_ai,data_ai
stackoverflow_question,How could the energy and cos function be in different shapes?,Python,2022,data_ai,data_ai,data_ai
stackoverflow_question,Combining two columns in a dataframe in a certain order,Python,2022,data_ai,data_ai,data_ai
stackoverflow_question,Matplotlob set_position() is not working with subplots with constrained_layout,Python,2021,data_ai,data_ai,data_ai
stackoverflow_question,while(decision1 != 1 || decision1 != 2) why does this keep repeating even though decision is already 1 or 2,"C++,C",2022,developer tools,developer tools,developer tools
stackoverflow_question,How to find and replace specific elements in numpy array?,Python,2020,data_ai,data_ai,data_ai
stackoverflow_question,RESTEASY003880: Unable to find contextual data of type: javax.servlet.http.HttpServletRequest,Java,2022,web backend,web backend,web backend
stackoverflow_question,How to right click and hold it in selenium python,"R,Python",2020,testing_qa,testing_qa,testing_qa
stackoverflow_question,Is it necessary to use macros while developing substrate runtime in rust?,"Rust,R",2020,error,error,error
stackoverflow_question,How Could I Make A Basic Car Physics In Pygame?,Python,2020,game,game,game
