source_type,tech_keywords,event_date,label_gpt
stackoverflow_question,"c++, c++11",2018,embedded
stackoverflow_question,"java, string, file, arraylist",2018,web frontend
stackoverflow_question,"java, csv",2018,data_ai
stackoverflow_question,python,2018,web backend
stackoverflow_question,"c, embedded, stdio, contiki",2018,embedded
stackoverflow_question,python,2018,web backend
stackoverflow_question,"javascript, lodash",2018,web frontend
stackoverflow_question,"java, jpa, entity-relationship",2018,web backend
stackoverflow_question,"python, tkinter",2018,web frontend
stackoverflow_question,javascript,2018,web frontend
stackoverflow_question,"c++, stl, stdmap, value-categories",2018,web backend
stackoverflow_question,"javascript, merge, javascript-objects",2018,web frontend
stackoverflow_question,javascript,2018,game
stackoverflow_question,c++,2018,data_ai
stackoverflow_question,"c#, .net, microsoft-graph-api, microsoft-teams",2018,web backend
stackoverflow_question,"java, performance",2018,data_ai
stackoverflow_question,"c++, arduino, fft",2018,data_ai
stackoverflow_question,"c++, boost",2018,web backend
stackoverflow_question,"c#, forms, xaml, xamarin",2018,mobile
stackoverflow_question,"php, algorithm, time-complexity, palindrome, longest-substring",2018,data_ai
stackoverflow_question,python,2018,data_ai
stackoverflow_question,"python-3.x, logging, google-cloud-platform",2018,devops_cloud
stackoverflow_question,"scala, apache-spark, apache-spark-sql",2018,data_ai
stackoverflow_question,"python, keras, reshape, keras-layer",2018,data_ai
stackoverflow_question,"javascript, performance, google-apps-script, google-sheets, execution",2018,web frontend
stackoverflow_question,"python, list, oop, object",2018,data_ai
stackoverflow_question,"php, internet-explorer, autocomplete, webpage",2018,web frontend
stackoverflow_question,"java, java-8, java-stream, grouping",2018,web backend
stackoverflow_question,"c#, .net, wpf, bitblt",2018,embedded
stackoverflow_question,"python, python-3.x, python-asyncio",2018,web backend
stackoverflow_question,"python, string, capitalization",2018,web frontend
stackoverflow_question,"javascript, if-statement",2018,web frontend
stackoverflow_question,"c, validation, passwords",2018,embedded
stackoverflow_question,"javascript, r, shiny",2018,web frontend
stackoverflow_question,"python, sympy",2018,data_ai
stackoverflow_question,"c#, google-cloud-platform, google-cloud-pubsub",2018,data_ai
stackoverflow_question,"python-3.x, celery, workflow",2018,devops_cloud
stackoverflow_question,"javascript, webassembly, assemblyscript",2018,embedded
stackoverflow_question,"python, microsoft-graph-api, microsoft-graph-security",2018,security
stackoverflow_question,"c#, dll, skiasharp, skia, fody-costura",2018,embedded
stackoverflow_question,"c#, .net, botframework",2018,web frontend
stackoverflow_question,"python, elasticsearch, elasticsearch-5",2018,data_ai
stackoverflow_question,"java, database, db2, ip, ipv4",2018,web backend
stackoverflow_question,"php, codeigniter",2018,data_ai
stackoverflow_question,"scala, intellij-idea, playframework, sbt",2018,developer tools
stackoverflow_question,"c#, asynchronous, xamarin, xamarin.forms, task",2018,mobile
stackoverflow_question,"python, beautifulsoup",2018,web frontend
stackoverflow_question,"java, design-patterns, cucumber-jvm",2018,web frontend
stackoverflow_question,"javascript, csv",2018,web frontend
stackoverflow_question,"c++, arrays, multidimensional-array, unions",2018,embedded
stackoverflow_question,"python, python-2.7, pandas, ms-word, pivot-table",2018,data_ai
stackoverflow_question,"python, python-3.x",2018,data_ai
stackoverflow_question,"c#, dependency-injection, asp.net-core-2.0",2018,web backend
stackoverflow_question,"java, lambda, java-8, functional-interface",2018,web backend
stackoverflow_question,"java, apache-poi",2018,data_ai
stackoverflow_question,"php, jquery, ajax, codeigniter",2018,web frontend
stackoverflow_question,"javascript, jquery, jqgrid, free-jqgrid",2018,web frontend
stackoverflow_question,"python, file, dictionary, request, fwrite",2018,web backend
stackoverflow_question,"python, lambda, docstring",2018,data_ai
stackoverflow_question,"c#, authentication, google-authentication, google-vision",2018,security
stackoverflow_question,"python, tensorflow",2018,data_ai
stackoverflow_question,"c#, menubar, teststack",2018,testing_qa
stackoverflow_question,"javascript, three.js, textures",2018,web frontend
stackoverflow_question,"python, operators, contains",2018,data_ai
stackoverflow_question,"python-3.x, or-tools",2018,data_ai
stackoverflow_question,"javascript, mapbox",2018,web frontend
stackoverflow_question,"typescript, mixins",2018,web frontend
stackoverflow_question,javascript,2018,web frontend
stackoverflow_question,"java, csv, stream, bigdata",2018,data_ai
stackoverflow_question,"javascript, google-apps-script",2018,web frontend
stackoverflow_question,"python, pandas, numpy, dataframe",2018,data_ai
stackoverflow_question,"python, networkx",2018,data_ai
stackoverflow_question,"javascript, angularjs",2018,web frontend
stackoverflow_question,"javascript, php, jquery",2018,web frontend
stackoverflow_question,"c++, unit-testing, lambda",2018,testing_qa
stackoverflow_question,"c++, static-cast, srand",2018,web frontend
stackoverflow_question,"scala, apache-spark, apache-spark-sql",2018,data_ai
stackoverflow_question,"c#, linqpad",2018,developer tools
stackoverflow_question,"c#, twitter, nuget-package, visual-studio-mac, linq-to-twitter",2018,web backend
stackoverflow_question,javascript,2018,web frontend
stackoverflow_question,"javascript, jquery, ajax, forms",2018,web frontend
stackoverflow_question,"c++, qt, oop, c++11, design-patterns",2018,web frontend
stackoverflow_question,"python, python-3.x",2018,web frontend
stackoverflow_question,"java, jshell",2018,embedded
stackoverflow_question,"c++, std, allocator",2018,embedded
stackoverflow_question,"c#, .net, window",2018,embedded
stackoverflow_question,haskell,2018,web frontend
stackoverflow_question,"python, pyqt, pyqt4, qtabbar",2018,embedded
stackoverflow_question,"haskell, fold, strictness",2018,data_ai
stackoverflow_question,"python, list, pandas, dataframe, tolist",2018,data_ai
stackoverflow_question,"python, performance",2018,data_ai
stackoverflow_question,"python, string",2018,developer tools
stackoverflow_question,"php, attributes, libxml2, html-entities",2018,web frontend
stackoverflow_question,"c#, asp.net-core, asp.net-core-2.1, razor-pages",2018,web backend
stackoverflow_question,"java, jvm",2018,data_ai
stackoverflow_question,"c#, timer",2018,web backend
stackoverflow_question,"javascript, algolia",2018,web frontend
stackoverflow_question,"java, appium",2018,testing_qa
stackoverflow_question,"javascript, exceljs",2018,web frontend
stackoverflow_question,"python, numpy",2018,data_ai
stackoverflow_question,"python, pandas, numpy, array-broadcasting",2018,data_ai
stackoverflow_question,"python, python-3.x, windows",2018,enterprise
stackoverflow_question,"python, opencv",2018,data_ai
stackoverflow_question,"javascript, arrays",2018,web frontend
stackoverflow_question,"javascript, jquery, toastr",2018,web frontend
stackoverflow_question,"java, itext",2018,enterprise
stackoverflow_question,c#,2018,data_ai
stackoverflow_question,"c#, linq, entity-framework-core",2018,enterprise
stackoverflow_question,"php, cakephp, cakephp-3.0",2018,web frontend
stackoverflow_question,java,2018,web backend
stackoverflow_question,"c++, qt, qtableview",2018,embedded
stackoverflow_question,"c#, visual-studio-code, asp.net-web-api2, asp.net-core-2.0",2018,web backend
stackoverflow_question,"scala, apache-spark, apache-spark-sql",2018,data_ai
stackoverflow_question,"python, sorting, dictionary, nested",2018,data_ai
stackoverflow_question,"python-3.x, pandas, csv, dask",2018,data_ai
stackoverflow_question,typescript,2018,web frontend
stackoverflow_question,"c, struct, enums",2018,embedded
stackoverflow_question,"java, resultset",2018,data_ai
stackoverflow_question,c++,2018,web frontend
stackoverflow_question,java,2018,web backend
stackoverflow_question,"java, tomcat, jersey",2018,web backend
stackoverflow_question,javascript,2018,web frontend
stackoverflow_question,"c#, listview, xamarin.forms",2018,web frontend
stackoverflow_question,"c#, linq",2018,web backend
stackoverflow_question,"javascript, glsl, shader, bump-mapping",2018,web frontend
stackoverflow_question,"scala, sbt, migration",2018,web backend
stackoverflow_question,"c#, .net, wpf, winforms, unity3d",2018,embedded
stackoverflow_question,"python, sqlalchemy",2018,web backend
stackoverflow_question,kotlin,2018,web frontend
stackoverflow_question,"generics, rust, dynamic-dispatch",2018,embedded
stackoverflow_question,haskell,2018,developer tools
stackoverflow_question,"java, javafx",2018,web frontend
stackoverflow_question,"php, wordpress, woocommerce, product, hook-woocommerce",2018,web frontend
stackoverflow_question,"java, image, graphics, awt",2018,web frontend
stackoverflow_question,"python, multidimensional-array, scipy, interpolation, shift",2018,data_ai
stackoverflow_question,"php, jquery, wordpress, woocommerce",2018,web frontend
stackoverflow_question,"arrays, swift, function, dictionary",2018,data_ai
stackoverflow_question,"lua, coronasdk",2018,data_ai
stackoverflow_question,"python, vmware, vsphere, pyvmomi",2018,data_ai
stackoverflow_question,"c#, oop",2018,data_ai
stackoverflow_question,"php, aws-sdk",2018,devops_cloud
stackoverflow_question,"java, scala",2018,web backend
stackoverflow_question,julia,2018,data_ai
stackoverflow_question,"c#, wpf, fill, rectangles",2018,web frontend
stackoverflow_question,"c#, delegates, pinvoke",2018,embedded
stackoverflow_question,"python, logging",2018,data_ai
stackoverflow_question,"scala, apache-spark, pyspark, spark-structured-streaming",2018,data_ai
stackoverflow_question,"javascript, ms-word, office-js",2018,web frontend
stackoverflow_question,"c#, winforms, entity-framework, ef-code-first",2018,web frontend
stackoverflow_question,"c++, c++11, language-lawyer, constants, literals",2018,embedded
stackoverflow_question,"swift, camera, focus, avcapturedevice, exposure",2018,mobile
stackoverflow_question,"string, python-3.x, punctuation",2018,data_ai
stackoverflow_question,"javascript, tracking, progressive-web-apps, mixpanel",2018,web frontend
stackoverflow_question,"python, numpy, python-3.5, openblas",2018,data_ai
stackoverflow_question,scala,2018,data_ai
stackoverflow_question,"ruby-on-rails, ruby, csv, actionmailer",2018,web backend
stackoverflow_question,"javascript, arrays, object",2018,web frontend
stackoverflow_question,"windows, python-3.x, cmd",2018,web backend
stackoverflow_question,"python, numpy, random, scipy, weibull",2018,data_ai
stackoverflow_question,c#,2018,web frontend
stackoverflow_question,"c#, database, entity-attribute-value",2018,data_ai
stackoverflow_question,"php, datetime, if-statement, pdo",2018,web frontend
stackoverflow_question,php,2018,web backend
stackoverflow_question,"javascript, vuejs2",2018,data_ai
stackoverflow_question,"c++, c++14, c++17, template-argument-deduction, template-templates",2018,developer tools
stackoverflow_question,"c#, reference, nuget, nuget-package, project-structure",2018,developer tools
stackoverflow_question,"java, list, arraylist, java-stream, option-type",2018,web frontend
stackoverflow_question,"javascript, ecmascript-6, ecmascript-2017",2018,web frontend
stackoverflow_question,"c++, boost, rational-number",2018,web frontend
stackoverflow_question,"python, python-3.x, dictionary",2018,web frontend
stackoverflow_question,"php, arrays, recursion, adyen",2018,data_ai
stackoverflow_question,"typescript, constructor, abstract-class, abstract",2018,web frontend
stackoverflow_question,haskell,2018,data_ai
stackoverflow_question,"javascript, types, flowtype",2018,data_ai
stackoverflow_question,"java, windows, file, attributes",2018,enterprise
stackoverflow_question,"java, recursion, backtracking, maze",2018,data_ai
stackoverflow_question,"java, pdfbox",2018,embedded
stackoverflow_question,"c#, visual-studio-2017, yamldotnet",2018,web backend
stackoverflow_question,"python, numpy, scipy",2018,data_ai
stackoverflow_question,"python, c++, dll",2018,developer tools
stackoverflow_question,"python, pandas, dataframe",2018,data_ai
stackoverflow_question,"java, list",2018,data_ai
stackoverflow_question,javascript,2018,data_ai
stackoverflow_question,"javascript, jquery, magnific-popup",2018,web frontend
stackoverflow_question,"python, pyqt5, variant",2018,web frontend
stackoverflow_question,haskell,2018,data_ai
stackoverflow_question,typescript,2018,web frontend
stackoverflow_question,"swift, sorting, realm, keypaths",2018,mobile
stackoverflow_question,"python, python-3.x, function, class",2018,data_ai
stackoverflow_question,"java, apache-camel, spring-integration",2018,web backend
stackoverflow_question,"javascript, typescript, async-await",2018,web frontend
stackoverflow_question,"python, python-3.x, emoji, python-unicode, unicode-string",2018,web frontend
stackoverflow_question,"c#, .net-core",2018,web frontend
stackoverflow_question,"python, python-3.x, pandas, openpyxl",2018,web frontend
stackoverflow_question,"c#, .net, asp.net-mvc",2018,web backend
stackoverflow_question,"javascript, feathersjs, feathers-sequelize, feathers-hook, feathers-service",2018,web frontend
stackoverflow_question,"c#, xaml, animation, xamarin.forms",2018,mobile
stackoverflow_question,"javascript, cloudflare, cloudflare-workers",2018,devops_cloud
stackoverflow_question,"php, coldfusion",2018,web backend
stackoverflow_question,"python, python-3.x, pandas, scipy, seaborn",2018,data_ai
stackoverflow_question,"java, netty",2018,devops_cloud
stackoverflow_question,"php, soap, nusoap, soapserver",2018,web backend
stackoverflow_question,"php, post, mysqli",2018,web backend
stackoverflow_question,"c#, asynchronous, asp.net-core",2018,web backend
stackoverflow_question,"python, tensorflow, keras, convolution",2018,data_ai
stackoverflow_question,"rust, filepath",2018,enterprise
stackoverflow_question,"python, python-3.x, tkinter",2018,web frontend
stackoverflow_question,"python, apache-spark, pyspark, rdd",2018,data_ai
stackoverflow_question,"python, outlook, win32com",2018,enterprise
stackoverflow_question,"python, tensorflow, neural-network, keras",2018,data_ai
stackoverflow_question,"java, io, bufferedreader",2018,enterprise
stackoverflow_question,"c#, .net, wcf",2018,enterprise
stackoverflow_question,"java, java-8, java-stream",2018,web frontend
stackoverflow_question,"python, set",2018,data_ai
stackoverflow_question,"c#, xamarin, xamarin.forms, xamarin.android, shadow",2018,mobile
stackoverflow_question,"c, generic-programming",2018,embedded
stackoverflow_question,"c#, sharepoint-2013, repository-pattern, unit-of-work, csom",2018,enterprise
stackoverflow_question,"python, admob, kivy",2018,mobile
stackoverflow_question,"c#, linq, select, dynamic",2018,web backend
stackoverflow_question,"php, oop",2018,web frontend
stackoverflow_question,"javascript, typescript, d3.js, webgl",2018,web frontend
stackoverflow_question,"php, unit-testing, testing, codeception, mockery",2018,testing_qa
stackoverflow_question,"scala, f#, partialfunction",2018,web backend
stackoverflow_question,"java, lombok",2018,web backend
stackoverflow_question,"python, c",2018,embedded
stackoverflow_question,"java, itext, acrofields",2018,enterprise
stackoverflow_question,"kotlin, jvm",2018,web frontend
stackoverflow_question,"c++, qt, qml, qt5, qabstractitemmodel",2018,embedded
stackoverflow_question,"python, performance, bytecode",2018,data_ai
stackoverflow_question,"c++, c, binary, integer, bit-manipulation",2018,data_ai
stackoverflow_question,"elixir, phoenix-framework, ecto",2018,data_ai
stackoverflow_question,"php, wordpress, woocommerce, shipping, notice",2018,web frontend
stackoverflow_question,python,2018,data_ai
stackoverflow_question,"c#, wpf, datagrid",2018,web frontend
stackoverflow_question,"python, google-cloud-platform, google-bigquery, google-cloud-storage",2018,devops_cloud
stackoverflow_question,"php, doctrine-orm, orm, zend-framework3",2018,web backend
stackoverflow_question,"javascript, class, frontend",2018,web frontend
stackoverflow_question,java,2018,web backend
stackoverflow_question,"c#, asp.net-mvc, autofac",2018,web backend
stackoverflow_question,"scala, scala-collections, type-mismatch",2018,data_ai
stackoverflow_question,"python, opencv, image-processing",2018,data_ai
stackoverflow_question,"python, tensorflow",2018,data_ai
stackoverflow_question,"c++, multithreading, c++11, promise",2018,enterprise
stackoverflow_question,"c#, uwp",2018,web frontend
stackoverflow_question,"python, sql, pandas, where",2018,data_ai
stackoverflow_question,"arrays, ruby, integer",2018,web frontend
stackoverflow_question,swift,2018,data_ai
stackoverflow_question,"c#, asp.net-core, signalr",2018,web frontend
stackoverflow_question,"c++, boost, tcp, boost-asio",2018,web backend
stackoverflow_question,"javascript, jquery, kendo-ui, kendo-grid, kendo-asp.net-mvc",2018,web frontend
stackoverflow_question,"php, namespaces, composer-php, psr-4",2018,web frontend
stackoverflow_question,"java, go, base64, slice, bigint",2018,web backend
stackoverflow_question,"c, memory-leaks, mpi, communication, dynamic-memory-allocation",2018,embedded
stackoverflow_question,"php, strtotime",2018,web backend
stackoverflow_question,"python, nlp, nltk",2018,data_ai
stackoverflow_question,"python, pandas, numpy",2018,data_ai
stackoverflow_question,"java, apache-spark, java-8, functional-programming, parquet",2018,data_ai
stackoverflow_question,"python, python-3.x, pyqt, pyqt5, qdialog",2018,embedded
stackoverflow_question,"c#, asp.net-core",2018,web backend
stackoverflow_question,"scala, akka",2018,web backend
stackoverflow_question,"swift, sprite-kit, skspritenode, skphysicsbody, skphysicscontact",2018,web frontend
stackoverflow_question,"typescript, typescript-types",2018,web backend
stackoverflow_question,"c#, identityserver4",2018,security
stackoverflow_question,"python, openpyxl",2018,web backend
stackoverflow_question,"python, matplotlib, jupyter, statsmodels, confidence-interval",2018,data_ai
stackoverflow_question,"java, microbenchmark, jmh",2018,developer tools
stackoverflow_question,"python, python-3.x, pandas, matplotlib",2018,data_ai
stackoverflow_question,"c#, generics, inheritance",2018,data_ai
stackoverflow_question,"c#, csv",2018,data_ai
stackoverflow_question,java,2018,web backend
stackoverflow_question,"c++, c++11, templates, variadic-templates",2018,data_ai
stackoverflow_question,"python, tensorflow, slice, tensor",2018,data_ai
stackoverflow_question,"c#, .net, winforms, datagridview",2018,web frontend
stackoverflow_question,"python, python-docx",2018,web backend
stackoverflow_question,"javascript, arrays, javascript-objects, arrow-functions",2018,web frontend
stackoverflow_question,"java, swing, awt, jslider",2018,web frontend
stackoverflow_question,"java, generics, vavr",2018,web frontend
stackoverflow_question,"scala, apache-spark",2018,data_ai
stackoverflow_question,"c, openmp",2018,embedded
stackoverflow_question,"python, pandas, dataframe, coordinates",2018,data_ai
stackoverflow_question,"c++, templates, language-lawyer, std, c++17",2018,web frontend
stackoverflow_question,"c#, asp.net-core",2018,web backend
stackoverflow_question,"python, matplotlib, graph, annotate",2018,data_ai
stackoverflow_question,"c++, audio, ms-media-foundation",2018,embedded
stackoverflow_question,"python, object, integer, int, instance-variables",2018,data_ai
stackoverflow_question,"arrays, swift, enums, uibutton, constants",2018,web frontend
stackoverflow_question,"python, flask-sqlalchemy",2018,web backend
stackoverflow_question,"c++, c, language-lawyer, typedef",2018,embedded
stackoverflow_question,"c, time",2018,embedded
stackoverflow_question,"c#, excel, powerbi, msbi",2018,data_ai
stackoverflow_question,python,2018,data_ai
stackoverflow_question,"python, tensorflow, keras, time-series, lstm",2018,data_ai
stackoverflow_question,"javascript, arrays, object, ecmascript-6, lodash",2018,web frontend
stackoverflow_question,"c, arrays, string, file, input",2018,web frontend
stackoverflow_question,"python-3.x, pandas, matplotlib, seaborn",2018,data_ai
stackoverflow_question,"python, join, row",2018,data_ai
stackoverflow_question,"c, arrays, segmentation-fault",2018,embedded
stackoverflow_question,"php, asana-api",2018,web backend
stackoverflow_question,"c++, c, linux, unix, posix",2018,embedded
stackoverflow_question,"c++, multithreading, static",2018,enterprise
stackoverflow_question,"python-3.x, pandas, python-datetime",2018,data_ai
stackoverflow_question,"java, java-10",2018,enterprise
stackoverflow_question,"python, shapely",2018,data_ai
stackoverflow_question,"java, java.util.scanner",2018,web backend
stackoverflow_question,"c#, .net, linq, casting",2018,data_ai
stackoverflow_question,"arrays, swift, dictionary, serialization",2018,mobile
stackoverflow_question,"python, numpy",2018,data_ai
stackoverflow_question,"c#, dependency-injection, xamarin.forms, dryioc",2018,mobile
stackoverflow_question,"java, javafx, data-binding, binding",2018,data_ai
stackoverflow_question,"scala, implicit",2018,web backend
stackoverflow_question,rust,2018,developer tools
stackoverflow_question,c,2018,embedded
stackoverflow_question,"php, wordpress",2018,web frontend
stackoverflow_question,"python, arrays, sorting",2018,data_ai
stackoverflow_question,"javascript, mount, riot.js, riot",2018,web frontend
stackoverflow_question,"python, pandas, list, dataframe",2018,data_ai
stackoverflow_question,"python, arrays, numpy",2018,data_ai
stackoverflow_question,"python, pyqt, pyqt5, python-3.6, qt-designer",2018,web frontend
stackoverflow_question,"c#, wpf",2018,web frontend
stackoverflow_question,c#,2018,enterprise
stackoverflow_question,"python, tensorflow, visual-studio-code",2018,developer tools
stackoverflow_question,"javascript, jquery",2018,web frontend
stackoverflow_question,"java, string, performance, arraylist",2018,web frontend
stackoverflow_question,"java, open-liberty",2018,devops_cloud
stackoverflow_question,"java, bash, ssh",2018,devops_cloud
stackoverflow_question,javascript,2018,web frontend
stackoverflow_question,"c#, logging, .net-core, asp.net-core-2.1",2018,web backend
stackoverflow_question,"java, rounding, currency, bigdecimal",2018,web backend
stackoverflow_question,"java, java-8",2018,data_ai
stackoverflow_question,"java, sql, servlets, conditional-statements",2018,web backend
stackoverflow_question,haskell,2018,web backend
stackoverflow_question,"python, user-interface",2018,web frontend
stackoverflow_question,"swift, enums",2018,embedded
stackoverflow_question,"java, selenium-webdriver, safaridriver",2018,testing_qa
stackoverflow_question,"database, python-3.x, connection, psycopg2",2018,web backend
stackoverflow_question,"c, gtk3, glib, gdbus",2018,enterprise
stackoverflow_question,c#,2018,web frontend
stackoverflow_question,"haskell, haskell-time",2018,data_ai
stackoverflow_question,"java, design-patterns, entity, design-principles",2018,enterprise
stackoverflow_question,"python, lda, topic-modeling, text-analysis",2018,data_ai
stackoverflow_question,"java, jms, ejb, activemq, wildfly",2018,enterprise
stackoverflow_question,"python, scipy, statistics, networkx",2018,data_ai
stackoverflow_question,"java, graphics, abstract-class, paintcomponent",2018,embedded
stackoverflow_question,"java, osgi, websphere-liberty, osgi-bundle",2018,web backend
stackoverflow_question,"javascript, angularjs, ng-options",2018,web frontend
stackoverflow_question,"c#, wcf, protobuf-net",2018,enterprise
stackoverflow_question,"python, pandas",2018,data_ai
stackoverflow_question,"c++, cpp-core-guidelines, guideline-support-library",2018,web frontend
stackoverflow_question,python,2018,data_ai
stackoverflow_question,"python, scikit-learn, svd, latent-semantic-indexing",2018,data_ai
stackoverflow_question,"c, c-preprocessor",2018,web frontend
stackoverflow_question,"python, tensorflow, cartesian-product",2018,data_ai
stackoverflow_question,go,2018,developer tools
stackoverflow_question,"python, pandas, matplotlib",2018,data_ai
stackoverflow_question,"python, python-3.x, dictionary",2018,data_ai
stackoverflow_question,"javascript, google-cloud-firestore",2018,web frontend
stackoverflow_question,"c, memory-management, malloc, language-lawyer",2018,embedded
stackoverflow_question,"java, algorithm, data-structures, red-black-tree",2018,enterprise
stackoverflow_question,"python, validation, cerberus",2018,data_ai
stackoverflow_question,"c#, .net, unit-testing, moq",2018,testing_qa
stackoverflow_question,"javascript, object",2018,data_ai
stackoverflow_question,"c#, logging, dependency-injection, asp.net-core-2.1, polly",2018,web backend
stackoverflow_question,"python, mypy",2018,web backend
stackoverflow_question,"javascript, arrays, string, loops",2018,web frontend
stackoverflow_question,"c#, c++, forms, credential-providers, unmanagedexports",2018,security
stackoverflow_question,"python-3.x, ocr, tesseract, cv2",2018,data_ai
stackoverflow_question,"java, parsing, time, jodatime",2018,web backend
stackoverflow_question,"python, python-3.x",2018,enterprise
stackoverflow_question,"c++, opencv, svm",2018,data_ai
stackoverflow_question,"python, grouping, openpyxl",2018,enterprise
stackoverflow_question,"javascript, ajax",2018,web frontend
stackoverflow_question,"python, pandas, datetime, difference",2018,data_ai
stackoverflow_question,"python, tensorflow, neural-network, lstm, recurrent-neural-network",2018,data_ai
stackoverflow_question,"php, amazon-web-services, amazon-s3, aws-sdk, aws-php-sdk",2018,devops_cloud
stackoverflow_question,"python-3.x, tree",2018,data_ai
stackoverflow_question,"c++, templates, lambda, c++14",2018,web backend
stackoverflow_question,"python, python-3.x",2018,data_ai
stackoverflow_question,"java, random",2018,data_ai
stackoverflow_question,"python, pandas, dataframe",2018,data_ai
stackoverflow_question,"python, python-3.x, dictionary, counter",2018,web frontend
stackoverflow_question,"c#, arrays",2018,web frontend
stackoverflow_question,"python, python-3.6",2018,data_ai
stackoverflow_question,"c, linker, shared-libraries, dylib, mach-o",2018,embedded
stackoverflow_question,"c#, .net, winforms, picturebox, system.drawing",2018,web frontend
stackoverflow_question,"python, pandas, numpy, matplotlib",2018,data_ai
stackoverflow_question,"c++, sdl, sdl-2",2018,embedded
stackoverflow_question,"c#, properties",2018,web frontend
stackoverflow_question,"python, arguments, argparse",2018,web backend
stackoverflow_question,"c++, function, oop, c++14",2018,web frontend
stackoverflow_question,"python, python-2.7",2018,web backend
stackoverflow_question,"c#, .net-core, .net-standard",2018,web backend
stackoverflow_question,"python, pandas, csv, numpy",2018,data_ai
stackoverflow_question,kotlin,2018,web frontend
stackoverflow_question,"c#, .net, generics",2018,enterprise
stackoverflow_question,"python, numba",2018,data_ai
stackoverflow_question,"c#, asp.net-core, asp.net-core-mvc, html.actionlink, asp.net-core-routing",2018,web frontend
stackoverflow_question,"c, variable-assignment, multiple-assignment",2018,enterprise
stackoverflow_question,"python, observable, reactive-programming, reactivex, rx-py",2018,web frontend
stackoverflow_question,"python, elasticsearch",2018,data_ai
stackoverflow_question,java,2018,web backend
stackoverflow_question,typescript,2018,web frontend
stackoverflow_question,"python, pandas",2018,data_ai
stackoverflow_question,"python, python-3.x, expression-evaluation, f-string",2018,web frontend
stackoverflow_question,"c#, dictionary, merge",2018,web backend
stackoverflow_question,"c, arrays, struct, hashtable, lookup-tables",2018,web frontend
stackoverflow_question,"c#, swagger, asp.net-core-2.0, asp.net-core-webapi, swashbuckle",2018,web backend
stackoverflow_question,"python, pandas",2018,data_ai
stackoverflow_question,"python-3.x, pandas, data-science",2018,data_ai
stackoverflow_question,"javascript, echarts",2018,web frontend
stackoverflow_question,"c#, .net, com, vb6, typelib",2018,enterprise
stackoverflow_question,"python, python-3.x, dictionary",2018,web backend
stackoverflow_question,"javascript, google-chrome-extension",2018,web frontend
stackoverflow_question,"python, matplotlib",2018,data_ai
stackoverflow_question,"elixir, operators, anonymous-function",2018,web backend
stackoverflow_question,"python, pytorch, gradient, autograd",2018,data_ai
stackoverflow_question,"javascript, jquery, mobile, responsive",2018,web frontend
stackoverflow_question,"php, cron, drupal-7, cron-task",2018,web frontend
stackoverflow_question,"python, websocket",2018,web backend
stackoverflow_question,"python, neural-network, keras, autoencoder",2018,data_ai
stackoverflow_question,"python, max, min, enumerate",2018,data_ai
stackoverflow_question,"python-3.x, scikit-learn, classification, sklearn-pandas",2018,data_ai
stackoverflow_question,"python, python-3.x, pandas",2018,data_ai
stackoverflow_question,"swift, iequatable, hashable",2018,data_ai
stackoverflow_question,"java, string, filenames, compression",2018,web frontend
stackoverflow_question,"python, readline, end-of-line",2018,web backend
stackoverflow_question,"python, sqlalchemy, flask-sqlalchemy",2018,web backend
stackoverflow_question,"python, spark-streaming, databricks, spark-structured-streaming",2018,data_ai
stackoverflow_question,"c#, linq, reference",2018,data_ai
stackoverflow_question,"javascript, jquery",2018,web frontend
stackoverflow_question,"c, loops, counter",2018,data_ai
stackoverflow_question,"python, unicode, ascii, python-unicode",2018,web frontend
stackoverflow_question,"javascript, ajax, file-upload, progress-bar, jquery-file-upload",2018,web frontend
stackoverflow_question,"python, pandas, conditional",2018,data_ai
stackoverflow_question,"javascript, object, scope",2018,web frontend
stackoverflow_question,"java, content-management-system, nodes, jcr, magnolia",2018,web frontend
stackoverflow_question,"python, list, recursion",2018,web frontend
stackoverflow_question,javascript,2018,web frontend
stackoverflow_question,"parsing, go, openssl, cryptography, x509",2018,web backend
stackoverflow_question,"c++, boost, bimap, boost-bimap",2018,data_ai
stackoverflow_question,"javascript, firefox, input, backspace",2018,web frontend
stackoverflow_question,"python, datetime, unix-timestamp, leap-second",2018,data_ai
stackoverflow_question,c++,2018,data_ai
stackoverflow_question,"c++, templates, crtp",2018,data_ai
stackoverflow_question,"java, validation, pdf, itext",2018,security
stackoverflow_question,"python, pandas, dataframe, merge",2018,data_ai
stackoverflow_question,"php, merge, associative-array",2018,web frontend
stackoverflow_question,"javascript, function, circular-reference",2018,web frontend
stackoverflow_question,"python, pandas, performance, dataframe",2018,data_ai
stackoverflow_question,"javascript, arrays, ecmascript-6, crossfilter",2018,data_ai
stackoverflow_question,"javascript, validation, testing, yup",2018,web frontend
stackoverflow_question,"typescript, mocha.js, chai, chai-as-promised",2018,testing_qa
stackoverflow_question,"c, algorithm, floating-point, logarithm",2018,data_ai
stackoverflow_question,"javascript, arrays, d3.js, svg",2018,web frontend
stackoverflow_question,"java, lambda, java-8",2018,web frontend
stackoverflow_question,"javascript, promise, puppeteer",2018,web frontend
stackoverflow_question,"java, char",2018,web frontend
stackoverflow_question,"java, arrays",2018,web frontend
stackoverflow_question,"c, segmentation-fault, shared-libraries",2018,embedded
stackoverflow_question,"javascript, arrays, foreach, concat",2018,web frontend
stackoverflow_question,"javascript, date",2018,web frontend
stackoverflow_question,"java, arraylist, collections",2018,web backend
stackoverflow_question,"java, apache-kafka, apache-kafka-connect",2018,devops_cloud
stackoverflow_question,"python, testing, doctest",2018,web backend
stackoverflow_question,"scala, apache-spark, spark-dataframe",2018,data_ai
stackoverflow_question,"java, multithreading, java.util.concurrent",2018,enterprise
stackoverflow_question,"python, numpy",2018,data_ai
stackoverflow_question,scala,2018,web frontend
stackoverflow_question,"python, stream, instance",2018,web backend
stackoverflow_question,"php, sql, payment-gateway, braintree",2018,web backend
stackoverflow_question,"c#, xamarin, xamarin.forms, gesture, pan",2018,mobile
stackoverflow_question,"c++, v8, embedded-v8",2018,web frontend
stackoverflow_question,"php, speech-recognition, speech-to-text, webspeech-api, mozilla-deepspeech",2018,web backend
stackoverflow_question,"c#, interface, constraints",2018,web frontend
stackoverflow_question,"python, tensorflow",2018,data_ai
stackoverflow_question,"java, pdfbox, rectangles",2018,web backend
stackoverflow_question,"c++, stdtuple",2018,embedded
stackoverflow_question,"php, wordpress, woocommerce, cart, shortcode",2018,web frontend
stackoverflow_question,"c#, unity3d, controls",2018,game
stackoverflow_question,"javascript, jquery, ajax",2018,web frontend
stackoverflow_question,"javascript, jquery",2018,data_ai
stackoverflow_question,javascript,2018,web frontend
stackoverflow_question,"c#, .net, ternary-operator",2018,web frontend
stackoverflow_question,"c#, sql-server, web-services, httpwebrequest, sqlclr",2018,web backend
stackoverflow_question,"javascript, jquery",2018,web frontend
stackoverflow_question,"python, google-cloud-speech",2018,web backend
stackoverflow_question,"c#, byte, short, icomparer",2018,web backend
stackoverflow_question,"python, rss, feedparser",2018,web frontend
stackoverflow_question,"ruby, enumerator",2018,web backend
stackoverflow_question,"swift, twilio",2018,security
stackoverflow_question,"javascript, jquery, jspdf",2018,web frontend
stackoverflow_question,"java, excel, apache-poi",2018,enterprise
stackoverflow_question,"python, python-3.x, list, list-comprehension",2018,data_ai
stackoverflow_question,"python, pandas, networkx",2018,data_ai
stackoverflow_question,"string, list, haskell",2018,web frontend
stackoverflow_question,"swift, macos, nstableview",2018,web frontend
stackoverflow_question,"typescript, generics, interface",2018,web frontend
stackoverflow_question,"go, interface, go-map",2018,web backend
stackoverflow_question,"javascript, jquery",2018,web frontend
stackoverflow_question,"php, ubuntu, server, apache2, system-administration",2018,web backend
stackoverflow_question,"c#, tfs",2018,web backend
stackoverflow_question,"python, amazon-web-services, lambda, errno, tmp",2018,devops_cloud
stackoverflow_question,"javascript, ecmascript-6",2018,web frontend
stackoverflow_question,"python, database, arangodb",2018,data_ai
stackoverflow_question,"php, wordpress, woocommerce, product, custom-taxonomy",2018,web frontend
stackoverflow_question,"javascript, function, for-loop, jslint, jshint",2018,web frontend
stackoverflow_question,"python, dictionary",2018,data_ai
stackoverflow_question,"javascript, functional-programming",2018,web frontend
stackoverflow_question,"python, loops, for-loop",2018,web backend
stackoverflow_question,"c#, azure-devops, azure-devops-rest-api",2018,enterprise
stackoverflow_question,"javascript, ruby-on-rails, twitter-bootstrap, coffeescript, turbolinks",2018,web frontend
stackoverflow_question,"c#, cefsharp",2018,web frontend
stackoverflow_question,"javascript, jquery, amazon-s3, file-upload, blueimp",2018,web frontend
stackoverflow_question,kotlin,2018,web frontend
stackoverflow_question,"python, python-behave",2018,testing_qa
stackoverflow_question,"c#, sql, linq, lambda, automapper",2018,web frontend
stackoverflow_question,"javascript, jquery, checkbox, input",2018,web frontend
stackoverflow_question,"c#, .net, shared-memory, memory-mapped-files, cer",2018,embedded
stackoverflow_question,"javascript, php, jquery, twitter-bootstrap",2018,web frontend
stackoverflow_question,"swift, deviceid",2018,mobile
stackoverflow_question,"c++, vector, stl",2018,embedded
stackoverflow_question,"c++, lambda, language-lawyer, standards, final",2018,enterprise
stackoverflow_question,"python, seaborn, heatmap",2018,data_ai
stackoverflow_question,"php, composer-php, amazon-elastic-beanstalk",2018,devops_cloud
stackoverflow_question,"rust, string-formatting",2018,web frontend
stackoverflow_question,"javascript, casting, boolean, operators",2018,web frontend
stackoverflow_question,"python, plot, axis, pyqtgraph",2018,data_ai
stackoverflow_question,"python, numpy, gradient",2018,data_ai
stackoverflow_question,"scala, intellij-idea",2018,enterprise
stackoverflow_question,"php, doctrine-orm",2018,web backend
stackoverflow_question,php,2018,security
stackoverflow_question,"python, pandas",2018,data_ai
stackoverflow_question,"python, networkx, gephi",2018,data_ai
stackoverflow_question,typescript,2018,web frontend
stackoverflow_question,"javascript, angularjs, single-sign-on, saml-2.0, shibboleth",2018,web frontend
stackoverflow_question,"java, google-cloud-firestore, firebase-admin",2018,data_ai
stackoverflow_question,"go, mongo-go",2018,web backend
stackoverflow_question,"java, java-8, java-stream",2018,web backend
stackoverflow_question,"java, c, udp",2018,web backend
stackoverflow_question,"c#, .net, parsing, datetime, datetime-format",2018,data_ai
stackoverflow_question,"c#, list, for-loop, iterator",2018,web backend
stackoverflow_question,"javascript, dictionary, d3.js, d3.js-lasso",2018,web frontend
stackoverflow_question,rust,2018,data_ai
stackoverflow_question,"c++, c++11, c++14, variadic-templates, c++17",2018,data_ai
stackoverflow_question,"parsing, haskell, functional-programming, monads",2018,web frontend
stackoverflow_question,"c++, qt, qt-designer",2018,web frontend
stackoverflow_question,"python, luigi",2018,data_ai
stackoverflow_question,c++,2018,embedded
stackoverflow_question,"javascript, inheritance, es6-promise, es6-class",2018,web frontend
stackoverflow_question,"arrays, python-3.x, 3d, geometry",2018,web frontend
stackoverflow_question,"python, python-2.7, pyspark, pyspark-sql, spss-modeler",2018,data_ai
stackoverflow_question,"c++, codeblocks, wxwidgets",2018,embedded
stackoverflow_question,"javascript, angularjs, date",2018,web frontend
stackoverflow_question,"python-3.x, pygame, sprite",2018,game
stackoverflow_question,"python, pandas",2018,data_ai
stackoverflow_question,"javascript, jquery, lightgallery",2018,web frontend
stackoverflow_question,kotlin,2018,data_ai
stackoverflow_question,"python, python-3.x, dictionary",2018,data_ai
stackoverflow_question,"rust, protocol-buffers",2018,developer tools
stackoverflow_question,"scala, hdfs",2018,data_ai
stackoverflow_question,"python, python-3.x, euclidean-distance",2018,data_ai
stackoverflow_question,"javascript, javascript-objects",2018,web frontend
stackoverflow_question,"c#, inheritance, xamarin, xamarin.forms",2018,enterprise
stackoverflow_question,"python, opencv",2018,data_ai
stackoverflow_question,"c#, dependency-injection, autofac, asp.net-core-1.1",2018,web backend
stackoverflow_question,"python, python-3.x, python-unittest",2018,testing_qa
stackoverflow_question,"php, woocommerce, cart, checkout, custom-taxonomy",2018,web frontend
stackoverflow_question,"python, pandas, group-by, sum, head",2018,data_ai
stackoverflow_question,"c#, sql, winforms",2018,web backend
stackoverflow_question,"python, gzip, python-2.6",2018,web frontend
stackoverflow_question,"c#, asp.net-mvc, asp.net-core, asp.net-core-2.0",2018,web backend
stackoverflow_question,"python, pandas, loops, csv",2018,data_ai
stackoverflow_question,"c, arrays",2018,embedded
stackoverflow_question,"arrays, swift, string, algorithm, double",2018,mobile
stackoverflow_question,"java, arrays, loops",2018,web backend
stackoverflow_question,"python, pandas, time-series",2018,data_ai
stackoverflow_question,"python, tensorflow, keras, keras-layer",2018,data_ai
stackoverflow_question,c,2018,web backend
stackoverflow_question,"python, pandas, scipy",2018,data_ai
stackoverflow_question,"python, filenames, os.path",2018,web backend
stackoverflow_question,"java, jersey, jax-rs, swagger",2018,web frontend
stackoverflow_question,"java, javafx, media-player, scenebuilder, seekbar",2018,web frontend
stackoverflow_question,"java, tree, nashorn",2018,web frontend
stackoverflow_question,"go, utf-8",2018,web backend
stackoverflow_question,"c#, inheritance, unmarshalling, vtable",2018,web backend
stackoverflow_question,"python, tensorflow",2018,data_ai
stackoverflow_question,"c#, linq, default-value",2018,enterprise
stackoverflow_question,"python, python-3.x, python-2.7, pandas, statistics",2018,data_ai
stackoverflow_question,"python, pandas, datetime, dataframe, type-conversion",2018,data_ai
stackoverflow_question,"javascript, canvas, fabricjs",2018,web frontend
stackoverflow_question,"java, validation, jtextfield",2018,web frontend
stackoverflow_question,"scala, akka, cluster-computing, sharding",2018,devops_cloud
stackoverflow_question,c++,2018,embedded
stackoverflow_question,"c#, localization, asp.net-core-mvc",2018,web frontend
stackoverflow_question,"python, numpy, matrix, tensor",2018,data_ai
stackoverflow_question,"javascript, jquery",2018,web frontend
stackoverflow_question,"c#, math, geometry",2018,web frontend
stackoverflow_question,"python, numpy",2018,data_ai
stackoverflow_question,java,2018,enterprise
stackoverflow_question,"javascript, php, jquery, ajax, forms",2018,web backend
stackoverflow_question,"php, algorithm, numbers",2018,data_ai
stackoverflow_question,"python, python-3.x, discord.py",2018,web frontend
stackoverflow_question,"javascript, fabricjs",2018,web frontend
stackoverflow_question,"c++, reference",2018,embedded
stackoverflow_question,"javascript, three.js",2018,web frontend
stackoverflow_question,"python, list, for-loop",2018,data_ai
stackoverflow_question,"javascript, asynchronous, rxjs, reactivex",2018,web frontend
stackoverflow_question,"java, guava, option-type",2018,web backend
stackoverflow_question,"python, pandas, numpy, dataframe",2018,data_ai
stackoverflow_question,"python, smtplib",2018,web backend
stackoverflow_question,"swift, audiokit",2018,embedded
stackoverflow_question,"javascript, arrays",2018,data_ai
stackoverflow_question,"enums, rust, self",2018,web frontend
stackoverflow_question,"php, vlc, http-status-code-403",2018,web backend
stackoverflow_question,"python, networkx, cytoscape",2018,web frontend
stackoverflow_question,"javascript, canvas",2018,web frontend
stackoverflow_question,"c#, dictionary",2018,data_ai
stackoverflow_question,"javascript, c++, qwebview, qwebkit",2018,web frontend
stackoverflow_question,"scala, playframework, traits",2018,web backend
stackoverflow_question,"java, vert.x",2018,web backend
stackoverflow_question,"javascript, javascript-objects, dom-events",2018,web frontend
stackoverflow_question,python,2018,data_ai
stackoverflow_question,"java, debugging, intellij-idea",2018,web backend
stackoverflow_question,"python, python-3.x, subprocess",2018,web frontend
stackoverflow_question,"python, openpyxl",2018,web frontend
stackoverflow_question,"python, cython, static-typing",2018,embedded
stackoverflow_question,"c++, enums, roman-numerals",2018,web frontend
stackoverflow_question,"javascript, string, variables, tostring",2018,web frontend
stackoverflow_question,"python, python-imaging-library",2018,web frontend
stackoverflow_question,"c#, .net-core, screen-resolution",2018,embedded
stackoverflow_question,"python, pyqt, pyqt5, qpushbutton, qlistview",2018,embedded
stackoverflow_question,"python, python-3.x, python-3.6",2018,web frontend
stackoverflow_question,"swift, watchkit, watchos-3",2018,mobile
stackoverflow_question,"python, excel",2018,data_ai
stackoverflow_question,"python, dictionary, histogram",2018,data_ai
stackoverflow_question,"arrays, ruby, string, integer",2018,web backend
stackoverflow_question,"python, pandas",2018,data_ai
stackoverflow_question,"python, pandas, dataframe, melt",2018,data_ai
stackoverflow_question,"java, performance, clojure, benchmarking, microbenchmark",2018,data_ai
stackoverflow_question,"php, stdclass, array-push",2018,web backend
stackoverflow_question,"python, python-3.x, user-interface, kivy, kivy-language",2018,mobile
stackoverflow_question,"scala, anonymous-inner-class",2018,web backend
stackoverflow_question,"python, opencv, scikit-image, itk",2018,data_ai
stackoverflow_question,typescript,2018,web frontend
stackoverflow_question,c,2018,embedded
stackoverflow_question,"c#, powershell",2018,web backend
stackoverflow_question,"python, math, statistics",2018,data_ai
stackoverflow_question,"java, constructor, singleton",2018,enterprise
stackoverflow_question,"java, optaplanner",2018,web backend
stackoverflow_question,"go, makefile",2018,testing_qa
stackoverflow_question,"c, arrays, string",2018,web frontend
stackoverflow_question,"python, pandas",2018,data_ai
stackoverflow_question,"java, spring-boot-test",2018,web frontend
stackoverflow_question,"php, syntax, lint",2018,web backend
stackoverflow_question,"javascript, highcharts",2018,web frontend
stackoverflow_question,"python, cython, sympy",2018,data_ai
stackoverflow_question,"typescript, typing",2018,data_ai
stackoverflow_question,"java, stax, xmlstreamreader",2018,web backend
stackoverflow_question,"kotlin, kotlin-reflect",2018,web frontend
stackoverflow_question,"php, function, function-signature",2018,web frontend
stackoverflow_question,"java, printstream",2018,web frontend
stackoverflow_question,"java, database, servlets, model-view-controller",2018,web backend
stackoverflow_question,"java, collections",2018,data_ai
stackoverflow_question,"python, ubuntu, multiprocessing, python-multiprocessing, pathos",2018,data_ai
stackoverflow_question,"python-3.x, tensorflow, keras",2018,data_ai
stackoverflow_question,"python, pandas, dataframe, nan",2018,data_ai
stackoverflow_question,"python, parameters, ode, symfit",2018,data_ai
stackoverflow_question,"python, apache, cgi",2018,data_ai
stackoverflow_question,"python, python-3.x, formatting, output",2018,data_ai
stackoverflow_question,elixir,2018,web backend
stackoverflow_question,"swift, type-conversion",2018,embedded
stackoverflow_question,"java, arrays",2018,data_ai
stackoverflow_question,"python, python-3.x, combinations, itertools",2018,data_ai
stackoverflow_question,"c#, wpf, windows, data-binding",2018,web frontend
stackoverflow_question,php,2018,web backend
stackoverflow_question,"python-3.x, dask",2018,data_ai
stackoverflow_question,"c++, boost-unit-test-framework",2018,testing_qa
stackoverflow_question,"c++, arrays, c++11, operator-overloading",2018,embedded
stackoverflow_question,"java, c, openssl, rsa, signing",2018,security
stackoverflow_question,"go, floating-point, binary",2018,web frontend
stackoverflow_question,"haskell, types",2018,web backend
stackoverflow_question,"c++, c++11, overloading, overload-resolution",2018,web frontend
stackoverflow_question,"python, python-3.x, matplotlib, plot, axis-labels",2018,data_ai
stackoverflow_question,"dart, aqueduct",2018,web backend
stackoverflow_question,"python, time-series, detection, anomaly-detection",2018,data_ai
stackoverflow_question,"python, python-3.x, python-2.7, loops, input",2018,security
stackoverflow_question,"php, wordpress, methods, woocommerce, orders",2018,web frontend
stackoverflow_question,"c#, wpf",2018,enterprise
stackoverflow_question,"javascript, php, sdk",2018,web frontend
stackoverflow_question,"javascript, ecmascript-6, async-await, es6-promise",2018,web frontend
stackoverflow_question,"python-3.x, bots, centos6, discord, discord.py",2018,enterprise
stackoverflow_question,"python, pandas, dataframe, scipy, statistics",2018,data_ai
stackoverflow_question,"python, python-3.x, class, inheritance, uml",2018,web frontend
stackoverflow_question,"java, date, java-time, datetimeoffset",2018,data_ai
stackoverflow_question,"javascript, jquery, replacewith",2018,web frontend
stackoverflow_question,"python, stripe-payments",2018,web backend
stackoverflow_question,python,2018,web backend
stackoverflow_question,"javascript, visual-studio-code",2018,web frontend
stackoverflow_question,"c#, wpf, telerik",2018,web frontend
stackoverflow_question,"c++, fork",2018,data_ai
stackoverflow_question,"command-line-interface, julia",2018,data_ai
stackoverflow_question,"python, pyside",2018,web frontend
stackoverflow_question,"java, multithreading, asynchronous, netty, nio",2018,web backend
stackoverflow_question,"c#, linq, linq-to-sql",2018,web backend
stackoverflow_question,c,2018,embedded
stackoverflow_question,"typescript, chai, chai-as-promised",2018,testing_qa
stackoverflow_question,"syntax, functional-programming, kotlin",2018,web frontend
stackoverflow_question,"c++, arm, embedded, atmelstudio, samd21",2018,web frontend
stackoverflow_question,"python, pandas, matrix, grid, geo",2018,data_ai
stackoverflow_question,rust,2018,data_ai
stackoverflow_question,"php, eloquent",2018,web frontend
stackoverflow_question,typescript,2018,web frontend
stackoverflow_question,"python, matplotlib, seaborn, scatter-plot",2018,data_ai
stackoverflow_question,"python-3.x, pyqt, pyqt5",2018,web frontend
stackoverflow_question,"python, function, parameters",2018,web frontend
stackoverflow_question,"java, java-9",2018,web backend
stackoverflow_question,java,2018,web frontend
stackoverflow_question,"c#, function, c#-7.0",2018,web frontend
stackoverflow_question,"python, pandas",2018,data_ai
stackoverflow_question,"python, amazon-web-services, amazon-s3, boto3",2018,devops_cloud
stackoverflow_question,"c#, syntax, string-interpolation",2018,web frontend
stackoverflow_question,"c#, xaml, xamarin.forms",2018,mobile
stackoverflow_question,"python, python-3.x, decision-tree, sklearn-pandas",2018,data_ai
stackoverflow_question,"python-3.x, opengl, qt5, qt3d, pyside2",2018,web frontend
stackoverflow_question,"c#, .net, google-my-business-api",2018,web backend
stackoverflow_question,"python, python-3.x, list, tuples",2018,web frontend
stackoverflow_question,"c++, opengl, glm-math",2018,embedded
stackoverflow_question,"c, strlen",2018,web frontend
stackoverflow_question,"c++, opencv, matrix, kalman-filter",2018,data_ai
stackoverflow_question,"php, excel, merge, phpspreadsheet",2018,web backend
stackoverflow_question,"java, swing, user-interface",2018,web frontend
stackoverflow_question,"python, pandas, dataframe",2018,data_ai
stackoverflow_question,"python, pandas, dataframe, utf-8",2018,data_ai
stackoverflow_question,java,2018,data_ai
stackoverflow_question,"scala, collections, sum, operator-overloading, implicit",2018,web backend
stackoverflow_question,"java, constructor",2018,enterprise
stackoverflow_question,"c, language-lawyer",2018,embedded
stackoverflow_question,"python-3.x, xgboost",2018,data_ai
stackoverflow_question,c,2018,embedded
stackoverflow_question,"c++, c++11, compiler-errors, stdthread",2018,embedded
stackoverflow_question,"python, algorithm, opencv, image-processing, hough-transform",2018,data_ai
stackoverflow_question,"java, asynchronous, callback, vert.x",2018,web backend
stackoverflow_question,"scala, amazon-s3, akka-stream, akka-http",2018,web backend
stackoverflow_question,"c#, winforms, automated-tests",2018,testing_qa
stackoverflow_question,"python, pandas",2018,data_ai
stackoverflow_question,"c#, unit-testing, integration-testing, xunit, xunit.net",2018,testing_qa
stackoverflow_question,"python, tensorflow",2018,data_ai
stackoverflow_question,"python, psycopg2, aiohttp",2018,web backend
stackoverflow_question,"typescript, uml",2018,web frontend
stackoverflow_question,"c, algorithm, sha1",2018,web backend
stackoverflow_question,"python, pandas",2018,data_ai
stackoverflow_question,"c++, r, cmake",2018,web backend
stackoverflow_question,"python, list, dictionary",2018,data_ai
stackoverflow_question,"c#, linq-expressions",2018,web backend
stackoverflow_question,"python, opencv, image-processing, computer-vision, laplacianofgaussian",2018,data_ai
stackoverflow_question,"java, arrays, arraylist, multidimensional-array, 2d",2018,web frontend
stackoverflow_question,"c#, xaml, xamarin, xamarin.forms",2018,mobile
stackoverflow_question,"javascript, canvas",2018,web frontend
stackoverflow_question,"c#, asp.net-mvc, entity-framework, asp.net-mvc-5, summernote",2018,web frontend
stackoverflow_question,"string, python-3.x",2018,web frontend
stackoverflow_question,"python, signals, python-asyncio",2018,web backend
stackoverflow_question,"php, gd",2018,web frontend
stackoverflow_question,kotlin,2018,mobile
stackoverflow_question,"javascript, code.org",2018,game
stackoverflow_question,"php, macos, apache, apache2, macos-mojave",2018,devops_cloud
stackoverflow_question,"python, pandas, unique, networkx, relation",2018,data_ai
stackoverflow_question,"python, pandas, dataframe",2018,data_ai
stackoverflow_question,"java, elasticsearch",2018,data_ai
stackoverflow_question,"python, python-3.x, find",2018,web frontend
stackoverflow_question,"c#, .net, wpf, winforms, opengl",2018,web frontend
stackoverflow_question,"javascript, arrays, typeof",2018,web frontend
stackoverflow_question,"c++, pandas, parquet, pyarrow",2018,data_ai
stackoverflow_question,"c#, asp.net-core, asp.net-core-webapi",2018,web backend
stackoverflow_question,"tuples, julia, fill",2018,developer tools
stackoverflow_question,"python, pandas, matplotlib, seaborn",2018,data_ai
stackoverflow_question,"python, algorithm, shuffle",2018,data_ai
stackoverflow_question,java,2018,web frontend
stackoverflow_question,"java, date, converter",2018,web backend
stackoverflow_question,"javascript, ecmascript-6",2018,web frontend
stackoverflow_question,"javascript, function, primes",2018,data_ai
stackoverflow_question,"java, date, datetime, jodatime, java-time",2018,data_ai
stackoverflow_question,c#,2018,enterprise
stackoverflow_question,"c#, winforms, keypress, acceptbutton",2018,web frontend
stackoverflow_question,"typescript, aurelia, ag-grid",2018,web frontend
stackoverflow_question,"python, arrays, scipy, entropy",2018,data_ai
stackoverflow_question,"c++, language-lawyer, strict-aliasing",2018,security
stackoverflow_question,"python, c++, numpy, benchmarking, eigen",2018,data_ai
stackoverflow_question,python,2018,data_ai
stackoverflow_question,"javascript, blockchain, ethereum, solidity",2018,blockchain
stackoverflow_question,"python, python-2.7, input",2018,data_ai
stackoverflow_question,haskell,2018,web frontend
stackoverflow_question,"c#, winforms, graphics, label, gdi+",2018,web frontend
stackoverflow_question,"python, linux, debian, autokey",2018,embedded
stackoverflow_question,"python, pandas, seaborn",2018,data_ai
stackoverflow_question,"python, pandas, matplotlib, seaborn",2018,data_ai
stackoverflow_question,"python-3.x, pandas, matplotlib, colors, bokeh",2018,web frontend
stackoverflow_question,"c++, visual-c++, linker",2018,embedded
stackoverflow_question,python,2018,security
stackoverflow_question,python,2018,data_ai
stackoverflow_question,"python-3.x, amazon-web-services, aws-lambda",2018,devops_cloud
stackoverflow_question,"c, misra, greenhills",2018,embedded
stackoverflow_question,"python, binary, counting, run-length-encoding",2018,data_ai
stackoverflow_question,"python, matplotlib, rotation, patch",2018,web frontend
stackoverflow_question,"javascript, leaflet, popupwindow",2018,web frontend
stackoverflow_question,"javascript, service-worker, progressive-web-apps, offline-caching, offlineapps",2018,web frontend
stackoverflow_question,scala,2018,data_ai
stackoverflow_question,"python, c, floating-point",2018,data_ai
stackoverflow_question,"java, jakarta-ee, jfr",2018,web backend
stackoverflow_question,"javascript, object, overriding, userscripts, tampermonkey",2018,enterprise
stackoverflow_question,"c#, botframework, azure-cosmosdb",2018,web backend
stackoverflow_question,php,2018,web frontend
stackoverflow_question,"python, list, swap",2018,data_ai
stackoverflow_question,"python, datetime, matplotlib, timedelta",2018,data_ai
stackoverflow_question,"php, codeception, web-api-testing",2018,web frontend
stackoverflow_question,"python, c++, boost, homebrew, boost-python",2018,enterprise
stackoverflow_question,"java, date, timestamp",2018,web frontend
stackoverflow_question,elixir,2018,web backend
stackoverflow_question,"java, string, reference",2018,enterprise
stackoverflow_question,"arrays, go",2018,web backend
stackoverflow_question,"c#, ms-access, cmd",2018,enterprise
stackoverflow_question,"python, bash, google-chrome, indexeddb, leveldb",2018,data_ai
stackoverflow_question,"java, linux, centos",2018,security
stackoverflow_question,"go, go-templates",2018,web frontend
stackoverflow_question,"python, arrays, excel, csv, numpy",2018,data_ai
stackoverflow_question,"java, sonarqube, sonarlint",2018,developer tools
stackoverflow_question,"c++, string",2018,embedded
stackoverflow_question,"python, python-3.x, pandas",2018,data_ai
stackoverflow_question,"java, javafx",2018,web frontend
stackoverflow_question,"python, matplotlib, colorbar",2018,data_ai
stackoverflow_question,"javascript, loops, object",2018,data_ai
stackoverflow_question,"python-3.x, pandas, plotly",2018,data_ai
stackoverflow_question,"c++, gcc, sha, intrinsics, powerpc",2018,embedded
stackoverflow_question,"c++, assembly, visual-c++, x86-64, disassembly",2018,embedded
stackoverflow_question,"c, string, substring, instance",2018,embedded
stackoverflow_question,"php, twitter-bootstrap-3, mpdf",2018,web backend
stackoverflow_question,"java, javafx, java-8, observablelist, extractor",2018,enterprise
stackoverflow_question,"java, guava, long-integer",2018,data_ai
stackoverflow_question,"c++, templates, inheritance",2018,embedded
stackoverflow_question,"java, hibernate, enums, lombok",2018,web backend
stackoverflow_question,"java, javafx-8, scenebuilder",2018,web frontend
stackoverflow_question,"python, python-3.x, multiprocessing, python-multiprocessing",2018,data_ai
stackoverflow_question,"python, list, list-comprehension, lowercase",2018,web frontend
stackoverflow_question,"typescript, oop, overloading",2018,web frontend
stackoverflow_question,"php, wordpress",2018,web frontend
stackoverflow_question,"java, javafx",2018,web frontend
stackoverflow_question,"javascript, dicom, volume-rendering, papaya",2018,web frontend
stackoverflow_question,"c, linux, pthreads",2018,embedded
stackoverflow_question,"python, python-3.x, loops, sorting, dictionary",2018,data_ai
stackoverflow_question,"python, button, tkinter, minesweeper",2018,web frontend
stackoverflow_question,"javascript, jquery",2018,web frontend
stackoverflow_question,"c++, floating-point, type-conversion, integer, integer-overflow",2018,embedded
stackoverflow_question,"c#, wpf",2018,web frontend
stackoverflow_question,"c#, wpf, shared-project",2018,web frontend
stackoverflow_question,"python, matplotlib, python-xarray",2018,data_ai
stackoverflow_question,"java, multithreading, rmi",2018,web backend
stackoverflow_question,"java, inheritance, parameters, constructor, polymorphism",2018,web frontend
stackoverflow_question,"c++, opengl",2018,embedded
stackoverflow_question,"python, arrays, tensorflow, variable-assignment",2018,data_ai
stackoverflow_question,"c, fortran, gfortran, fortran-iso-c-binding",2018,embedded
stackoverflow_question,"java, dice, seeding",2018,web backend
stackoverflow_question,"python, csv, avro",2018,data_ai
stackoverflow_question,"java, arrays",2018,web frontend
stackoverflow_question,c++,2018,embedded
stackoverflow_question,"c#, .net, file-upload, asp.net-core-webapi",2018,web backend
stackoverflow_question,"c++, c++11, grpc",2018,embedded
stackoverflow_question,"c++, header, namespaces",2018,embedded
stackoverflow_question,haskell,2018,enterprise
stackoverflow_question,"c#, class",2018,web backend
stackoverflow_question,"haskell, ghc",2018,data_ai
stackoverflow_question,rust,2018,developer tools
stackoverflow_question,"c#, .net-core, identityserver4",2018,security
stackoverflow_question,"c++, qt, qml",2018,embedded
stackoverflow_question,"java, modelmapper",2018,web backend
stackoverflow_question,"c#, entity-framework-core",2018,web backend
stackoverflow_question,"kotlin, corda",2018,mobile
stackoverflow_question,"javascript, lodash",2018,data_ai
stackoverflow_question,"python, pygame",2018,game
stackoverflow_question,"python, python-3.x, python-2.7",2018,web frontend
stackoverflow_question,"c#, python",2018,enterprise
stackoverflow_question,"python, matplotlib",2018,data_ai
stackoverflow_question,"javascript, jquery, jquery-ui, jquery-animate",2018,web frontend
stackoverflow_question,"c++, qt, spdlog",2018,embedded
stackoverflow_question,"python, arrays, csv",2018,data_ai
stackoverflow_question,"c#, castle-dynamicproxy",2018,enterprise
stackoverflow_question,"tensorflow, julia",2018,data_ai
stackoverflow_question,"c, string-parsing, strtoul",2018,web frontend
stackoverflow_question,"c#, lambda",2018,data_ai
stackoverflow_question,"python, amazon-web-services, amazon-s3, boto3",2018,devops_cloud
stackoverflow_question,"php, typo3, typoscript, fluid, typo3-8.x",2018,web frontend
stackoverflow_question,"python, python-3.x",2018,data_ai
stackoverflow_question,"swift, codable, nskeyedarchiver",2018,mobile
stackoverflow_question,"php, excel, yii",2018,web frontend
stackoverflow_question,"scala, apache-spark, rdd",2018,data_ai
stackoverflow_question,"python, pandas, dataframe",2018,data_ai
stackoverflow_question,"c++, linux, qt",2018,embedded
stackoverflow_question,"c#, lua, modulo",2018,web frontend
stackoverflow_question,"python, python-3.x",2018,data_ai
stackoverflow_question,"haskell, lambda, types, expression, type-inference",2018,data_ai
stackoverflow_question,"ruby-on-rails, ruby",2018,web backend
stackoverflow_question,"c#, oop, constructor, asp.net-mvc-5",2018,web backend
stackoverflow_question,"c++, powershell, certificate",2018,devops_cloud
stackoverflow_question,"c++, friend",2018,embedded
stackoverflow_question,"python, pandas, dataframe, lambda, sliding-window",2018,data_ai
stackoverflow_question,"c#, entity-framework-core, asp.net-core-webapi",2018,web backend
stackoverflow_question,"python, class, websocket",2018,web frontend
stackoverflow_question,"javascript, kml, openlayers-3",2018,web frontend
stackoverflow_question,"python, list, string-comparison",2018,data_ai
stackoverflow_question,"python, string, python-3.x, pandas",2018,data_ai
stackoverflow_question,"javascript, ecmascript-6",2018,web frontend
stackoverflow_question,"dictionary, julia",2018,data_ai
stackoverflow_question,"java, java-8, wicket, wicket-6",2018,web frontend
stackoverflow_question,"python, ctypes",2018,web frontend
stackoverflow_question,"c, buffer-overflow, exploit",2018,security
stackoverflow_question,"python, python-3.x, numpy, optimization, scipy",2018,data_ai
stackoverflow_question,"python, charts, bokeh, holoviews",2018,web frontend
stackoverflow_question,"swift, sorting, copy-on-write",2018,mobile
stackoverflow_question,"python-3.x, pycrypto, pycryptodome, python-cryptography",2018,security
stackoverflow_question,"swift, audiokit, aksequencer",2018,embedded
stackoverflow_question,"java, junit, code-coverage, jacoco",2018,testing_qa
stackoverflow_question,"php, yii, yii1.x",2018,web frontend
stackoverflow_question,"c#, botframework, azure-language-understanding, qnamaker",2018,web frontend
stackoverflow_question,javascript,2018,web frontend
stackoverflow_question,"c++, constructor",2018,embedded
stackoverflow_question,"python, pandas, csv",2018,data_ai
stackoverflow_question,"c#, encoding, binary, cryptography, asn.1",2018,security
stackoverflow_question,"python, pandas, csv, concatenation",2018,data_ai
stackoverflow_question,"java, curl, spring-rest",2018,web backend
stackoverflow_question,"java, java-8, mapstruct",2018,developer tools
stackoverflow_question,"python, status, tensorflow-serving",2018,data_ai
stackoverflow_question,c++,2018,web frontend
stackoverflow_question,"c++, enums, language-lawyer, partial-specialization",2018,web backend
stackoverflow_question,"typescript, generics, type-inference",2018,web frontend
stackoverflow_question,"python, python-3.x, itertools",2018,data_ai
stackoverflow_question,"python, python-3.x, pandas, function",2018,web frontend
stackoverflow_question,"c#, unzip",2018,web frontend
stackoverflow_question,"python, pandas, dataframe, data-analysis",2018,data_ai
stackoverflow_question,"python, robobrowser",2018,web frontend
stackoverflow_question,"python, pandas, dataframe, append",2018,data_ai
stackoverflow_question,"c++, c++14, sfinae, boost-hana",2018,web frontend
stackoverflow_question,"c++, recursion",2018,web backend
stackoverflow_question,"python, networkx, graph-theory",2018,data_ai
stackoverflow_question,"go, default-value",2018,web backend
stackoverflow_question,"python, tensorflow, conditional-statements, distribution, median",2018,data_ai
stackoverflow_question,"java, scala, apache-spark, apache-spark-sql, spark-structured-streaming",2018,data_ai
stackoverflow_question,"python, pandas, performance, loops, numpy",2018,data_ai
stackoverflow_question,"c#, wpf",2018,web frontend
stackoverflow_question,"python, matplotlib, plot",2018,data_ai
stackoverflow_question,"c++, gcc, variable-length-array",2018,embedded
stackoverflow_question,"java, random, secure-random",2018,security
stackoverflow_question,"javascript, html2canvas",2018,web frontend
stackoverflow_question,"javascript, jquery, daterangepicker",2018,web frontend
stackoverflow_question,"java, tomcat, csrf, csrf-protection, nonce",2018,security
stackoverflow_question,"java, string, list, substring",2018,web frontend
stackoverflow_question,"php, database, odbc, pick",2018,web backend
stackoverflow_question,"scala, unit-testing, mockito, aws-glue",2018,testing_qa
stackoverflow_question,"c#, asp.net-core, identity, asp.net-core-2.1, asp.net-core-2.2",2018,web backend
stackoverflow_question,"c#, linq, entity-framework-core, aspnetboilerplate",2018,data_ai
stackoverflow_question,"scala, apache-spark, cross-validation, xgboost, apache-spark-ml",2018,data_ai
stackoverflow_question,"java, oop, design-patterns, abstraction, bridge",2018,enterprise
stackoverflow_question,"python, methods, python-3.6, argparse",2018,web backend
stackoverflow_question,"scala, structural-typing",2018,web backend
stackoverflow_question,"java, pdfbox",2018,web backend
stackoverflow_question,"c++, casting, floating-point, double, standards",2018,data_ai
stackoverflow_question,"c#, .net, ms-word, vsto",2018,enterprise
stackoverflow_question,"javascript, sharepoint, sharepoint-online, sharepoint-2016",2018,web frontend
stackoverflow_question,"java, relational-database, data-modeling, dao",2018,web backend
stackoverflow_question,"python, matplotlib, sequential",2018,data_ai
stackoverflow_question,"java, collections, java-8, java-stream, reduce",2018,web backend
stackoverflow_question,"python, gis, geopandas",2018,data_ai
stackoverflow_question,"python, optimization",2018,data_ai
stackoverflow_question,"python, pandas, dataframe",2018,data_ai
stackoverflow_question,"python, pandas, dataframe",2018,data_ai
stackoverflow_question,"java, sql, hibernate, many-to-many",2018,web backend
stackoverflow_question,"python, python-2.7, unicode",2018,web frontend
stackoverflow_question,"swift, design-patterns, boolean",2018,mobile
stackoverflow_question,"c#, excel, openxml, openxml-sdk",2018,enterprise
stackoverflow_question,"python, python-3.x, mpi, mpi4py",2018,embedded
stackoverflow_question,"scala, apache-spark, distributed-computing",2018,data_ai
stackoverflow_question,"javascript, discord, discord.js",2018,web frontend
stackoverflow_question,"javascript, html-table, prototypejs",2018,web frontend
stackoverflow_question,"java, generics",2018,data_ai
stackoverflow_question,"javascript, ajax, puppeteer",2018,web frontend
stackoverflow_question,"c, arrays, file, struct",2018,web backend
stackoverflow_question,python,2018,data_ai
stackoverflow_question,"swift, types, range",2018,mobile
stackoverflow_question,"python, pandas, dataframe",2018,data_ai
stackoverflow_question,"c#, reflection, types, expression",2018,data_ai
stackoverflow_question,"python, pandas, dataframe, merge",2018,data_ai
stackoverflow_question,"c#, linq, return-type, anonymous",2018,web backend
stackoverflow_question,"c#, .net-core, entity-framework-core",2018,web backend
stackoverflow_question,"scala, scalatest",2018,testing_qa
stackoverflow_question,"haskell, vim",2018,data_ai
stackoverflow_question,"java, apache-httpclient-4.x, spring-ws",2018,web backend
stackoverflow_question,"javascript, google-chrome, audio, google-chrome-app",2018,web frontend
stackoverflow_question,"c#, asp.net-mvc, asp.net-core, partial-views, razor-pages",2018,web backend
stackoverflow_question,"python, python-3.x, list",2018,embedded
stackoverflow_question,"python, python-3.x",2018,developer tools
stackoverflow_question,"python-3.x, pygame",2018,game
stackoverflow_question,"c#, .net",2018,web backend
stackoverflow_question,"c#, dependency-injection, asp.net-core-mvc",2018,web backend
stackoverflow_question,"c#, unity3d, collision",2018,game
stackoverflow_question,"c++, c++11, try-catch, c++14, constexpr",2018,embedded
stackoverflow_question,"c#, datetime, backend",2018,developer tools
stackoverflow_question,"python, arrays, string, list, matplotlib",2018,data_ai
stackoverflow_question,typescript,2018,developer tools
stackoverflow_question,"php, wordpress, woocommerce, product, shipping-method",2018,web backend
stackoverflow_question,"php, image, gd, imagick",2018,data_ai
stackoverflow_question,"javascript, declaration, var",2018,developer tools
stackoverflow_question,"c++, fileinputstream, stringstream, string-parsing, stdstring",2018,developer tools
stackoverflow_question,"python, pandas",2018,data_ai
stackoverflow_question,"java, string, decode, encode",2018,developer tools
stackoverflow_question,"c#, asp.net-core-mvc",2018,web backend
stackoverflow_question,"c#, asynchronous, async-await",2018,web backend
stackoverflow_question,c#,2018,web frontend
stackoverflow_question,"python, numpy, neural-network",2018,data_ai
stackoverflow_question,"c#, sql, linq",2018,web backend
stackoverflow_question,"c++, multithreading, c++11, atomic, lock-free",2018,developer tools
stackoverflow_question,"java, java.util.scanner",2018,developer tools
stackoverflow_question,"c, stdout, stdin, getchar, putchar",2018,developer tools
stackoverflow_question,"python, python-3.x",2018,developer tools
stackoverflow_question,"python, numpy",2018,data_ai
stackoverflow_question,scala,2018,developer tools
stackoverflow_question,"c++, pointers, casting",2018,developer tools
stackoverflow_question,"swift, statusbar",2018,mobile
stackoverflow_question,"javascript, jquery, forms, validation",2018,web frontend
stackoverflow_question,"c++, winapi, visual-c++, windows-10-desktop, win64",2018,embedded
stackoverflow_question,"python, anaconda, spyder",2018,developer tools
stackoverflow_question,"python, list, pandas, dataframe, aggregate",2018,developer tools
stackoverflow_question,"python, multithreading, python-3.x, tkinter, python-multithreading",2018,developer tools
stackoverflow_question,"python, numpy, linear-algebra, svd",2018,data_ai
stackoverflow_question,"c++, xlib",2018,developer tools
stackoverflow_question,"go, 2d, slice",2018,developer tools
stackoverflow_question,"javascript, arrays, recursion",2018,web frontend
stackoverflow_question,"c, segmentation-fault",2018,embedded
stackoverflow_question,"c#, data-binding, observablecollection",2018,web backend
stackoverflow_question,"javascript, lodash",2018,web frontend
stackoverflow_question,"php, mysqli, foreach",2018,web backend
stackoverflow_question,"python, list-comprehension",2018,developer tools
stackoverflow_question,"javascript, string",2018,developer tools
stackoverflow_question,"java, liferay, liferay-7, liferay-6.2",2018,web backend
stackoverflow_question,"c#, wpf",2018,enterprise
stackoverflow_question,"kotlin, urlencode, ktor",2018,web backend
stackoverflow_question,"python, pandas",2018,data_ai
stackoverflow_question,"javascript, if-statement, boolean",2018,developer tools
stackoverflow_question,"javascript, visual-studio-code, vscode-extensions",2018,developer tools
stackoverflow_question,"python, protocol-buffers, conv-neural-network",2018,data_ai
stackoverflow_question,"c, linux, multithreading, fork, waitpid",2018,devops_cloud
stackoverflow_question,"python, cython, typed-memory-views, pep3118",2018,data_ai
stackoverflow_question,"c#, linq, iqueryable",2018,web backend
stackoverflow_question,"c#, .net, asp.net-mvc, iis-express, static-files",2018,web backend
stackoverflow_question,"c#, authentication, cookies, asp.net-core, jwt",2018,web backend
stackoverflow_question,"python, scikit-learn",2018,data_ai
stackoverflow_question,"c++, opencv",2018,data_ai
stackoverflow_question,"c#, .net",2018,data_ai
stackoverflow_question,"java, apache-kafka",2018,data_ai
stackoverflow_question,"c, opengl, glsl, glfw, glew",2018,embedded
stackoverflow_question,"javascript, google-chrome, unicode, emoji",2018,web frontend
stackoverflow_question,"java, rhino",2018,web backend
stackoverflow_question,"javascript, ecmascript-6, proxy",2018,web frontend
stackoverflow_question,"python, matplotlib, seaborn",2018,data_ai
stackoverflow_question,"php, google-cloud-platform, google-cloud-storage",2018,devops_cloud
stackoverflow_question,"c#, service, stream, using",2018,web backend
stackoverflow_question,"haskell, hakyll",2018,web frontend
stackoverflow_question,"c++, multithreading, sockets, boost, boost-asio",2018,web backend
stackoverflow_question,"javascript, jquery",2018,web frontend
stackoverflow_question,"rust, gstreamer, gif",2018,embedded
stackoverflow_question,"c#, linq",2019,developer tools
stackoverflow_question,"python, pandas",2019,data_ai
stackoverflow_question,scala,2019,web backend
stackoverflow_question,"c++, variables, constructor, buffer",2019,embedded
stackoverflow_question,"python, matlab, vector",2019,data_ai
stackoverflow_question,"c++, pointers, vector, memory-management",2019,web backend
stackoverflow_question,"python, amazon, boto, mws",2019,enterprise
stackoverflow_question,"c#, elasticsearch, nest, elasticsearch-6",2019,web backend
stackoverflow_question,"c#, unity3d",2019,game
stackoverflow_question,rust,2019,developer tools
stackoverflow_question,"c#, bluetooth, uwp, bluetooth-lowenergy, 32feet",2019,mobile
stackoverflow_question,"c++, inheritance",2019,embedded
stackoverflow_question,"c++, winapi",2019,web backend
stackoverflow_question,"c#, generics, compiler-optimization, jit",2019,enterprise
stackoverflow_question,"swift, unit-testing, rx-swift, swift4.2, rxtest",2019,mobile
stackoverflow_question,"python, python-3.x, image, numpy",2019,web frontend
stackoverflow_question,"c++, class, lambda",2019,embedded
stackoverflow_question,"python, file, directory, os.walk, subdirectory",2019,devops_cloud
stackoverflow_question,"python, pandas, dataframe, lambda",2019,data_ai
stackoverflow_question,"python, matplotlib, opengl, pyqtgraph",2019,web frontend
stackoverflow_question,"haskell, printing, gtk2hs",2019,web frontend
stackoverflow_question,"c#, dynamic-values",2019,web frontend
stackoverflow_question,"java, arrays, list, collections",2019,web backend
stackoverflow_question,"java, replace, replaceall",2019,web backend
stackoverflow_question,"python, numpy, matplotlib, data-visualization",2019,data_ai
stackoverflow_question,"javascript, jquery",2019,web frontend
stackoverflow_question,"python, pandas, for-loop, anaconda, spyder",2019,web backend
stackoverflow_question,"python, image-processing, scikit-image",2019,data_ai
stackoverflow_question,"c#, unit-testing, design-patterns, automated-tests, moq",2019,testing_qa
stackoverflow_question,"php, bots, telegram, telegram-bot, php-telegram-bot",2019,web backend
stackoverflow_question,"python, pandas, reindex",2019,data_ai
stackoverflow_question,"c, multithreading, pthreads, mutex",2019,testing_qa
stackoverflow_question,"scala, testing, akka, actor, akka-testkit",2019,testing_qa
stackoverflow_question,"python, pandas, dataframe, gis, geopandas",2019,data_ai
stackoverflow_question,"java, java-8, java-stream",2019,web backend
stackoverflow_question,c#,2019,data_ai
stackoverflow_question,"c++, c++14, c++17",2019,enterprise
stackoverflow_question,"c#, visual-studio-2017",2019,developer tools
stackoverflow_question,"java, javafx",2019,web frontend
stackoverflow_question,"javascript, ruby-on-rails, ruby-on-rails-5",2019,web frontend
stackoverflow_question,"scala, apache-spark, spark-dataframe, snappydata",2019,data_ai
stackoverflow_question,"c#, asp.net-core, .net-core, asp.net-core-2.0",2019,web backend
stackoverflow_question,"python, pandas",2019,data_ai
stackoverflow_question,"c, memory, linked-list, malloc",2019,embedded
stackoverflow_question,"python, pandas",2019,data_ai
stackoverflow_question,"javascript, d3.js, svg",2019,data_ai
stackoverflow_question,"python, pandas",2019,data_ai
stackoverflow_question,"c++, templates",2019,web backend
stackoverflow_question,"vector, rust",2019,web frontend
stackoverflow_question,"c#, performance, substring",2019,web backend
stackoverflow_question,"c++, qt, dll, qmediaplayer",2019,web frontend
stackoverflow_question,"python, macos, homebrew",2019,developer tools
stackoverflow_question,"java, datetime, serialization, jackson",2019,web backend
stackoverflow_question,"c#, wpf, xaml, mediaelement",2019,enterprise
stackoverflow_question,"c++, polymorphism, base-class",2019,embedded
stackoverflow_question,"c#, escaping, newline",2019,web backend
stackoverflow_question,"python, loops",2019,data_ai
stackoverflow_question,"python, url",2019,web backend
stackoverflow_question,"python, apache-beam, flatmap",2019,data_ai
stackoverflow_question,"swift, instance-variables, subclassing",2019,web backend
stackoverflow_question,"python, outlook, pywin32, win32com",2019,enterprise
stackoverflow_question,python,2019,web backend
stackoverflow_question,"python, python-3.x, networkx, shortest-path, weighted-graph",2019,data_ai
stackoverflow_question,"python, python-3.x, python-2.7",2019,data_ai
stackoverflow_question,"python, python-3.x, windows, python-2.7",2019,data_ai
stackoverflow_question,"javascript, python, outlook, outlook-addin",2019,enterprise
stackoverflow_question,"c#, microsoft-graph-api",2019,web backend
stackoverflow_question,"c++, vulkan",2019,game
stackoverflow_question,"python, noise",2019,game
stackoverflow_question,"python, pandas, numpy",2019,data_ai
stackoverflow_question,"python-3.x, tesseract, python-tesseract",2019,data_ai
stackoverflow_question,go,2019,developer tools
stackoverflow_question,"python, pandas, multi-index",2019,data_ai
stackoverflow_question,"c#, excel, model-view-controller, epplus",2019,web backend
stackoverflow_question,"javascript, vuejs2, vue-component, vue-router",2019,web frontend
stackoverflow_question,"c++, googletest",2019,testing_qa
stackoverflow_question,"javascript, google-chrome, google-chrome-extension",2019,web frontend
stackoverflow_question,"c++, qt",2019,embedded
stackoverflow_question,"ruby-on-rails, ruby",2019,web backend
stackoverflow_question,"c++, templates, generics",2019,data_ai
stackoverflow_question,"java, neo4j, cypher, relationship, neo4j-ogm",2019,data_ai
stackoverflow_question,"python, python-3.x, python-2.7, encoding, rot13",2019,web backend
stackoverflow_question,"java, user-interface, gwt",2019,enterprise
stackoverflow_question,"ruby, testing, tags, minitest",2019,web backend
stackoverflow_question,"javascript, c3.js",2019,web frontend
stackoverflow_question,"javascript, jquery, ruby-on-rails",2019,web backend
stackoverflow_question,javascript,2019,web frontend
stackoverflow_question,"c#, wpf, list, user-interface",2019,data_ai
stackoverflow_question,"java, csv, data-manipulation",2019,data_ai
stackoverflow_question,"python, python-3.x, pandas, numpy",2019,data_ai
stackoverflow_question,"python, arrays, numpy",2019,data_ai
stackoverflow_question,"javascript, jquery, tabs, modal-dialog, materialize",2019,web frontend
stackoverflow_question,"c, linux, macos, debugging, gdb",2019,developer tools
stackoverflow_question,"python, numpy",2019,data_ai
stackoverflow_question,"python-3.x, opencv",2019,data_ai
stackoverflow_question,"python, python-3.x, beautifulsoup",2019,web frontend
stackoverflow_question,ruby,2019,web backend
stackoverflow_question,"python, anaconda",2019,devops_cloud
stackoverflow_question,"c#, winforms, graphics",2019,web frontend
stackoverflow_question,"c#, generics, inheritance, type-conversion, extension-methods",2019,developer tools
stackoverflow_question,"c, aes, public-key-encryption, pkcs#11",2019,security
stackoverflow_question,"python-3.x, blpapi",2019,data_ai
stackoverflow_question,"java, abstract-class, multiple-inheritance, diamond-problem",2019,enterprise
stackoverflow_question,"python, pandas",2019,data_ai
stackoverflow_question,"java, sql-server, jdbc, liquibase",2019,devops_cloud
stackoverflow_question,"python, recursion, dynamic-programming, fibonacci, memoization",2019,data_ai
stackoverflow_question,"c++, constants, undefined-behavior, const-cast",2019,web backend
stackoverflow_question,"php, codeigniter, session",2019,web backend
stackoverflow_question,"python, python-3.x",2019,data_ai
stackoverflow_question,"python, yolo",2019,data_ai
stackoverflow_question,"python, matplotlib, pytorch",2019,data_ai
stackoverflow_question,"php, binary",2019,web backend
stackoverflow_question,"scala, apache-spark, spark-dataframe, apache-spark-dataset",2019,data_ai
stackoverflow_question,"javascript, animation, canvas, colors, setinterval",2019,web frontend
stackoverflow_question,python,2019,devops_cloud
stackoverflow_question,"kotlin, rx-java2",2019,data_ai
stackoverflow_question,"javascript, python, bit-manipulation, crc",2019,web frontend
stackoverflow_question,"python, numpy, opencv, image-processing",2019,data_ai
stackoverflow_question,"python, pandas, numpy",2019,data_ai
stackoverflow_question,"c#, dll, litedb",2019,web backend
stackoverflow_question,"go, middleware, go-gin",2019,web backend
stackoverflow_question,"java, if-statement, switch-statement",2019,web backend
stackoverflow_question,"javascript, jquery, animation",2019,web frontend
stackoverflow_question,"kotlin, properties, overriding, constants",2019,mobile
stackoverflow_question,"javascript, pass-by-reference, heap-memory",2019,web frontend
stackoverflow_question,"c++, c++11, initialization, list-initialization",2019,web backend
stackoverflow_question,"python, string, list, integer",2019,data_ai
stackoverflow_question,"javascript, puppeteer",2019,web frontend
stackoverflow_question,"python, function",2019,data_ai
stackoverflow_question,"c++, simulation, omnet++, veins, sumo",2019,data_ai
stackoverflow_question,"c#, uwp",2019,mobile
stackoverflow_question,"swift, phasset",2019,mobile
stackoverflow_question,"java, arraylist, collections, static",2019,data_ai
stackoverflow_question,"python, python-3.x, datetime",2019,data_ai
stackoverflow_question,"c, pointers, struct",2019,embedded
stackoverflow_question,"c#, entity-framework",2019,web backend
stackoverflow_question,"java, scala, collections, concurrency",2019,data_ai
stackoverflow_question,"c#, asp.net-core, .net-core",2019,web backend
stackoverflow_question,"javascript, stylesheet",2019,web frontend
stackoverflow_question,"python, avro, avsc",2019,data_ai
stackoverflow_question,"java, smartcard, javacard, apdu, smartcardio",2019,embedded
stackoverflow_question,"python, python-3.x, python-imaging-library, python-tesseract",2019,data_ai
stackoverflow_question,"python, python-3.x, class, oop, self",2019,data_ai
stackoverflow_question,"c#, c++, ndis, raw-ethernet",2019,embedded
stackoverflow_question,"python, python-3.x, pygame",2019,game
stackoverflow_question,"go, parallel-processing",2019,devops_cloud
stackoverflow_question,"python, python-2.7",2019,web backend
stackoverflow_question,"javascript, c#, websocket",2019,web backend
stackoverflow_question,"python, combinatorics, knapsack-problem",2019,data_ai
stackoverflow_question,"python, list",2019,data_ai
stackoverflow_question,"python, python-3.x, validation, input, while-loop",2019,web backend
stackoverflow_question,"python, pandas, dataframe, series",2019,data_ai
stackoverflow_question,"java, multithreading, amazon-web-services, amazon-s3",2019,devops_cloud
stackoverflow_question,"c++, winapi",2019,devops_cloud
stackoverflow_question,"python, python-2.7, unit-testing, mocking",2019,testing_qa
stackoverflow_question,"php, web-scraping, simple-html-dom",2019,web frontend
stackoverflow_question,"c, arrays",2019,data_ai
stackoverflow_question,"python, python-3.x, pandas, export-to-csv, missing-data",2019,data_ai
stackoverflow_question,c++,2019,embedded
stackoverflow_question,"python, pandas, dataframe",2019,data_ai
stackoverflow_question,"c++, uwp, windows-10-universal, smartcard",2019,embedded
stackoverflow_question,"c#, asp.net-core, owin",2019,web backend
stackoverflow_question,"python, opencv, contour",2019,data_ai
stackoverflow_question,"c#, async-await, task",2019,web backend
stackoverflow_question,"c, linux, bash, shell",2019,devops_cloud
stackoverflow_question,"python, dictionary",2019,data_ai
stackoverflow_question,"python, z3, z3py",2019,data_ai
stackoverflow_question,"python, audio, raspberry-pi, raspberry-pi3, raspbian",2019,iot
stackoverflow_question,"java, ubuntu, tomcat",2019,web backend
stackoverflow_question,"javascript, html5-canvas, fabricjs",2019,web frontend
stackoverflow_question,"python, python-2.7, dictionary",2019,data_ai
stackoverflow_question,"python, pandas, dataframe",2019,data_ai
stackoverflow_question,"c++, design-patterns, pattern-matching",2019,enterprise
stackoverflow_question,"c#, unity3d",2019,game
stackoverflow_question,"c, locale, codepage-437",2019,devops_cloud
stackoverflow_question,"python, scikit-learn, xgboost",2019,data_ai
stackoverflow_question,"python, python-3.x, google-colaboratory, pydrive",2019,data_ai
stackoverflow_question,python,2019,data_ai
stackoverflow_question,"ruby-on-rails, ruby, testing, file-upload, rspec",2019,testing_qa
stackoverflow_question,"java, ignite",2019,data_ai
stackoverflow_question,"python-3.x, google-cloud-platform, google-cloud-storage, google-compute-engine",2019,devops_cloud
stackoverflow_question,"python, numpy, matplotlib, gaussian, kernel-density",2019,data_ai
stackoverflow_question,"java, generics, collections, types",2019,enterprise
stackoverflow_question,"java, scala, loops, enums",2019,data_ai
stackoverflow_question,"python, keras, generator",2019,data_ai
stackoverflow_question,python,2019,developer tools
stackoverflow_question,"haskell, fold",2019,data_ai
stackoverflow_question,"c#, asp.net-core, dependency-injection, entity-framework-core",2019,web backend
stackoverflow_question,"python, pandas",2019,data_ai
stackoverflow_question,"javascript, angularjs, promise",2019,web frontend
stackoverflow_question,c++,2019,data_ai
stackoverflow_question,"haskell, ghc, template-haskell",2019,data_ai
stackoverflow_question,"php, git, xampp, content-management-system, craftcms",2019,web backend
stackoverflow_question,"python, class, numpy, vectorization",2019,data_ai
stackoverflow_question,javascript,2019,web frontend
stackoverflow_question,"python, string, python-3.x, discord, discord.py",2019,web backend
stackoverflow_question,"java, groovy, rest-assured-jsonpath",2019,testing_qa
stackoverflow_question,"java, performance, compilation",2019,devops_cloud
stackoverflow_question,"php, wordpress, woocommerce, shipping, orders",2019,web frontend
stackoverflow_question,"python, pandas",2019,data_ai
stackoverflow_question,"java, arrays, sum",2019,web backend
stackoverflow_question,"javascript, mobile, windows-phone, microsoft-edge, lumia",2019,web frontend
stackoverflow_question,"c#, .net, wcf, x509, ws-security",2019,web backend
stackoverflow_question,"python, python-3.x, influxdb",2019,data_ai
stackoverflow_question,"c#, azure-cosmosdb, azure-cosmosdb-sqlapi",2019,devops_cloud
stackoverflow_question,"python, pandas, dataframe, anaconda",2019,data_ai
stackoverflow_question,"python, string, python-3.x",2019,data_ai
stackoverflow_question,javascript,2019,web frontend
stackoverflow_question,"python, python-3.x, list, if-statement, append",2019,web frontend
stackoverflow_question,"javascript, bootstrap-datetimepicker, eonasdan-datetimepicker",2019,web frontend
stackoverflow_question,"scala, apache-spark, join, apache-spark-dataset",2019,data_ai
stackoverflow_question,typescript,2019,web frontend
stackoverflow_question,"php, wordpress, advanced-custom-fields",2019,web backend
stackoverflow_question,"python, process, monitoring, concurrent.futures, capacity",2019,data_ai
stackoverflow_question,"php, .htaccess, get",2019,web backend
stackoverflow_question,"python, networkx, graph-theory, gurobi",2019,data_ai
stackoverflow_question,"c, png, cairo",2019,blockchain
stackoverflow_question,"c#, generics",2019,enterprise
stackoverflow_question,"php, doctrine-orm, doctrine",2019,web backend
stackoverflow_question,"python, audio, scipy, pyaudio",2019,data_ai
stackoverflow_question,"java, cassandra, google-bigquery, google-cloud-platform, google-cloud-dataflow",2019,data_ai
stackoverflow_question,"go, logging, timestamp",2019,devops_cloud
stackoverflow_question,"php, dynamic-programming, knapsack-problem, greedy, minimum-spanning-tree",2019,data_ai
stackoverflow_question,"python, numpy",2019,data_ai
stackoverflow_question,"python, real-time, raspbian",2019,devops_cloud
stackoverflow_question,"c#, .net, async-await, method-chaining",2019,web backend
stackoverflow_question,"scala, websocket, akka, akka-stream, akka-http",2019,web backend
stackoverflow_question,"python, kivy",2019,mobile
stackoverflow_question,"python, pandas, numpy, datetime",2019,data_ai
stackoverflow_question,"javascript, mongoose, mongoose-schema, mongoose-populate",2019,web backend
stackoverflow_question,c#,2019,web backend
stackoverflow_question,"c#, xamarin, xamarin.android, alpha-vantage",2019,data_ai
stackoverflow_question,"java, concurrenthashmap",2019,enterprise
stackoverflow_question,"python, tkinter",2019,web frontend
stackoverflow_question,"c++, testing, googletest",2019,testing_qa
stackoverflow_question,c,2019,embedded
stackoverflow_question,"php, wordpress, woocommerce, passwords, checkout",2019,web frontend
stackoverflow_question,"java, single-sign-on, digital-signature, opensaml",2019,security
stackoverflow_question,"javascript, python, python-2.7, image-charts",2019,web frontend
stackoverflow_question,"python, pandas, join, group-by, left-join",2019,data_ai
stackoverflow_question,"python-3.x, list, pandas, dictionary",2019,data_ai
stackoverflow_question,typescript,2019,web frontend
stackoverflow_question,"python, algorithm, scheduling, tournament, sports-league-scheduling-problem",2019,web frontend
stackoverflow_question,"c++, matrix, diagonal",2019,data_ai
stackoverflow_question,"python, statistics, distribution",2019,data_ai
stackoverflow_question,"java, intellij-idea",2019,developer tools
stackoverflow_question,"python-3.x, websocket, gtk3, python-asyncio",2019,web backend
stackoverflow_question,"python, .net, linux, python.net, pythonnet",2019,enterprise
stackoverflow_question,"c#, entity-framework, entity-framework-core",2019,web backend
stackoverflow_question,"python, python-3.x, pandas",2019,data_ai
stackoverflow_question,scala,2019,data_ai
stackoverflow_question,"python, list, dictionary, nested-lists",2019,data_ai
stackoverflow_question,"javascript, jquery, arrays, multidimensional-array, coldfusion",2019,web frontend
stackoverflow_question,"python, python-3.x, python-3.6",2019,data_ai
stackoverflow_question,"python, dictionary",2019,data_ai
stackoverflow_question,c#,2019,web backend
stackoverflow_question,"typescript, typescript-typings",2019,web frontend
stackoverflow_question,"python, python-3.x, chatbot, chatterbot",2019,data_ai
stackoverflow_question,"c++, static-libraries, dynamic-linking, dynamic-loading",2019,embedded
stackoverflow_question,"c#, asp.net-core, asp.net-core-mvc, entity-framework-core, ef-core-2.0",2019,web backend
stackoverflow_question,"php, doctrine-orm, orm",2019,web backend
stackoverflow_question,"ruby-on-rails, ruby, rails-activerecord",2019,web backend
stackoverflow_question,"javascript, jquery",2019,web frontend
stackoverflow_question,"javascript, visual-studio-code, node-modules",2019,developer tools
stackoverflow_question,c#,2019,web backend
stackoverflow_question,"php, hsts",2019,web frontend
stackoverflow_question,"c++, arrays, multidimensional-array",2019,embedded
stackoverflow_question,"python, python-3.x",2019,data_ai
stackoverflow_question,"python, tcl, exec, zip",2019,web backend
stackoverflow_question,"java, deque, arraydeque",2019,web backend
stackoverflow_question,"java, command-line-interface, console-application",2019,developer tools
stackoverflow_question,"c#, .net, active-directory",2019,enterprise
stackoverflow_question,"php, codeigniter, codeigniter-3",2019,web backend
stackoverflow_question,"c++, c++11, undefined-behavior",2019,embedded
stackoverflow_question,"python, amazon-web-services, opencv, webcam, amazon-rekognition",2019,data_ai
stackoverflow_question,"scala, apache-spark",2019,data_ai
stackoverflow_question,"python-3.x, pandas, numpy, multidimensional-array, reshape",2019,data_ai
stackoverflow_question,"scala, monix",2019,web frontend
stackoverflow_question,"javascript, excel, google-apps-script, google-sheets, vba",2019,web frontend
stackoverflow_question,haskell,2019,developer tools
stackoverflow_question,"java, date, duration, java-time, iso8601",2019,web backend
stackoverflow_question,"python, arrays, dataframe, seaborn, boxplot",2019,data_ai
stackoverflow_question,"python, python-3.x, pandas",2019,data_ai
stackoverflow_question,"c, log4cplus",2019,embedded
stackoverflow_question,"javascript, jquery, dragula",2019,web frontend
stackoverflow_question,"algorithm, data-structures, tree, kotlin, binary-search-tree",2019,mobile
stackoverflow_question,python,2019,data_ai
stackoverflow_question,javascript,2019,web frontend
stackoverflow_question,c#,2019,web backend
stackoverflow_question,"c#, unity3d, collision-detection",2019,game
stackoverflow_question,"c++, for-loop",2019,enterprise
stackoverflow_question,"c++, c++11, shared-ptr, unique-ptr",2019,web backend
stackoverflow_question,"python, loops, dataframe, split, chunks",2019,data_ai
stackoverflow_question,"arrays, swift, indexing",2019,mobile
stackoverflow_question,"go, geolocation, geo",2019,web backend
stackoverflow_question,"c#, signaturepad, wacom",2019,web frontend
stackoverflow_question,"python, arrays, sorting, numpy",2019,data_ai
stackoverflow_question,"python, web-scraping, beautifulsoup",2019,data_ai
stackoverflow_question,"c#, dryioc",2019,enterprise
stackoverflow_question,"generics, rust, traits, lifetime",2019,developer tools
stackoverflow_question,ruby,2019,web backend
stackoverflow_question,"python, pandas, encoding",2019,data_ai
stackoverflow_question,javascript,2019,web frontend
stackoverflow_question,"arrays, scala, sorting",2019,data_ai
stackoverflow_question,"python, numpy, sieve-of-eratosthenes",2019,developer tools
stackoverflow_question,typescript,2019,web frontend
stackoverflow_question,"java, multithreading, concurrency, java-8, fork-join",2019,devops_cloud
stackoverflow_question,"c, data-structures, bitset, bitarray",2019,data_ai
stackoverflow_question,javascript,2019,web frontend
stackoverflow_question,"java, java-8",2019,web frontend
stackoverflow_question,"java, concurrency, concurrenthashmap",2019,web backend
stackoverflow_question,"python, pandas",2019,data_ai
stackoverflow_question,c++,2019,embedded
stackoverflow_question,"java, java-8",2019,web backend
stackoverflow_question,"java, multithreading, concurrency",2019,web backend
stackoverflow_question,"c#, sendkeys",2019,enterprise
stackoverflow_question,"python, pandas",2019,data_ai
stackoverflow_question,"php, woocommerce, hook-woocommerce",2019,web frontend
stackoverflow_question,"php, wordpress, woocommerce, hook-woocommerce, price",2019,web frontend
stackoverflow_question,"python, multithreading, serialization, ros, mutable",2019,embedded
stackoverflow_question,"rust, extern, ffi",2019,embedded
stackoverflow_question,"python, operators",2019,embedded
stackoverflow_question,"python, pandas, dataframe",2019,embedded
stackoverflow_question,"python, math, sympy, equation",2019,embedded
stackoverflow_question,"python, pandas",2019,embedded
stackoverflow_question,"c#, asp.net-mvc, asp.net-mvc-5",2019,embedded
stackoverflow_question,"python, scikit-learn, countvectorizer",2019,data_ai
stackoverflow_question,"java, timezone, spring-scheduled",2019,web backend
stackoverflow_question,"python, python-3.x",2019,data_ai
stackoverflow_question,"python, pandas",2019,data_ai
stackoverflow_question,"javascript, selenium-webdriver, protractor, e2e-testing, selenium-iedriver",2019,testing_qa
stackoverflow_question,"scala, monads, scalaz",2019,security
stackoverflow_question,"ruby-on-rails, ruby, rspec",2019,web backend
stackoverflow_question,"scala, future, executorservice",2019,web backend
stackoverflow_question,"python, dictionary, data-structures, range",2019,developer tools
stackoverflow_question,"c#, unity3d, game-physics, rigid-bodies",2019,game
stackoverflow_question,"javascript, jquery, handlebars.js",2019,web frontend
stackoverflow_question,"java, javafx",2019,web frontend
stackoverflow_question,"python, overwrite",2019,web backend
stackoverflow_question,"java, jar, sikuli, sikuli-x",2019,developer tools
stackoverflow_question,"python, python-3.x, algorithm, sorting, mergesort",2019,data_ai
stackoverflow_question,"javascript, arrays, object, nest-nested-object",2019,web frontend
stackoverflow_question,"python, image-processing, roi",2019,web frontend
stackoverflow_question,"java, dependency-injection, annotations, guice, dagger-2",2019,web frontend
stackoverflow_question,"javascript, numbers",2019,web frontend
stackoverflow_question,"swift, macos, dictionary, cocoa, generator",2019,game
stackoverflow_question,"python, find",2019,web frontend
stackoverflow_question,"python, string, pandas, dataframe",2019,data_ai
stackoverflow_question,"python-3.x, python-3.6, type-hinting",2019,web backend
stackoverflow_question,"python, montecarlo",2019,data_ai
stackoverflow_question,"javascript, e2e-testing, detox",2019,mobile
stackoverflow_question,c++,2019,web backend
stackoverflow_question,"c++, c, gdb, floor",2019,embedded
stackoverflow_question,"java, arraylist",2019,web frontend
stackoverflow_question,"php, lambda, return, anonymous-function",2019,data_ai
stackoverflow_question,javascript,2019,web frontend
stackoverflow_question,"javascript, arrays, sorting",2019,web frontend
stackoverflow_question,"javascript, asp.net-mvc",2019,web frontend
stackoverflow_question,"python, pandas",2019,data_ai
stackoverflow_question,"python, python-2.7, asynchronous",2019,data_ai
stackoverflow_question,"python, string",2019,web frontend
stackoverflow_question,"c, generics, c-strings",2019,embedded
stackoverflow_question,"python, pandas, list, dataframe",2019,data_ai
stackoverflow_question,"javascript, arrays",2019,web frontend
stackoverflow_question,"python, function, class, object",2019,data_ai
stackoverflow_question,"python, pandas, aggregate, apply, group-concat",2019,data_ai
stackoverflow_question,"python-3.x, csv, lambda",2019,data_ai
stackoverflow_question,"python, numpy, matrix, vectorization, combinatorics",2019,data_ai
stackoverflow_question,c,2019,data_ai
stackoverflow_question,"c#, ssl, smtp",2019,web backend
stackoverflow_question,"javascript, jquery, datepicker, datetimepicker, onselect",2019,web frontend
stackoverflow_question,"scala, apache-spark, apache-spark-sql",2019,data_ai
stackoverflow_question,"c, pointers, increment",2019,embedded
stackoverflow_question,"javascript, jquery",2019,web frontend
stackoverflow_question,"python, python-2.7, list, backtracking",2019,data_ai
stackoverflow_question,"python, pandas, matplotlib, line",2019,data_ai
stackoverflow_question,"c++, pointers, memory-address, pointer-to-pointer",2019,embedded
stackoverflow_question,"python, list, adjacency-matrix",2019,data_ai
stackoverflow_question,"java, active-directory, ldap, adlds",2019,enterprise
stackoverflow_question,python,2019,data_ai
stackoverflow_question,"php, sql, version-control, migration, phinx",2019,developer tools
stackoverflow_question,"c++, c++11, copy-constructor, unique-ptr, pimpl-idiom",2019,embedded
stackoverflow_question,"javascript, image, dom, svg, clip-path",2019,web frontend
stackoverflow_question,"c#, asp.net-mvc, razor",2019,web frontend
stackoverflow_question,"c++, bit-shift",2019,embedded
stackoverflow_question,javascript,2019,web frontend
stackoverflow_question,"python, matplotlib",2019,data_ai
stackoverflow_question,"python, python-3.x, csv, parsing, floating-point",2019,data_ai
stackoverflow_question,"python, namedtuple, pep, python-3.7, python-dataclasses",2019,data_ai
stackoverflow_question,"c#, asynchronous, async-await, parameter-passing",2019,web backend
stackoverflow_question,python,2019,developer tools
stackoverflow_question,"python, python-3.x, dictionary, filter, iterator",2019,data_ai
stackoverflow_question,"lua, lua-patterns",2019,enterprise
stackoverflow_question,"python, python-3.x, sqlalchemy",2019,web backend
stackoverflow_question,"java, datetime, datetime-format, java-time",2019,web backend
stackoverflow_question,"java, java-8, java-stream",2019,data_ai
stackoverflow_question,"python, list, pandas, indexing, calculation",2019,data_ai
stackoverflow_question,"c#, cuda, aleagpu",2019,data_ai
stackoverflow_question,"python, audio, sox",2019,data_ai
stackoverflow_question,"python, for-loop, local-variables, python-3.7",2019,web backend
stackoverflow_question,"c, search",2019,data_ai
stackoverflow_question,"javascript, appcelerator, jtextarea, appcelerator-alloy",2019,mobile
stackoverflow_question,"python, python-3.x, plotly",2019,data_ai
stackoverflow_question,"go, filesystems, ntfs, alternate-data-stream",2019,web backend
stackoverflow_question,"c++, lambda, language-lawyer",2019,embedded
