source_type,raw_text,language,event_date,label_gpt,label_germini,label
GITHUB,animation,Swift,2016,mobile,mobile,mobile
GITHUB,python,Python,2016,other,other,other
GITHUB,id,Go,2016,other,other,other
GITHUB,android,Java,2016,mobile,mobile,mobile
GITHUB,webpack-loader,TypeScript,2016,developer tools,developer tools,developer tools
GITHUB,download-manager,Go,2016,other,other,other
GITHUB,android,Kotlin,2016,mobile,mobile,mobile
GITHUB,desktop,Kotlin,2016,other,other,other
GITHUB,android,Java,2016,mobile,mobile,mobile
GITHUB,activedirectory,C#,2016,enterprise,enterprise,enterprise
GITHUB,optimistic-ui,JavaScript,2016,web frontend,web frontend,web frontend
GITHUB,ios,Swift,2016,mobile,mobile,mobile
GITHUB,css-assets,JavaScript,2016,web frontend,web frontend,web frontend
GITHUB,android,Kotlin,2016,mobile,mobile,mobile
GITHUB,boltdb,Go,2016,developer tools,developer tools,developer tools
GITHUB,1-wire,Swift,2016,iot,iot,iot
GITHUB,carthage,Swift,2016,mobile,mobile,mobile
GITHUB,plugin,C#,2016,developer tools,developer tools,developer tools
GITHUB,assembly,C++,2016,embedded,embedded,embedded
GITHUB,c-sharp,C#,2016,other,other,other
GITHUB,crdt,Go,2016,developer tools,developer tools,developer tools
GITHUB,cli,TypeScript,2016,developer tools,developer tools,developer tools
GITHUB,decorators,TypeScript,2016,developer tools,developer tools,developer tools
GITHUB,http,Java,2016,web backend,web backend,web backend
GITHUB,animation,Swift,2016,mobile,mobile,mobile
GITHUB,amperage,Swift,2016,mobile,mobile,mobile
GITHUB,auto-api-doc,Go,2016,developer tools,developer tools,developer tools
GITHUB,arduino,JavaScript,2016,embedded,embedded,embedded
GITHUB,ios,Swift,2016,mobile,mobile,mobile
GITHUB,android,Java,2016,mobile,mobile,mobile
GITHUB,countdown,Swift,2016,mobile,mobile,mobile
GITHUB,armor,Go,2016,security,security,security
GITHUB,andriod-country-spinner,Java,2016,mobile,mobile,mobile
GITHUB,csharp,Go,2016,other,other,other
GITHUB,bootstrap,JavaScript,2016,web frontend,web frontend,web frontend
GITHUB,artificial-intelligence,Go,2016,data_ai,data_ai,data_ai
GITHUB,async,TypeScript,2016,developer tools,developer tools,developer tools
GITHUB,distributed,Go,2016,devops_cloud,devops_cloud,devops_cloud
GITHUB,apache-kafka,Go,2016,devops_cloud,devops_cloud,devops_cloud
GITHUB,algorithm,Swift,2016,mobile,mobile,mobile
GITHUB,hacktoberfest,JavaScript,2016,other,other,other
GITHUB,cli,Go,2016,developer tools,developer tools,developer tools
GITHUB,atomic,C++,2016,developer tools,developer tools,developer tools
GITHUB,audio,C#,2016,other,other,other
GITHUB,algorithms,Swift,2016,mobile,mobile,mobile
GITHUB,censorship-circumvention,Rust,2016,security,security,security
GITHUB,android,Kotlin,2016,mobile,mobile,mobile
GITHUB,android,Java,2016,mobile,mobile,mobile
GITHUB,anti-debug,C++,2016,security,security,security
GITHUB,component,Swift,2016,mobile,mobile,mobile
GITHUB,image-picker,Java,2016,mobile,mobile,mobile
GITHUB,hololens,C#,2016,game,game,game
GITHUB,chrome,C#,2016,testing_qa,testing_qa,testing_qa
GITHUB,apple,Swift,2016,mobile,mobile,mobile
GITHUB,city,Java,2016,other,other,other
GITHUB,characters,Swift,2016,mobile,mobile,mobile
GITHUB,abstraction,Swift,2016,mobile,mobile,mobile
GITHUB,cpu-temperature,Swift,2016,mobile,mobile,mobile
GITHUB,cms,JavaScript,2016,web backend,web backend,web backend
GITHUB,natural-language-processing,Python,2016,data_ai,data_ai,data_ai
GITHUB,apple-swift,Swift,2016,mobile,mobile,mobile
GITHUB,linux,Swift,2016,other,other,other
GITHUB,font,Rust,2016,developer tools,developer tools,developer tools
GITHUB,android,Java,2016,mobile,mobile,mobile
GITHUB,project,Java,2016,other,other,other
GITHUB,async,Swift,2016,mobile,mobile,mobile
GITHUB,deeplink,Swift,2016,mobile,mobile,mobile
GITHUB,book,C#,2016,other,other,other
GITHUB,adapter,Java,2016,other,other,other
GITHUB,android-library,Kotlin,2016,mobile,mobile,mobile
GITHUB,lisp,Rust,2016,developer tools,developer tools,developer tools
GITHUB,bft,Python,2016,blockchain,blockchain,blockchain
GITHUB,kitura,Swift,2016,web backend,web backend,web backend
GITHUB,fluent-assertions,Kotlin,2016,testing_qa,testing_qa,testing_qa
GITHUB,java,Java,2016,other,other,other
GITHUB,babel,JavaScript,2016,developer tools,developer tools,developer tools
GITHUB,ios,Swift,2016,mobile,mobile,mobile
GITHUB,animation-library,Swift,2016,mobile,mobile,mobile
GITHUB,android,Java,2016,mobile,mobile,mobile
GITHUB,distributed-transaction,Java,2016,enterprise,enterprise,enterprise
GITHUB,android,Kotlin,2016,mobile,mobile,mobile
GITHUB,computer-vision,Python,2016,data_ai,data_ai,data_ai
GITHUB,go,Go,2016,other,other,other
GITHUB,animation,Swift,2016,mobile,mobile,mobile
GITHUB,api,TypeScript,2016,web backend,web backend,web backend
GITHUB,android,Kotlin,2016,mobile,mobile,mobile
GITHUB,eslint,JavaScript,2016,developer tools,developer tools,developer tools
GITHUB,code,Swift,2016,mobile,mobile,mobile
GITHUB,cocoa-touch,Swift,2016,mobile,mobile,mobile
GITHUB,android,Kotlin,2016,mobile,mobile,mobile
GITHUB,awesome,JavaScript,2016,other,other,other
GITHUB,chat,TypeScript,2016,web frontend,web frontend,web frontend
GITHUB,statistics,Python,2016,data_ai,data_ai,data_ai
GITHUB,android,Kotlin,2016,mobile,mobile,mobile
GITHUB,chat,Swift,2016,mobile,mobile,mobile
GITHUB,android,C#,2016,mobile,mobile,mobile
GITHUB,2d,Go,2016,game,game,game
GITHUB,eclipseiot,Java,2016,iot,iot,iot
GITHUB,eventstream,Go,2016,web backend,web backend,web backend
GITHUB,avro,Rust,2016,developer tools,developer tools,developer tools
GITHUB,application-coordinator,Swift,2016,mobile,mobile,mobile
GITHUB,client,Go,2016,developer tools,developer tools,developer tools
GITHUB,android,Kotlin,2016,mobile,mobile,mobile
GITHUB,activity-fragment,Java,2016,mobile,mobile,mobile
GITHUB,alarms,Java,2016,mobile,mobile,mobile
GITHUB,rust,Rust,2016,other,other,other
GITHUB,apple-tv,Swift,2016,mobile,mobile,mobile
GITHUB,chrome-extension,TypeScript,2016,web frontend,web frontend,web frontend
GITHUB,component,Swift,2016,mobile,mobile,mobile
GITHUB,generator,Python,2016,developer tools,developer tools,developer tools
GITHUB,driver,C++,2016,embedded,embedded,embedded
GITHUB,2wd,C++,2016,embedded,embedded,embedded
GITHUB,bep0003,Go,2016,other,other,other
GITHUB,csharp,C#,2016,other,other,other
GITHUB,accessibility,JavaScript,2016,web frontend,web frontend,web frontend
GITHUB,android-application,Java,2016,mobile,mobile,mobile
GITHUB,ansi,C++,2016,developer tools,developer tools,developer tools
GITHUB,media-manager,JavaScript,2016,web frontend,web frontend,web frontend
GITHUB,collection-view,Swift,2016,mobile,mobile,mobile
GITHUB,angular,TypeScript,2016,web frontend,web frontend,web frontend
GITHUB,actionsheet,JavaScript,2016,mobile,mobile,mobile
GITHUB,api,Go,2016,web backend,web backend,web backend
GITHUB,binary,C#,2016,developer tools,developer tools,developer tools
GITHUB,audio,Kotlin,2016,mobile,mobile,mobile
GITHUB,character-styles,Swift,2016,mobile,mobile,mobile
GITHUB,component,C#,2016,developer tools,developer tools,developer tools
GITHUB,deep-learning,Python,2016,data_ai,data_ai,data_ai
GITHUB,shici,JavaScript,2016,web frontend,web frontend,web frontend
GITHUB,game,Go,2016,game,game,game
GITHUB,carthage,Swift,2016,mobile,mobile,mobile
GITHUB,ingress,Go,2016,devops_cloud,devops_cloud,devops_cloud
GITHUB,fast,Go,2016,developer tools,developer tools,developer tools
GITHUB,gui,Rust,2016,other,other,other
GITHUB,backend,Go,2016,web backend,web backend,web backend
GITHUB,azure-devops,C#,2016,devops_cloud,devops_cloud,devops_cloud
GITHUB,image-analysis,Python,2016,data_ai,data_ai,data_ai
GITHUB,adapter,Kotlin,2016,mobile,mobile,mobile
GITHUB,drag-and-drop,TypeScript,2016,web frontend,web frontend,web frontend
GITHUB,mybatis,Java,2016,web backend,web backend,web backend
GITHUB,browser,C#,2016,web frontend,web frontend,web frontend
GITHUB,gpu,Rust,2016,data_ai,data_ai,data_ai
GITHUB,angular,TypeScript,2016,web frontend,web frontend,web frontend
GITHUB,classname,JavaScript,2016,web frontend,web frontend,web frontend
GITHUB,cpp,C++,2016,other,other,other
GITHUB,elasticsearch,Python,2016,web backend,web backend,web backend
GITHUB,exploitation,Python,2016,security,security,security
GITHUB,android,Java,2016,mobile,mobile,mobile
GITHUB,netty,Java,2016,web backend,web backend,web backend
GITHUB,ios,Swift,2016,mobile,mobile,mobile
GITHUB,react-native,Swift,2016,mobile,mobile,mobile
GITHUB,dhcp,Go,2016,devops_cloud,devops_cloud,devops_cloud
GITHUB,dark-mode,Swift,2016,mobile,mobile,mobile
GITHUB,barcode,JavaScript,2016,web frontend,web frontend,web frontend
GITHUB,k8s-sig-cluster-lifecycle,Go,2016,devops_cloud,devops_cloud,devops_cloud
GITHUB,calendar,Swift,2016,mobile,mobile,mobile
GITHUB,docker,Java,2016,devops_cloud,devops_cloud,devops_cloud
GITHUB,anim,C#,2016,game,game,game
GITHUB,crdt,JavaScript,2016,developer tools,developer tools,developer tools
GITHUB,cplusplus,C++,2016,other,other,other
GITHUB,barcode-scanner,Swift,2016,mobile,mobile,mobile
GITHUB,cross-platform,C#,2016,other,other,other
GITHUB,android,Java,2016,mobile,mobile,mobile
GITHUB,crdt,Rust,2016,developer tools,developer tools,developer tools
GITHUB,infinity-mode,Swift,2016,mobile,mobile,mobile
GITHUB,flowchart,JavaScript,2016,web frontend,web frontend,web frontend
GITHUB,android,Java,2016,mobile,mobile,mobile
GITHUB,blocks,C#,2016,game,game,game
GITHUB,android,Java,2016,mobile,mobile,mobile
GITHUB,go,Go,2016,other,other,other
GITHUB,aws-s3,JavaScript,2016,devops_cloud,devops_cloud,devops_cloud
GITHUB,android,Java,2016,mobile,mobile,mobile
GITHUB,click,Swift,2016,mobile,mobile,mobile
GITHUB,android,Java,2016,mobile,mobile,mobile
GITHUB,bilibili,Python,2016,other,other,other
GITHUB,animation,Swift,2016,mobile,mobile,mobile
GITHUB,backup,Rust,2016,devops_cloud,devops_cloud,devops_cloud
GITHUB,c,C++,2016,other,other,other
GITHUB,android,Kotlin,2016,mobile,mobile,mobile
GITHUB,game-server,C#,2016,game,game,game
GITHUB,alertview,Swift,2016,mobile,mobile,mobile
GITHUB,auto,Swift,2016,mobile,mobile,mobile
GITHUB,bare-metal,Rust,2016,embedded,embedded,embedded
GITHUB,android,Kotlin,2016,mobile,mobile,mobile
GITHUB,launcher,Java,2016,mobile,mobile,mobile
GITHUB,data-analysis,Python,2016,data_ai,data_ai,data_ai
GITHUB,go,Go,2016,other,other,other
GITHUB,android,Java,2016,mobile,mobile,mobile
GITHUB,concurrency,C++,2016,developer tools,developer tools,developer tools
GITHUB,concurrency,C++,2016,developer tools,developer tools,developer tools
GITHUB,angularjs,Java,2016,web frontend,web frontend,web frontend
GITHUB,excel,C#,2016,developer tools,developer tools,developer tools
GITHUB,fed,JavaScript,2016,web frontend,web frontend,web frontend
GITHUB,algorithm,C#,2016,other,other,other
GITHUB,2d,C++,2016,game,game,game
GITHUB,ethereum,Go,2016,blockchain,blockchain,blockchain
GITHUB,aws-ecs,Go,2016,devops_cloud,devops_cloud,devops_cloud
GITHUB,algorithm,Swift,2016,mobile,mobile,mobile
GITHUB,app,Swift,2016,mobile,mobile,mobile
GITHUB,freemarker,Java,2016,web backend,web backend,web backend
GITHUB,apple,Swift,2016,mobile,mobile,mobile
GITHUB,carthage,Swift,2016,mobile,mobile,mobile
GITHUB,algorithms,Kotlin,2016,other,other,other
GITHUB,aurora,C#,2016,devops_cloud,devops_cloud,devops_cloud
GITHUB,android,Java,2016,mobile,mobile,mobile
GITHUB,ios,Swift,2016,mobile,mobile,mobile
GITHUB,android,Kotlin,2016,mobile,mobile,mobile
GITHUB,bedrock,C#,2016,data_ai,data_ai,data_ai
GITHUB,react-native,JavaScript,2016,mobile,mobile,mobile
GITHUB,bluelight,Python,2016,other,other,other
GITHUB,ecs,Rust,2016,game,game,game
GITHUB,async,JavaScript,2016,other,other,other
GITHUB,cypher,TypeScript,2016,data_ai,data_ai,data_ai
GITHUB,android,Java,2016,mobile,mobile,mobile
GITHUB,reactive-programming,Swift,2016,mobile,mobile,mobile
GITHUB,applescript,Swift,2016,developer tools,developer tools,developer tools
GITHUB,ble,Swift,2016,mobile,mobile,mobile
GITHUB,bitcoin,Go,2016,blockchain,blockchain,blockchain
GITHUB,backup,C#,2016,devops_cloud,devops_cloud,devops_cloud
GITHUB,7zip,Go,2016,developer tools,developer tools,developer tools
GITHUB,falcon,Go,2016,web backend,web backend,web backend
GITHUB,baidu,Kotlin,2016,mobile,mobile,mobile
GITHUB,compression,Python,2016,developer tools,developer tools,developer tools
GITHUB,blockchain,JavaScript,2016,blockchain,blockchain,blockchain
GITHUB,animation,Swift,2016,mobile,mobile,mobile
GITHUB,oculus,C++,2016,game,game,game
GITHUB,calendar,Swift,2016,mobile,mobile,mobile
GITHUB,es6,JavaScript,2016,web frontend,web frontend,web frontend
GITHUB,animation,Swift,2016,mobile,mobile,mobile
GITHUB,3d-models,C++,2016,game,game,game
GITHUB,aes,Swift,2016,security,security,security
GITHUB,android,JavaScript,2016,mobile,mobile,mobile
GITHUB,arduino,C++,2016,embedded,embedded,embedded
GITHUB,android,Kotlin,2016,mobile,mobile,mobile
GITHUB,mapping,C++,2016,other,other,other
GITHUB,cluster,Python,2016,devops_cloud,devops_cloud,devops_cloud
GITHUB,3d-graphics,C++,2016,game,game,game
GITHUB,cuda,C++,2016,data_ai,data_ai,data_ai
GITHUB,cobra,Python,2016,data_ai,data_ai,data_ai
GITHUB,android,TypeScript,2016,mobile,mobile,mobile
GITHUB,map,TypeScript,2016,web frontend,web frontend,web frontend
GITHUB,collaborative-filtering,Python,2016,data_ai,data_ai,data_ai
GITHUB,android,Java,2016,mobile,mobile,mobile
GITHUB,android,Java,2016,mobile,mobile,mobile
GITHUB,distributed-tracing,Go,2016,devops_cloud,devops_cloud,devops_cloud
GITHUB,datatable,JavaScript,2016,web frontend,web frontend,web frontend
GITHUB,android,Kotlin,2016,mobile,mobile,mobile
GITHUB,autonomous-driving,C++,2016,embedded,embedded,embedded
GITHUB,ast,Rust,2016,developer tools,developer tools,developer tools
GITHUB,microservice,Java,2016,enterprise,enterprise,enterprise
GITHUB,golang,Go,2016,other,other,other
GITHUB,deprecated,Swift,2016,mobile,mobile,mobile
GITHUB,cyclejs,TypeScript,2016,web frontend,web frontend,web frontend
GITHUB,c-plus-plus,C++,2016,other,other,other
GITHUB,beta,C#,2016,other,other,other
GITHUB,extensions,Swift,2016,mobile,mobile,mobile
GITHUB,swift,Swift,2016,mobile,mobile,mobile
GITHUB,api,Go,2016,web backend,web backend,web backend
GITHUB,component,Swift,2016,mobile,mobile,mobile
GITHUB,android,Java,2016,mobile,mobile,mobile
GITHUB,go,Go,2016,other,other,other
GITHUB,command-line,Go,2016,developer tools,developer tools,developer tools
GITHUB,integration-testing,JavaScript,2016,testing_qa,testing_qa,testing_qa
GITHUB,console,TypeScript,2016,developer tools,developer tools,developer tools
GITHUB,deep-learning,Python,2016,data_ai,data_ai,data_ai
GITHUB,carthage,Swift,2016,mobile,mobile,mobile
GITHUB,doujinshi,C#,2016,other,other,other
GITHUB,cachegrind,Rust,2016,developer tools,developer tools,developer tools
GITHUB,angular,TypeScript,2016,web frontend,web frontend,web frontend
GITHUB,android,Java,2016,mobile,mobile,mobile
GITHUB,anychart,JavaScript,2016,web frontend,web frontend,web frontend
GITHUB,avplayer,Swift,2016,mobile,mobile,mobile
GITHUB,cpp,Rust,2016,developer tools,developer tools,developer tools
GITHUB,camera-roll,JavaScript,2016,mobile,mobile,mobile
GITHUB,autocomplete,Swift,2016,mobile,mobile,mobile
GITHUB,android,Java,2016,mobile,mobile,mobile
GITHUB,abi,Rust,2016,developer tools,developer tools,developer tools
GITHUB,java,Java,2016,other,other,other
GITHUB,dynamic,Swift,2016,mobile,mobile,mobile
GITHUB,android,Kotlin,2016,mobile,mobile,mobile
GITHUB,analyzer,Swift,2016,developer tools,developer tools,developer tools
GITHUB,android,Kotlin,2016,mobile,mobile,mobile
GITHUB,collectionview,Swift,2016,mobile,mobile,mobile
GITHUB,animation,C++,2016,game,game,game
GITHUB,attributedstring,Swift,2016,mobile,mobile,mobile
GITHUB,cocoa-touch,Swift,2016,mobile,mobile,mobile
GITHUB,crawler,Python,2016,data_ai,data_ai,data_ai
GITHUB,code-generation,C++,2016,developer tools,developer tools,developer tools
GITHUB,alert,Swift,2016,mobile,mobile,mobile
GITHUB,axe,TypeScript,2016,testing_qa,testing_qa,testing_qa
GITHUB,algorithm,C#,2016,other,other,other
GITHUB,javascript,TypeScript,2016,web frontend,web frontend,web frontend
GITHUB,downloader,Kotlin,2016,mobile,mobile,mobile
GITHUB,arduino,C++,2016,embedded,embedded,embedded
GITHUB,android,Java,2016,mobile,mobile,mobile
GITHUB,alert,Swift,2016,mobile,mobile,mobile
GITHUB,artifacts,Rust,2016,devops_cloud,devops_cloud,devops_cloud
GITHUB,analyzer,Rust,2016,developer tools,developer tools,developer tools
GITHUB,csharp,C#,2016,other,other,other
GITHUB,golang,Go,2016,other,other,other
GITHUB,javascript,TypeScript,2016,web frontend,web frontend,web frontend
GITHUB,broadcasting,TypeScript,2016,web frontend,web frontend,web frontend
GITHUB,android,Java,2016,mobile,mobile,mobile
GITHUB,knowledge-embedding,C++,2016,data_ai,data_ai,data_ai
GITHUB,data-mining,Kotlin,2016,data_ai,data_ai,data_ai
GITHUB,async,Swift,2016,mobile,mobile,mobile
GITHUB,c,Kotlin,2016,mobile,mobile,mobile
GITHUB,database,Rust,2016,web backend,web backend,web backend
GITHUB,chinese-nlp,Python,2016,data_ai,data_ai,data_ai
GITHUB,aspnet-core,C#,2016,web backend,web backend,web backend
GITHUB,javascript,JavaScript,2016,other,other,other
GITHUB,animation,Swift,2016,mobile,mobile,mobile
GITHUB,backend,Go,2016,web backend,web backend,web backend
GITHUB,isomorphic,JavaScript,2016,web frontend,web frontend,web frontend
GITHUB,android,Kotlin,2016,mobile,mobile,mobile
GITHUB,adafruit-neopixel-library,C++,2016,embedded,embedded,embedded
GITHUB,iptables,Go,2016,security,security,security
GITHUB,dear-imgui,Kotlin,2016,game,game,game
GITHUB,docker,Python,2016,devops_cloud,devops_cloud,devops_cloud
GITHUB,appsec,Java,2016,security,security,security
GITHUB,ethernet,Go,2016,embedded,embedded,embedded
GITHUB,android,Java,2016,mobile,mobile,mobile
GITHUB,animation,Swift,2016,mobile,mobile,mobile
GITHUB,admin,TypeScript,2016,web frontend,web frontend,web frontend
GITHUB,download-songs,Swift,2016,mobile,mobile,mobile
GITHUB,go,Go,2016,other,other,other
GITHUB,hiapp,JavaScript,2016,web frontend,web frontend,web frontend
GITHUB,android-library,Java,2016,mobile,mobile,mobile
GITHUB,bruteforce,Python,2016,security,security,security
GITHUB,google-sheets,JavaScript,2016,other,other,other
GITHUB,android,Java,2016,mobile,mobile,mobile
GITHUB,offline,JavaScript,2016,web frontend,web frontend,web frontend
GITHUB,machine-learning,Python,2016,data_ai,data_ai,data_ai
GITHUB,assert,Go,2016,testing_qa,testing_qa,testing_qa
GITHUB,build-tool,JavaScript,2016,developer tools,developer tools,developer tools
GITHUB,autosize,Swift,2016,mobile,mobile,mobile
GITHUB,asp-net-core,C#,2016,web backend,web backend,web backend
GITHUB,broadcast,Rust,2016,other,other,other
GITHUB,android,Java,2016,mobile,mobile,mobile
GITHUB,marquee,Java,2016,mobile,mobile,mobile
GITHUB,data-binding,JavaScript,2016,web frontend,web frontend,web frontend
GITHUB,angular,TypeScript,2016,web frontend,web frontend,web frontend
GITHUB,bazel,Swift,2016,developer tools,developer tools,developer tools
GITHUB,awless,Go,2016,devops_cloud,devops_cloud,devops_cloud
GITHUB,angular,C#,2016,web backend,web backend,web backend
GITHUB,android,Kotlin,2016,mobile,mobile,mobile
GITHUB,cron-jobs,Go,2016,devops_cloud,devops_cloud,devops_cloud
GITHUB,actor-model,Rust,2016,developer tools,developer tools,developer tools
GITHUB,android,Java,2016,mobile,mobile,mobile
GITHUB,alias,Swift,2016,mobile,mobile,mobile
GITHUB,boilerplate,JavaScript,2016,developer tools,developer tools,developer tools
GITHUB,relation-extraction,C++,2016,data_ai,data_ai,data_ai
GITHUB,amazon-cognito,TypeScript,2016,devops_cloud,devops_cloud,devops_cloud
GITHUB,grid,TypeScript,2016,web frontend,web frontend,web frontend
GITHUB,dependency-injection,Swift,2016,mobile,mobile,mobile
GITHUB,battery,Swift,2016,mobile,mobile,mobile
GITHUB,extract,Swift,2016,mobile,mobile,mobile
GITHUB,game,Rust,2016,game,game,game
GITHUB,angular,JavaScript,2016,web frontend,web frontend,web frontend
GITHUB,dwm,C#,2016,other,other,other
GITHUB,instagram,TypeScript,2016,web frontend,web frontend,web frontend
GITHUB,kcptun,Swift,2016,mobile,mobile,mobile
GITHUB,csv,Swift,2016,mobile,mobile,mobile
GITHUB,linux,Python,2016,other,other,other
GITHUB,code-generator,Swift,2016,developer tools,developer tools,developer tools
GITHUB,android,Java,2016,mobile,mobile,mobile
GITHUB,decoder,Rust,2016,other,other,other
GITHUB,android,Java,2016,mobile,mobile,mobile
GITHUB,g213,C++,2016,embedded,embedded,embedded
GITHUB,equine-science,Swift,2016,mobile,mobile,mobile
GITHUB,analytics,Rust,2016,data_ai,data_ai,data_ai
GITHUB,android-server,Java,2016,mobile,mobile,mobile
GITHUB,automatic-api,JavaScript,2016,web backend,web backend,web backend
GITHUB,mongodb,JavaScript,2016,web backend,web backend,web backend
GITHUB,ios,Swift,2016,mobile,mobile,mobile
GITHUB,hacktoberfest,TypeScript,2016,web frontend,web frontend,web frontend
GITHUB,computer-vision,C++,2016,data_ai,data_ai,data_ai
GITHUB,distributed-systems,Go,2016,devops_cloud,devops_cloud,devops_cloud
GITHUB,blog,JavaScript,2016,web frontend,web frontend,web frontend
GITHUB,carthage,Swift,2016,mobile,mobile,mobile
GITHUB,apple,Swift,2016,mobile,mobile,mobile
GITHUB,csharp,C#,2016,other,other,other
GITHUB,algorithm,C++,2016,other,other,other
GITHUB,android,Kotlin,2016,mobile,mobile,mobile
GITHUB,java,Java,2016,other,other,other
GITHUB,andriod,C#,2016,mobile,mobile,mobile
GITHUB,git,Go,2016,developer tools,developer tools,developer tools
GITHUB,angular,TypeScript,2016,web frontend,web frontend,web frontend
GITHUB,context-menu,TypeScript,2016,web frontend,web frontend,web frontend
GITHUB,hacktoberfest,Kotlin,2016,mobile,mobile,mobile
GITHUB,adb,Kotlin,2016,mobile,mobile,mobile
GITHUB,bgp,Go,2016,devops_cloud,devops_cloud,devops_cloud
GITHUB,animation,Swift,2016,mobile,mobile,mobile
GITHUB,go,Go,2016,other,other,other
GITHUB,excel,JavaScript,2016,developer tools,developer tools,developer tools
GITHUB,alert,Swift,2016,mobile,mobile,mobile
GITHUB,docker,Go,2016,devops_cloud,devops_cloud,devops_cloud
GITHUB,date-format,TypeScript,2016,developer tools,developer tools,developer tools
GITHUB,android,Kotlin,2016,mobile,mobile,mobile
GITHUB,hacktoberfest,Go,2016,other,other,other
GITHUB,androidx,Java,2016,mobile,mobile,mobile
GITHUB,artificial-intelligence,Python,2016,data_ai,data_ai,data_ai
GITHUB,browser,JavaScript,2016,web frontend,web frontend,web frontend
GITHUB,node,JavaScript,2016,web backend,web backend,web backend
GITHUB,indicator,Java,2016,other,other,other
GITHUB,engine,C++,2016,game,game,game
GITHUB,slam,C++,2016,data_ai,data_ai,data_ai
GITHUB,data-analysis,Python,2016,data_ai,data_ai,data_ai
GITHUB,gtk,Rust,2016,other,other,other
GITHUB,artificial-intelligence,Python,2016,data_ai,data_ai,data_ai
GITHUB,golang,Go,2016,other,other,other
GITHUB,12-factor,Rust,2016,web backend,web backend,web backend
GITHUB,amce,C#,2016,other,other,other
GITHUB,hololens,C#,2016,game,game,game
GITHUB,geopandas,Python,2016,data_ai,data_ai,data_ai
GITHUB,accesscheck,C++,2016,security,security,security
GITHUB,android,Kotlin,2016,mobile,mobile,mobile
GITHUB,high-performance,C++,2016,other,other,other
GITHUB,android,Java,2016,mobile,mobile,mobile
GITHUB,asyncio,Python,2016,developer tools,developer tools,developer tools
GITHUB,concurrency,Go,2016,developer tools,developer tools,developer tools
GITHUB,daemon,Go,2016,other,other,other
GITHUB,css,TypeScript,2016,web frontend,web frontend,web frontend
GITHUB,bitbucket,Go,2016,developer tools,developer tools,developer tools
GITHUB,ios,Swift,2016,mobile,mobile,mobile
GITHUB,backup,Kotlin,2016,mobile,mobile,mobile
GITHUB,angular,TypeScript,2016,web frontend,web frontend,web frontend
GITHUB,android,Java,2016,mobile,mobile,mobile
GITHUB,animation,Swift,2016,mobile,mobile,mobile
GITHUB,carthage,Swift,2016,mobile,mobile,mobile
GITHUB,30,Java,2016,other,other,other
GITHUB,android,Swift,2016,mobile,mobile,mobile
GITHUB,algorithms,Java,2016,other,other,other
GITHUB,git,Python,2016,developer tools,developer tools,developer tools
GITHUB,containers,Go,2016,devops_cloud,devops_cloud,devops_cloud
GITHUB,cargo,Rust,2016,developer tools,developer tools,developer tools
GITHUB,gitops,Go,2016,devops_cloud,devops_cloud,devops_cloud
GITHUB,ios,Swift,2016,mobile,mobile,mobile
GITHUB,chatbot,Python,2016,data_ai,data_ai,data_ai
GITHUB,chart,Go,2016,developer tools,developer tools,developer tools
GITHUB,android,Java,2016,mobile,mobile,mobile
GITHUB,manifest,JavaScript,2016,web frontend,web frontend,web frontend
GITHUB,curated-list,TypeScript,2016,other,other,other
GITHUB,grafana,Go,2016,devops_cloud,devops_cloud,devops_cloud
GITHUB,gitops,Python,2016,devops_cloud,devops_cloud,devops_cloud
GITHUB,applemaps,Swift,2016,mobile,mobile,mobile
GITHUB,paper,Python,2016,other,other,other
GITHUB,android,Kotlin,2016,mobile,mobile,mobile
GITHUB,opencv,Python,2016,data_ai,data_ai,data_ai
GITHUB,hdrhistogram,Rust,2016,developer tools,developer tools,developer tools
GITHUB,draft,JavaScript,2016,other,other,other
GITHUB,algorithm,C++,2016,other,other,other
GITHUB,api,Go,2016,web backend,web backend,web backend
GITHUB,component,TypeScript,2016,web frontend,web frontend,web frontend
GITHUB,golang,Go,2016,other,other,other
GITHUB,build-system,Go,2016,developer tools,developer tools,developer tools
GITHUB,android,Kotlin,2016,mobile,mobile,mobile
GITHUB,compression,C++,2016,developer tools,developer tools,developer tools
GITHUB,ebook,JavaScript,2016,other,other,other
GITHUB,executor,TypeScript,2016,developer tools,developer tools,developer tools
GITHUB,bitcoin,Python,2016,blockchain,blockchain,blockchain
GITHUB,applocker,C#,2016,security,security,security
GITHUB,arm,Go,2016,embedded,embedded,embedded
GITHUB,bayesian-inference,Python,2016,data_ai,data_ai,data_ai
GITHUB,amazon-web-services,Go,2016,devops_cloud,devops_cloud,devops_cloud
GITHUB,database,Go,2016,developer tools,developer tools,developer tools
GITHUB,automation,Python,2016,devops_cloud,devops_cloud,devops_cloud
GITHUB,ios,Swift,2016,mobile,mobile,mobile
GITHUB,asp-net-core,C#,2016,web backend,web backend,web backend
GITHUB,robot,C++,2016,embedded,embedded,embedded
GITHUB,bot,C#,2016,other,other,other
GITHUB,carthage,Swift,2016,mobile,mobile,mobile
GITHUB,fps,Rust,2016,game,game,game
GITHUB,dotnet-core,C#,2016,web backend,web backend,web backend
GITHUB,carthage,Swift,2016,mobile,mobile,mobile
GITHUB,navigation,JavaScript,2016,web frontend,web frontend,web frontend
GITHUB,commit-conventions,Rust,2016,developer tools,developer tools,developer tools
GITHUB,data,JavaScript,2016,data_ai,data_ai,data_ai
GITHUB,intern,Swift,2016,mobile,mobile,mobile
GITHUB,avahi,Go,2016,iot,iot,iot
GITHUB,crash-reports,Swift,2016,mobile,mobile,mobile
GITHUB,algorithms,C#,2016,other,other,other
GITHUB,android,JavaScript,2016,mobile,mobile,mobile
GITHUB,animation,Swift,2016,mobile,mobile,mobile
GITHUB,browser,TypeScript,2016,web frontend,web frontend,web frontend
GITHUB,redux,JavaScript,2016,web frontend,web frontend,web frontend
GITHUB,android,Java,2016,mobile,mobile,mobile
GITHUB,bedrock,Java,2016,game,game,game
GITHUB,cryptography,Rust,2016,security,security,security
GITHUB,chat,Python,2016,data_ai,data_ai,data_ai
GITHUB,android,Kotlin,2016,mobile,mobile,mobile
GITHUB,android,Kotlin,2016,mobile,mobile,mobile
GITHUB,android,Java,2016,mobile,mobile,mobile
GITHUB,andorid,Java,2016,mobile,mobile,mobile
GITHUB,android,Kotlin,2016,mobile,mobile,mobile
GITHUB,algorithm,Go,2016,other,other,other
GITHUB,localization,C++,2016,developer tools,developer tools,developer tools
GITHUB,unity,C#,2016,game,game,game
GITHUB,android-library,Kotlin,2016,mobile,mobile,mobile
GITHUB,footerview,Java,2016,mobile,mobile,mobile
GITHUB,android,Java,2016,mobile,mobile,mobile
GITHUB,cloudkit,Swift,2016,mobile,mobile,mobile
GITHUB,android,Java,2016,mobile,mobile,mobile
GITHUB,navigation,C#,2016,game,game,game
GITHUB,algorithms,C++,2016,other,other,other
GITHUB,etcd,Go,2016,devops_cloud,devops_cloud,devops_cloud
GITHUB,android,Java,2016,mobile,mobile,mobile
GITHUB,algorithm,C++,2016,other,other,other
GITHUB,android,Java,2016,mobile,mobile,mobile
GITHUB,android,Java,2016,mobile,mobile,mobile
GITHUB,android,Java,2016,mobile,mobile,mobile
GITHUB,android,Java,2016,mobile,mobile,mobile
GITHUB,android,Kotlin,2016,mobile,mobile,mobile
GITHUB,bittorrent-dht-protocol,Go,2016,developer tools,developer tools,developer tools
GITHUB,advertising,Python,2016,other,other,other
GITHUB,apple,Swift,2016,mobile,mobile,mobile
GITHUB,documentation,TypeScript,2016,other,other,other
GITHUB,ios,Swift,2016,mobile,mobile,mobile
GITHUB,graphql,Java,2016,web backend,web backend,web backend
GITHUB,angular-2,TypeScript,2016,web frontend,web frontend,web frontend
GITHUB,aperture,TypeScript,2016,other,other,other
GITHUB,golang,Go,2016,other,other,other
GITHUB,android,Java,2016,mobile,mobile,mobile
GITHUB,aperture,Swift,2016,mobile,mobile,mobile
GITHUB,c,C++,2016,other,other,other
GITHUB,deep-learning,Python,2016,data_ai,data_ai,data_ai
GITHUB,android,Kotlin,2016,mobile,mobile,mobile
GITHUB,administration,C#,2016,enterprise,enterprise,enterprise
GITHUB,gfw,Python,2016,security,security,security
GITHUB,redux,JavaScript,2016,web frontend,web frontend,web frontend
GITHUB,cluster,Go,2016,devops_cloud,devops_cloud,devops_cloud
GITHUB,elasticsearch,Go,2016,web backend,web backend,web backend
GITHUB,discord,Java,2016,other,other,other
GITHUB,bitcoin,Rust,2016,blockchain,blockchain,blockchain
GITHUB,android,Kotlin,2016,mobile,mobile,mobile
GITHUB,automaton,Swift,2016,mobile,mobile,mobile
GITHUB,data,Python,2016,data_ai,data_ai,data_ai
GITHUB,emulator,C++,2016,game,game,game
GITHUB,animation,C++,2016,game,game,game
GITHUB,exchange,Go,2016,blockchain,blockchain,blockchain
GITHUB,cheatsheet,C++,2016,developer tools,developer tools,developer tools
GITHUB,album,C++,2016,other,other,other
GITHUB,database-sharding,Java,2016,enterprise,enterprise,enterprise
GITHUB,high-performance,C++,2016,other,other,other
GITHUB,cpp,C++,2016,other,other,other
GITHUB,cross-device,C#,2016,mobile,mobile,mobile
GITHUB,graphql,TypeScript,2016,web backend,web backend,web backend
GITHUB,containers,Java,2016,devops_cloud,devops_cloud,devops_cloud
GITHUB,dubbo,Java,2016,web backend,web backend,web backend
GITHUB,consul,Java,2016,devops_cloud,devops_cloud,devops_cloud
GITHUB,abendigo,Kotlin,2016,mobile,mobile,mobile
GITHUB,docker,Go,2016,devops_cloud,devops_cloud,devops_cloud
GITHUB,cri,Go,2016,devops_cloud,devops_cloud,devops_cloud
GITHUB,activity,Java,2016,mobile,mobile,mobile
GITHUB,android,Kotlin,2016,mobile,mobile,mobile
GITHUB,barcode,JavaScript,2016,web frontend,web frontend,web frontend
GITHUB,android,Java,2016,mobile,mobile,mobile
GITHUB,graph,JavaScript,2016,developer tools,developer tools,developer tools
GITHUB,decoding,Rust,2016,developer tools,developer tools,developer tools
GITHUB,livecoding,C++,2016,other,other,other
GITHUB,lighthouse,TypeScript,2016,testing_qa,testing_qa,testing_qa
GITHUB,dsl,Go,2016,developer tools,developer tools,developer tools
GITHUB,chart,Go,2016,developer tools,developer tools,developer tools
GITHUB,awesome,Swift,2016,mobile,mobile,mobile
GITHUB,cashapelayer,Swift,2016,mobile,mobile,mobile
GITHUB,listview,Java,2016,mobile,mobile,mobile
GITHUB,android,Java,2016,mobile,mobile,mobile
GITHUB,amazing,Python,2016,other,other,other
GITHUB,imagepicker,Swift,2016,mobile,mobile,mobile
GITHUB,microservice,Java,2016,enterprise,enterprise,enterprise
GITHUB,babel,JavaScript,2016,developer tools,developer tools,developer tools
GITHUB,cli,Go,2016,developer tools,developer tools,developer tools
GITHUB,android,Java,2016,mobile,mobile,mobile
GITHUB,data-visualization,JavaScript,2016,web frontend,web frontend,web frontend
GITHUB,boilerplate,TypeScript,2016,web frontend,web frontend,web frontend
GITHUB,directx,C#,2016,game,game,game
GITHUB,data-binding,C#,2016,developer tools,developer tools,developer tools
GITHUB,arm,C++,2016,embedded,embedded,embedded
GITHUB,ide,Rust,2016,developer tools,developer tools,developer tools
GITHUB,alexa,JavaScript,2016,iot,iot,iot
GITHUB,trash,Rust,2016,other,other,other
GITHUB,recyclerview,Java,2016,mobile,mobile,mobile
GITHUB,rust,TypeScript,2016,developer tools,developer tools,developer tools
GITHUB,carousel,Swift,2016,mobile,mobile,mobile
GITHUB,cnn,Swift,2016,data_ai,data_ai,data_ai
GITHUB,bitcoin,C#,2016,blockchain,blockchain,blockchain
GITHUB,angular,TypeScript,2016,web frontend,web frontend,web frontend
GITHUB,check-box,JavaScript,2016,web frontend,web frontend,web frontend
GITHUB,localstorage,JavaScript,2016,web frontend,web frontend,web frontend
GITHUB,frontend,Rust,2016,web frontend,web frontend,web frontend
GITHUB,abstract-factory-pattern,C++,2016,developer tools,developer tools,developer tools
GITHUB,components,TypeScript,2016,web frontend,web frontend,web frontend
GITHUB,dataset-generation,C++,2016,data_ai,data_ai,data_ai
GITHUB,emoji,C#,2016,developer tools,developer tools,developer tools
GITHUB,android,C++,2016,mobile,mobile,mobile
GITHUB,dark-theme,Swift,2016,mobile,mobile,mobile
GITHUB,java,Java,2016,other,other,other
GITHUB,animation,TypeScript,2016,web frontend,web frontend,web frontend
GITHUB,detection,Python,2016,data_ai,data_ai,data_ai
GITHUB,generator,JavaScript,2016,developer tools,developer tools,developer tools
GITHUB,pandas,Python,2016,data_ai,data_ai,data_ai
GITHUB,iota,TypeScript,2016,blockchain,blockchain,blockchain
GITHUB,deep-learning-papers,Python,2016,data_ai,data_ai,data_ai
GITHUB,autohotkey,Java,2016,developer tools,developer tools,developer tools
GITHUB,algorithms,Java,2016,other,other,other
GITHUB,android-permission,Java,2016,mobile,mobile,mobile
GITHUB,binaryformat,C#,2016,developer tools,developer tools,developer tools
GITHUB,cli,Go,2016,developer tools,developer tools,developer tools
GITHUB,android,Java,2016,mobile,mobile,mobile
GITHUB,k8s-sig-service-catalog,Go,2016,devops_cloud,devops_cloud,devops_cloud
GITHUB,art,Go,2016,other,other,other
GITHUB,android,Java,2016,mobile,mobile,mobile
GITHUB,image-viewer,TypeScript,2016,web frontend,web frontend,web frontend
GITHUB,animation,Swift,2016,mobile,mobile,mobile
GITHUB,android,Java,2016,mobile,mobile,mobile
GITHUB,artificial-intelligence,Go,2016,data_ai,data_ai,data_ai
GITHUB,carousel,JavaScript,2016,web frontend,web frontend,web frontend
GITHUB,audio,JavaScript,2016,web frontend,web frontend,web frontend
GITHUB,csharp,C#,2016,other,other,other
GITHUB,ast,Go,2016,developer tools,developer tools,developer tools
GITHUB,es6,JavaScript,2016,web frontend,web frontend,web frontend
GITHUB,deserialization,Swift,2016,mobile,mobile,mobile
GITHUB,algorithm,Python,2016,other,other,other
GITHUB,editor,TypeScript,2016,developer tools,developer tools,developer tools
GITHUB,dungeon,C#,2016,game,game,game
GITHUB,android,Kotlin,2016,mobile,mobile,mobile
GITHUB,cli,Go,2016,developer tools,developer tools,developer tools
GITHUB,computer-graphics,Python,2016,game,game,game
GITHUB,android,Java,2016,mobile,mobile,mobile
GITHUB,carousel,Swift,2016,mobile,mobile,mobile
GITHUB,gui,Rust,2016,other,other,other
GITHUB,code-editor,TypeScript,2016,developer tools,developer tools,developer tools
GITHUB,android,Java,2016,mobile,mobile,mobile
GITHUB,alertdialog,Java,2016,mobile,mobile,mobile
GITHUB,android,JavaScript,2016,mobile,mobile,mobile
GITHUB,navi,TypeScript,2016,web frontend,web frontend,web frontend
GITHUB,alipay,Kotlin,2016,mobile,mobile,mobile
GITHUB,android-studio-plugin,Kotlin,2016,developer tools,developer tools,developer tools
GITHUB,analysis,Go,2016,data_ai,data_ai,data_ai
GITHUB,ansible,C#,2016,devops_cloud,devops_cloud,devops_cloud
GITHUB,event-callback,Swift,2016,mobile,mobile,mobile
GITHUB,animated,Swift,2016,mobile,mobile,mobile
GITHUB,android,Java,2016,mobile,mobile,mobile
GITHUB,design,Kotlin,2016,mobile,mobile,mobile
GITHUB,cross-platform,Go,2016,other,other,other
GITHUB,backup,Swift,2016,mobile,mobile,mobile
GITHUB,dash-player,TypeScript,2016,web frontend,web frontend,web frontend
GITHUB,altbeacon,Kotlin,2016,mobile,mobile,mobile
GITHUB,range-slider,TypeScript,2016,web frontend,web frontend,web frontend
GITHUB,android,Kotlin,2016,mobile,mobile,mobile
GITHUB,accessibility,TypeScript,2016,web frontend,web frontend,web frontend
GITHUB,c-plus-plus,Python,2016,other,other,other
GITHUB,api,TypeScript,2016,web backend,web backend,web backend
GITHUB,cpp,C++,2016,other,other,other
GITHUB,activemq,Java,2016,enterprise,enterprise,enterprise
GITHUB,browserstack,Java,2016,testing_qa,testing_qa,testing_qa
GITHUB,android,Kotlin,2016,mobile,mobile,mobile
GITHUB,macos,Swift,2016,other,other,other
GITHUB,home-assistant-config,Python,2016,iot,iot,iot
GITHUB,facebook,Swift,2016,mobile,mobile,mobile
GITHUB,animated,Swift,2016,mobile,mobile,mobile
GITHUB,pagingview,Swift,2016,mobile,mobile,mobile
GITHUB,ddd,C#,2016,enterprise,enterprise,enterprise
GITHUB,dependency-manager,Go,2016,developer tools,developer tools,developer tools
GITHUB,accounts,TypeScript,2016,web backend,web backend,web backend
GITHUB,internationalization-plugin,JavaScript,2016,web frontend,web frontend,web frontend
GITHUB,graphql,TypeScript,2016,web backend,web backend,web backend
GITHUB,convolutional-neural-network,Python,2016,data_ai,data_ai,data_ai
GITHUB,bigquery,JavaScript,2016,data_ai,data_ai,data_ai
GITHUB,atomic-design,JavaScript,2016,web frontend,web frontend,web frontend
GITHUB,article,Kotlin,2016,mobile,mobile,mobile
GITHUB,ios,Swift,2016,mobile,mobile,mobile
GITHUB,language,C++,2016,developer tools,developer tools,developer tools
GITHUB,effects,C#,2016,game,game,game
GITHUB,ascii-art,TypeScript,2016,other,other,other
GITHUB,enclose-io,C++,2016,developer tools,developer tools,developer tools
GITHUB,class,C#,2016,other,other,other
GITHUB,axe-cli,JavaScript,2016,testing_qa,testing_qa,testing_qa
GITHUB,android,Java,2016,mobile,mobile,mobile
GITHUB,distributed-systems,Go,2016,devops_cloud,devops_cloud,devops_cloud
GITHUB,bridge-pattern,C#,2016,other,other,other
GITHUB,aspnet-core,C#,2016,web backend,web backend,web backend
GITHUB,android,Java,2016,mobile,mobile,mobile
GITHUB,1a89010d36,Go,2016,other,other,other
GITHUB,database,Go,2016,web backend,web backend,web backend
GITHUB,aframe,JavaScript,2016,web frontend,web frontend,web frontend
GITHUB,android,Kotlin,2016,mobile,mobile,mobile
GITHUB,gpu,C++,2016,data_ai,data_ai,data_ai
GITHUB,css,TypeScript,2016,web frontend,web frontend,web frontend
GITHUB,aws,Go,2016,devops_cloud,devops_cloud,devops_cloud
GITHUB,swift,Swift,2016,mobile,mobile,mobile
GITHUB,android,Java,2016,mobile,mobile,mobile
GITHUB,android,Kotlin,2016,mobile,mobile,mobile
GITHUB,cocoapods,Swift,2016,mobile,mobile,mobile
GITHUB,api,Go,2016,web backend,web backend,web backend
GITHUB,crawler,Python,2016,developer tools,developer tools,developer tools
GITHUB,android,Kotlin,2016,mobile,mobile,mobile
GITHUB,cross-platform,C++,2016,other,other,other
GITHUB,ai-pipeline,Go,2016,data_ai,data_ai,data_ai
GITHUB,entityframeworkcore,C#,2016,web backend,web backend,web backend
GITHUB,android,Java,2016,mobile,mobile,mobile
GITHUB,android,Kotlin,2016,mobile,mobile,mobile
GITHUB,apple-music,Swift,2016,mobile,mobile,mobile
GITHUB,chashmap,Rust,2016,developer tools,developer tools,developer tools
GITHUB,machine-learning,Java,2016,data_ai,data_ai,data_ai
GITHUB,barnes-hut-tsne,C++,2016,data_ai,data_ai,data_ai
GITHUB,algorithm,Java,2016,other,other,other
GITHUB,formatter,Swift,2016,developer tools,developer tools,developer tools
GITHUB,android,Kotlin,2016,mobile,mobile,mobile
GITHUB,json,Go,2016,developer tools,developer tools,developer tools
GITHUB,composer,JavaScript,2016,developer tools,developer tools,developer tools
GITHUB,logging,Rust,2016,developer tools,developer tools,developer tools
GITHUB,efficiency,Rust,2016,other,other,other
GITHUB,jpeg-encoder,C++,2016,developer tools,developer tools,developer tools
GITHUB,infinite-scroll,JavaScript,2016,web frontend,web frontend,web frontend
GITHUB,data-science,Go,2016,data_ai,data_ai,data_ai
GITHUB,csharp,C#,2016,other,other,other
GITHUB,audio,Kotlin,2016,mobile,mobile,mobile
GITHUB,bootstrap-theme,JavaScript,2016,web frontend,web frontend,web frontend
GITHUB,cassandra,Rust,2016,data_ai,data_ai,data_ai
GITHUB,angular4,TypeScript,2016,web frontend,web frontend,web frontend
GITHUB,android,Kotlin,2016,mobile,mobile,mobile
GITHUB,automatic-api,Kotlin,2016,web backend,web backend,web backend
GITHUB,lidar,C++,2016,embedded,embedded,embedded
GITHUB,etcd,Go,2016,devops_cloud,devops_cloud,devops_cloud
GITHUB,babel,JavaScript,2016,developer tools,developer tools,developer tools
GITHUB,iota,Java,2016,blockchain,blockchain,blockchain
GITHUB,file-explorer,Java,2016,other,other,other
GITHUB,android,Kotlin,2016,mobile,mobile,mobile
GITHUB,drive,C#,2016,other,other,other
GITHUB,desktop-duplication-api,C++,2016,developer tools,developer tools,developer tools
GITHUB,card,Java,2016,game,game,game
GITHUB,android,Swift,2016,mobile,mobile,mobile
GITHUB,android,Kotlin,2016,mobile,mobile,mobile
GITHUB,import,Python,2016,other,other,other
GITHUB,disk,C#,2016,other,other,other
GITHUB,kotlin,Kotlin,2016,mobile,mobile,mobile
GITHUB,badge,JavaScript,2016,web frontend,web frontend,web frontend
GITHUB,android,Kotlin,2016,mobile,mobile,mobile
GITHUB,ai,C#,2016,data_ai,data_ai,data_ai
GITHUB,error-monitoring,JavaScript,2016,developer tools,developer tools,developer tools
GITHUB,hacktoberfest,TypeScript,2016,other,other,other
GITHUB,api,JavaScript,2016,web backend,web backend,web backend
GITHUB,android,Kotlin,2016,mobile,mobile,mobile
GITHUB,demo,TypeScript,2016,web frontend,web frontend,web frontend
GITHUB,cli,Go,2016,developer tools,developer tools,developer tools
GITHUB,alert,Swift,2016,mobile,mobile,mobile
GITHUB,html,Swift,2016,mobile,mobile,mobile
GITHUB,3d,C++,2016,game,game,game
GITHUB,arduino,C++,2016,embedded,embedded,embedded
GITHUB,fix,C#,2016,other,other,other
GITHUB,go,Go,2016,other,other,other
GITHUB,animation,Swift,2016,mobile,mobile,mobile
GITHUB,interview,Java,2016,other,other,other
GITHUB,album,Java,2016,mobile,mobile,mobile
GITHUB,analytics,JavaScript,2016,web frontend,web frontend,web frontend
GITHUB,android,Java,2016,mobile,mobile,mobile
GITHUB,android,Java,2016,mobile,mobile,mobile
GITHUB,instagram,C#,2016,web backend,web backend,web backend
GITHUB,desktop-application,C++,2016,other,other,other
GITHUB,android,C#,2016,mobile,mobile,mobile
GITHUB,android,Java,2016,mobile,mobile,mobile
GITHUB,bluetooth,Swift,2016,mobile,mobile,mobile
GITHUB,circle,Swift,2016,mobile,mobile,mobile
GITHUB,dashboard,Rust,2016,web backend,web backend,web backend
GITHUB,credit-card,Swift,2016,mobile,mobile,mobile
GITHUB,hacktoberfest,Swift,2016,mobile,mobile,mobile
GITHUB,cache,Go,2016,devops_cloud,devops_cloud,devops_cloud
GITHUB,alert,Swift,2016,mobile,mobile,mobile
GITHUB,ie,JavaScript,2016,web frontend,web frontend,web frontend
GITHUB,inputmask,TypeScript,2016,web frontend,web frontend,web frontend
GITHUB,carthage,Swift,2016,mobile,mobile,mobile
GITHUB,android,Kotlin,2016,mobile,mobile,mobile
GITHUB,caddy,Go,2016,devops_cloud,devops_cloud,devops_cloud
GITHUB,3d-touch,Swift,2016,mobile,mobile,mobile
GITHUB,ai,C++,2016,data_ai,data_ai,data_ai
GITHUB,adhan,Kotlin,2016,mobile,mobile,mobile
GITHUB,2d-animation,C++,2016,game,game,game
GITHUB,introspect,Swift,2016,mobile,mobile,mobile
GITHUB,docker,Go,2016,devops_cloud,devops_cloud,devops_cloud
GITHUB,animation,Swift,2016,mobile,mobile,mobile
GITHUB,ascii-art,JavaScript,2016,other,other,other
GITHUB,detecting-anomalous-activities,Python,2016,data_ai,data_ai,data_ai
GITHUB,faas,Go,2016,devops_cloud,devops_cloud,devops_cloud
GITHUB,editing,TypeScript,2016,developer tools,developer tools,developer tools
GITHUB,terminal,Go,2016,developer tools,developer tools,developer tools
GITHUB,gradle,Kotlin,2016,developer tools,developer tools,developer tools
GITHUB,c,C++,2016,other,other,other
GITHUB,ai,C#,2016,data_ai,data_ai,data_ai
GITHUB,api,Python,2016,web backend,web backend,web backend
GITHUB,game-engine,Go,2016,game,game,game
GITHUB,analytics,Go,2016,data_ai,data_ai,data_ai
GITHUB,chrome-devtools,TypeScript,2016,developer tools,developer tools,developer tools
GITHUB,camera,C#,2016,other,other,other
GITHUB,behavior-tree,C#,2016,game,game,game
GITHUB,catkin,C++,2016,embedded,embedded,embedded
GITHUB,lighting,C#,2016,game,game,game
GITHUB,android,Java,2016,mobile,mobile,mobile
GITHUB,testing,Swift,2016,testing_qa,testing_qa,testing_qa
GITHUB,custom-allocator,C++,2016,developer tools,developer tools,developer tools
GITHUB,chart,Go,2016,data_ai,data_ai,data_ai
GITHUB,directinput,C#,2016,game,game,game
GITHUB,linkerd,Rust,2016,devops_cloud,devops_cloud,devops_cloud
GITHUB,development,JavaScript,2016,web frontend,web frontend,web frontend
GITHUB,architecture,Swift,2016,mobile,mobile,mobile
GITHUB,boilerplate,JavaScript,2016,web frontend,web frontend,web frontend
GITHUB,android,Java,2016,mobile,mobile,mobile
GITHUB,docker,Go,2016,devops_cloud,devops_cloud,devops_cloud
GITHUB,kubernetes,Go,2016,devops_cloud,devops_cloud,devops_cloud
GITHUB,hacktoberfest,C#,2016,other,other,other
GITHUB,angular,TypeScript,2016,web frontend,web frontend,web frontend
GITHUB,aircrack,Java,2016,security,security,security
GITHUB,navigationbar,Kotlin,2016,mobile,mobile,mobile
GITHUB,android,Kotlin,2016,mobile,mobile,mobile
GITHUB,grid-layout,Swift,2016,mobile,mobile,mobile
GITHUB,android,Kotlin,2016,mobile,mobile,mobile
GITHUB,aws,Go,2016,devops_cloud,devops_cloud,devops_cloud
GITHUB,demo,JavaScript,2016,web frontend,web frontend,web frontend
GITHUB,android,TypeScript,2016,mobile,mobile,mobile
GITHUB,particles,TypeScript,2016,web frontend,web frontend,web frontend
GITHUB,blueprint,C++,2016,game,game,game
GITHUB,deserialization,Go,2016,developer tools,developer tools,developer tools
GITHUB,analysis,C#,2016,data_ai,data_ai,data_ai
GITHUB,android,TypeScript,2016,mobile,mobile,mobile
GITHUB,share,Java,2016,other,other,other
GITHUB,rdp,Python,2016,security,security,security
GITHUB,mock,JavaScript,2016,testing_qa,testing_qa,testing_qa
GITHUB,kotlin,Kotlin,2016,mobile,mobile,mobile
GITHUB,algorithm-challenges,C++,2016,other,other,other
GITHUB,arena,C#,2016,game,game,game
GITHUB,automatic,C++,2016,other,other,other
GITHUB,excel,C#,2016,developer tools,developer tools,developer tools
GITHUB,bot,Python,2016,other,other,other
GITHUB,android,Java,2016,mobile,mobile,mobile
GITHUB,bwapi,C++,2016,game,game,game
GITHUB,cli,Swift,2016,developer tools,developer tools,developer tools
GITHUB,detour,Rust,2016,developer tools,developer tools,developer tools
GITHUB,code-generation,Go,2016,developer tools,developer tools,developer tools
GITHUB,deserialization,Java,2016,developer tools,developer tools,developer tools
GITHUB,ipproxy,Python,2016,devops_cloud,devops_cloud,devops_cloud
GITHUB,artificial-intelligence,Python,2016,data_ai,data_ai,data_ai
GITHUB,graphics,Swift,2016,mobile,mobile,mobile
GITHUB,cocoapods,Swift,2016,mobile,mobile,mobile
GITHUB,golang,Go,2016,other,other,other
GITHUB,javascript,JavaScript,2016,web frontend,web frontend,web frontend
GITHUB,animation,Swift,2016,mobile,mobile,mobile
GITHUB,bitcoin,C#,2016,blockchain,blockchain,blockchain
GITHUB,distributed-systems,Java,2016,enterprise,enterprise,enterprise
GITHUB,chaos-monkey,Go,2016,devops_cloud,devops_cloud,devops_cloud
GITHUB,attributedlabel,Swift,2016,mobile,mobile,mobile
GITHUB,attributedstring,Swift,2016,mobile,mobile,mobile
GITHUB,java,Java,2016,other,other,other
GITHUB,actions-on-google-nodejs,TypeScript,2016,developer tools,developer tools,developer tools
GITHUB,android,Kotlin,2016,mobile,mobile,mobile
GITHUB,developer-tools,Swift,2016,developer tools,developer tools,developer tools
GITHUB,android,Kotlin,2016,mobile,mobile,mobile
GITHUB,android,Kotlin,2016,mobile,mobile,mobile
GITHUB,android,Java,2016,mobile,mobile,mobile
GITHUB,alfred-workflows,JavaScript,2016,developer tools,developer tools,developer tools
GITHUB,burndown,Go,2016,developer tools,developer tools,developer tools
GITHUB,improvement,Kotlin,2016,mobile,mobile,mobile
GITHUB,admin-dashboard,JavaScript,2016,web frontend,web frontend,web frontend
GITHUB,android-component,Java,2016,mobile,mobile,mobile
GITHUB,csharp,C#,2016,other,other,other
GITHUB,blockchain,JavaScript,2016,blockchain,blockchain,blockchain
GITHUB,awesome,Go,2016,developer tools,developer tools,developer tools
GITHUB,cloudformation,Go,2016,devops_cloud,devops_cloud,devops_cloud
GITHUB,android,Java,2016,mobile,mobile,mobile
GITHUB,full-stack,Kotlin,2016,web backend,web backend,web backend
GITHUB,uifont,Swift,2016,mobile,mobile,mobile
GITHUB,gallery,Java,2016,mobile,mobile,mobile
GITHUB,android,Kotlin,2016,mobile,mobile,mobile
GITHUB,unity,C#,2016,game,game,game
GITHUB,cpp,C++,2016,other,other,other
GITHUB,android,Java,2016,mobile,mobile,mobile
GITHUB,mainframer,Rust,2016,developer tools,developer tools,developer tools
GITHUB,android-things,Java,2016,iot,iot,iot
GITHUB,datatable,JavaScript,2016,web frontend,web frontend,web frontend
GITHUB,programming-language,Rust,2016,developer tools,developer tools,developer tools
GITHUB,gamedev,C#,2016,game,game,game
GITHUB,darknet,C++,2016,data_ai,data_ai,data_ai
GITHUB,apple,Swift,2016,mobile,mobile,mobile
GITHUB,analytics,TypeScript,2016,data_ai,data_ai,data_ai
GITHUB,angular,TypeScript,2016,web frontend,web frontend,web frontend
GITHUB,china,JavaScript,2016,other,other,other
GITHUB,gesture,JavaScript,2016,web frontend,web frontend,web frontend
GITHUB,flow,TypeScript,2016,developer tools,developer tools,developer tools
GITHUB,carthage,Swift,2016,mobile,mobile,mobile
GITHUB,dashboards,Java,2016,web backend,web backend,web backend
GITHUB,dataviz,TypeScript,2016,web frontend,web frontend,web frontend
GITHUB,graphics,Rust,2016,game,game,game
GITHUB,ceph,Go,2016,devops_cloud,devops_cloud,devops_cloud
GITHUB,android,Kotlin,2016,mobile,mobile,mobile
GITHUB,android,Kotlin,2016,mobile,mobile,mobile
GITHUB,android,Kotlin,2016,mobile,mobile,mobile
GITHUB,android,C#,2016,mobile,mobile,mobile
GITHUB,android-mvp,Java,2016,mobile,mobile,mobile
GITHUB,aws,Go,2016,devops_cloud,devops_cloud,devops_cloud
GITHUB,bundle,JavaScript,2016,developer tools,developer tools,developer tools
GITHUB,bluetooth,Swift,2016,mobile,mobile,mobile
GITHUB,blockchain,Go,2016,blockchain,blockchain,blockchain
GITHUB,android,TypeScript,2016,mobile,mobile,mobile
GITHUB,boilerplate,TypeScript,2016,developer tools,developer tools,developer tools
GITHUB,computer-vision,C++,2016,data_ai,data_ai,data_ai
GITHUB,android,Kotlin,2016,mobile,mobile,mobile
GITHUB,avfoundation,Swift,2016,mobile,mobile,mobile
GITHUB,android,Java,2016,mobile,mobile,mobile
GITHUB,command-line,Go,2016,developer tools,developer tools,developer tools
GITHUB,androidx,Java,2016,mobile,mobile,mobile
GITHUB,launcher-build,C#,2016,developer tools,developer tools,developer tools
GITHUB,api,Swift,2016,mobile,mobile,mobile
GITHUB,cocoapods,Swift,2016,mobile,mobile,mobile
GITHUB,android,Java,2016,mobile,mobile,mobile
GITHUB,login,JavaScript,2016,web frontend,web frontend,web frontend
GITHUB,android,Kotlin,2016,mobile,mobile,mobile
GITHUB,dns,Go,2016,devops_cloud,devops_cloud,devops_cloud
GITHUB,annotation-tool,TypeScript,2016,data_ai,data_ai,data_ai
GITHUB,go,Go,2016,other,other,other
GITHUB,il2cpp,C#,2016,game,game,game
GITHUB,javascript-bridge,Java,2017,mobile,mobile,mobile
GITHUB,android,Kotlin,2017,mobile,mobile,mobile
GITHUB,denite,Python,2017,developer tools,developer tools,developer tools
GITHUB,chart,Swift,2017,mobile,mobile,mobile
GITHUB,cocoapods,Swift,2017,mobile,mobile,mobile
GITHUB,android,Java,2017,mobile,mobile,mobile
GITHUB,cleanarchitecture,Swift,2017,mobile,mobile,mobile
GITHUB,itunes,Swift,2017,mobile,mobile,mobile
GITHUB,async,Swift,2017,mobile,mobile,mobile
GITHUB,injector,C++,2017,security,security,security
GITHUB,android,Kotlin,2017,mobile,mobile,mobile
GITHUB,amazon-api-gateway,Kotlin,2017,devops_cloud,devops_cloud,devops_cloud
GITHUB,wechat,JavaScript,2017,mobile,mobile,mobile
GITHUB,physics,C#,2017,other,other,other
GITHUB,batchinsert,Java,2017,developer tools,developer tools,developer tools
GITHUB,weex,C++,2017,mobile,mobile,mobile
GITHUB,csharp,C#,2017,other,other,other
GITHUB,io,Rust,2017,developer tools,developer tools,developer tools
GITHUB,argument-parser,Kotlin,2017,developer tools,developer tools,developer tools
GITHUB,apollo,JavaScript,2017,web backend,web backend,web backend
GITHUB,clone,C#,2017,other,other,other
GITHUB,android,Kotlin,2017,mobile,mobile,mobile
GITHUB,algorithm,Java,2017,other,other,other
GITHUB,dom,Kotlin,2017,web frontend,web frontend,web frontend
GITHUB,compiler,Swift,2017,developer tools,developer tools,developer tools
GITHUB,art,C++,2017,other,other,other
GITHUB,android,Kotlin,2017,mobile,mobile,mobile
GITHUB,airconditioning,C++,2017,embedded,embedded,embedded
GITHUB,file-browser,C#,2017,web backend,web backend,web backend
GITHUB,golang,Go,2017,other,other,other
GITHUB,fluent,TypeScript,2017,web frontend,web frontend,web frontend
GITHUB,sticky-headers,Java,2017,mobile,mobile,mobile
GITHUB,adapterdelegates,Java,2017,mobile,mobile,mobile
GITHUB,education,Python,2017,other,other,other
GITHUB,hololens,C#,2017,game,game,game
GITHUB,multiplayer,C#,2017,game,game,game
GITHUB,android,Kotlin,2017,mobile,mobile,mobile
GITHUB,database,Go,2017,developer tools,developer tools,developer tools
GITHUB,instagram,Python,2017,other,other,other
GITHUB,android,Java,2017,mobile,mobile,mobile
GITHUB,miniapp,JavaScript,2017,mobile,mobile,mobile
GITHUB,a3c,Python,2017,data_ai,data_ai,data_ai
GITHUB,codegen,Rust,2017,developer tools,developer tools,developer tools
GITHUB,easymodbus,C#,2017,iot,iot,iot
GITHUB,android,Java,2017,mobile,mobile,mobile
GITHUB,golang,Go,2017,other,other,other
GITHUB,api-wrapper,Python,2017,developer tools,developer tools,developer tools
GITHUB,command-line,C++,2017,developer tools,developer tools,developer tools
GITHUB,vue,TypeScript,2017,web frontend,web frontend,web frontend
GITHUB,star-rating-component,JavaScript,2017,web frontend,web frontend,web frontend
GITHUB,arduino,C++,2017,embedded,embedded,embedded
GITHUB,audio,C#,2017,other,other,other
GITHUB,codemirror,TypeScript,2017,web frontend,web frontend,web frontend
GITHUB,android,Java,2017,mobile,mobile,mobile
GITHUB,alert,Swift,2017,mobile,mobile,mobile
GITHUB,agnostic,Rust,2017,other,other,other
GITHUB,event,TypeScript,2017,developer tools,developer tools,developer tools
GITHUB,api,Java,2017,web backend,web backend,web backend
GITHUB,go,Go,2017,other,other,other
GITHUB,android,Java,2017,mobile,mobile,mobile
GITHUB,webpack,JavaScript,2017,developer tools,developer tools,developer tools
GITHUB,component,JavaScript,2017,web frontend,web frontend,web frontend
GITHUB,c-sharp,C#,2017,other,other,other
GITHUB,consistency,Go,2017,devops_cloud,devops_cloud,devops_cloud
GITHUB,mtproto,JavaScript,2017,security,security,security
GITHUB,css-selector,JavaScript,2017,web frontend,web frontend,web frontend
GITHUB,csharp,C#,2017,other,other,other
GITHUB,runtime,C#,2017,developer tools,developer tools,developer tools
GITHUB,elk,Swift,2017,mobile,mobile,mobile
GITHUB,high-availability,C++,2017,devops_cloud,devops_cloud,devops_cloud
GITHUB,android,Java,2017,mobile,mobile,mobile
GITHUB,ios,Swift,2017,mobile,mobile,mobile
GITHUB,android,Kotlin,2017,mobile,mobile,mobile
GITHUB,browser-extension,TypeScript,2017,web frontend,web frontend,web frontend
GITHUB,android,Java,2017,mobile,mobile,mobile
GITHUB,algorithm,Java,2017,other,other,other
GITHUB,date,JavaScript,2017,developer tools,developer tools,developer tools
GITHUB,android,Kotlin,2017,mobile,mobile,mobile
GITHUB,egg,JavaScript,2017,web backend,web backend,web backend
GITHUB,carthage,Swift,2017,mobile,mobile,mobile
GITHUB,android,Kotlin,2017,mobile,mobile,mobile
GITHUB,cluster,Python,2017,devops_cloud,devops_cloud,devops_cloud
GITHUB,dendrite,Go,2017,web backend,web backend,web backend
GITHUB,listview,TypeScript,2017,web frontend,web frontend,web frontend
GITHUB,aws,TypeScript,2017,devops_cloud,devops_cloud,devops_cloud
GITHUB,pytorch,Python,2017,data_ai,data_ai,data_ai
GITHUB,action,Kotlin,2017,mobile,mobile,mobile
GITHUB,analyser,Swift,2017,developer tools,developer tools,developer tools
GITHUB,api,Go,2017,web backend,web backend,web backend
GITHUB,analysis,Python,2017,data_ai,data_ai,data_ai
GITHUB,compiler,Go,2017,developer tools,developer tools,developer tools
GITHUB,cryptography,Swift,2017,security,security,security
GITHUB,framework,Go,2017,web backend,web backend,web backend
GITHUB,android,Java,2017,mobile,mobile,mobile
GITHUB,api,C++,2017,developer tools,developer tools,developer tools
GITHUB,coredump,C#,2017,developer tools,developer tools,developer tools
GITHUB,ajax,JavaScript,2017,web frontend,web frontend,web frontend
GITHUB,inference,TypeScript,2017,data_ai,data_ai,data_ai
GITHUB,bruteforce,Python,2017,security,security,security
GITHUB,animation,C#,2017,game,game,game
GITHUB,actor-critic,Python,2017,data_ai,data_ai,data_ai
GITHUB,nextjs,JavaScript,2017,web frontend,web frontend,web frontend
GITHUB,cellular-automata,C#,2017,game,game,game
GITHUB,oscilloscope,C++,2017,embedded,embedded,embedded
GITHUB,binding,Swift,2017,mobile,mobile,mobile
GITHUB,base64,C++,2017,developer tools,developer tools,developer tools
GITHUB,livelink,C#,2017,enterprise,enterprise,enterprise
GITHUB,android,Kotlin,2017,mobile,mobile,mobile
GITHUB,dripicons,Swift,2017,mobile,mobile,mobile
GITHUB,commonmark,JavaScript,2017,developer tools,developer tools,developer tools
GITHUB,animation,Swift,2017,mobile,mobile,mobile
GITHUB,concatenative,Rust,2017,developer tools,developer tools,developer tools
GITHUB,animation,Swift,2017,mobile,mobile,mobile
GITHUB,compression,C++,2017,developer tools,developer tools,developer tools
GITHUB,ansi,Go,2017,developer tools,developer tools,developer tools
GITHUB,ava,TypeScript,2017,testing_qa,testing_qa,testing_qa
GITHUB,alphabetindex-fastscroller,Kotlin,2017,mobile,mobile,mobile
GITHUB,bitcoin,Rust,2017,blockchain,blockchain,blockchain
GITHUB,airbnb,C#,2017,web backend,web backend,web backend
GITHUB,apollo,TypeScript,2017,web frontend,web frontend,web frontend
GITHUB,data-journalism,JavaScript,2017,data_ai,data_ai,data_ai
GITHUB,javascript,TypeScript,2017,web frontend,web frontend,web frontend
GITHUB,deno,TypeScript,2017,web backend,web backend,web backend
GITHUB,drag,Swift,2017,mobile,mobile,mobile
GITHUB,go,Go,2017,other,other,other
GITHUB,android,Kotlin,2017,mobile,mobile,mobile
GITHUB,alerting,Kotlin,2017,devops_cloud,devops_cloud,devops_cloud
GITHUB,desktop-environment,C++,2017,other,other,other
GITHUB,instagram,Java,2017,mobile,mobile,mobile
GITHUB,data-science,Python,2017,data_ai,data_ai,data_ai
GITHUB,hackerrank,Java,2017,other,other,other
GITHUB,custom-elements,JavaScript,2017,web frontend,web frontend,web frontend
GITHUB,devops,JavaScript,2017,devops_cloud,devops_cloud,devops_cloud
GITHUB,app,C#,2017,other,other,other
GITHUB,delivery,Java,2017,web backend,web backend,web backend
GITHUB,animation,Swift,2017,mobile,mobile,mobile
GITHUB,editor,C#,2017,developer tools,developer tools,developer tools
GITHUB,go,Go,2017,other,other,other
GITHUB,apollo,TypeScript,2017,web frontend,web frontend,web frontend
GITHUB,computer-vision,Python,2017,data_ai,data_ai,data_ai
GITHUB,animation,Swift,2017,mobile,mobile,mobile
GITHUB,android,Java,2017,mobile,mobile,mobile
GITHUB,cms,Java,2017,web backend,web backend,web backend
GITHUB,ios,Swift,2017,mobile,mobile,mobile
GITHUB,api-server,Go,2017,web backend,web backend,web backend
GITHUB,container,Go,2017,devops_cloud,devops_cloud,devops_cloud
GITHUB,framework,Go,2017,web backend,web backend,web backend
GITHUB,bot,Python,2017,other,other,other
GITHUB,cli,Go,2017,developer tools,developer tools,developer tools
GITHUB,argument-parser,TypeScript,2017,developer tools,developer tools,developer tools
GITHUB,data-lake,Java,2017,data_ai,data_ai,data_ai
GITHUB,cloud,Go,2017,devops_cloud,devops_cloud,devops_cloud
GITHUB,area-picker,TypeScript,2017,web frontend,web frontend,web frontend
GITHUB,distributed-computing,C#,2017,devops_cloud,devops_cloud,devops_cloud
GITHUB,animation,Swift,2017,mobile,mobile,mobile
GITHUB,pomodoro,C#,2017,other,other,other
GITHUB,command-line,Go,2017,developer tools,developer tools,developer tools
GITHUB,rust,Rust,2017,other,other,other
GITHUB,amplitude,JavaScript,2017,web frontend,web frontend,web frontend
GITHUB,jupyter,Swift,2017,data_ai,data_ai,data_ai
GITHUB,csrss,C++,2017,security,security,security
GITHUB,hacktoberfest,Rust,2017,other,other,other
GITHUB,fingerprint,Java,2017,security,security,security
GITHUB,dubbox,Java,2017,enterprise,enterprise,enterprise
GITHUB,binary-ninja,Python,2017,security,security,security
GITHUB,asmjs,Rust,2017,web frontend,web frontend,web frontend
GITHUB,attack,C++,2017,security,security,security
GITHUB,android,Java,2017,mobile,mobile,mobile
GITHUB,camera,C#,2017,iot,iot,iot
GITHUB,algorithmic-trading,Python,2017,data_ai,data_ai,data_ai
GITHUB,golang,Go,2017,other,other,other
GITHUB,async,TypeScript,2017,developer tools,developer tools,developer tools
GITHUB,about,Java,2017,other,other,other
GITHUB,xcache,Java,2017,developer tools,developer tools,developer tools
GITHUB,docker,JavaScript,2017,devops_cloud,devops_cloud,devops_cloud
GITHUB,android,Go,2017,mobile,mobile,mobile
GITHUB,koa,JavaScript,2017,web backend,web backend,web backend
GITHUB,ios-simulator,Swift,2017,mobile,mobile,mobile
GITHUB,book,Go,2017,other,other,other
GITHUB,cutout,Swift,2017,mobile,mobile,mobile
GITHUB,egg,JavaScript,2017,web backend,web backend,web backend
GITHUB,animation,Swift,2017,mobile,mobile,mobile
GITHUB,automation,Python,2017,devops_cloud,devops_cloud,devops_cloud
GITHUB,coveralls,TypeScript,2017,testing_qa,testing_qa,testing_qa
GITHUB,build-system,Go,2017,developer tools,developer tools,developer tools
GITHUB,gradients,Swift,2017,mobile,mobile,mobile
GITHUB,architecture,Swift,2017,mobile,mobile,mobile
GITHUB,a11y,TypeScript,2017,web frontend,web frontend,web frontend
GITHUB,design,Java,2017,other,other,other
GITHUB,natural-language-processing,Go,2017,data_ai,data_ai,data_ai
GITHUB,algorithm,Rust,2017,other,other,other
GITHUB,isomorphic,TypeScript,2017,web frontend,web frontend,web frontend
GITHUB,browser-extension,TypeScript,2017,web frontend,web frontend,web frontend
GITHUB,alamofire,Swift,2017,mobile,mobile,mobile
GITHUB,android,Java,2017,mobile,mobile,mobile
GITHUB,cron,Go,2017,devops_cloud,devops_cloud,devops_cloud
GITHUB,360-photo,Swift,2017,mobile,mobile,mobile
GITHUB,icon,TypeScript,2017,web frontend,web frontend,web frontend
GITHUB,android,Java,2017,mobile,mobile,mobile
GITHUB,audio,C++,2017,other,other,other
GITHUB,audio,Swift,2017,mobile,mobile,mobile
GITHUB,wpf,C#,2017,other,other,other
GITHUB,blueteam,JavaScript,2017,security,security,security
GITHUB,game-server,Go,2017,game,game,game
GITHUB,eclipse,JavaScript,2017,developer tools,developer tools,developer tools
GITHUB,anbox,C++,2017,mobile,mobile,mobile
GITHUB,autocomplete,JavaScript,2017,web frontend,web frontend,web frontend
GITHUB,apple,Swift,2017,mobile,mobile,mobile
GITHUB,android,Kotlin,2017,mobile,mobile,mobile
GITHUB,firebase,C#,2017,devops_cloud,devops_cloud,devops_cloud
GITHUB,checkout,JavaScript,2017,web frontend,web frontend,web frontend
GITHUB,cpp,C++,2017,other,other,other
GITHUB,beautifulsoup,Go,2017,developer tools,developer tools,developer tools
GITHUB,async,JavaScript,2017,developer tools,developer tools,developer tools
GITHUB,cisco,Go,2017,devops_cloud,devops_cloud,devops_cloud
GITHUB,android,Kotlin,2017,mobile,mobile,mobile
GITHUB,asm-dom,C++,2017,web frontend,web frontend,web frontend
GITHUB,app,Swift,2017,mobile,mobile,mobile
GITHUB,expansion-button,Swift,2017,mobile,mobile,mobile
GITHUB,csharp,C#,2017,other,other,other
GITHUB,activemq,Java,2017,enterprise,enterprise,enterprise
GITHUB,game-development,C#,2017,game,game,game
GITHUB,relation-extraction,Python,2017,data_ai,data_ai,data_ai
GITHUB,binary,Rust,2017,developer tools,developer tools,developer tools
GITHUB,aws,Go,2017,devops_cloud,devops_cloud,devops_cloud
GITHUB,appdelegate,Swift,2017,mobile,mobile,mobile
GITHUB,react,TypeScript,2017,web frontend,web frontend,web frontend
GITHUB,apm,Java,2017,devops_cloud,devops_cloud,devops_cloud
GITHUB,api,TypeScript,2017,web backend,web backend,web backend
GITHUB,algorithm,Kotlin,2017,other,other,other
GITHUB,cards,Swift,2017,mobile,mobile,mobile
GITHUB,doodle,Swift,2017,mobile,mobile,mobile
GITHUB,android,Java,2017,mobile,mobile,mobile
GITHUB,battle-city,TypeScript,2017,game,game,game
GITHUB,api-gateway,JavaScript,2017,devops_cloud,devops_cloud,devops_cloud
GITHUB,android,Java,2017,mobile,mobile,mobile
GITHUB,address,TypeScript,2017,other,other,other
GITHUB,extension,Swift,2017,mobile,mobile,mobile
GITHUB,data-sync,Java,2017,web backend,web backend,web backend
GITHUB,blur,TypeScript,2017,web frontend,web frontend,web frontend
GITHUB,capture,Swift,2017,mobile,mobile,mobile
GITHUB,android,Java,2017,mobile,mobile,mobile
GITHUB,antivirus,Python,2017,security,security,security
GITHUB,jvm,Kotlin,2017,other,other,other
GITHUB,alipay,Java,2017,web backend,web backend,web backend
GITHUB,chart,Java,2017,data_ai,data_ai,data_ai
GITHUB,async-functions,C++,2017,developer tools,developer tools,developer tools
GITHUB,ios,Swift,2017,mobile,mobile,mobile
GITHUB,cncf,Go,2017,devops_cloud,devops_cloud,devops_cloud
GITHUB,face-detection,Python,2017,data_ai,data_ai,data_ai
GITHUB,angular,TypeScript,2017,web frontend,web frontend,web frontend
GITHUB,cocoapods,Swift,2017,mobile,mobile,mobile
GITHUB,abendigo,Kotlin,2017,mobile,mobile,mobile
GITHUB,command-line-tool,Go,2017,developer tools,developer tools,developer tools
GITHUB,hacktoberfest,JavaScript,2017,web frontend,web frontend,web frontend
GITHUB,android-architecture,Java,2017,mobile,mobile,mobile
GITHUB,bittorrent,Go,2017,other,other,other
GITHUB,asynchronous,Go,2017,developer tools,developer tools,developer tools
GITHUB,deep-learning,Python,2017,data_ai,data_ai,data_ai
GITHUB,angular,TypeScript,2017,web frontend,web frontend,web frontend
GITHUB,clean-architecture,Swift,2017,mobile,mobile,mobile
GITHUB,cli,Go,2017,developer tools,developer tools,developer tools
GITHUB,android,Java,2017,mobile,mobile,mobile
GITHUB,bi,TypeScript,2017,data_ai,data_ai,data_ai
GITHUB,unity,C#,2017,game,game,game
GITHUB,bitcoin,Go,2017,blockchain,blockchain,blockchain
GITHUB,ios,Swift,2017,mobile,mobile,mobile
GITHUB,algorithm,Java,2017,other,other,other
GITHUB,unity,C#,2017,game,game,game
GITHUB,android,Kotlin,2017,mobile,mobile,mobile
GITHUB,android,Kotlin,2017,mobile,mobile,mobile
GITHUB,deep-learning,Python,2017,data_ai,data_ai,data_ai
GITHUB,boxplot,Rust,2017,data_ai,data_ai,data_ai
GITHUB,atx,JavaScript,2017,developer tools,developer tools,developer tools
GITHUB,android,Kotlin,2017,mobile,mobile,mobile
GITHUB,concolic,Kotlin,2017,testing_qa,testing_qa,testing_qa
GITHUB,arm,Rust,2017,embedded,embedded,embedded
GITHUB,asmjs,Rust,2017,developer tools,developer tools,developer tools
GITHUB,animation,Swift,2017,mobile,mobile,mobile
GITHUB,android,Kotlin,2017,mobile,mobile,mobile
GITHUB,cocoapods,Swift,2017,mobile,mobile,mobile
GITHUB,asp,C#,2017,web backend,web backend,web backend
GITHUB,animation,Swift,2017,mobile,mobile,mobile
GITHUB,cd,Go,2017,devops_cloud,devops_cloud,devops_cloud
GITHUB,chatbot,Python,2017,data_ai,data_ai,data_ai
GITHUB,current,Swift,2017,mobile,mobile,mobile
GITHUB,errors,Go,2017,developer tools,developer tools,developer tools
GITHUB,ios,Swift,2017,mobile,mobile,mobile
GITHUB,app,Swift,2017,mobile,mobile,mobile
GITHUB,build,Go,2017,developer tools,developer tools,developer tools
GITHUB,android,Java,2017,mobile,mobile,mobile
GITHUB,android,Kotlin,2017,mobile,mobile,mobile
GITHUB,javascript,JavaScript,2017,web frontend,web frontend,web frontend
GITHUB,android,Java,2017,mobile,mobile,mobile
GITHUB,api,JavaScript,2017,web backend,web backend,web backend
GITHUB,24projects,C#,2017,other,other,other
GITHUB,animation,Swift,2017,mobile,mobile,mobile
GITHUB,mongodb,TypeScript,2017,web backend,web backend,web backend
GITHUB,browser,JavaScript,2017,web frontend,web frontend,web frontend
GITHUB,ionic,TypeScript,2017,mobile,mobile,mobile
GITHUB,alpha,JavaScript,2017,other,other,other
GITHUB,alfred,Go,2017,developer tools,developer tools,developer tools
GITHUB,android,Kotlin,2017,mobile,mobile,mobile
GITHUB,gatsby,TypeScript,2017,web frontend,web frontend,web frontend
GITHUB,boilerplate,JavaScript,2017,developer tools,developer tools,developer tools
GITHUB,android,Java,2017,mobile,mobile,mobile
GITHUB,async,C++,2017,developer tools,developer tools,developer tools
GITHUB,cli,TypeScript,2017,developer tools,developer tools,developer tools
GITHUB,2d-map,C++,2017,game,game,game
GITHUB,aries,Rust,2017,blockchain,blockchain,blockchain
GITHUB,binding,Swift,2017,mobile,mobile,mobile
GITHUB,golang,Go,2017,other,other,other
GITHUB,android,Java,2017,mobile,mobile,mobile
GITHUB,react,TypeScript,2017,web frontend,web frontend,web frontend
GITHUB,android,Kotlin,2017,mobile,mobile,mobile
GITHUB,hacktoberfest,TypeScript,2017,other,other,other
GITHUB,inferno,JavaScript,2017,web frontend,web frontend,web frontend
GITHUB,cn,Go,2017,web backend,web backend,web backend
GITHUB,angular,TypeScript,2017,web frontend,web frontend,web frontend
GITHUB,art,TypeScript,2017,other,other,other
GITHUB,asm,Go,2017,developer tools,developer tools,developer tools
GITHUB,computer-vision,Python,2017,data_ai,data_ai,data_ai
GITHUB,adaboost,Python,2017,data_ai,data_ai,data_ai
GITHUB,algorithms,C++,2017,other,other,other
GITHUB,coco,Python,2017,data_ai,data_ai,data_ai
GITHUB,keepass,C#,2017,security,security,security
GITHUB,android,Java,2017,mobile,mobile,mobile
GITHUB,cocoapods,Swift,2017,mobile,mobile,mobile
GITHUB,android,Java,2017,mobile,mobile,mobile
GITHUB,angular,TypeScript,2017,web frontend,web frontend,web frontend
GITHUB,blockchain,TypeScript,2017,blockchain,blockchain,blockchain
GITHUB,offline,TypeScript,2017,web frontend,web frontend,web frontend
GITHUB,android,Java,2017,mobile,mobile,mobile
GITHUB,caching,JavaScript,2017,web backend,web backend,web backend
GITHUB,springboot,Java,2017,web backend,web backend,web backend
GITHUB,android,Kotlin,2017,mobile,mobile,mobile
GITHUB,base,Java,2017,other,other,other
GITHUB,android,Java,2017,mobile,mobile,mobile
GITHUB,crop,Swift,2017,mobile,mobile,mobile
GITHUB,gui,C++,2017,other,other,other
GITHUB,android,Java,2017,mobile,mobile,mobile
GITHUB,android,Java,2017,mobile,mobile,mobile
GITHUB,bi-lstm,Python,2017,data_ai,data_ai,data_ai
GITHUB,cloud,Go,2017,devops_cloud,devops_cloud,devops_cloud
GITHUB,ios,Swift,2017,mobile,mobile,mobile
GITHUB,git,JavaScript,2017,developer tools,developer tools,developer tools
GITHUB,go,Go,2017,other,other,other
GITHUB,android,Java,2017,mobile,mobile,mobile
GITHUB,atlas,JavaScript,2017,web frontend,web frontend,web frontend
GITHUB,alertdialog,Java,2017,mobile,mobile,mobile
GITHUB,computer-vision,C++,2017,data_ai,data_ai,data_ai
GITHUB,physics-2d,C#,2017,game,game,game
GITHUB,android,Kotlin,2017,mobile,mobile,mobile
GITHUB,2d,C#,2017,game,game,game
GITHUB,algorithm,Go,2017,other,other,other
GITHUB,audit,C#,2017,security,security,security
GITHUB,computer-vision,Python,2017,data_ai,data_ai,data_ai
GITHUB,bash,Swift,2017,mobile,mobile,mobile
GITHUB,command-line,C++,2017,developer tools,developer tools,developer tools
GITHUB,emacs,TypeScript,2017,developer tools,developer tools,developer tools
GITHUB,cpp,C++,2017,other,other,other
GITHUB,appsec,Go,2017,security,security,security
GITHUB,explorer-integration,C#,2017,other,other,other
GITHUB,concurrency,C++,2017,developer tools,developer tools,developer tools
GITHUB,algolia,TypeScript,2017,web frontend,web frontend,web frontend
GITHUB,android,Kotlin,2017,mobile,mobile,mobile
GITHUB,douban,JavaScript,2017,web frontend,web frontend,web frontend
GITHUB,intel-media-sdk,C++,2017,developer tools,developer tools,developer tools
GITHUB,carthage,Swift,2017,mobile,mobile,mobile
GITHUB,elements-of-programming-interviews,Java,2017,other,other,other
GITHUB,android,JavaScript,2017,mobile,mobile,mobile
GITHUB,client,C#,2017,other,other,other
GITHUB,android,Java,2017,mobile,mobile,mobile
GITHUB,aiyagirl,Kotlin,2017,mobile,mobile,mobile
GITHUB,ast,C++,2017,developer tools,developer tools,developer tools
GITHUB,arduino,C++,2017,embedded,embedded,embedded
GITHUB,cli,TypeScript,2017,developer tools,developer tools,developer tools
GITHUB,android-component,Kotlin,2017,mobile,mobile,mobile
GITHUB,formatting,TypeScript,2017,developer tools,developer tools,developer tools
GITHUB,csharp,C#,2017,other,other,other
GITHUB,i3-gaps,Python,2017,other,other,other
GITHUB,babel,JavaScript,2017,developer tools,developer tools,developer tools
GITHUB,game-development,Rust,2017,game,game,game
GITHUB,android,Java,2017,mobile,mobile,mobile
GITHUB,react,JavaScript,2017,web frontend,web frontend,web frontend
GITHUB,list,C#,2017,other,other,other
GITHUB,admin-template,TypeScript,2017,web frontend,web frontend,web frontend
GITHUB,autoupdate,C#,2017,developer tools,developer tools,developer tools
GITHUB,arduino,C++,2017,embedded,embedded,embedded
GITHUB,animated,Swift,2017,mobile,mobile,mobile
GITHUB,architecture,Go,2017,other,other,other
GITHUB,cocoapod,TypeScript,2017,mobile,mobile,mobile
GITHUB,outlook,C#,2017,enterprise,enterprise,enterprise
GITHUB,browser,TypeScript,2017,web frontend,web frontend,web frontend
GITHUB,container-runtime-interface,Go,2017,devops_cloud,devops_cloud,devops_cloud
GITHUB,android,Java,2017,mobile,mobile,mobile
GITHUB,css,TypeScript,2017,web frontend,web frontend,web frontend
GITHUB,android,Java,2017,mobile,mobile,mobile
GITHUB,animation,Swift,2017,mobile,mobile,mobile
GITHUB,gan,Python,2017,data_ai,data_ai,data_ai
GITHUB,dependencies,TypeScript,2017,developer tools,developer tools,developer tools
GITHUB,html,C#,2017,web backend,web backend,web backend
GITHUB,algorithm,Java,2017,other,other,other
GITHUB,c-plus-plus,C++,2017,other,other,other
GITHUB,cpp,C++,2017,other,other,other
GITHUB,alfred,Swift,2017,developer tools,developer tools,developer tools
GITHUB,alpha,Swift,2017,mobile,mobile,mobile
GITHUB,djvu,Rust,2017,developer tools,developer tools,developer tools
GITHUB,favicon,C#,2017,web frontend,web frontend,web frontend
GITHUB,coroutine,Kotlin,2017,mobile,mobile,mobile
GITHUB,arcmenu,Java,2017,mobile,mobile,mobile
GITHUB,architecture,Swift,2017,mobile,mobile,mobile
GITHUB,golang,Go,2017,developer tools,developer tools,developer tools
GITHUB,debugging,TypeScript,2017,developer tools,developer tools,developer tools
GITHUB,android,Java,2017,mobile,mobile,mobile
GITHUB,aggressor,C#,2017,security,security,security
GITHUB,apidocs,Java,2017,developer tools,developer tools,developer tools
GITHUB,automatic-calibration-algorithm,C++,2017,embedded,embedded,embedded
GITHUB,camera,Swift,2017,mobile,mobile,mobile
GITHUB,cross-platform,Go,2017,other,other,other
GITHUB,axios,JavaScript,2017,web frontend,web frontend,web frontend
GITHUB,certificate,Swift,2017,mobile,mobile,mobile
GITHUB,blog,TypeScript,2017,web frontend,web frontend,web frontend
GITHUB,configuration,C#,2017,developer tools,developer tools,developer tools
GITHUB,instagram,Swift,2017,mobile,mobile,mobile
GITHUB,bounce,Swift,2017,mobile,mobile,mobile
GITHUB,aphrodite,JavaScript,2017,web frontend,web frontend,web frontend
GITHUB,automation,Go,2017,devops_cloud,devops_cloud,devops_cloud
GITHUB,android,Java,2017,mobile,mobile,mobile
GITHUB,in-app-purchase,Swift,2017,mobile,mobile,mobile
GITHUB,caffe,C++,2017,data_ai,data_ai,data_ai
GITHUB,frame-semantic-parsing,C++,2017,data_ai,data_ai,data_ai
GITHUB,chainable-animations,Swift,2017,mobile,mobile,mobile
GITHUB,hacktoberfest,Java,2017,other,other,other
GITHUB,badusb,C++,2017,security,security,security
GITHUB,android,JavaScript,2017,mobile,mobile,mobile
GITHUB,cache,JavaScript,2017,web backend,web backend,web backend
GITHUB,cpp,C++,2017,other,other,other
GITHUB,qr-code,Kotlin,2017,mobile,mobile,mobile
GITHUB,caffe,Python,2017,data_ai,data_ai,data_ai
GITHUB,assistant,Swift,2017,mobile,mobile,mobile
GITHUB,apiserver-aggregation,Go,2017,devops_cloud,devops_cloud,devops_cloud
GITHUB,cocoapods,Swift,2017,mobile,mobile,mobile
GITHUB,find,Go,2017,developer tools,developer tools,developer tools
GITHUB,fuse,Go,2017,developer tools,developer tools,developer tools
GITHUB,qr-code,TypeScript,2017,web frontend,web frontend,web frontend
GITHUB,consul,Java,2017,devops_cloud,devops_cloud,devops_cloud
GITHUB,css-minify,JavaScript,2017,developer tools,developer tools,developer tools
GITHUB,android,Kotlin,2017,mobile,mobile,mobile
GITHUB,d3d11,C++,2017,game,game,game
GITHUB,programming-language,Rust,2017,developer tools,developer tools,developer tools
GITHUB,githawk,Swift,2017,mobile,mobile,mobile
GITHUB,backup,Go,2017,devops_cloud,devops_cloud,devops_cloud
GITHUB,android,Java,2017,mobile,mobile,mobile
GITHUB,android,Kotlin,2017,mobile,mobile,mobile
GITHUB,anime,Go,2017,other,other,other
GITHUB,distributed-file-system,Java,2017,devops_cloud,devops_cloud,devops_cloud
GITHUB,desktop,C#,2017,other,other,other
GITHUB,bitap,Swift,2017,mobile,mobile,mobile
GITHUB,android,TypeScript,2017,mobile,mobile,mobile
GITHUB,binary,Rust,2017,developer tools,developer tools,developer tools
GITHUB,apple,Swift,2017,mobile,mobile,mobile
GITHUB,android,Java,2017,mobile,mobile,mobile
GITHUB,mint-ui,JavaScript,2017,web frontend,web frontend,web frontend
GITHUB,asp-net-core,C#,2017,web backend,web backend,web backend
GITHUB,highlighter,Swift,2017,mobile,mobile,mobile
GITHUB,binary-analysis,Rust,2017,security,security,security
GITHUB,bulma,TypeScript,2017,web frontend,web frontend,web frontend
GITHUB,animation,Swift,2017,mobile,mobile,mobile
GITHUB,python,Python,2017,other,other,other
GITHUB,dataflow,Go,2017,data_ai,data_ai,data_ai
GITHUB,containers,Go,2017,devops_cloud,devops_cloud,devops_cloud
GITHUB,macos,Swift,2017,other,other,other
GITHUB,placeholder,TypeScript,2017,web frontend,web frontend,web frontend
GITHUB,react-native,JavaScript,2017,mobile,mobile,mobile
GITHUB,browser,Swift,2017,mobile,mobile,mobile
GITHUB,axios,JavaScript,2017,web frontend,web frontend,web frontend
GITHUB,compiled,Python,2017,developer tools,developer tools,developer tools
GITHUB,go,Go,2017,other,other,other
GITHUB,android,Java,2017,mobile,mobile,mobile
GITHUB,browser,JavaScript,2017,web frontend,web frontend,web frontend
GITHUB,cron,Go,2017,devops_cloud,devops_cloud,devops_cloud
GITHUB,ftp,TypeScript,2017,developer tools,developer tools,developer tools
GITHUB,automation,Swift,2017,mobile,mobile,mobile
GITHUB,android,Kotlin,2017,mobile,mobile,mobile
GITHUB,autoencoder,Python,2017,data_ai,data_ai,data_ai
GITHUB,api-client,TypeScript,2017,developer tools,developer tools,developer tools
GITHUB,coordination,Go,2017,developer tools,developer tools,developer tools
GITHUB,android,Java,2017,mobile,mobile,mobile
GITHUB,property-drawers,C#,2017,game,game,game
GITHUB,animation,Swift,2017,mobile,mobile,mobile
GITHUB,ai,Rust,2017,data_ai,data_ai,data_ai
GITHUB,agentweb-android-webview,Java,2017,mobile,mobile,mobile
GITHUB,android,Kotlin,2017,mobile,mobile,mobile
GITHUB,alamofire,Swift,2017,mobile,mobile,mobile
GITHUB,batchnorm,Python,2017,data_ai,data_ai,data_ai
GITHUB,compiler,JavaScript,2017,developer tools,developer tools,developer tools
GITHUB,adapton,Rust,2017,developer tools,developer tools,developer tools
GITHUB,debugging,TypeScript,2017,developer tools,developer tools,developer tools
GITHUB,android,Kotlin,2017,mobile,mobile,mobile
GITHUB,anti-revoke,C++,2017,security,security,security
GITHUB,cli,JavaScript,2017,developer tools,developer tools,developer tools
GITHUB,collector-agent,Go,2017,devops_cloud,devops_cloud,devops_cloud
GITHUB,android,Kotlin,2017,mobile,mobile,mobile
GITHUB,3d,C++,2017,game,game,game
GITHUB,speech,Python,2017,data_ai,data_ai,data_ai
GITHUB,android,Java,2017,mobile,mobile,mobile
GITHUB,astro,Rust,2017,web frontend,web frontend,web frontend
GITHUB,angular,TypeScript,2017,web frontend,web frontend,web frontend
GITHUB,broker,Go,2017,devops_cloud,devops_cloud,devops_cloud
GITHUB,elastic,Go,2017,devops_cloud,devops_cloud,devops_cloud
GITHUB,android,Java,2017,mobile,mobile,mobile
GITHUB,android,Java,2017,mobile,mobile,mobile
GITHUB,android,Java,2017,mobile,mobile,mobile
GITHUB,kotlin,Kotlin,2017,mobile,mobile,mobile
GITHUB,docker,Go,2017,devops_cloud,devops_cloud,devops_cloud
GITHUB,bot,Go,2017,other,other,other
GITHUB,state-estimation,C++,2017,embedded,embedded,embedded
GITHUB,audio-processing,Python,2017,data_ai,data_ai,data_ai
GITHUB,cross-platform,TypeScript,2017,developer tools,developer tools,developer tools
GITHUB,command-line-tool,Go,2017,developer tools,developer tools,developer tools
GITHUB,android,Java,2017,mobile,mobile,mobile
GITHUB,android,Java,2017,mobile,mobile,mobile
GITHUB,deep-learning,C++,2017,data_ai,data_ai,data_ai
GITHUB,android,Kotlin,2017,mobile,mobile,mobile
GITHUB,go,Go,2017,developer tools,developer tools,developer tools
GITHUB,amazon-certificate-manager,TypeScript,2017,devops_cloud,devops_cloud,devops_cloud
GITHUB,amanda,C#,2017,other,other,other
GITHUB,api,Kotlin,2017,web backend,web backend,web backend
GITHUB,demo,Swift,2017,mobile,mobile,mobile
GITHUB,assembler,Java,2017,developer tools,developer tools,developer tools
GITHUB,amap,TypeScript,2017,web frontend,web frontend,web frontend
GITHUB,alerts,Kotlin,2017,mobile,mobile,mobile
GITHUB,carbon-design-system,JavaScript,2017,web frontend,web frontend,web frontend
GITHUB,client,Go,2017,developer tools,developer tools,developer tools
GITHUB,clean,Rust,2017,other,other,other
GITHUB,android,Java,2017,mobile,mobile,mobile
GITHUB,convert,Python,2017,developer tools,developer tools,developer tools
GITHUB,android,Kotlin,2017,mobile,mobile,mobile
GITHUB,carousel,JavaScript,2017,web frontend,web frontend,web frontend
GITHUB,android,Kotlin,2017,mobile,mobile,mobile
GITHUB,accelerometer,Kotlin,2017,mobile,mobile,mobile
GITHUB,babel,JavaScript,2017,developer tools,developer tools,developer tools
GITHUB,enzyme,JavaScript,2017,testing_qa,testing_qa,testing_qa
GITHUB,amber,Go,2017,developer tools,developer tools,developer tools
GITHUB,bash,Go,2017,developer tools,developer tools,developer tools
GITHUB,aws-iam,Go,2017,devops_cloud,devops_cloud,devops_cloud
GITHUB,charp,C#,2017,other,other,other
GITHUB,blackbox,Go,2017,devops_cloud,devops_cloud,devops_cloud
GITHUB,android,Java,2017,mobile,mobile,mobile
GITHUB,android,Java,2017,mobile,mobile,mobile
GITHUB,opengl,Rust,2017,game,game,game
GITHUB,frontend,Go,2017,web frontend,web frontend,web frontend
GITHUB,animated,JavaScript,2017,web frontend,web frontend,web frontend
GITHUB,chinese-report,Java,2017,enterprise,enterprise,enterprise
GITHUB,arkit,Swift,2017,mobile,mobile,mobile
GITHUB,artificial-intelligence,C++,2017,data_ai,data_ai,data_ai
GITHUB,arms,Java,2017,other,other,other
GITHUB,designer,TypeScript,2017,web frontend,web frontend,web frontend
GITHUB,apollographql,TypeScript,2017,web backend,web backend,web backend
GITHUB,okhttp3,Java,2017,developer tools,developer tools,developer tools
GITHUB,apollo,TypeScript,2017,web backend,web backend,web backend
GITHUB,attention-is-all-you-need,Python,2017,data_ai,data_ai,data_ai
GITHUB,example,Swift,2017,mobile,mobile,mobile
GITHUB,rpg,C#,2017,game,game,game
GITHUB,compose,JavaScript,2017,web frontend,web frontend,web frontend
GITHUB,architecture,Go,2017,other,other,other
GITHUB,customview,Java,2017,mobile,mobile,mobile
GITHUB,analytics,Swift,2017,mobile,mobile,mobile
GITHUB,endpoints,Python,2017,web backend,web backend,web backend
GITHUB,rxjs,TypeScript,2017,web frontend,web frontend,web frontend
GITHUB,cloud,Go,2017,devops_cloud,devops_cloud,devops_cloud
GITHUB,data-analysis,C++,2017,data_ai,data_ai,data_ai
GITHUB,angular,TypeScript,2017,web frontend,web frontend,web frontend
GITHUB,alamofire,Swift,2017,mobile,mobile,mobile
GITHUB,capture,Rust,2017,other,other,other
GITHUB,asp-net-core,C#,2017,web backend,web backend,web backend
GITHUB,animations,Swift,2017,mobile,mobile,mobile
GITHUB,game-development,Kotlin,2017,game,game,game
GITHUB,cms-detector,Python,2017,security,security,security
GITHUB,binance,C++,2017,blockchain,blockchain,blockchain
GITHUB,cross-platform,C#,2017,other,other,other
GITHUB,armadillo,C++,2017,data_ai,data_ai,data_ai
GITHUB,canvas,JavaScript,2017,web frontend,web frontend,web frontend
GITHUB,lda,C++,2017,data_ai,data_ai,data_ai
GITHUB,headless-chrome,JavaScript,2017,testing_qa,testing_qa,testing_qa
GITHUB,analyzer,Kotlin,2017,developer tools,developer tools,developer tools
GITHUB,beam-search,C++,2017,data_ai,data_ai,data_ai
GITHUB,activator,Python,2017,other,other,other
GITHUB,autocomplete,Python,2017,data_ai,data_ai,data_ai
GITHUB,ansi,Rust,2017,developer tools,developer tools,developer tools
GITHUB,css,TypeScript,2017,web frontend,web frontend,web frontend
GITHUB,aes,C#,2017,security,security,security
GITHUB,changing-colorschemes,Python,2017,developer tools,developer tools,developer tools
GITHUB,orm,TypeScript,2017,web backend,web backend,web backend
GITHUB,accessibility,JavaScript,2017,web frontend,web frontend,web frontend
GITHUB,admin,JavaScript,2017,web frontend,web frontend,web frontend
GITHUB,mybatis,Java,2017,web backend,web backend,web backend
GITHUB,beautiful-buttons,Swift,2017,mobile,mobile,mobile
GITHUB,android,Kotlin,2017,mobile,mobile,mobile
GITHUB,developers,Go,2017,developer tools,developer tools,developer tools
GITHUB,go,Go,2017,other,other,other
GITHUB,chat,JavaScript,2017,web frontend,web frontend,web frontend
GITHUB,git,C#,2017,developer tools,developer tools,developer tools
GITHUB,android,Java,2017,mobile,mobile,mobile
GITHUB,marching-cubes,C#,2017,game,game,game
GITHUB,api,Go,2017,web backend,web backend,web backend
GITHUB,go,Go,2017,other,other,other
GITHUB,android,Kotlin,2017,mobile,mobile,mobile
GITHUB,dummy-data,Go,2017,testing_qa,testing_qa,testing_qa
GITHUB,cron,Go,2017,developer tools,developer tools,developer tools
GITHUB,document,Java,2017,other,other,other
GITHUB,behavior,Java,2017,testing_qa,testing_qa,testing_qa
GITHUB,cocoapods,Swift,2017,mobile,mobile,mobile
GITHUB,command-handler,JavaScript,2017,developer tools,developer tools,developer tools
GITHUB,api-service,Go,2017,web backend,web backend,web backend
GITHUB,babel,TypeScript,2017,developer tools,developer tools,developer tools
GITHUB,data-visualization,C#,2017,data_ai,data_ai,data_ai
GITHUB,bundle,TypeScript,2017,developer tools,developer tools,developer tools
GITHUB,command-line-tool,Go,2017,developer tools,developer tools,developer tools
GITHUB,instrumenta,Go,2017,devops_cloud,devops_cloud,devops_cloud
GITHUB,csharp,C#,2017,other,other,other
GITHUB,deep-learning,Python,2017,data_ai,data_ai,data_ai
GITHUB,animate,Java,2017,game,game,game
GITHUB,api-gateway,JavaScript,2017,web backend,web backend,web backend
GITHUB,idea-plugin,Java,2017,developer tools,developer tools,developer tools
GITHUB,arkit,Swift,2017,mobile,mobile,mobile
GITHUB,android,TypeScript,2017,mobile,mobile,mobile
GITHUB,blast,Go,2017,other,other,other
GITHUB,addon,C++,2017,other,other,other
GITHUB,algorithm,TypeScript,2017,other,other,other
GITHUB,bigdata,Go,2017,data_ai,data_ai,data_ai
GITHUB,dashboard,Python,2017,web backend,web backend,web backend
GITHUB,game-dev,C++,2017,game,game,game
GITHUB,animation-library,Swift,2017,mobile,mobile,mobile
GITHUB,arkit,Swift,2017,mobile,mobile,mobile
GITHUB,constexpr,C++,2017,developer tools,developer tools,developer tools
GITHUB,bitmap,Kotlin,2017,mobile,mobile,mobile
GITHUB,android,Kotlin,2017,mobile,mobile,mobile
GITHUB,c-sharp,C#,2017,other,other,other
GITHUB,ios,Swift,2017,mobile,mobile,mobile
GITHUB,android-app,Kotlin,2017,mobile,mobile,mobile
GITHUB,architecture,Swift,2017,mobile,mobile,mobile
GITHUB,cracker,Python,2017,security,security,security
GITHUB,networking,Go,2017,devops_cloud,devops_cloud,devops_cloud
GITHUB,3d-engine,C++,2017,game,game,game
GITHUB,game-development,C#,2017,game,game,game
GITHUB,game-development,C#,2017,game,game,game
GITHUB,cache,Rust,2017,developer tools,developer tools,developer tools
GITHUB,angular,C#,2017,web frontend,web frontend,web frontend
GITHUB,jest,JavaScript,2017,testing_qa,testing_qa,testing_qa
GITHUB,automation,C#,2017,developer tools,developer tools,developer tools
GITHUB,android,Java,2017,mobile,mobile,mobile
GITHUB,16-bit,JavaScript,2017,game,game,game
GITHUB,code-analysis,Kotlin,2017,developer tools,developer tools,developer tools
GITHUB,android,Kotlin,2017,mobile,mobile,mobile
GITHUB,android,Kotlin,2017,mobile,mobile,mobile
GITHUB,analytics,Kotlin,2017,mobile,mobile,mobile
GITHUB,dsl,Kotlin,2017,developer tools,developer tools,developer tools
GITHUB,machine-learning,Python,2017,data_ai,data_ai,data_ai
GITHUB,audio,Swift,2017,mobile,mobile,mobile
GITHUB,intelligence,Go,2017,data_ai,data_ai,data_ai
GITHUB,acceptance-testing,JavaScript,2017,testing_qa,testing_qa,testing_qa
GITHUB,sass,TypeScript,2017,web frontend,web frontend,web frontend
GITHUB,android,Kotlin,2017,mobile,mobile,mobile
GITHUB,arkit,Swift,2017,mobile,mobile,mobile
GITHUB,electron,TypeScript,2017,other,other,other
GITHUB,android,Kotlin,2017,mobile,mobile,mobile
GITHUB,cplusplus,C++,2017,other,other,other
GITHUB,embeddings,Python,2017,data_ai,data_ai,data_ai
GITHUB,chaos,Go,2017,devops_cloud,devops_cloud,devops_cloud
GITHUB,dotnet,C#,2017,other,other,other
GITHUB,dznemptydataset,Swift,2017,mobile,mobile,mobile
GITHUB,2d,Rust,2017,game,game,game
GITHUB,algorithms,Go,2017,other,other,other
GITHUB,arkit,Swift,2017,mobile,mobile,mobile
GITHUB,activedirectory,C#,2017,enterprise,enterprise,enterprise
GITHUB,crowdsale,JavaScript,2017,blockchain,blockchain,blockchain
GITHUB,ai,Go,2017,data_ai,data_ai,data_ai
GITHUB,arkit,Swift,2017,mobile,mobile,mobile
GITHUB,audio,Go,2017,other,other,other
GITHUB,alert,TypeScript,2017,devops_cloud,devops_cloud,devops_cloud
GITHUB,arkit,Swift,2017,mobile,mobile,mobile
GITHUB,carthage,Swift,2017,mobile,mobile,mobile
GITHUB,cli,Go,2017,developer tools,developer tools,developer tools
GITHUB,arms,Java,2017,other,other,other
GITHUB,apple,Swift,2017,mobile,mobile,mobile
GITHUB,android,Kotlin,2017,mobile,mobile,mobile
GITHUB,acm-icpc,Go,2017,other,other,other
GITHUB,color,TypeScript,2017,web frontend,web frontend,web frontend
GITHUB,wt-branch-protection-exempt,Swift,2017,mobile,mobile,mobile
GITHUB,disqus,TypeScript,2017,web frontend,web frontend,web frontend
GITHUB,javascript,C++,2017,other,other,other
GITHUB,android,Java,2017,mobile,mobile,mobile
GITHUB,game-dev,C#,2017,game,game,game
GITHUB,cyclejs,TypeScript,2017,web frontend,web frontend,web frontend
GITHUB,directshow,C++,2017,other,other,other
GITHUB,async-components,TypeScript,2017,web frontend,web frontend,web frontend
GITHUB,blockchain,Rust,2017,blockchain,blockchain,blockchain
GITHUB,babel,JavaScript,2017,developer tools,developer tools,developer tools
GITHUB,android,Java,2017,mobile,mobile,mobile
GITHUB,aac,Java,2017,other,other,other
GITHUB,appkit,Swift,2017,other,other,other
GITHUB,empty,Swift,2017,mobile,mobile,mobile
GITHUB,intralingual,Rust,2017,other,other,other
GITHUB,android,Java,2017,mobile,mobile,mobile
GITHUB,ios,Swift,2017,mobile,mobile,mobile
GITHUB,bert,Python,2017,data_ai,data_ai,data_ai
GITHUB,collectionkit,Swift,2017,mobile,mobile,mobile
GITHUB,browser-extension,TypeScript,2017,web frontend,web frontend,web frontend
GITHUB,ios,Swift,2017,mobile,mobile,mobile
GITHUB,ios,Swift,2017,mobile,mobile,mobile
GITHUB,codis,C++,2017,devops_cloud,devops_cloud,devops_cloud
GITHUB,android,Java,2017,mobile,mobile,mobile
GITHUB,architecture,JavaScript,2017,web frontend,web frontend,web frontend
GITHUB,ad-blocker,Python,2017,security,security,security
GITHUB,sketch-app,JavaScript,2017,developer tools,developer tools,developer tools
GITHUB,diffutil,Kotlin,2017,mobile,mobile,mobile
GITHUB,caffe2,C++,2017,data_ai,data_ai,data_ai
GITHUB,chat,Java,2017,web backend,web backend,web backend
GITHUB,component,JavaScript,2017,web frontend,web frontend,web frontend
GITHUB,chat,TypeScript,2017,web frontend,web frontend,web frontend
GITHUB,directinput,C#,2017,game,game,game
GITHUB,actor-model,C#,2017,developer tools,developer tools,developer tools
GITHUB,animation,Swift,2017,mobile,mobile,mobile
GITHUB,channels,Go,2017,developer tools,developer tools,developer tools
GITHUB,dubbo,Java,2017,web backend,web backend,web backend
GITHUB,guide,Java,2017,other,other,other
GITHUB,albums,Python,2017,other,other,other
GITHUB,cascaded-refinement-networks,Python,2017,data_ai,data_ai,data_ai
GITHUB,ahash,Go,2017,developer tools,developer tools,developer tools
GITHUB,intellij,Java,2017,developer tools,developer tools,developer tools
GITHUB,animate,TypeScript,2017,web frontend,web frontend,web frontend
GITHUB,animated-characters,C#,2017,game,game,game
GITHUB,android-library,Java,2017,mobile,mobile,mobile
GITHUB,bootstrap,Java,2017,web backend,web backend,web backend
GITHUB,macos,Swift,2017,other,other,other
GITHUB,android-architecture-components,Kotlin,2017,mobile,mobile,mobile
GITHUB,deep-learning,C++,2017,data_ai,data_ai,data_ai
GITHUB,3d-reconstruction,C++,2017,data_ai,data_ai,data_ai
GITHUB,csharp,C#,2017,other,other,other
GITHUB,android,Kotlin,2017,mobile,mobile,mobile
GITHUB,aws,Go,2017,devops_cloud,devops_cloud,devops_cloud
GITHUB,api,Go,2017,web backend,web backend,web backend
GITHUB,gm,Go,2017,other,other,other
GITHUB,diffutil,Kotlin,2017,mobile,mobile,mobile
GITHUB,bonsai,C++,2017,other,other,other
GITHUB,accessibilityservice,Kotlin,2017,mobile,mobile,mobile
GITHUB,android,C#,2017,mobile,mobile,mobile
GITHUB,cloudformation,JavaScript,2017,devops_cloud,devops_cloud,devops_cloud
GITHUB,generics,Swift,2017,mobile,mobile,mobile
GITHUB,emacs,JavaScript,2017,developer tools,developer tools,developer tools
GITHUB,apple,Swift,2017,mobile,mobile,mobile
GITHUB,async,Java,2017,developer tools,developer tools,developer tools
GITHUB,core-ml,Swift,2017,mobile,mobile,mobile
GITHUB,cpp,C#,2017,developer tools,developer tools,developer tools
GITHUB,design-patterns,Swift,2017,mobile,mobile,mobile
GITHUB,cell,Swift,2017,mobile,mobile,mobile
GITHUB,deep-learning,Python,2017,data_ai,data_ai,data_ai
GITHUB,aws,Go,2017,devops_cloud,devops_cloud,devops_cloud
GITHUB,collectionview,Swift,2017,mobile,mobile,mobile
GITHUB,android-library,Java,2017,mobile,mobile,mobile
GITHUB,coding-fonts,Python,2017,developer tools,developer tools,developer tools
GITHUB,richeditor,Java,2017,mobile,mobile,mobile
GITHUB,animation,Swift,2017,mobile,mobile,mobile
GITHUB,language-model,Python,2017,data_ai,data_ai,data_ai
GITHUB,ddd,C#,2017,enterprise,enterprise,enterprise
GITHUB,animation,Swift,2017,mobile,mobile,mobile
GITHUB,android,Java,2017,mobile,mobile,mobile
GITHUB,android,Kotlin,2017,mobile,mobile,mobile
GITHUB,aws-s3,JavaScript,2017,devops_cloud,devops_cloud,devops_cloud
GITHUB,joy-con,C++,2017,game,game,game
GITHUB,android,Kotlin,2017,mobile,mobile,mobile
GITHUB,image-analysis,Python,2017,data_ai,data_ai,data_ai
GITHUB,area,JavaScript,2017,web frontend,web frontend,web frontend
GITHUB,fragmentation,Kotlin,2017,mobile,mobile,mobile
GITHUB,cpp,TypeScript,2017,developer tools,developer tools,developer tools
GITHUB,3d-graphics,C++,2017,game,game,game
GITHUB,firefox,TypeScript,2017,web frontend,web frontend,web frontend
GITHUB,assert,Rust,2017,testing_qa,testing_qa,testing_qa
GITHUB,android,Java,2017,mobile,mobile,mobile
GITHUB,grid,JavaScript,2017,web frontend,web frontend,web frontend
GITHUB,audio-plugin,Rust,2017,other,other,other
GITHUB,c,C++,2017,other,other,other
GITHUB,actor-model,TypeScript,2017,developer tools,developer tools,developer tools
GITHUB,abp,C#,2017,enterprise,enterprise,enterprise
GITHUB,compiler,C++,2017,developer tools,developer tools,developer tools
GITHUB,bitcoin,Go,2017,blockchain,blockchain,blockchain
GITHUB,finite,JavaScript,2017,other,other,other
GITHUB,dashboard,JavaScript,2017,web frontend,web frontend,web frontend
GITHUB,blockchain,TypeScript,2017,blockchain,blockchain,blockchain
GITHUB,chrome,JavaScript,2017,web frontend,web frontend,web frontend
GITHUB,android-application,Kotlin,2017,mobile,mobile,mobile
GITHUB,collections,JavaScript,2017,other,other,other
GITHUB,echo,JavaScript,2017,web backend,web backend,web backend
GITHUB,concurrent,Java,2017,developer tools,developer tools,developer tools
GITHUB,databases,Rust,2017,devops_cloud,devops_cloud,devops_cloud
GITHUB,generating-mocks,Swift,2017,testing_qa,testing_qa,testing_qa
GITHUB,extension,TypeScript,2017,developer tools,developer tools,developer tools
GITHUB,ios,Swift,2017,mobile,mobile,mobile
GITHUB,animation,TypeScript,2017,web frontend,web frontend,web frontend
GITHUB,async,C++,2017,developer tools,developer tools,developer tools
GITHUB,caj,Python,2017,other,other,other
GITHUB,golang,Go,2017,other,other,other
GITHUB,spm,Swift,2017,developer tools,developer tools,developer tools
GITHUB,cidr,Go,2017,devops_cloud,devops_cloud,devops_cloud
GITHUB,floating-point,TypeScript,2017,developer tools,developer tools,developer tools
GITHUB,android-application,Java,2017,mobile,mobile,mobile
GITHUB,cqrs,C#,2017,enterprise,enterprise,enterprise
GITHUB,async,Rust,2017,developer tools,developer tools,developer tools
GITHUB,a2c,Python,2017,data_ai,data_ai,data_ai
GITHUB,book,Python,2017,other,other,other
GITHUB,android,Java,2017,mobile,mobile,mobile
GITHUB,anti-delete,C#,2017,other,other,other
GITHUB,dmskin,C#,2017,other,other,other
GITHUB,acgan,Python,2017,data_ai,data_ai,data_ai
GITHUB,canvas,Rust,2017,web frontend,web frontend,web frontend
GITHUB,consensus,C++,2017,blockchain,blockchain,blockchain
GITHUB,delaunay,Go,2017,developer tools,developer tools,developer tools
GITHUB,effect,C#,2017,game,game,game
GITHUB,gamedev,Rust,2017,game,game,game
GITHUB,chrome-extension,JavaScript,2017,web frontend,web frontend,web frontend
GITHUB,apollo,TypeScript,2017,web backend,web backend,web backend
GITHUB,chinese,Python,2017,other,other,other
GITHUB,lit-element,TypeScript,2017,web frontend,web frontend,web frontend
GITHUB,reselect,JavaScript,2017,web frontend,web frontend,web frontend
GITHUB,mybatis,Java,2017,web backend,web backend,web backend
GITHUB,dependencies,JavaScript,2017,developer tools,developer tools,developer tools
GITHUB,actionbar,Java,2017,mobile,mobile,mobile
GITHUB,authentication,JavaScript,2017,security,security,security
GITHUB,android,Kotlin,2017,mobile,mobile,mobile
GITHUB,aspnet-core,C#,2017,web backend,web backend,web backend
GITHUB,ios,Swift,2017,mobile,mobile,mobile
GITHUB,android,Kotlin,2017,mobile,mobile,mobile
GITHUB,analysis,C++,2017,data_ai,data_ai,data_ai
GITHUB,abi,TypeScript,2017,blockchain,blockchain,blockchain
GITHUB,cli,TypeScript,2017,developer tools,developer tools,developer tools
GITHUB,async,Python,2017,developer tools,developer tools,developer tools
GITHUB,3d,JavaScript,2017,web frontend,web frontend,web frontend
GITHUB,calendar,Java,2017,other,other,other
GITHUB,copy,TypeScript,2017,developer tools,developer tools,developer tools
GITHUB,bootstrap,JavaScript,2017,web frontend,web frontend,web frontend
GITHUB,app,Swift,2017,mobile,mobile,mobile
GITHUB,dashboard,TypeScript,2017,web frontend,web frontend,web frontend
GITHUB,spark-streaming,JavaScript,2017,data_ai,data_ai,data_ai
GITHUB,google-maps,JavaScript,2017,web frontend,web frontend,web frontend
GITHUB,weex,Java,2017,mobile,mobile,mobile
GITHUB,gallery,Swift,2017,mobile,mobile,mobile
GITHUB,autograd,Rust,2017,data_ai,data_ai,data_ai
GITHUB,animation,Swift,2017,mobile,mobile,mobile
GITHUB,cloud-native,Go,2017,devops_cloud,devops_cloud,devops_cloud
GITHUB,direct3d,C#,2017,game,game,game
GITHUB,batect,Kotlin,2017,developer tools,developer tools,developer tools
GITHUB,hacktoberfest,TypeScript,2017,web frontend,web frontend,web frontend
GITHUB,android,Java,2017,mobile,mobile,mobile
GITHUB,android,Kotlin,2017,mobile,mobile,mobile
GITHUB,es6,JavaScript,2017,web frontend,web frontend,web frontend
GITHUB,ai,C++,2017,data_ai,data_ai,data_ai
GITHUB,authorization,Java,2017,security,security,security
GITHUB,alfred,Go,2017,developer tools,developer tools,developer tools
GITHUB,android,Kotlin,2017,mobile,mobile,mobile
GITHUB,audit,Go,2017,security,security,security
GITHUB,angular,C#,2017,web frontend,web frontend,web frontend
GITHUB,javascript,JavaScript,2017,other,other,other
GITHUB,arduino,C++,2017,embedded,embedded,embedded
GITHUB,control-strip,Swift,2017,other,other,other
GITHUB,calendar,TypeScript,2017,web frontend,web frontend,web frontend
GITHUB,aspnet,C#,2017,web backend,web backend,web backend
GITHUB,android,Kotlin,2017,mobile,mobile,mobile
GITHUB,pytorch,Python,2017,data_ai,data_ai,data_ai
GITHUB,cryptography,Rust,2017,security,security,security
GITHUB,gan,Python,2017,data_ai,data_ai,data_ai
GITHUB,cleanup,C#,2017,other,other,other
GITHUB,mermaid,JavaScript,2017,developer tools,developer tools,developer tools
GITHUB,go-request-validation,Go,2017,web backend,web backend,web backend
GITHUB,compressor,Java,2017,developer tools,developer tools,developer tools
GITHUB,action-recognition,Python,2017,data_ai,data_ai,data_ai
GITHUB,coreml,Swift,2017,mobile,mobile,mobile
GITHUB,editor,C#,2017,developer tools,developer tools,developer tools
GITHUB,audit,Go,2017,security,security,security
GITHUB,auto,Python,2017,other,other,other
GITHUB,kubernetes,Go,2017,devops_cloud,devops_cloud,devops_cloud
GITHUB,crawler,Python,2017,developer tools,developer tools,developer tools
GITHUB,ios,Swift,2017,mobile,mobile,mobile
GITHUB,algorithm,C++,2017,other,other,other
GITHUB,guide,TypeScript,2017,other,other,other
GITHUB,cross-platform,C#,2017,other,other,other
GITHUB,blocker,JavaScript,2017,web frontend,web frontend,web frontend
GITHUB,abenezer-mamo,Python,2017,other,other,other
GITHUB,cpp,C++,2017,other,other,other
GITHUB,bash,Go,2017,developer tools,developer tools,developer tools
GITHUB,linux-pam,Rust,2017,security,security,security
GITHUB,animation,Swift,2017,mobile,mobile,mobile
GITHUB,bulma,JavaScript,2017,web frontend,web frontend,web frontend
GITHUB,bytecode,Java,2017,developer tools,developer tools,developer tools
GITHUB,analytics,Java,2017,data_ai,data_ai,data_ai
GITHUB,contentful,JavaScript,2017,web frontend,web frontend,web frontend
GITHUB,android,Go,2017,mobile,mobile,mobile
GITHUB,android,Kotlin,2017,mobile,mobile,mobile
GITHUB,arkit,Swift,2017,mobile,mobile,mobile
GITHUB,header,JavaScript,2017,web frontend,web frontend,web frontend
GITHUB,ab-testing,Go,2017,testing_qa,testing_qa,testing_qa
GITHUB,android,Kotlin,2017,mobile,mobile,mobile
GITHUB,alipay,C#,2017,web backend,web backend,web backend
GITHUB,csharp,C#,2017,other,other,other
GITHUB,android,Kotlin,2017,mobile,mobile,mobile
GITHUB,elm,Kotlin,2017,web frontend,web frontend,web frontend
GITHUB,cnn,C++,2017,data_ai,data_ai,data_ai
GITHUB,automation,Python,2017,devops_cloud,devops_cloud,devops_cloud
GITHUB,bitcoin,C#,2017,blockchain,blockchain,blockchain
GITHUB,themes,JavaScript,2017,web frontend,web frontend,web frontend
GITHUB,elasticsearch,Python,2017,devops_cloud,devops_cloud,devops_cloud
GITHUB,error-handling,Rust,2017,developer tools,developer tools,developer tools
GITHUB,erlang,Rust,2017,developer tools,developer tools,developer tools
GITHUB,closure-compiler,JavaScript,2017,developer tools,developer tools,developer tools
GITHUB,android,Kotlin,2017,mobile,mobile,mobile
GITHUB,card,Swift,2017,mobile,mobile,mobile
GITHUB,debugger,C#,2017,developer tools,developer tools,developer tools
GITHUB,2d,Kotlin,2017,game,game,game
GITHUB,dubbo,Java,2017,web backend,web backend,web backend
GITHUB,baby,Go,2017,other,other,other
GITHUB,cpp,C++,2017,other,other,other
GITHUB,cluster,Go,2017,devops_cloud,devops_cloud,devops_cloud
GITHUB,finance,Rust,2017,enterprise,enterprise,enterprise
GITHUB,densenet,Python,2017,data_ai,data_ai,data_ai
GITHUB,captive,C++,2017,security,security,security
GITHUB,game-engine,Rust,2017,game,game,game
GITHUB,angular,TypeScript,2017,web frontend,web frontend,web frontend
GITHUB,algorithms,C++,2017,other,other,other
GITHUB,hmi,C#,2017,embedded,embedded,embedded
GITHUB,containers,Go,2017,devops_cloud,devops_cloud,devops_cloud
GITHUB,computer-forensics,Python,2017,security,security,security
GITHUB,apm,TypeScript,2017,devops_cloud,devops_cloud,devops_cloud
GITHUB,animation,Swift,2017,mobile,mobile,mobile
GITHUB,api,Go,2017,web backend,web backend,web backend
GITHUB,cryptocurrency,Rust,2017,blockchain,blockchain,blockchain
GITHUB,form,Swift,2017,mobile,mobile,mobile
GITHUB,annotation,C++,2017,data_ai,data_ai,data_ai
GITHUB,commenting,JavaScript,2017,web frontend,web frontend,web frontend
GITHUB,basic,Python,2017,other,other,other
GITHUB,ai,Java,2017,data_ai,data_ai,data_ai
GITHUB,autocad,C#,2017,enterprise,enterprise,enterprise
GITHUB,adaptive-filtering,C#,2017,data_ai,data_ai,data_ai
GITHUB,data-science,Go,2017,data_ai,data_ai,data_ai
GITHUB,flux,TypeScript,2017,web frontend,web frontend,web frontend
GITHUB,api-gateway,C#,2017,web backend,web backend,web backend
GITHUB,android,Kotlin,2017,mobile,mobile,mobile
GITHUB,animations,Swift,2017,mobile,mobile,mobile
GITHUB,intro,TypeScript,2017,other,other,other
GITHUB,country,Swift,2017,mobile,mobile,mobile
GITHUB,china-dns,Rust,2017,devops_cloud,devops_cloud,devops_cloud
GITHUB,autoint,Python,2017,data_ai,data_ai,data_ai
GITHUB,ctc,C++,2017,data_ai,data_ai,data_ai
GITHUB,ijava,Java,2017,developer tools,developer tools,developer tools
GITHUB,blog,Java,2017,web backend,web backend,web backend
GITHUB,electron,TypeScript,2017,other,other,other
GITHUB,scriptableobject,C#,2017,game,game,game
GITHUB,animator,Swift,2017,mobile,mobile,mobile
GITHUB,microservices,Go,2017,web backend,web backend,web backend
GITHUB,chm,C#,2017,developer tools,developer tools,developer tools
GITHUB,cards,Swift,2017,mobile,mobile,mobile
GITHUB,2d-game-engine,Swift,2017,game,game,game
GITHUB,aspnet,C#,2017,web backend,web backend,web backend
GITHUB,bug-bounty,Go,2017,security,security,security
GITHUB,application-management,Go,2017,devops_cloud,devops_cloud,devops_cloud
GITHUB,spa,JavaScript,2017,web frontend,web frontend,web frontend
GITHUB,authentication,Java,2017,security,security,security
GITHUB,android,Java,2017,mobile,mobile,mobile
GITHUB,binarization,C++,2017,data_ai,data_ai,data_ai
GITHUB,hacktoberfest,Rust,2017,other,other,other
GITHUB,apfs,C++,2017,developer tools,developer tools,developer tools
GITHUB,api,Go,2017,web backend,web backend,web backend
GITHUB,react-native,JavaScript,2017,mobile,mobile,mobile
GITHUB,android,Kotlin,2017,mobile,mobile,mobile
GITHUB,hoc,TypeScript,2017,web frontend,web frontend,web frontend
GITHUB,aspectcore,C#,2017,developer tools,developer tools,developer tools
GITHUB,alertmanager,Go,2017,devops_cloud,devops_cloud,devops_cloud
GITHUB,bot,TypeScript,2017,web backend,web backend,web backend
GITHUB,attributes,C#,2017,developer tools,developer tools,developer tools
GITHUB,cli,Go,2017,developer tools,developer tools,developer tools
GITHUB,git,JavaScript,2017,developer tools,developer tools,developer tools
GITHUB,qt,C++,2017,other,other,other
GITHUB,apps,C#,2017,other,other,other
GITHUB,firebase,TypeScript,2017,devops_cloud,devops_cloud,devops_cloud
GITHUB,cmdline,Go,2017,developer tools,developer tools,developer tools
GITHUB,constraintlayout,Kotlin,2017,mobile,mobile,mobile
GITHUB,alipay,C#,2017,web backend,web backend,web backend
GITHUB,database,JavaScript,2017,web backend,web backend,web backend
GITHUB,aspnet,C#,2017,web backend,web backend,web backend
GITHUB,analysis-pipeline,Go,2017,data_ai,data_ai,data_ai
GITHUB,aero,C++,2017,embedded,embedded,embedded
GITHUB,ios,Swift,2017,mobile,mobile,mobile
GITHUB,ant-design-vue,TypeScript,2017,web frontend,web frontend,web frontend
GITHUB,aks,Go,2017,devops_cloud,devops_cloud,devops_cloud
GITHUB,codable,Swift,2017,mobile,mobile,mobile
GITHUB,anticensorship,C++,2017,security,security,security
GITHUB,actors,C#,2017,enterprise,enterprise,enterprise
GITHUB,acm,C++,2017,other,other,other
GITHUB,administrator,Java,2017,enterprise,enterprise,enterprise
GITHUB,ethereum,Rust,2017,blockchain,blockchain,blockchain
GITHUB,java,Java,2017,other,other,other
GITHUB,c-plus-plus,C++,2017,other,other,other
GITHUB,cncf,Go,2017,devops_cloud,devops_cloud,devops_cloud
GITHUB,golang,Rust,2017,developer tools,developer tools,developer tools
GITHUB,3d-scan,C#,2017,game,game,game
GITHUB,clock,Kotlin,2017,mobile,mobile,mobile
GITHUB,android,Kotlin,2017,mobile,mobile,mobile
GITHUB,direct3d,C++,2017,game,game,game
GITHUB,animation,Swift,2017,mobile,mobile,mobile
GITHUB,generics,Kotlin,2017,developer tools,developer tools,developer tools
GITHUB,authentication,Go,2017,security,security,security
GITHUB,audio,Swift,2017,mobile,mobile,mobile
GITHUB,fmm,C++,2017,other,other,other
GITHUB,aspnet-core,C#,2017,web backend,web backend,web backend
GITHUB,fec,C++,2017,embedded,embedded,embedded
GITHUB,apple,Swift,2017,mobile,mobile,mobile
GITHUB,hacktoberfest,Rust,2017,other,other,other
GITHUB,android,Java,2017,mobile,mobile,mobile
GITHUB,container-management,Go,2017,devops_cloud,devops_cloud,devops_cloud
GITHUB,api,Go,2017,web backend,web backend,web backend
GITHUB,cloudflare,Python,2017,devops_cloud,devops_cloud,devops_cloud
GITHUB,animated-steps,Java,2017,mobile,mobile,mobile
GITHUB,activemq,Java,2017,enterprise,enterprise,enterprise
GITHUB,ios,Swift,2017,mobile,mobile,mobile
GITHUB,seekbar,Java,2017,mobile,mobile,mobile
GITHUB,calendar,Swift,2017,mobile,mobile,mobile
GITHUB,fusion,TypeScript,2017,web frontend,web frontend,web frontend
GITHUB,decompiler,Java,2017,developer tools,developer tools,developer tools
GITHUB,end-to-end,Python,2017,testing_qa,testing_qa,testing_qa
GITHUB,javascript,JavaScript,2017,other,other,other
GITHUB,blog,JavaScript,2017,web frontend,web frontend,web frontend
GITHUB,cuda,Rust,2017,data_ai,data_ai,data_ai
GITHUB,breakpoints,Swift,2017,developer tools,developer tools,developer tools
GITHUB,arkit,Swift,2017,mobile,mobile,mobile
GITHUB,springcloud,Java,2017,web backend,web backend,web backend
GITHUB,batch,Swift,2017,mobile,mobile,mobile
GITHUB,cards,Swift,2017,mobile,mobile,mobile
GITHUB,book,C#,2017,other,other,other
GITHUB,contextmenu,TypeScript,2017,web frontend,web frontend,web frontend
GITHUB,ios,Swift,2017,mobile,mobile,mobile
GITHUB,cicd,Go,2017,devops_cloud,devops_cloud,devops_cloud
GITHUB,command-line,C#,2017,developer tools,developer tools,developer tools
GITHUB,modal-panel,Swift,2017,mobile,mobile,mobile
GITHUB,cross-platform,Rust,2017,other,other,other
GITHUB,kubernetes,Go,2017,devops_cloud,devops_cloud,devops_cloud
GITHUB,kubernetes,Go,2017,devops_cloud,devops_cloud,devops_cloud
GITHUB,kubernetes,Go,2017,devops_cloud,devops_cloud,devops_cloud
GITHUB,console-replication,TypeScript,2017,developer tools,developer tools,developer tools
GITHUB,self-organizing-map,Python,2017,data_ai,data_ai,data_ai
GITHUB,ast,Go,2017,developer tools,developer tools,developer tools
GITHUB,bilibili-api,Kotlin,2017,mobile,mobile,mobile
GITHUB,blockchain,Rust,2017,blockchain,blockchain,blockchain
GITHUB,animation,Swift,2017,mobile,mobile,mobile
GITHUB,steam,C#,2017,game,game,game
GITHUB,midi,C#,2017,other,other,other
GITHUB,args,C++,2017,developer tools,developer tools,developer tools
GITHUB,av-detection,Rust,2017,security,security,security
GITHUB,easemob,JavaScript,2017,web frontend,web frontend,web frontend
GITHUB,demo,Java,2017,other,other,other
GITHUB,dubbo,Java,2017,web backend,web backend,web backend
GITHUB,app-bar,C#,2017,mobile,mobile,mobile
GITHUB,dpf,C++,2017,other,other,other
GITHUB,keybase,JavaScript,2017,security,security,security
GITHUB,razzle,TypeScript,2017,web frontend,web frontend,web frontend
GITHUB,arc,Java,2017,other,other,other
GITHUB,docker,Go,2017,devops_cloud,devops_cloud,devops_cloud
GITHUB,container,Go,2017,devops_cloud,devops_cloud,devops_cloud
GITHUB,android,Kotlin,2017,mobile,mobile,mobile
GITHUB,chat,Go,2017,web backend,web backend,web backend
GITHUB,android,Kotlin,2017,mobile,mobile,mobile
GITHUB,autolayout,Swift,2017,mobile,mobile,mobile
GITHUB,active-learning,Python,2017,data_ai,data_ai,data_ai
GITHUB,animation,Swift,2017,mobile,mobile,mobile
GITHUB,chinese-simplified,Swift,2017,mobile,mobile,mobile
GITHUB,action-creator,TypeScript,2017,web frontend,web frontend,web frontend
GITHUB,android,TypeScript,2017,mobile,mobile,mobile
GITHUB,cloud-native,Go,2017,devops_cloud,devops_cloud,devops_cloud
GITHUB,ctp,C++,2017,enterprise,enterprise,enterprise
GITHUB,alfred3-workflow,JavaScript,2017,developer tools,developer tools,developer tools
GITHUB,toast,Kotlin,2017,mobile,mobile,mobile
GITHUB,components,TypeScript,2017,web frontend,web frontend,web frontend
GITHUB,scrollview,Swift,2017,mobile,mobile,mobile
GITHUB,avatar,TypeScript,2017,web frontend,web frontend,web frontend
GITHUB,eyepetizer,Kotlin,2017,mobile,mobile,mobile
GITHUB,go,Go,2017,other,other,other
GITHUB,actionsheet,Swift,2017,mobile,mobile,mobile
GITHUB,audio-effects,C++,2017,other,other,other
GITHUB,jekyll,JavaScript,2017,web frontend,web frontend,web frontend
GITHUB,google-maps,JavaScript,2017,web frontend,web frontend,web frontend
GITHUB,automatic-api,JavaScript,2017,web backend,web backend,web backend
GITHUB,destroy,JavaScript,2017,other,other,other
GITHUB,client,JavaScript,2017,web frontend,web frontend,web frontend
GITHUB,cli,Rust,2017,developer tools,developer tools,developer tools
GITHUB,go,JavaScript,2017,developer tools,developer tools,developer tools
GITHUB,express,JavaScript,2017,web backend,web backend,web backend
GITHUB,action-recognition,Python,2017,data_ai,data_ai,data_ai
GITHUB,java,Java,2017,other,other,other
GITHUB,aws,JavaScript,2017,devops_cloud,devops_cloud,devops_cloud
GITHUB,cross-platform,TypeScript,2017,developer tools,developer tools,developer tools
GITHUB,arduino,C#,2017,embedded,embedded,embedded
GITHUB,interface,TypeScript,2017,web frontend,web frontend,web frontend
GITHUB,android-god-eye,Java,2017,mobile,mobile,mobile
GITHUB,net-framework,C#,2017,other,other,other
GITHUB,angular,TypeScript,2017,web frontend,web frontend,web frontend
GITHUB,android,Java,2017,mobile,mobile,mobile
GITHUB,actor,C#,2017,developer tools,developer tools,developer tools
GITHUB,arm,C++,2017,embedded,embedded,embedded
GITHUB,android-studio-plugin,Kotlin,2017,developer tools,developer tools,developer tools
GITHUB,annotator,TypeScript,2017,data_ai,data_ai,data_ai
GITHUB,aspnet,C#,2017,web backend,web backend,web backend
GITHUB,angular,TypeScript,2017,web frontend,web frontend,web frontend
GITHUB,component,JavaScript,2017,web frontend,web frontend,web frontend
GITHUB,apollo-server,Swift,2017,mobile,mobile,mobile
GITHUB,blas,C++,2017,data_ai,data_ai,data_ai
GITHUB,mapping,C++,2017,other,other,other
GITHUB,acrylic,C#,2017,other,other,other
GITHUB,android,Kotlin,2017,mobile,mobile,mobile
GITHUB,crypto,Rust,2017,blockchain,blockchain,blockchain
GITHUB,vue,JavaScript,2017,web frontend,web frontend,web frontend
GITHUB,3d,C++,2017,game,game,game
GITHUB,custom-renderer,JavaScript,2017,developer tools,developer tools,developer tools
GITHUB,android,C#,2017,mobile,mobile,mobile
GITHUB,events,TypeScript,2017,other,other,other
GITHUB,alamofire,Swift,2017,mobile,mobile,mobile
GITHUB,deep-learning,Python,2017,data_ai,data_ai,data_ai
GITHUB,ros,C++,2017,embedded,embedded,embedded
GITHUB,convolutional-neural-networks,Python,2017,data_ai,data_ai,data_ai
GITHUB,deep-learning,C++,2017,data_ai,data_ai,data_ai
GITHUB,activemq,Java,2017,enterprise,enterprise,enterprise
GITHUB,android-library,Kotlin,2017,mobile,mobile,mobile
GITHUB,3d,C#,2017,game,game,game
GITHUB,categorization,C#,2017,data_ai,data_ai,data_ai
GITHUB,jupyterlab,TypeScript,2017,data_ai,data_ai,data_ai
GITHUB,javascript,TypeScript,2017,web frontend,web frontend,web frontend
GITHUB,diy,C++,2017,embedded,embedded,embedded
GITHUB,aggregate,Java,2017,other,other,other
GITHUB,particle,C#,2017,game,game,game
GITHUB,client,C#,2017,other,other,other
GITHUB,artificial-intelligence,Python,2017,data_ai,data_ai,data_ai
GITHUB,client,Go,2017,developer tools,developer tools,developer tools
GITHUB,authentication,JavaScript,2017,security,security,security
GITHUB,go,Go,2017,other,other,other
GITHUB,cpp,C++,2017,other,other,other
GITHUB,brave,Swift,2017,mobile,mobile,mobile
GITHUB,accessibility,Swift,2017,mobile,mobile,mobile
GITHUB,context,JavaScript,2017,web frontend,web frontend,web frontend
GITHUB,android,Kotlin,2017,mobile,mobile,mobile
GITHUB,buildkit,Go,2017,devops_cloud,devops_cloud,devops_cloud
GITHUB,admin,JavaScript,2017,web frontend,web frontend,web frontend
GITHUB,backdoor,C++,2017,security,security,security
GITHUB,graphql,JavaScript,2017,web backend,web backend,web backend
GITHUB,android,Kotlin,2017,mobile,mobile,mobile
GITHUB,blueprint,C++,2017,game,game,game
GITHUB,avalondock,C#,2017,developer tools,developer tools,developer tools
GITHUB,ib,Swift,2017,mobile,mobile,mobile
GITHUB,clean-code,TypeScript,2017,developer tools,developer tools,developer tools
GITHUB,clang,C++,2017,developer tools,developer tools,developer tools
GITHUB,async,Python,2017,developer tools,developer tools,developer tools
GITHUB,appstore,Swift,2017,mobile,mobile,mobile
GITHUB,android,JavaScript,2017,mobile,mobile,mobile
GITHUB,animation,Swift,2017,mobile,mobile,mobile
GITHUB,app,Swift,2017,mobile,mobile,mobile
GITHUB,deep-learning,Python,2017,data_ai,data_ai,data_ai
GITHUB,hadoop,Java,2017,data_ai,data_ai,data_ai
GITHUB,bypass,Python,2017,security,security,security
GITHUB,burp-plugin,Java,2017,security,security,security
GITHUB,rust,Rust,2017,other,other,other
GITHUB,audioplayer,Kotlin,2017,mobile,mobile,mobile
GITHUB,algorithm,Java,2017,other,other,other
GITHUB,component,TypeScript,2017,web frontend,web frontend,web frontend
GITHUB,ddd-architecture,Go,2017,enterprise,enterprise,enterprise
GITHUB,dom,JavaScript,2017,web frontend,web frontend,web frontend
GITHUB,bidirectional-typechecking,Rust,2017,developer tools,developer tools,developer tools
GITHUB,pyinstaller,Python,2017,developer tools,developer tools,developer tools
GITHUB,android,Kotlin,2017,mobile,mobile,mobile
GITHUB,activitypub,Rust,2017,web backend,web backend,web backend
GITHUB,deep-learning,Python,2017,data_ai,data_ai,data_ai
GITHUB,chart,TypeScript,2017,web frontend,web frontend,web frontend
GITHUB,paper,Python,2017,other,other,other
GITHUB,algorithms,C++,2017,other,other,other
GITHUB,android-library,Kotlin,2017,mobile,mobile,mobile
GITHUB,face-detection,Rust,2017,data_ai,data_ai,data_ai
GITHUB,aws,Go,2017,devops_cloud,devops_cloud,devops_cloud
GITHUB,awesome,Java,2017,other,other,other
GITHUB,android-mvp-architecture,Kotlin,2017,mobile,mobile,mobile
GITHUB,csharp,C#,2017,other,other,other
GITHUB,cpp,C++,2017,other,other,other
GITHUB,benchmark,Java,2017,testing_qa,testing_qa,testing_qa
GITHUB,binary,Python,2017,other,other,other
GITHUB,android,Kotlin,2017,mobile,mobile,mobile
GITHUB,cas,Java,2017,security,security,security
GITHUB,id,Rust,2017,other,other,other
GITHUB,zilliqa,C++,2017,blockchain,blockchain,blockchain
GITHUB,clean-architecture,C#,2017,enterprise,enterprise,enterprise
GITHUB,android,Java,2017,mobile,mobile,mobile
GITHUB,automation,Go,2017,devops_cloud,devops_cloud,devops_cloud
GITHUB,data-engineering,Python,2017,data_ai,data_ai,data_ai
GITHUB,android,Kotlin,2017,mobile,mobile,mobile
GITHUB,auth0,JavaScript,2017,security,security,security
GITHUB,command-line,Go,2017,developer tools,developer tools,developer tools
GITHUB,cli,Swift,2017,developer tools,developer tools,developer tools
GITHUB,carthage,Swift,2017,mobile,mobile,mobile
GITHUB,analysis,C#,2017,data_ai,data_ai,data_ai
GITHUB,hdl-graph-slam,C++,2017,data_ai,data_ai,data_ai
GITHUB,helmet,TypeScript,2018,security,security,security
GITHUB,arm,C++,2018,embedded,embedded,embedded
GITHUB,githawk,Swift,2018,mobile,mobile,mobile
GITHUB,bitcoin,JavaScript,2018,blockchain,blockchain,blockchain
GITHUB,cms,Java,2018,web backend,web backend,web backend
GITHUB,api-client,Go,2018,developer tools,developer tools,developer tools
GITHUB,crawler,Python,2018,developer tools,developer tools,developer tools
GITHUB,asynchronous,Swift,2018,mobile,mobile,mobile
GITHUB,downloader,TypeScript,2018,developer tools,developer tools,developer tools
GITHUB,clickhouse,Go,2018,data_ai,data_ai,data_ai
GITHUB,gamedev,C++,2018,game,game,game
GITHUB,ant-design,JavaScript,2018,web frontend,web frontend,web frontend
GITHUB,compiler,Go,2018,developer tools,developer tools,developer tools
GITHUB,blockchain,C++,2018,blockchain,blockchain,blockchain
GITHUB,bluetooth,JavaScript,2018,iot,iot,iot
GITHUB,android,Kotlin,2018,mobile,mobile,mobile
GITHUB,baidu-map,Kotlin,2018,mobile,mobile,mobile
GITHUB,federated-clusters,Go,2018,devops_cloud,devops_cloud,devops_cloud
GITHUB,anne,Rust,2018,other,other,other
GITHUB,cardsview,C#,2018,mobile,mobile,mobile
GITHUB,berglas,JavaScript,2018,devops_cloud,devops_cloud,devops_cloud
GITHUB,intrusion-detection,Go,2018,security,security,security
GITHUB,unity,C#,2018,game,game,game
GITHUB,automation,TypeScript,2018,developer tools,developer tools,developer tools
GITHUB,cloudopt,Kotlin,2018,devops_cloud,devops_cloud,devops_cloud
GITHUB,deep-learning,Python,2018,data_ai,data_ai,data_ai
GITHUB,android,Java,2018,mobile,mobile,mobile
GITHUB,database,Rust,2018,developer tools,developer tools,developer tools
GITHUB,docker,Kotlin,2018,devops_cloud,devops_cloud,devops_cloud
GITHUB,alert,Swift,2018,mobile,mobile,mobile
GITHUB,language,Rust,2018,developer tools,developer tools,developer tools
GITHUB,computer-vision,Python,2018,data_ai,data_ai,data_ai
GITHUB,biped,C++,2018,embedded,embedded,embedded
GITHUB,cocoadebug,Swift,2018,mobile,mobile,mobile
GITHUB,browser,Rust,2018,web frontend,web frontend,web frontend
GITHUB,animated,TypeScript,2018,web frontend,web frontend,web frontend
GITHUB,android-library,Kotlin,2018,mobile,mobile,mobile
GITHUB,auto-hide,C#,2018,other,other,other
GITHUB,go,Go,2018,other,other,other
GITHUB,moment-js,JavaScript,2018,web frontend,web frontend,web frontend
GITHUB,backup-script,JavaScript,2018,devops_cloud,devops_cloud,devops_cloud
GITHUB,auto-trader,TypeScript,2018,web backend,web backend,web backend
GITHUB,android,Kotlin,2018,mobile,mobile,mobile
GITHUB,cloud-native-database,Go,2018,devops_cloud,devops_cloud,devops_cloud
GITHUB,hids,Go,2018,security,security,security
GITHUB,filesystem,Swift,2018,mobile,mobile,mobile
GITHUB,backoff,Go,2018,developer tools,developer tools,developer tools
GITHUB,lidar,C++,2018,embedded,embedded,embedded
GITHUB,bridge,Swift,2018,mobile,mobile,mobile
GITHUB,props,JavaScript,2018,web frontend,web frontend,web frontend
GITHUB,boilerplate,JavaScript,2018,developer tools,developer tools,developer tools
GITHUB,cli,Rust,2018,developer tools,developer tools,developer tools
GITHUB,abci,Go,2018,blockchain,blockchain,blockchain
GITHUB,au-plugin,C++,2018,other,other,other
GITHUB,hacking-tools,Python,2018,security,security,security
GITHUB,android,Kotlin,2018,mobile,mobile,mobile
GITHUB,auth,Go,2018,security,security,security
GITHUB,android,Kotlin,2018,mobile,mobile,mobile
GITHUB,dfir,Go,2018,security,security,security
GITHUB,chrome-headless,JavaScript,2018,testing_qa,testing_qa,testing_qa
GITHUB,attention-model,Python,2018,data_ai,data_ai,data_ai
GITHUB,csharp,C#,2018,other,other,other
GITHUB,real-time-strategy,C++,2018,game,game,game
GITHUB,instant-messaging,Rust,2018,web backend,web backend,web backend
GITHUB,anti-reversing,C++,2018,security,security,security
GITHUB,chrome,TypeScript,2018,web frontend,web frontend,web frontend
GITHUB,allocator,Rust,2018,developer tools,developer tools,developer tools
GITHUB,express,TypeScript,2018,web backend,web backend,web backend
GITHUB,ffmpeg,Go,2018,developer tools,developer tools,developer tools
GITHUB,binary,Python,2018,developer tools,developer tools,developer tools
GITHUB,asp-net-core-mvc,C#,2018,web backend,web backend,web backend
GITHUB,android,JavaScript,2018,mobile,mobile,mobile
GITHUB,bus-driver,C++,2018,embedded,embedded,embedded
GITHUB,remarkable-tablet,Go,2018,embedded,embedded,embedded
GITHUB,ocr,C++,2018,data_ai,data_ai,data_ai
GITHUB,android,Java,2018,mobile,mobile,mobile
GITHUB,enumeration,Python,2018,security,security,security
GITHUB,animation,C#,2018,game,game,game
GITHUB,code-snippets,Java,2018,developer tools,developer tools,developer tools
GITHUB,breadcrumbs,JavaScript,2018,web frontend,web frontend,web frontend
GITHUB,android,Kotlin,2018,mobile,mobile,mobile
GITHUB,algorithm,Go,2018,other,other,other
GITHUB,go,Go,2018,other,other,other
GITHUB,attention-mechanism,Python,2018,data_ai,data_ai,data_ai
GITHUB,aws,JavaScript,2018,devops_cloud,devops_cloud,devops_cloud
GITHUB,algorithmic-trading,Python,2018,data_ai,data_ai,data_ai
GITHUB,ark-plugin,Java,2018,developer tools,developer tools,developer tools
GITHUB,cpp11,C++,2018,other,other,other
GITHUB,bug-bounty,Go,2018,security,security,security
GITHUB,cryptocurrency,Go,2018,blockchain,blockchain,blockchain
GITHUB,9anime,Python,2018,web backend,web backend,web backend
GITHUB,bch,Swift,2018,blockchain,blockchain,blockchain
GITHUB,excel,Java,2018,enterprise,enterprise,enterprise
GITHUB,crop,Swift,2018,mobile,mobile,mobile
GITHUB,flutter,Swift,2018,mobile,mobile,mobile
GITHUB,domain-specific-language,C++,2018,developer tools,developer tools,developer tools
GITHUB,effect,C#,2018,game,game,game
GITHUB,distributed-consensus,C++,2018,blockchain,blockchain,blockchain
GITHUB,blockchain,Swift,2018,blockchain,blockchain,blockchain
GITHUB,grpc,Go,2018,web backend,web backend,web backend
GITHUB,expressjs,JavaScript,2018,web backend,web backend,web backend
GITHUB,printer-forensic,Python,2018,security,security,security
GITHUB,cockroachdb,Go,2018,devops_cloud,devops_cloud,devops_cloud
GITHUB,allan,C++,2018,other,other,other
GITHUB,experimental-language,Go,2018,developer tools,developer tools,developer tools
GITHUB,ai,Python,2018,data_ai,data_ai,data_ai
GITHUB,ctf,Go,2018,security,security,security
GITHUB,apple,Swift,2018,mobile,mobile,mobile
GITHUB,appframework-library,Swift,2018,mobile,mobile,mobile
GITHUB,deep-learning,Python,2018,data_ai,data_ai,data_ai
GITHUB,blockchain,Go,2018,blockchain,blockchain,blockchain
GITHUB,c-sharp,C#,2018,other,other,other
GITHUB,admin,C#,2018,enterprise,enterprise,enterprise
GITHUB,ios-swift,Swift,2018,mobile,mobile,mobile
GITHUB,mach-o,Swift,2018,developer tools,developer tools,developer tools
GITHUB,android,Kotlin,2018,mobile,mobile,mobile
GITHUB,algorithm,TypeScript,2018,other,other,other
GITHUB,android,Kotlin,2018,mobile,mobile,mobile
GITHUB,asset,C#,2018,game,game,game
GITHUB,android-auto,C++,2018,mobile,mobile,mobile
GITHUB,hacktoberfest,Rust,2018,other,other,other
GITHUB,golang,Go,2018,other,other,other
GITHUB,distributed-computing,Rust,2018,devops_cloud,devops_cloud,devops_cloud
GITHUB,cargo-subcommand,Rust,2018,developer tools,developer tools,developer tools
GITHUB,cache,Go,2018,developer tools,developer tools,developer tools
GITHUB,java,C++,2018,other,other,other
GITHUB,backdoor,Python,2018,security,security,security
GITHUB,bluetooth,Go,2018,iot,iot,iot
GITHUB,automapper,C#,2018,enterprise,enterprise,enterprise
GITHUB,android,Kotlin,2018,mobile,mobile,mobile
GITHUB,api,Go,2018,web backend,web backend,web backend
GITHUB,collection,JavaScript,2018,other,other,other
GITHUB,face-recognition,Python,2018,data_ai,data_ai,data_ai
GITHUB,formik,TypeScript,2018,web frontend,web frontend,web frontend
GITHUB,book,Go,2018,other,other,other
GITHUB,architecture,Swift,2018,mobile,mobile,mobile
GITHUB,go,Go,2018,other,other,other
GITHUB,aws-appsync,JavaScript,2018,web backend,web backend,web backend
GITHUB,microkernel,Rust,2018,embedded,embedded,embedded
GITHUB,android,C#,2018,mobile,mobile,mobile
GITHUB,context,JavaScript,2018,other,other,other
GITHUB,dom,Rust,2018,web frontend,web frontend,web frontend
GITHUB,inference,Rust,2018,data_ai,data_ai,data_ai
GITHUB,360degree,Swift,2018,mobile,mobile,mobile
GITHUB,android,Kotlin,2018,mobile,mobile,mobile
GITHUB,debounce,Swift,2018,mobile,mobile,mobile
GITHUB,name-generator,TypeScript,2018,other,other,other
GITHUB,client,Python,2018,developer tools,developer tools,developer tools
GITHUB,ios,Swift,2018,mobile,mobile,mobile
GITHUB,blogging,JavaScript,2018,web frontend,web frontend,web frontend
GITHUB,hijacking,Rust,2018,security,security,security
GITHUB,bing,C++,2018,other,other,other
GITHUB,android,Kotlin,2018,mobile,mobile,mobile
GITHUB,architecture-components,Kotlin,2018,mobile,mobile,mobile
GITHUB,deep-learning,Python,2018,data_ai,data_ai,data_ai
GITHUB,beautifulsoup,Python,2018,developer tools,developer tools,developer tools
GITHUB,game,Rust,2018,game,game,game
GITHUB,artificial-life,Python,2018,data_ai,data_ai,data_ai
GITHUB,editor,TypeScript,2018,developer tools,developer tools,developer tools
GITHUB,beego,Go,2018,web backend,web backend,web backend
GITHUB,chrome,C#,2018,developer tools,developer tools,developer tools
GITHUB,android,Kotlin,2018,mobile,mobile,mobile
GITHUB,live,C++,2018,other,other,other
GITHUB,cli,Go,2018,developer tools,developer tools,developer tools
GITHUB,javascript,JavaScript,2018,web frontend,web frontend,web frontend
GITHUB,dynamic,C++,2018,other,other,other
GITHUB,ios,Swift,2018,mobile,mobile,mobile
GITHUB,game-development,Go,2018,game,game,game
GITHUB,bluetooth,C#,2018,iot,iot,iot
GITHUB,alarm,Kotlin,2018,mobile,mobile,mobile
GITHUB,command-line-interface,Python,2018,developer tools,developer tools,developer tools
GITHUB,animation,Kotlin,2018,mobile,mobile,mobile
GITHUB,api,TypeScript,2018,web backend,web backend,web backend
GITHUB,compile-time,C++,2018,developer tools,developer tools,developer tools
GITHUB,cocoapods,Swift,2018,mobile,mobile,mobile
GITHUB,attention-mechanism,Python,2018,data_ai,data_ai,data_ai
GITHUB,animated,TypeScript,2018,web frontend,web frontend,web frontend
GITHUB,android,Kotlin,2018,mobile,mobile,mobile
GITHUB,iosdev,Swift,2018,mobile,mobile,mobile
GITHUB,peertube,Kotlin,2018,mobile,mobile,mobile
GITHUB,cocoa,Swift,2018,mobile,mobile,mobile
GITHUB,officialaccounts,Python,2018,web backend,web backend,web backend
GITHUB,bindata,Go,2018,developer tools,developer tools,developer tools
GITHUB,android,Kotlin,2018,mobile,mobile,mobile
GITHUB,city,Kotlin,2018,mobile,mobile,mobile
GITHUB,configserver,C#,2018,devops_cloud,devops_cloud,devops_cloud
GITHUB,flowlayout,Swift,2018,mobile,mobile,mobile
GITHUB,autohotkey,C#,2018,developer tools,developer tools,developer tools
GITHUB,anti-debugging,C++,2018,security,security,security
GITHUB,compliance,Go,2018,security,security,security
GITHUB,database,Go,2018,developer tools,developer tools,developer tools
GITHUB,chrome-extension,JavaScript,2018,web frontend,web frontend,web frontend
GITHUB,chinese-nlp,Python,2018,data_ai,data_ai,data_ai
GITHUB,bow,Swift,2018,mobile,mobile,mobile
GITHUB,ci-cd,Go,2018,devops_cloud,devops_cloud,devops_cloud
GITHUB,average-precision,Python,2018,data_ai,data_ai,data_ai
GITHUB,android,Kotlin,2018,mobile,mobile,mobile
GITHUB,form,JavaScript,2018,web frontend,web frontend,web frontend
GITHUB,code-generation,Kotlin,2018,developer tools,developer tools,developer tools
GITHUB,ecs,C#,2018,game,game,game
GITHUB,legged,C++,2018,embedded,embedded,embedded
GITHUB,cifar10,Python,2018,data_ai,data_ai,data_ai
GITHUB,2d-game-engine,C++,2018,game,game,game
GITHUB,awesome,Go,2018,other,other,other
GITHUB,githawk,Swift,2018,mobile,mobile,mobile
GITHUB,java,Java,2018,other,other,other
GITHUB,css,JavaScript,2018,web frontend,web frontend,web frontend
GITHUB,driver,C++,2018,embedded,embedded,embedded
GITHUB,arduino-library,C++,2018,embedded,embedded,embedded
GITHUB,coroutines,Kotlin,2018,mobile,mobile,mobile
GITHUB,animate,Kotlin,2018,mobile,mobile,mobile
GITHUB,fetch-api,JavaScript,2018,web frontend,web frontend,web frontend
GITHUB,audio-applications,C#,2018,other,other,other
GITHUB,flink,JavaScript,2018,data_ai,data_ai,data_ai
GITHUB,c-plus-plus,C++,2018,other,other,other
GITHUB,concurrency,Rust,2018,developer tools,developer tools,developer tools
GITHUB,botnet,C++,2018,security,security,security
GITHUB,api,Go,2018,web backend,web backend,web backend
GITHUB,cryptography,TypeScript,2018,security,security,security
GITHUB,android,Java,2018,mobile,mobile,mobile
GITHUB,applescript,Swift,2018,other,other,other
GITHUB,c-plus-plus,C++,2018,other,other,other
GITHUB,oauth2,Java,2018,security,security,security
GITHUB,coc-extensions,TypeScript,2018,developer tools,developer tools,developer tools
GITHUB,afl,C++,2018,security,security,security
GITHUB,yarn,Rust,2018,developer tools,developer tools,developer tools
GITHUB,android,Kotlin,2018,mobile,mobile,mobile
GITHUB,cli,Rust,2018,developer tools,developer tools,developer tools
GITHUB,blockchain,C++,2018,blockchain,blockchain,blockchain
GITHUB,actors,C#,2018,web backend,web backend,web backend
GITHUB,datalog,Java,2018,data_ai,data_ai,data_ai
GITHUB,android,Kotlin,2018,mobile,mobile,mobile
GITHUB,effects,C#,2018,game,game,game
GITHUB,android,Kotlin,2018,mobile,mobile,mobile
GITHUB,anomaly-detection,Python,2018,data_ai,data_ai,data_ai
GITHUB,rust,Rust,2018,other,other,other
GITHUB,bar-chart,Go,2018,data_ai,data_ai,data_ai
GITHUB,android,Kotlin,2018,mobile,mobile,mobile
GITHUB,rust,Rust,2018,other,other,other
GITHUB,blog,TypeScript,2018,web frontend,web frontend,web frontend
GITHUB,fluid,C#,2018,developer tools,developer tools,developer tools
GITHUB,drag,TypeScript,2018,web frontend,web frontend,web frontend
GITHUB,tradingview,JavaScript,2018,web frontend,web frontend,web frontend
GITHUB,dnd,TypeScript,2018,web frontend,web frontend,web frontend
GITHUB,drag,TypeScript,2018,web frontend,web frontend,web frontend
GITHUB,editor,JavaScript,2018,developer tools,developer tools,developer tools
GITHUB,confuserex,C#,2018,security,security,security
GITHUB,awesome,Go,2018,other,other,other
GITHUB,filesystem,Rust,2018,developer tools,developer tools,developer tools
GITHUB,android,Java,2018,mobile,mobile,mobile
GITHUB,app,Swift,2018,mobile,mobile,mobile
GITHUB,boilerplate,Go,2018,developer tools,developer tools,developer tools
GITHUB,bioinformatics,C++,2018,data_ai,data_ai,data_ai
GITHUB,texture,C#,2018,game,game,game
GITHUB,construction,C#,2018,enterprise,enterprise,enterprise
GITHUB,ann,Python,2018,data_ai,data_ai,data_ai
GITHUB,dsl,Kotlin,2018,developer tools,developer tools,developer tools
GITHUB,swift,Swift,2018,mobile,mobile,mobile
GITHUB,android,Kotlin,2018,mobile,mobile,mobile
GITHUB,bitcoin,Go,2018,blockchain,blockchain,blockchain
GITHUB,awesome,Go,2018,other,other,other
GITHUB,animation,TypeScript,2018,web frontend,web frontend,web frontend
GITHUB,500px,Swift,2018,mobile,mobile,mobile
GITHUB,android,Kotlin,2018,mobile,mobile,mobile
GITHUB,eleventy,JavaScript,2018,web frontend,web frontend,web frontend
GITHUB,apple,Swift,2018,mobile,mobile,mobile
GITHUB,algorithm,Go,2018,other,other,other
GITHUB,aarch64,Rust,2018,embedded,embedded,embedded
GITHUB,concurrency,Java,2018,developer tools,developer tools,developer tools
GITHUB,instant-preview,Go,2018,devops_cloud,devops_cloud,devops_cloud
GITHUB,android,Kotlin,2018,mobile,mobile,mobile
GITHUB,2048,C++,2018,game,game,game
GITHUB,aarch64,Rust,2018,embedded,embedded,embedded
GITHUB,android,Java,2018,mobile,mobile,mobile
GITHUB,game,Go,2018,game,game,game
GITHUB,dlib,Go,2018,data_ai,data_ai,data_ai
GITHUB,hacktoberfest,Go,2018,other,other,other
GITHUB,ble,Rust,2018,iot,iot,iot
GITHUB,attention-gates,Python,2018,data_ai,data_ai,data_ai
GITHUB,ccpd,Python,2018,data_ai,data_ai,data_ai
GITHUB,code-analysis,TypeScript,2018,developer tools,developer tools,developer tools
GITHUB,cloud,C#,2018,devops_cloud,devops_cloud,devops_cloud
GITHUB,ecommerce,TypeScript,2018,web frontend,web frontend,web frontend
GITHUB,go,Go,2018,other,other,other
GITHUB,android,Kotlin,2018,mobile,mobile,mobile
GITHUB,adaptation,Java,2018,enterprise,enterprise,enterprise
GITHUB,animation,Swift,2018,mobile,mobile,mobile
GITHUB,applications,Go,2018,web backend,web backend,web backend
GITHUB,object-detection,Python,2018,data_ai,data_ai,data_ai
GITHUB,animations,Swift,2018,mobile,mobile,mobile
GITHUB,algorithm,C++,2018,other,other,other
GITHUB,function-composition,Swift,2018,developer tools,developer tools,developer tools
GITHUB,fluent,C#,2018,developer tools,developer tools,developer tools
GITHUB,binary,Go,2018,developer tools,developer tools,developer tools
GITHUB,cli,TypeScript,2018,developer tools,developer tools,developer tools
GITHUB,go,Go,2018,other,other,other
GITHUB,controller,Swift,2018,mobile,mobile,mobile
GITHUB,bft,Go,2018,blockchain,blockchain,blockchain
GITHUB,api,Go,2018,web backend,web backend,web backend
GITHUB,android,C++,2018,mobile,mobile,mobile
GITHUB,android,Java,2018,mobile,mobile,mobile
GITHUB,actionsheet,Swift,2018,mobile,mobile,mobile
GITHUB,computer-science,Java,2018,other,other,other
GITHUB,anonymity,Rust,2018,security,security,security
GITHUB,data-science,Python,2018,data_ai,data_ai,data_ai
GITHUB,acgan,Kotlin,2018,data_ai,data_ai,data_ai
GITHUB,autolayout,Swift,2018,mobile,mobile,mobile
GITHUB,face-detection,C++,2018,data_ai,data_ai,data_ai
GITHUB,assert,TypeScript,2018,testing_qa,testing_qa,testing_qa
GITHUB,2pc,Go,2018,web backend,web backend,web backend
GITHUB,android,Kotlin,2018,mobile,mobile,mobile
GITHUB,highlighting,JavaScript,2018,web frontend,web frontend,web frontend
GITHUB,authentication,JavaScript,2018,security,security,security
GITHUB,agent,Rust,2018,developer tools,developer tools,developer tools
GITHUB,rust,Rust,2018,other,other,other
GITHUB,carthage,Swift,2018,mobile,mobile,mobile
GITHUB,loader,C++,2018,developer tools,developer tools,developer tools
GITHUB,basicsr,Python,2018,data_ai,data_ai,data_ai
GITHUB,algorithm,Python,2018,other,other,other
GITHUB,discovery,Go,2018,devops_cloud,devops_cloud,devops_cloud
GITHUB,android,Kotlin,2018,mobile,mobile,mobile
GITHUB,android,Kotlin,2018,mobile,mobile,mobile
GITHUB,android,Kotlin,2018,mobile,mobile,mobile
GITHUB,http,TypeScript,2018,web backend,web backend,web backend
GITHUB,actionsheet,Swift,2018,mobile,mobile,mobile
GITHUB,best-practices,Java,2018,other,other,other
GITHUB,android,Kotlin,2018,mobile,mobile,mobile
GITHUB,brand-icons,TypeScript,2018,web frontend,web frontend,web frontend
GITHUB,bash,Swift,2018,mobile,mobile,mobile
GITHUB,javascript,JavaScript,2018,web frontend,web frontend,web frontend
GITHUB,deep-learning,Python,2018,data_ai,data_ai,data_ai
GITHUB,activiti,Java,2018,enterprise,enterprise,enterprise
GITHUB,codable,Swift,2018,mobile,mobile,mobile
GITHUB,container-queries,JavaScript,2018,web frontend,web frontend,web frontend
GITHUB,bilibili,TypeScript,2018,web frontend,web frontend,web frontend
GITHUB,decoder,Go,2018,developer tools,developer tools,developer tools
GITHUB,editor,Swift,2018,developer tools,developer tools,developer tools
GITHUB,android,Java,2018,mobile,mobile,mobile
GITHUB,color-scheme,C#,2018,developer tools,developer tools,developer tools
GITHUB,android,Java,2018,mobile,mobile,mobile
GITHUB,android,Kotlin,2018,mobile,mobile,mobile
GITHUB,assert,Kotlin,2018,testing_qa,testing_qa,testing_qa
GITHUB,data-over-sound,C++,2018,embedded,embedded,embedded
GITHUB,android,Kotlin,2018,mobile,mobile,mobile
GITHUB,android,Kotlin,2018,mobile,mobile,mobile
GITHUB,javascript,TypeScript,2018,web frontend,web frontend,web frontend
GITHUB,learning,Java,2018,other,other,other
GITHUB,cocoapods,Swift,2018,mobile,mobile,mobile
GITHUB,csharp,C#,2018,other,other,other
GITHUB,macos,Swift,2018,other,other,other
GITHUB,csharp,C#,2018,other,other,other
GITHUB,camera,Java,2018,mobile,mobile,mobile
GITHUB,authentication,Rust,2018,security,security,security
GITHUB,activityresult,Kotlin,2018,mobile,mobile,mobile
GITHUB,beego,Go,2018,web backend,web backend,web backend
GITHUB,android,Kotlin,2018,mobile,mobile,mobile
GITHUB,lyft,Kotlin,2018,mobile,mobile,mobile
GITHUB,blazor,C#,2018,web frontend,web frontend,web frontend
GITHUB,3d-graphics,Java,2018,game,game,game
GITHUB,c,C++,2018,other,other,other
GITHUB,aspect-based-sentiment-analysis,Python,2018,data_ai,data_ai,data_ai
GITHUB,atom,TypeScript,2018,developer tools,developer tools,developer tools
GITHUB,java,Java,2018,other,other,other
GITHUB,go,Go,2018,other,other,other
GITHUB,armadillo-library,C++,2018,data_ai,data_ai,data_ai
GITHUB,xcode,Swift,2018,mobile,mobile,mobile
GITHUB,exploit,C++,2018,security,security,security
GITHUB,classic,Swift,2018,mobile,mobile,mobile
GITHUB,design-patterns,Java,2018,enterprise,enterprise,enterprise
GITHUB,desktop,Kotlin,2018,other,other,other
GITHUB,callback,C++,2018,developer tools,developer tools,developer tools
GITHUB,android,Kotlin,2018,mobile,mobile,mobile
GITHUB,disabling-services,C#,2018,security,security,security
GITHUB,advancedeast,Python,2018,data_ai,data_ai,data_ai
GITHUB,axonframework,Kotlin,2018,enterprise,enterprise,enterprise
GITHUB,react-date,JavaScript,2018,web frontend,web frontend,web frontend
GITHUB,android,Java,2018,mobile,mobile,mobile
GITHUB,animation,JavaScript,2018,web frontend,web frontend,web frontend
GITHUB,animation,JavaScript,2018,web frontend,web frontend,web frontend
GITHUB,blockchain,Rust,2018,blockchain,blockchain,blockchain
GITHUB,android,Kotlin,2018,mobile,mobile,mobile
GITHUB,csharp,C#,2018,other,other,other
GITHUB,form,TypeScript,2018,web frontend,web frontend,web frontend
GITHUB,api-service,JavaScript,2018,web backend,web backend,web backend
GITHUB,blockchain,Go,2018,blockchain,blockchain,blockchain
GITHUB,auto-legality,C#,2018,game,game,game
GITHUB,bert,Python,2018,data_ai,data_ai,data_ai
GITHUB,game-engine,C#,2018,game,game,game
GITHUB,axios,JavaScript,2018,web frontend,web frontend,web frontend
GITHUB,cachecloud,Java,2018,devops_cloud,devops_cloud,devops_cloud
GITHUB,cardparts,Swift,2018,mobile,mobile,mobile
GITHUB,docker,Go,2018,devops_cloud,devops_cloud,devops_cloud
GITHUB,deeplearning,Python,2018,data_ai,data_ai,data_ai
GITHUB,copytranslator,TypeScript,2018,web frontend,web frontend,web frontend
GITHUB,age-estimation,TypeScript,2018,data_ai,data_ai,data_ai
GITHUB,dxgi,C++,2018,game,game,game
GITHUB,go-json,Go,2018,developer tools,developer tools,developer tools
GITHUB,jobs,C#,2018,enterprise,enterprise,enterprise
GITHUB,cpp,C++,2018,other,other,other
GITHUB,android,Kotlin,2018,mobile,mobile,mobile
GITHUB,dear-imgui,C++,2018,game,game,game
GITHUB,ios,Swift,2018,mobile,mobile,mobile
GITHUB,nodejs,JavaScript,2018,web backend,web backend,web backend
GITHUB,console,Rust,2018,developer tools,developer tools,developer tools
GITHUB,aspnetcore,C#,2018,web backend,web backend,web backend
GITHUB,gear-vr,C++,2018,game,game,game
GITHUB,android,Kotlin,2018,mobile,mobile,mobile
GITHUB,android,Kotlin,2018,mobile,mobile,mobile
GITHUB,xposed,Java,2018,mobile,mobile,mobile
GITHUB,csharp,C#,2018,other,other,other
GITHUB,hangfire,C#,2018,web backend,web backend,web backend
GITHUB,android,Kotlin,2018,mobile,mobile,mobile
GITHUB,app,JavaScript,2018,web frontend,web frontend,web frontend
GITHUB,admin-dashboard,JavaScript,2018,web frontend,web frontend,web frontend
GITHUB,axon,Kotlin,2018,enterprise,enterprise,enterprise
GITHUB,java,Java,2018,other,other,other
GITHUB,activity-lifecycle,Java,2018,mobile,mobile,mobile
GITHUB,automation,Rust,2018,developer tools,developer tools,developer tools
GITHUB,go,Go,2018,other,other,other
GITHUB,mtproto,Go,2018,developer tools,developer tools,developer tools
GITHUB,ios,Swift,2018,mobile,mobile,mobile
GITHUB,battery,Swift,2018,mobile,mobile,mobile
GITHUB,lively,TypeScript,2018,web frontend,web frontend,web frontend
GITHUB,shortcut,TypeScript,2018,developer tools,developer tools,developer tools
GITHUB,android,Kotlin,2018,mobile,mobile,mobile
GITHUB,android,Kotlin,2018,mobile,mobile,mobile
GITHUB,epoll,C++,2018,web backend,web backend,web backend
GITHUB,cpp14,C++,2018,other,other,other
GITHUB,jikeshijian,Kotlin,2018,mobile,mobile,mobile
GITHUB,animation,C++,2018,game,game,game
GITHUB,ffmpeg,C++,2018,developer tools,developer tools,developer tools
GITHUB,apex,Python,2018,enterprise,enterprise,enterprise
GITHUB,healthcare,Java,2018,enterprise,enterprise,enterprise
GITHUB,android,C++,2018,mobile,mobile,mobile
GITHUB,aerial-imagery,Python,2018,data_ai,data_ai,data_ai
GITHUB,applescript,Swift,2018,other,other,other
GITHUB,enumeration,Python,2018,security,security,security
GITHUB,cypress,JavaScript,2018,testing_qa,testing_qa,testing_qa
GITHUB,cocoa,Swift,2018,mobile,mobile,mobile
GITHUB,android,Swift,2018,mobile,mobile,mobile
GITHUB,actix-web,Rust,2018,web backend,web backend,web backend
GITHUB,pytorch,Python,2018,data_ai,data_ai,data_ai
GITHUB,android,Kotlin,2018,mobile,mobile,mobile
GITHUB,chat,Swift,2018,mobile,mobile,mobile
GITHUB,cloudflare-dns,C#,2018,devops_cloud,devops_cloud,devops_cloud
GITHUB,game,Go,2018,game,game,game
GITHUB,bilibili,Python,2018,other,other,other
GITHUB,android,Kotlin,2018,mobile,mobile,mobile
GITHUB,cryptography,Go,2018,security,security,security
GITHUB,animation-library,TypeScript,2018,web frontend,web frontend,web frontend
GITHUB,appsec,C#,2018,security,security,security
GITHUB,c-plus-plus,C++,2018,other,other,other
GITHUB,archive,Python,2018,other,other,other
GITHUB,deeplab-v3-plus,Python,2018,data_ai,data_ai,data_ai
GITHUB,breach,Python,2018,security,security,security
GITHUB,3d-graphics,TypeScript,2018,web frontend,web frontend,web frontend
GITHUB,ascii-chart,Go,2018,developer tools,developer tools,developer tools
GITHUB,debugging,Go,2018,developer tools,developer tools,developer tools
GITHUB,alist,Go,2018,web backend,web backend,web backend
GITHUB,dns,JavaScript,2018,devops_cloud,devops_cloud,devops_cloud
GITHUB,mac,Swift,2018,other,other,other
GITHUB,python,Python,2018,other,other,other
GITHUB,paper,Python,2018,other,other,other
GITHUB,boilerplate,TypeScript,2018,developer tools,developer tools,developer tools
GITHUB,apple,Swift,2018,mobile,mobile,mobile
GITHUB,editor,TypeScript,2018,developer tools,developer tools,developer tools
GITHUB,accumulator,Java,2018,other,other,other
GITHUB,android,Kotlin,2018,mobile,mobile,mobile
GITHUB,dialogue,Python,2018,data_ai,data_ai,data_ai
GITHUB,baseflow,C#,2018,other,other,other
GITHUB,android,C#,2018,mobile,mobile,mobile
GITHUB,android,Kotlin,2018,mobile,mobile,mobile
GITHUB,notifications,TypeScript,2018,web frontend,web frontend,web frontend
GITHUB,automl,Python,2018,data_ai,data_ai,data_ai
GITHUB,certificates,Go,2018,security,security,security
GITHUB,animation,Swift,2018,mobile,mobile,mobile
GITHUB,chatbots,Swift,2018,mobile,mobile,mobile
GITHUB,assembly,C#,2018,developer tools,developer tools,developer tools
GITHUB,flutter,Go,2018,mobile,mobile,mobile
GITHUB,beyondcorp,Go,2018,security,security,security
GITHUB,async,TypeScript,2018,developer tools,developer tools,developer tools
GITHUB,caffe,C++,2018,data_ai,data_ai,data_ai
GITHUB,deep-learning,C++,2018,data_ai,data_ai,data_ai
GITHUB,android,Kotlin,2018,mobile,mobile,mobile
GITHUB,bitset,Rust,2018,developer tools,developer tools,developer tools
GITHUB,blockchain,Rust,2018,blockchain,blockchain,blockchain
GITHUB,elasticsearch,Rust,2018,developer tools,developer tools,developer tools
GITHUB,openapi,TypeScript,2018,developer tools,developer tools,developer tools
GITHUB,android,Java,2018,mobile,mobile,mobile
GITHUB,3d,Python,2018,game,game,game
GITHUB,autofocus-camera,Java,2018,mobile,mobile,mobile
GITHUB,android,Kotlin,2018,mobile,mobile,mobile
GITHUB,mock-data,TypeScript,2018,testing_qa,testing_qa,testing_qa
GITHUB,dialogue,C++,2018,data_ai,data_ai,data_ai
GITHUB,chinese-nlp,C++,2018,data_ai,data_ai,data_ai
GITHUB,aspect-level-sentiment,Python,2018,data_ai,data_ai,data_ai
GITHUB,javascript,TypeScript,2018,web frontend,web frontend,web frontend
GITHUB,architecture,C#,2018,enterprise,enterprise,enterprise
GITHUB,3d,C#,2018,game,game,game
GITHUB,106-points,C++,2018,other,other,other
GITHUB,2d,C#,2018,game,game,game
GITHUB,gtsam,C++,2018,data_ai,data_ai,data_ai
GITHUB,github,Java,2018,other,other,other
GITHUB,actor-model,Rust,2018,developer tools,developer tools,developer tools
GITHUB,css,JavaScript,2018,web frontend,web frontend,web frontend
GITHUB,agnoster,Rust,2018,developer tools,developer tools,developer tools
GITHUB,based,C++,2018,other,other,other
GITHUB,3d-face-reconstruction,Python,2018,data_ai,data_ai,data_ai
GITHUB,database,C++,2018,data_ai,data_ai,data_ai
GITHUB,csharp,C#,2018,other,other,other
GITHUB,android,Kotlin,2018,mobile,mobile,mobile
GITHUB,angular,TypeScript,2018,web frontend,web frontend,web frontend
GITHUB,boilerplate,JavaScript,2018,developer tools,developer tools,developer tools
GITHUB,apollo-client,TypeScript,2018,web frontend,web frontend,web frontend
GITHUB,form,JavaScript,2018,web frontend,web frontend,web frontend
GITHUB,lightmap,C++,2018,game,game,game
GITHUB,gpu,TypeScript,2018,web frontend,web frontend,web frontend
GITHUB,image,TypeScript,2018,web frontend,web frontend,web frontend
GITHUB,career,Python,2018,other,other,other
GITHUB,fps-counter,C#,2018,game,game,game
GITHUB,android,Kotlin,2018,mobile,mobile,mobile
GITHUB,ash,Rust,2018,game,game,game
GITHUB,computer-vision,C++,2018,data_ai,data_ai,data_ai
GITHUB,crypter,C#,2018,security,security,security
GITHUB,android,Kotlin,2018,mobile,mobile,mobile
GITHUB,age-classification,C#,2018,data_ai,data_ai,data_ai
GITHUB,callapp,TypeScript,2018,mobile,mobile,mobile
GITHUB,exploit,Python,2018,security,security,security
GITHUB,hacktoberfest,Python,2018,other,other,other
GITHUB,google-drive,Python,2018,devops_cloud,devops_cloud,devops_cloud
GITHUB,doodle,Java,2018,game,game,game
GITHUB,android,Kotlin,2018,mobile,mobile,mobile
GITHUB,a-shares,Python,2018,data_ai,data_ai,data_ai
GITHUB,demodulation,Rust,2018,embedded,embedded,embedded
GITHUB,dsl,Kotlin,2018,developer tools,developer tools,developer tools
GITHUB,javascript,JavaScript,2018,other,other,other
GITHUB,mybatis,Java,2018,web backend,web backend,web backend
GITHUB,ai,C#,2018,data_ai,data_ai,data_ai
GITHUB,electron,TypeScript,2018,developer tools,developer tools,developer tools
GITHUB,obs-studio,C++,2018,other,other,other
GITHUB,dictionary,TypeScript,2018,developer tools,developer tools,developer tools
GITHUB,clsid,C++,2018,other,other,other
GITHUB,dice,C#,2018,game,game,game
GITHUB,ept,C++,2018,other,other,other
GITHUB,cloud-driver,Java,2018,devops_cloud,devops_cloud,devops_cloud
GITHUB,cpp17,C++,2018,other,other,other
GITHUB,csharp,C#,2018,other,other,other
GITHUB,golang,Go,2018,other,other,other
GITHUB,android,Kotlin,2018,mobile,mobile,mobile
GITHUB,netty,Java,2018,web backend,web backend,web backend
GITHUB,android,Kotlin,2018,mobile,mobile,mobile
GITHUB,ash,Rust,2018,game,game,game
GITHUB,flick,Kotlin,2018,mobile,mobile,mobile
GITHUB,docker,Go,2018,devops_cloud,devops_cloud,devops_cloud
GITHUB,lightweight,JavaScript,2018,web frontend,web frontend,web frontend
GITHUB,bash,Python,2018,developer tools,developer tools,developer tools
GITHUB,chinese-word-segmentation,Python,2018,data_ai,data_ai,data_ai
GITHUB,bitcoin,Java,2018,blockchain,blockchain,blockchain
GITHUB,game,C#,2018,game,game,game
GITHUB,cli,Go,2018,developer tools,developer tools,developer tools
GITHUB,book,TypeScript,2018,other,other,other
GITHUB,dagger2-mvvm,Kotlin,2018,mobile,mobile,mobile
GITHUB,articles,Rust,2018,other,other,other
GITHUB,3d,Kotlin,2018,mobile,mobile,mobile
GITHUB,benchmarking,Go,2018,testing_qa,testing_qa,testing_qa
GITHUB,blockchain,Go,2018,blockchain,blockchain,blockchain
GITHUB,blockchain,Rust,2018,blockchain,blockchain,blockchain
GITHUB,android,C#,2018,mobile,mobile,mobile
GITHUB,deep-learning,C#,2018,data_ai,data_ai,data_ai
GITHUB,fastcgi,Python,2018,web backend,web backend,web backend
GITHUB,android,Kotlin,2018,mobile,mobile,mobile
GITHUB,rust,Rust,2018,other,other,other
GITHUB,deep-learning,Python,2018,data_ai,data_ai,data_ai
GITHUB,go,Go,2018,other,other,other
GITHUB,directx,C++,2018,game,game,game
GITHUB,form,TypeScript,2018,web frontend,web frontend,web frontend
GITHUB,react-native,TypeScript,2018,mobile,mobile,mobile
GITHUB,assembly,C++,2018,embedded,embedded,embedded
GITHUB,android,Kotlin,2018,mobile,mobile,mobile
GITHUB,apollo-client,JavaScript,2018,web frontend,web frontend,web frontend
GITHUB,android,Kotlin,2018,mobile,mobile,mobile
GITHUB,csharp,C#,2018,other,other,other
GITHUB,awesome,Go,2018,other,other,other
GITHUB,bitcoin,Rust,2018,blockchain,blockchain,blockchain
GITHUB,android,Kotlin,2018,mobile,mobile,mobile
GITHUB,hooks,TypeScript,2018,web frontend,web frontend,web frontend
GITHUB,alarm,Rust,2018,iot,iot,iot
GITHUB,error-handling,Go,2018,developer tools,developer tools,developer tools
GITHUB,react,TypeScript,2018,web frontend,web frontend,web frontend
GITHUB,gesture,Kotlin,2018,mobile,mobile,mobile
GITHUB,lsp-server,Rust,2018,developer tools,developer tools,developer tools
GITHUB,electron,TypeScript,2018,other,other,other
GITHUB,brush,TypeScript,2018,web frontend,web frontend,web frontend
GITHUB,html-css-javascript,JavaScript,2018,web frontend,web frontend,web frontend
GITHUB,android,C++,2018,mobile,mobile,mobile
GITHUB,3d,TypeScript,2018,web frontend,web frontend,web frontend
GITHUB,automation,TypeScript,2018,developer tools,developer tools,developer tools
GITHUB,cascade-rcnn,Python,2018,data_ai,data_ai,data_ai
GITHUB,isomorphic,JavaScript,2018,web frontend,web frontend,web frontend
GITHUB,code-analysis,C#,2018,developer tools,developer tools,developer tools
GITHUB,deployments,Go,2018,devops_cloud,devops_cloud,devops_cloud
GITHUB,auto-exploiter,Python,2018,security,security,security
GITHUB,jobs,TypeScript,2018,web frontend,web frontend,web frontend
GITHUB,android,Java,2018,mobile,mobile,mobile
GITHUB,acoustic,C++,2018,other,other,other
GITHUB,android-library,Java,2018,mobile,mobile,mobile
GITHUB,go,Go,2018,other,other,other
GITHUB,android,Kotlin,2018,mobile,mobile,mobile
GITHUB,angular,TypeScript,2018,web frontend,web frontend,web frontend
GITHUB,guess-js,JavaScript,2018,web frontend,web frontend,web frontend
GITHUB,angular,TypeScript,2018,web frontend,web frontend,web frontend
GITHUB,high-performance,Java,2018,other,other,other
GITHUB,mini-app,JavaScript,2018,mobile,mobile,mobile
GITHUB,go,Go,2018,other,other,other
GITHUB,bindings,C++,2018,developer tools,developer tools,developer tools
GITHUB,android,Kotlin,2018,mobile,mobile,mobile
GITHUB,book,Go,2018,other,other,other
GITHUB,android,Kotlin,2018,mobile,mobile,mobile
GITHUB,difference,JavaScript,2018,other,other,other
GITHUB,botnet,C++,2018,security,security,security
GITHUB,android,Java,2018,mobile,mobile,mobile
GITHUB,android-application,Java,2018,mobile,mobile,mobile
GITHUB,c,Go,2018,other,other,other
GITHUB,3d-graphics,C++,2018,game,game,game
GITHUB,android-animation,Kotlin,2018,mobile,mobile,mobile
GITHUB,annotation,Python,2018,data_ai,data_ai,data_ai
GITHUB,android,Java,2018,mobile,mobile,mobile
GITHUB,docker,Go,2018,devops_cloud,devops_cloud,devops_cloud
GITHUB,cli,TypeScript,2018,developer tools,developer tools,developer tools
GITHUB,design-tools,JavaScript,2018,developer tools,developer tools,developer tools
GITHUB,android,Java,2018,mobile,mobile,mobile
GITHUB,android,Java,2018,mobile,mobile,mobile
GITHUB,container,Go,2018,devops_cloud,devops_cloud,devops_cloud
GITHUB,bigdata,Java,2018,data_ai,data_ai,data_ai
GITHUB,android,Kotlin,2018,mobile,mobile,mobile
GITHUB,gan,Python,2018,data_ai,data_ai,data_ai
GITHUB,dotnet,C#,2018,web backend,web backend,web backend
GITHUB,runtime,TypeScript,2018,developer tools,developer tools,developer tools
GITHUB,application-boilerplate,Go,2018,web backend,web backend,web backend
GITHUB,go,Go,2018,other,other,other
GITHUB,icra2019,C++,2018,embedded,embedded,embedded
GITHUB,bokeh,Python,2018,data_ai,data_ai,data_ai
GITHUB,go,Go,2018,other,other,other
GITHUB,cpp11,C++,2018,other,other,other
GITHUB,data-exchange,Java,2018,enterprise,enterprise,enterprise
GITHUB,analytics,Go,2018,data_ai,data_ai,data_ai
GITHUB,android,Kotlin,2018,mobile,mobile,mobile
GITHUB,architecture,C#,2018,enterprise,enterprise,enterprise
GITHUB,cloud,Rust,2018,devops_cloud,devops_cloud,devops_cloud
GITHUB,jvm,Kotlin,2018,developer tools,developer tools,developer tools
GITHUB,debugger,C++,2018,developer tools,developer tools,developer tools
GITHUB,aspnetcore,C#,2018,web backend,web backend,web backend
GITHUB,ebpf,Rust,2018,devops_cloud,devops_cloud,devops_cloud
GITHUB,arrow,C++,2018,data_ai,data_ai,data_ai
GITHUB,golang,Go,2018,other,other,other
GITHUB,c,C++,2018,other,other,other
GITHUB,capture,Go,2018,developer tools,developer tools,developer tools
GITHUB,animal-book,Go,2018,other,other,other
GITHUB,android-ui,C++,2018,mobile,mobile,mobile
GITHUB,deep-learning,Python,2018,data_ai,data_ai,data_ai
GITHUB,streaming-data,C#,2018,data_ai,data_ai,data_ai
GITHUB,code-compare,TypeScript,2018,developer tools,developer tools,developer tools
GITHUB,deep-learning,Python,2018,data_ai,data_ai,data_ai
GITHUB,babel,TypeScript,2018,developer tools,developer tools,developer tools
GITHUB,android,Kotlin,2018,mobile,mobile,mobile
GITHUB,android,C#,2018,mobile,mobile,mobile
GITHUB,authentication,Java,2018,security,security,security
GITHUB,cargo,Rust,2018,developer tools,developer tools,developer tools
GITHUB,data-science,Go,2018,data_ai,data_ai,data_ai
GITHUB,algorithms,C++,2018,other,other,other
GITHUB,cpp,C++,2018,other,other,other
GITHUB,image-processing,TypeScript,2018,data_ai,data_ai,data_ai
GITHUB,bughunting,C++,2018,security,security,security
GITHUB,gamedev,Rust,2018,game,game,game
GITHUB,boringssl,Rust,2018,security,security,security
GITHUB,android,C++,2018,mobile,mobile,mobile
GITHUB,cli,Go,2018,developer tools,developer tools,developer tools
GITHUB,ai,Go,2018,data_ai,data_ai,data_ai
GITHUB,code-generator,C#,2018,developer tools,developer tools,developer tools
GITHUB,cli,Rust,2018,developer tools,developer tools,developer tools
GITHUB,llvm,TypeScript,2018,developer tools,developer tools,developer tools
GITHUB,cuda,C++,2018,data_ai,data_ai,data_ai
GITHUB,asp-net-core,C#,2018,web backend,web backend,web backend
GITHUB,advisor,Go,2018,developer tools,developer tools,developer tools
GITHUB,admin,Go,2018,devops_cloud,devops_cloud,devops_cloud
GITHUB,activity-transition-animations,Kotlin,2018,mobile,mobile,mobile
GITHUB,book,Python,2018,other,other,other
GITHUB,api,Go,2018,web backend,web backend,web backend
GITHUB,csharp,C#,2018,other,other,other
GITHUB,gltf,C#,2018,game,game,game
GITHUB,batch-insert,Java,2018,enterprise,enterprise,enterprise
GITHUB,compiler-principles,Python,2018,developer tools,developer tools,developer tools
GITHUB,apollo,Java,2018,devops_cloud,devops_cloud,devops_cloud
GITHUB,alipay,JavaScript,2018,web frontend,web frontend,web frontend
GITHUB,configuration,TypeScript,2018,developer tools,developer tools,developer tools
GITHUB,cli-app,Rust,2018,developer tools,developer tools,developer tools
GITHUB,homeassistant,C++,2018,iot,iot,iot
GITHUB,computer-vision,Python,2018,data_ai,data_ai,data_ai
GITHUB,android,Kotlin,2018,mobile,mobile,mobile
GITHUB,java,Java,2018,other,other,other
GITHUB,cookbooks,Java,2018,other,other,other
GITHUB,android,Java,2018,mobile,mobile,mobile
GITHUB,android,Kotlin,2018,mobile,mobile,mobile
GITHUB,android,Kotlin,2018,mobile,mobile,mobile
GITHUB,golang,Go,2018,other,other,other
GITHUB,data-analysis,Rust,2018,data_ai,data_ai,data_ai
GITHUB,detection,Python,2018,data_ai,data_ai,data_ai
GITHUB,algebraic-data-types,Kotlin,2018,developer tools,developer tools,developer tools
GITHUB,android,Kotlin,2018,mobile,mobile,mobile
GITHUB,hash,C++,2018,security,security,security
GITHUB,bert,Python,2018,data_ai,data_ai,data_ai
GITHUB,api-gateway,Go,2018,web backend,web backend,web backend
GITHUB,ascii-art,Go,2018,other,other,other
GITHUB,gamestream,C++,2018,game,game,game
GITHUB,2b2t,Kotlin,2018,game,game,game
GITHUB,speech-recognition,C++,2018,data_ai,data_ai,data_ai
GITHUB,csharp,C#,2018,other,other,other
GITHUB,component,TypeScript,2018,web frontend,web frontend,web frontend
GITHUB,asp-net-core-mvc,C#,2018,web backend,web backend,web backend
GITHUB,c2,Go,2018,security,security,security
GITHUB,css,JavaScript,2018,web frontend,web frontend,web frontend
GITHUB,dynamic-slam,C++,2018,data_ai,data_ai,data_ai
GITHUB,nestjs,TypeScript,2018,web backend,web backend,web backend
GITHUB,slam,C++,2018,data_ai,data_ai,data_ai
GITHUB,distributed-object-store,Rust,2018,devops_cloud,devops_cloud,devops_cloud
GITHUB,design-patterns,Java,2018,enterprise,enterprise,enterprise
GITHUB,arch-user-repository,Rust,2018,developer tools,developer tools,developer tools
GITHUB,procjam,C#,2018,game,game,game
GITHUB,add-on,Go,2018,developer tools,developer tools,developer tools
GITHUB,firebase,TypeScript,2018,web backend,web backend,web backend
GITHUB,codeformatter,C++,2018,developer tools,developer tools,developer tools
GITHUB,android,Java,2018,mobile,mobile,mobile
GITHUB,function-components,TypeScript,2018,web frontend,web frontend,web frontend
GITHUB,hooks,TypeScript,2018,web frontend,web frontend,web frontend
GITHUB,android-http-client,Kotlin,2018,mobile,mobile,mobile
GITHUB,go,Go,2018,other,other,other
GITHUB,pentest,Java,2018,security,security,security
GITHUB,annotations,Kotlin,2018,mobile,mobile,mobile
GITHUB,azure,Go,2018,devops_cloud,devops_cloud,devops_cloud
GITHUB,ci-cd,Go,2018,devops_cloud,devops_cloud,devops_cloud
GITHUB,automl,Python,2018,data_ai,data_ai,data_ai
GITHUB,ceto,C#,2018,game,game,game
GITHUB,d3d10,C++,2018,game,game,game
GITHUB,gym,Python,2018,data_ai,data_ai,data_ai
GITHUB,pound-pound,Rust,2018,other,other,other
GITHUB,correction-algorithm,C++,2018,other,other,other
GITHUB,ecmascript,JavaScript,2018,web frontend,web frontend,web frontend
GITHUB,compiler,C++,2018,developer tools,developer tools,developer tools
GITHUB,csharp,C#,2018,other,other,other
GITHUB,httpclient,Java,2018,developer tools,developer tools,developer tools
GITHUB,android,Kotlin,2018,mobile,mobile,mobile
GITHUB,3des,Go,2018,security,security,security
GITHUB,408,C++,2018,other,other,other
GITHUB,dns,Go,2018,devops_cloud,devops_cloud,devops_cloud
GITHUB,numerical,C#,2018,data_ai,data_ai,data_ai
GITHUB,fuzz,Python,2018,testing_qa,testing_qa,testing_qa
GITHUB,golang,Go,2018,other,other,other
GITHUB,android,Kotlin,2018,mobile,mobile,mobile
GITHUB,apple,TypeScript,2018,other,other,other
GITHUB,django,Python,2018,web backend,web backend,web backend
GITHUB,angular,TypeScript,2018,web frontend,web frontend,web frontend
GITHUB,kde,TypeScript,2018,other,other,other
GITHUB,android,Java,2018,mobile,mobile,mobile
GITHUB,breakpoints,JavaScript,2018,developer tools,developer tools,developer tools
GITHUB,cnn,Python,2018,data_ai,data_ai,data_ai
GITHUB,api,Go,2018,web backend,web backend,web backend
GITHUB,expert,Go,2018,other,other,other
GITHUB,android,Kotlin,2018,mobile,mobile,mobile
GITHUB,bsdf,C++,2018,game,game,game
GITHUB,mobx,TypeScript,2018,web frontend,web frontend,web frontend
GITHUB,javascript,TypeScript,2018,web frontend,web frontend,web frontend
GITHUB,node-graph,C++,2018,developer tools,developer tools,developer tools
GITHUB,csharp,C#,2018,other,other,other
GITHUB,docker,TypeScript,2018,devops_cloud,devops_cloud,devops_cloud
GITHUB,artists,JavaScript,2018,web frontend,web frontend,web frontend
GITHUB,dapp,TypeScript,2018,blockchain,blockchain,blockchain
GITHUB,distributed,Go,2018,devops_cloud,devops_cloud,devops_cloud
GITHUB,observable,TypeScript,2018,web frontend,web frontend,web frontend
GITHUB,cheatsheet,Python,2018,developer tools,developer tools,developer tools
GITHUB,activity,Kotlin,2018,mobile,mobile,mobile
GITHUB,batch,Go,2018,developer tools,developer tools,developer tools
GITHUB,angular,Go,2018,web frontend,web frontend,web frontend
GITHUB,cuda,Rust,2018,data_ai,data_ai,data_ai
GITHUB,addon,Python,2018,other,other,other
GITHUB,android,Kotlin,2018,mobile,mobile,mobile
GITHUB,ansible,Go,2018,devops_cloud,devops_cloud,devops_cloud
GITHUB,8,C#,2018,other,other,other
GITHUB,cluster,Go,2018,devops_cloud,devops_cloud,devops_cloud
GITHUB,adapter,Kotlin,2018,mobile,mobile,mobile
GITHUB,2d,Go,2018,game,game,game
GITHUB,authentication,TypeScript,2018,security,security,security
GITHUB,deep-learning,Python,2018,data_ai,data_ai,data_ai
GITHUB,android,Kotlin,2018,mobile,mobile,mobile
GITHUB,android,TypeScript,2018,mobile,mobile,mobile
GITHUB,bert,Python,2018,data_ai,data_ai,data_ai
GITHUB,clickhouse,Rust,2018,data_ai,data_ai,data_ai
GITHUB,aws,Python,2018,devops_cloud,devops_cloud,devops_cloud
GITHUB,30-seconds-of-code,C++,2018,developer tools,developer tools,developer tools
GITHUB,android-architecture,Kotlin,2018,mobile,mobile,mobile
GITHUB,android,Kotlin,2018,mobile,mobile,mobile
GITHUB,dllhijack,C++,2018,security,security,security
GITHUB,android,Rust,2018,mobile,mobile,mobile
GITHUB,cli,Go,2018,developer tools,developer tools,developer tools
GITHUB,android,C#,2018,mobile,mobile,mobile
GITHUB,acceleration,C++,2018,embedded,embedded,embedded
GITHUB,emulates,JavaScript,2018,game,game,game
GITHUB,bcrypt,TypeScript,2018,security,security,security
GITHUB,audio,C++,2018,other,other,other
GITHUB,ast,Go,2018,developer tools,developer tools,developer tools
GITHUB,android,Kotlin,2018,mobile,mobile,mobile
GITHUB,few-shot-learning,Python,2018,data_ai,data_ai,data_ai
GITHUB,cnn,C++,2018,data_ai,data_ai,data_ai
GITHUB,async-await,Rust,2018,developer tools,developer tools,developer tools
GITHUB,beam,Rust,2018,data_ai,data_ai,data_ai
GITHUB,consumer,Java,2018,other,other,other
GITHUB,android,Kotlin,2018,mobile,mobile,mobile
GITHUB,android,Java,2018,mobile,mobile,mobile
GITHUB,assemblyscript,Rust,2018,blockchain,blockchain,blockchain
GITHUB,graphql,TypeScript,2018,web backend,web backend,web backend
GITHUB,kinect,C++,2018,game,game,game
GITHUB,camera,Go,2018,iot,iot,iot
GITHUB,docker,Python,2018,devops_cloud,devops_cloud,devops_cloud
GITHUB,distributed-id-generator,Java,2018,web backend,web backend,web backend
GITHUB,flutter,Rust,2018,mobile,mobile,mobile
GITHUB,druid-spring-boot-starter,Java,2018,web backend,web backend,web backend
GITHUB,bot,Go,2018,other,other,other
GITHUB,grpc,TypeScript,2018,web backend,web backend,web backend
GITHUB,badgerdb,Go,2018,developer tools,developer tools,developer tools
GITHUB,android,Kotlin,2018,mobile,mobile,mobile
GITHUB,elixir,Rust,2018,web backend,web backend,web backend
GITHUB,barcode,C#,2018,developer tools,developer tools,developer tools
GITHUB,deno,TypeScript,2018,developer tools,developer tools,developer tools
GITHUB,android,Kotlin,2018,mobile,mobile,mobile
GITHUB,cross-platform,TypeScript,2018,web frontend,web frontend,web frontend
GITHUB,api-proxy,C++,2018,web backend,web backend,web backend
GITHUB,collision-avoidance,C++,2018,embedded,embedded,embedded
GITHUB,cargo,TypeScript,2018,developer tools,developer tools,developer tools
GITHUB,debug,Go,2018,developer tools,developer tools,developer tools
GITHUB,apigateway,JavaScript,2018,devops_cloud,devops_cloud,devops_cloud
GITHUB,annotation-processing,Kotlin,2018,developer tools,developer tools,developer tools
GITHUB,golang,Go,2018,other,other,other
GITHUB,babel,TypeScript,2018,developer tools,developer tools,developer tools
GITHUB,boilerplate,TypeScript,2018,developer tools,developer tools,developer tools
GITHUB,android,Kotlin,2018,mobile,mobile,mobile
GITHUB,cni,Go,2018,devops_cloud,devops_cloud,devops_cloud
GITHUB,bytes,Go,2018,developer tools,developer tools,developer tools
GITHUB,demo,C#,2018,other,other,other
GITHUB,arduino,C++,2018,embedded,embedded,embedded
GITHUB,swc,JavaScript,2018,developer tools,developer tools,developer tools
GITHUB,capture,Java,2018,other,other,other
GITHUB,android,Kotlin,2018,mobile,mobile,mobile
GITHUB,arraypool,C#,2018,developer tools,developer tools,developer tools
GITHUB,ccf-csp,C++,2018,other,other,other
GITHUB,conflux,C#,2018,blockchain,blockchain,blockchain
GITHUB,android,Java,2018,mobile,mobile,mobile
GITHUB,android,Kotlin,2018,mobile,mobile,mobile
GITHUB,convolutional-neural-networks,Python,2018,data_ai,data_ai,data_ai
GITHUB,load-balancer,Rust,2018,devops_cloud,devops_cloud,devops_cloud
GITHUB,android,Kotlin,2018,mobile,mobile,mobile
GITHUB,change-data-capture,Go,2018,data_ai,data_ai,data_ai
GITHUB,golang,Go,2018,other,other,other
GITHUB,android,Kotlin,2018,mobile,mobile,mobile
GITHUB,3d,C++,2018,game,game,game
GITHUB,admin,C#,2018,enterprise,enterprise,enterprise
GITHUB,binlog,Go,2018,data_ai,data_ai,data_ai
GITHUB,american-truck-simulator,C#,2018,game,game,game
GITHUB,netease-cloud-music,JavaScript,2018,web frontend,web frontend,web frontend
GITHUB,generator,TypeScript,2019,developer tools,developer tools,developer tools
GITHUB,demo,Go,2019,other,other,other
GITHUB,gradle,Kotlin,2019,developer tools,developer tools,developer tools
GITHUB,automata,Rust,2019,developer tools,developer tools,developer tools
GITHUB,aimbot,Kotlin,2019,game,game,game
GITHUB,flink,Java,2019,data_ai,data_ai,data_ai
GITHUB,data-structures,Rust,2019,developer tools,developer tools,developer tools
GITHUB,book,Python,2019,other,other,other
GITHUB,hacktoberfest,Go,2019,web backend,web backend,web backend
GITHUB,array,C#,2019,other,other,other
GITHUB,anonymity,JavaScript,2019,security,security,security
GITHUB,deep-learning,Python,2019,data_ai,data_ai,data_ai
GITHUB,alipay-mini-program,TypeScript,2019,mobile,mobile,mobile
GITHUB,api-rest,Go,2019,web backend,web backend,web backend
GITHUB,chaos-engineering,C#,2019,testing_qa,testing_qa,testing_qa
GITHUB,contributors-welcome,Python,2019,other,other,other
GITHUB,poc-library,Go,2019,developer tools,developer tools,developer tools
GITHUB,automation,Go,2019,devops_cloud,devops_cloud,devops_cloud
GITHUB,dash,TypeScript,2019,web frontend,web frontend,web frontend
GITHUB,android,Kotlin,2019,mobile,mobile,mobile
GITHUB,deep-learning,C++,2019,data_ai,data_ai,data_ai
GITHUB,ad,Kotlin,2019,mobile,mobile,mobile
GITHUB,alternative,Go,2019,other,other,other
GITHUB,rss,Go,2019,web backend,web backend,web backend
GITHUB,aggregate,Java,2019,enterprise,enterprise,enterprise
GITHUB,address,Rust,2019,other,other,other
GITHUB,android,Java,2019,mobile,mobile,mobile
GITHUB,android,Kotlin,2019,mobile,mobile,mobile
GITHUB,audio-player,TypeScript,2019,web frontend,web frontend,web frontend
GITHUB,backup,Go,2019,devops_cloud,devops_cloud,devops_cloud
GITHUB,c,Python,2019,developer tools,developer tools,developer tools
GITHUB,ctf,Go,2019,security,security,security
GITHUB,command-line,Rust,2019,developer tools,developer tools,developer tools
GITHUB,android,Kotlin,2019,mobile,mobile,mobile
GITHUB,dark-mode,JavaScript,2019,web frontend,web frontend,web frontend
GITHUB,app,JavaScript,2019,web frontend,web frontend,web frontend
GITHUB,aliyun,C#,2019,devops_cloud,devops_cloud,devops_cloud
GITHUB,35c3,Python,2019,security,security,security
GITHUB,cxx11,C++,2019,other,other,other
GITHUB,deep-learning,Python,2019,data_ai,data_ai,data_ai
GITHUB,audio,JavaScript,2019,web frontend,web frontend,web frontend
GITHUB,binding,Go,2019,developer tools,developer tools,developer tools
GITHUB,android,Kotlin,2019,mobile,mobile,mobile
GITHUB,android,Java,2019,mobile,mobile,mobile
GITHUB,video-loader,C++,2019,other,other,other
GITHUB,point-cloud,Python,2019,data_ai,data_ai,data_ai
GITHUB,admin,C#,2019,enterprise,enterprise,enterprise
GITHUB,command-and-control,Go,2019,security,security,security
GITHUB,fsharp,JavaScript,2019,other,other,other
GITHUB,blazor,C#,2019,web frontend,web frontend,web frontend
GITHUB,inception-v3,Python,2019,data_ai,data_ai,data_ai
GITHUB,3d,C++,2019,game,game,game
GITHUB,biggan,Python,2019,data_ai,data_ai,data_ai
GITHUB,api,JavaScript,2019,web backend,web backend,web backend
GITHUB,build,C#,2019,developer tools,developer tools,developer tools
GITHUB,cncf,Go,2019,devops_cloud,devops_cloud,devops_cloud
GITHUB,distributed-database,Rust,2019,devops_cloud,devops_cloud,devops_cloud
GITHUB,azure-active-directory,C#,2019,security,security,security
GITHUB,cpp,C++,2019,other,other,other
GITHUB,deep-learning,C++,2019,data_ai,data_ai,data_ai
GITHUB,javascript,JavaScript,2019,web frontend,web frontend,web frontend
GITHUB,infrastructure,Go,2019,devops_cloud,devops_cloud,devops_cloud
GITHUB,android,Kotlin,2019,mobile,mobile,mobile
GITHUB,algorithm,Python,2019,other,other,other
GITHUB,cloudnative,Go,2019,devops_cloud,devops_cloud,devops_cloud
GITHUB,diagram,JavaScript,2019,web frontend,web frontend,web frontend
GITHUB,bpf,Go,2019,devops_cloud,devops_cloud,devops_cloud
GITHUB,database,Rust,2019,developer tools,developer tools,developer tools
GITHUB,alerting,Go,2019,devops_cloud,devops_cloud,devops_cloud
GITHUB,cli,Go,2019,developer tools,developer tools,developer tools
GITHUB,cypress,JavaScript,2019,testing_qa,testing_qa,testing_qa
GITHUB,lightning-datatable,JavaScript,2019,web frontend,web frontend,web frontend
GITHUB,analytics,TypeScript,2019,web frontend,web frontend,web frontend
GITHUB,android,C++,2019,mobile,mobile,mobile
GITHUB,3d,C++,2019,game,game,game
GITHUB,macros,Rust,2019,developer tools,developer tools,developer tools
GITHUB,acfun,TypeScript,2019,web frontend,web frontend,web frontend
GITHUB,cpp,C++,2019,other,other,other
GITHUB,esmodules,JavaScript,2019,web frontend,web frontend,web frontend
GITHUB,language-specification,Go,2019,developer tools,developer tools,developer tools
GITHUB,autonomous,C++,2019,embedded,embedded,embedded
GITHUB,authentication,TypeScript,2019,security,security,security
GITHUB,instance-segmentation,Python,2019,data_ai,data_ai,data_ai
GITHUB,game,Rust,2019,game,game,game
GITHUB,cloud-annotations,TypeScript,2019,data_ai,data_ai,data_ai
GITHUB,blazor,C#,2019,web frontend,web frontend,web frontend
GITHUB,gatsby,TypeScript,2019,web frontend,web frontend,web frontend
GITHUB,deployments,JavaScript,2019,devops_cloud,devops_cloud,devops_cloud
GITHUB,gqless,TypeScript,2019,developer tools,developer tools,developer tools
GITHUB,containers,Go,2019,devops_cloud,devops_cloud,devops_cloud
GITHUB,csharp-library,C#,2019,developer tools,developer tools,developer tools
GITHUB,blazor,C#,2019,web frontend,web frontend,web frontend
GITHUB,android,Java,2019,mobile,mobile,mobile
GITHUB,animation,C#,2019,game,game,game
GITHUB,compacted,Go,2019,other,other,other
GITHUB,android,Kotlin,2019,mobile,mobile,mobile
GITHUB,cone-tracing,C#,2019,game,game,game
GITHUB,clean-architecture,C#,2019,enterprise,enterprise,enterprise
GITHUB,android,Kotlin,2019,mobile,mobile,mobile
GITHUB,csharp,C#,2019,other,other,other
GITHUB,android,Kotlin,2019,mobile,mobile,mobile
GITHUB,kotlin-js,Kotlin,2019,web frontend,web frontend,web frontend
GITHUB,godot,C++,2019,game,game,game
GITHUB,rust,Rust,2019,other,other,other
GITHUB,network,TypeScript,2019,developer tools,developer tools,developer tools
GITHUB,debug,Go,2019,developer tools,developer tools,developer tools
GITHUB,d3d9,C++,2019,game,game,game
GITHUB,custom-hook,JavaScript,2019,web frontend,web frontend,web frontend
GITHUB,c2,C#,2019,security,security,security
GITHUB,android,Kotlin,2019,mobile,mobile,mobile
GITHUB,cache,TypeScript,2019,web backend,web backend,web backend
GITHUB,baas,Go,2019,web backend,web backend,web backend
GITHUB,c,JavaScript,2019,other,other,other
GITHUB,git,TypeScript,2019,developer tools,developer tools,developer tools
GITHUB,android,Kotlin,2019,mobile,mobile,mobile
GITHUB,deepwalk,Python,2019,data_ai,data_ai,data_ai
GITHUB,ijrr,C++,2019,embedded,embedded,embedded
GITHUB,aspnet-core,C#,2019,web backend,web backend,web backend
GITHUB,csharp,C#,2019,other,other,other
GITHUB,analytics,Rust,2019,data_ai,data_ai,data_ai
GITHUB,xamarin,C#,2019,mobile,mobile,mobile
GITHUB,decentralized,Rust,2019,blockchain,blockchain,blockchain
GITHUB,spring,Java,2019,web backend,web backend,web backend
GITHUB,aarch64,C#,2019,embedded,embedded,embedded
GITHUB,hook,Java,2019,developer tools,developer tools,developer tools
GITHUB,algorithm,C#,2019,other,other,other
GITHUB,cheat,C#,2019,game,game,game
GITHUB,benchmark,Go,2019,testing_qa,testing_qa,testing_qa
GITHUB,realsense,C#,2019,iot,iot,iot
GITHUB,infosec,Go,2019,security,security,security
GITHUB,flick-stick,C++,2019,game,game,game
GITHUB,component-library,TypeScript,2019,web frontend,web frontend,web frontend
GITHUB,bert,Python,2019,data_ai,data_ai,data_ai
GITHUB,compression,C++,2019,developer tools,developer tools,developer tools
GITHUB,facebook,Python,2019,web backend,web backend,web backend
GITHUB,rust,Rust,2019,other,other,other
GITHUB,book,Go,2019,other,other,other
GITHUB,music,TypeScript,2019,web frontend,web frontend,web frontend
GITHUB,authorization,Go,2019,security,security,security
GITHUB,cli,Rust,2019,developer tools,developer tools,developer tools
GITHUB,avx2,C#,2019,developer tools,developer tools,developer tools
GITHUB,bert,Python,2019,data_ai,data_ai,data_ai
GITHUB,css,TypeScript,2019,web frontend,web frontend,web frontend
GITHUB,f1,Go,2019,other,other,other
GITHUB,12306,Python,2019,other,other,other
GITHUB,elasticsearch,Java,2019,devops_cloud,devops_cloud,devops_cloud
GITHUB,frontity,TypeScript,2019,web frontend,web frontend,web frontend
GITHUB,aerial-robotics,C++,2019,embedded,embedded,embedded
GITHUB,artificial-intelligence,Python,2019,data_ai,data_ai,data_ai
GITHUB,censorship,Python,2019,security,security,security
GITHUB,bugbounty,Go,2019,security,security,security
GITHUB,android,Kotlin,2019,mobile,mobile,mobile
GITHUB,book,Go,2019,other,other,other
GITHUB,coco-keypoints-detection,Python,2019,data_ai,data_ai,data_ai
GITHUB,hook,Java,2019,web backend,web backend,web backend
GITHUB,cli,Go,2019,developer tools,developer tools,developer tools
GITHUB,c-sharp,C#,2019,other,other,other
GITHUB,adminlte,Java,2019,web backend,web backend,web backend
GITHUB,classification,Python,2019,data_ai,data_ai,data_ai
GITHUB,weblogicscan,Python,2019,security,security,security
GITHUB,actix,Rust,2019,web backend,web backend,web backend
GITHUB,boilerplate,Java,2019,developer tools,developer tools,developer tools
GITHUB,android,Kotlin,2019,mobile,mobile,mobile
GITHUB,computer-vision,Python,2019,data_ai,data_ai,data_ai
GITHUB,clis,Rust,2019,developer tools,developer tools,developer tools
GITHUB,hacktoberfest,Rust,2019,other,other,other
GITHUB,autonomous-driving,Python,2019,data_ai,data_ai,data_ai
GITHUB,lidar,C++,2019,embedded,embedded,embedded
GITHUB,animation,C#,2019,game,game,game
GITHUB,kotlin,Kotlin,2019,mobile,mobile,mobile
GITHUB,k8s-sig-auth,Go,2019,devops_cloud,devops_cloud,devops_cloud
GITHUB,aws,JavaScript,2019,devops_cloud,devops_cloud,devops_cloud
GITHUB,hacktoberfest,JavaScript,2019,other,other,other
GITHUB,angular,C#,2019,web frontend,web frontend,web frontend
GITHUB,restful,Java,2019,web backend,web backend,web backend
GITHUB,ecs,Rust,2019,game,game,game
GITHUB,algorithm,Java,2019,other,other,other
GITHUB,android,Rust,2019,mobile,mobile,mobile
GITHUB,aa,C#,2019,other,other,other
GITHUB,android,Kotlin,2019,mobile,mobile,mobile
GITHUB,android,Kotlin,2019,mobile,mobile,mobile
GITHUB,pandas,Python,2019,data_ai,data_ai,data_ai
GITHUB,high-order-component,TypeScript,2019,web frontend,web frontend,web frontend
GITHUB,pytorch,Python,2019,data_ai,data_ai,data_ai
GITHUB,cli,Rust,2019,developer tools,developer tools,developer tools
GITHUB,aspnet-core,C#,2019,web backend,web backend,web backend
GITHUB,android,Kotlin,2019,mobile,mobile,mobile
GITHUB,cli,Rust,2019,developer tools,developer tools,developer tools
GITHUB,battery,Rust,2019,embedded,embedded,embedded
GITHUB,flutter,Go,2019,mobile,mobile,mobile
GITHUB,node-framework,TypeScript,2019,web backend,web backend,web backend
GITHUB,download,TypeScript,2019,web frontend,web frontend,web frontend
GITHUB,ant,JavaScript,2019,web frontend,web frontend,web frontend
GITHUB,developer-roadmap,Python,2019,developer tools,developer tools,developer tools
GITHUB,architecture-components,Kotlin,2019,mobile,mobile,mobile
GITHUB,adb,Java,2019,mobile,mobile,mobile
GITHUB,c-plus-plus,C++,2019,other,other,other
GITHUB,binary,TypeScript,2019,developer tools,developer tools,developer tools
GITHUB,kubectl,Go,2019,devops_cloud,devops_cloud,devops_cloud
GITHUB,e2ee,TypeScript,2019,security,security,security
GITHUB,anti-cheats,C++,2019,game,game,game
GITHUB,python,Rust,2019,developer tools,developer tools,developer tools
GITHUB,3d-face-reconstruction,Python,2019,data_ai,data_ai,data_ai
GITHUB,ai-painting,Python,2019,data_ai,data_ai,data_ai
GITHUB,baiduyun,Go,2019,other,other,other
GITHUB,tailwindcss,TypeScript,2019,web frontend,web frontend,web frontend
GITHUB,cross-platform,Java,2019,other,other,other
GITHUB,android,Java,2019,mobile,mobile,mobile
GITHUB,2d,JavaScript,2019,game,game,game
GITHUB,frontend,Rust,2019,web frontend,web frontend,web frontend
GITHUB,excel,C#,2019,developer tools,developer tools,developer tools
GITHUB,hacking,Python,2019,security,security,security
GITHUB,decoder,Rust,2019,developer tools,developer tools,developer tools
GITHUB,exploitation,Python,2019,security,security,security
GITHUB,algorithms,C++,2019,other,other,other
GITHUB,emu,Rust,2019,game,game,game
GITHUB,dynamic-loading,JavaScript,2019,web frontend,web frontend,web frontend
GITHUB,blueteam,C++,2019,security,security,security
GITHUB,blcok,Kotlin,2019,mobile,mobile,mobile
GITHUB,bash,Go,2019,devops_cloud,devops_cloud,devops_cloud
GITHUB,command-line-tool,Rust,2019,developer tools,developer tools,developer tools
GITHUB,csharp,C#,2019,other,other,other
GITHUB,celeba,Python,2019,data_ai,data_ai,data_ai
GITHUB,react-native,JavaScript,2019,mobile,mobile,mobile
GITHUB,react-native,JavaScript,2019,mobile,mobile,mobile
GITHUB,coap,Java,2019,iot,iot,iot
GITHUB,2d-game-engine,Rust,2019,game,game,game
GITHUB,aws,Go,2019,devops_cloud,devops_cloud,devops_cloud
GITHUB,blog,Go,2019,web backend,web backend,web backend
GITHUB,cloud-native,Go,2019,devops_cloud,devops_cloud,devops_cloud
GITHUB,editor-js,TypeScript,2019,web frontend,web frontend,web frontend
GITHUB,beginner,C++,2019,other,other,other
GITHUB,scale,Kotlin,2019,mobile,mobile,mobile
GITHUB,dashboard,Go,2019,web backend,web backend,web backend
GITHUB,epicreact-dev,JavaScript,2019,web frontend,web frontend,web frontend
GITHUB,cli,Go,2019,developer tools,developer tools,developer tools
GITHUB,android,Kotlin,2019,mobile,mobile,mobile
GITHUB,android,Kotlin,2019,mobile,mobile,mobile
GITHUB,blast,C#,2019,other,other,other
GITHUB,golang,Go,2019,other,other,other
GITHUB,form-builder,JavaScript,2019,web frontend,web frontend,web frontend
GITHUB,flac,C++,2019,other,other,other
GITHUB,cnn,Python,2019,data_ai,data_ai,data_ai
GITHUB,3d-graphics,C#,2019,game,game,game
GITHUB,android,Kotlin,2019,mobile,mobile,mobile
GITHUB,android,Java,2019,mobile,mobile,mobile
GITHUB,live-reload,TypeScript,2019,developer tools,developer tools,developer tools
GITHUB,aio,Java,2019,other,other,other
GITHUB,amsoftmax,Python,2019,data_ai,data_ai,data_ai
GITHUB,albert,Python,2019,data_ai,data_ai,data_ai
GITHUB,android,Kotlin,2019,mobile,mobile,mobile
GITHUB,fetch,TypeScript,2019,web frontend,web frontend,web frontend
GITHUB,aac,Go,2019,other,other,other
GITHUB,async,Rust,2019,developer tools,developer tools,developer tools
GITHUB,activity,Kotlin,2019,mobile,mobile,mobile
GITHUB,api-gateway,C#,2019,devops_cloud,devops_cloud,devops_cloud
GITHUB,docker,Java,2019,devops_cloud,devops_cloud,devops_cloud
GITHUB,hacking-tool,Python,2019,security,security,security
GITHUB,android,Kotlin,2019,mobile,mobile,mobile
GITHUB,debugging-tool,Go,2019,developer tools,developer tools,developer tools
GITHUB,best-practices,Python,2019,developer tools,developer tools,developer tools
GITHUB,bootable-drives,Python,2019,developer tools,developer tools,developer tools
GITHUB,flip,Kotlin,2019,mobile,mobile,mobile
GITHUB,ruby,Rust,2019,developer tools,developer tools,developer tools
GITHUB,keypoint-triplets,Python,2019,data_ai,data_ai,data_ai
GITHUB,javascript,JavaScript,2019,web frontend,web frontend,web frontend
GITHUB,deprecated,Kotlin,2019,mobile,mobile,mobile
GITHUB,adversarial-attacks,Python,2019,security,security,security
GITHUB,android,Java,2019,mobile,mobile,mobile
GITHUB,20-20-20,C#,2019,other,other,other
GITHUB,android,Kotlin,2019,mobile,mobile,mobile
GITHUB,command-line,C#,2019,developer tools,developer tools,developer tools
GITHUB,image-quality,Python,2019,data_ai,data_ai,data_ai
GITHUB,bert,Python,2019,data_ai,data_ai,data_ai
GITHUB,game-development,Rust,2019,game,game,game
GITHUB,android,Kotlin,2019,mobile,mobile,mobile
GITHUB,control,C#,2019,other,other,other
GITHUB,agendajs,TypeScript,2019,web backend,web backend,web backend
GITHUB,android,Kotlin,2019,mobile,mobile,mobile
GITHUB,a2c,Python,2019,data_ai,data_ai,data_ai
GITHUB,bootstrap,Java,2019,web backend,web backend,web backend
GITHUB,prometheus-exporter,Rust,2019,devops_cloud,devops_cloud,devops_cloud
GITHUB,css,JavaScript,2019,web frontend,web frontend,web frontend
GITHUB,activity-results,Kotlin,2019,mobile,mobile,mobile
GITHUB,cpp17,C++,2019,other,other,other
GITHUB,cheatsheet,Rust,2019,other,other,other
GITHUB,computer-vision,Python,2019,data_ai,data_ai,data_ai
GITHUB,matrix-product-states,Python,2019,data_ai,data_ai,data_ai
GITHUB,automatic-differentiation,C++,2019,data_ai,data_ai,data_ai
GITHUB,kotlin,Kotlin,2019,mobile,mobile,mobile
GITHUB,android,Kotlin,2019,mobile,mobile,mobile
GITHUB,classification,Python,2019,data_ai,data_ai,data_ai
GITHUB,embedding-propagation,Python,2019,data_ai,data_ai,data_ai
GITHUB,backend,Rust,2019,web backend,web backend,web backend
GITHUB,contribution,TypeScript,2019,other,other,other
GITHUB,library,TypeScript,2019,developer tools,developer tools,developer tools
GITHUB,cpp,C++,2019,other,other,other
GITHUB,gnome,TypeScript,2019,other,other,other
GITHUB,cli,Rust,2019,developer tools,developer tools,developer tools
GITHUB,deep-learning,C++,2019,data_ai,data_ai,data_ai
GITHUB,bug-bounty,Rust,2019,security,security,security
GITHUB,actix-web,Rust,2019,web backend,web backend,web backend
GITHUB,java-zip,Java,2019,developer tools,developer tools,developer tools
GITHUB,administration,C#,2019,enterprise,enterprise,enterprise
GITHUB,template-project,Java,2019,developer tools,developer tools,developer tools
GITHUB,angular,TypeScript,2019,web frontend,web frontend,web frontend
GITHUB,android,Kotlin,2019,mobile,mobile,mobile
GITHUB,chinese-speech-recognition,Python,2019,data_ai,data_ai,data_ai
GITHUB,bezier,C#,2019,developer tools,developer tools,developer tools
GITHUB,deepsort,C++,2019,data_ai,data_ai,data_ai
GITHUB,azure,C#,2019,devops_cloud,devops_cloud,devops_cloud
GITHUB,csr,TypeScript,2019,web frontend,web frontend,web frontend
GITHUB,opencv-python,Python,2019,data_ai,data_ai,data_ai
GITHUB,ffmpeg,JavaScript,2019,other,other,other
GITHUB,rust,Rust,2019,other,other,other
GITHUB,gazebo,C++,2019,iot,iot,iot
GITHUB,cargo,Rust,2019,developer tools,developer tools,developer tools
GITHUB,c,C++,2019,other,other,other
GITHUB,android-ui,Kotlin,2019,mobile,mobile,mobile
GITHUB,3d,C++,2019,game,game,game
GITHUB,element-ui,JavaScript,2019,web frontend,web frontend,web frontend
GITHUB,css-in-js,TypeScript,2019,web frontend,web frontend,web frontend
GITHUB,react,TypeScript,2019,web frontend,web frontend,web frontend
GITHUB,imagesegmentation,Python,2019,data_ai,data_ai,data_ai
GITHUB,command-handler,TypeScript,2019,developer tools,developer tools,developer tools
GITHUB,compression,Rust,2019,developer tools,developer tools,developer tools
GITHUB,c,C++,2019,other,other,other
GITHUB,blazor,C#,2019,web frontend,web frontend,web frontend
GITHUB,directory,Python,2019,other,other,other
GITHUB,attention,C++,2019,data_ai,data_ai,data_ai
GITHUB,coroutine,C++,2019,developer tools,developer tools,developer tools
GITHUB,android,Kotlin,2019,mobile,mobile,mobile
GITHUB,isosurface,C#,2019,game,game,game
GITHUB,cache,Rust,2019,web backend,web backend,web backend
GITHUB,servicecomb,JavaScript,2019,web backend,web backend,web backend
GITHUB,calendar,Kotlin,2019,mobile,mobile,mobile
GITHUB,graphql,TypeScript,2019,web backend,web backend,web backend
GITHUB,android,C#,2019,mobile,mobile,mobile
GITHUB,netcode-for-gameobjects,C#,2019,game,game,game
GITHUB,arabic,JavaScript,2019,web frontend,web frontend,web frontend
GITHUB,tutorial,TypeScript,2019,web frontend,web frontend,web frontend
GITHUB,gamepad-inputs,C#,2019,game,game,game
GITHUB,applescript,Python,2019,other,other,other
GITHUB,ambience,Kotlin,2019,mobile,mobile,mobile
GITHUB,unity,C#,2019,game,game,game
GITHUB,cloud-native,Rust,2019,devops_cloud,devops_cloud,devops_cloud
GITHUB,active-defense,C++,2019,security,security,security
GITHUB,augmentation,Python,2019,data_ai,data_ai,data_ai
GITHUB,information-retrival,Rust,2019,data_ai,data_ai,data_ai
GITHUB,team-core,Rust,2019,other,other,other
GITHUB,angular,TypeScript,2019,web frontend,web frontend,web frontend
GITHUB,cpp,C++,2019,other,other,other
GITHUB,applicative,Rust,2019,developer tools,developer tools,developer tools
GITHUB,blazor,C#,2019,web frontend,web frontend,web frontend
GITHUB,android,Kotlin,2019,mobile,mobile,mobile
GITHUB,chinese,Python,2019,other,other,other
GITHUB,android,Kotlin,2019,mobile,mobile,mobile
GITHUB,javascript,Rust,2019,developer tools,developer tools,developer tools
GITHUB,3d-graphics,C#,2019,game,game,game
GITHUB,android,Kotlin,2019,mobile,mobile,mobile
GITHUB,database,JavaScript,2019,web backend,web backend,web backend
GITHUB,android,TypeScript,2019,mobile,mobile,mobile
GITHUB,craft,Python,2019,other,other,other
GITHUB,bpe,C++,2019,data_ai,data_ai,data_ai
GITHUB,hacktoberfest,C#,2019,other,other,other
GITHUB,livox-lidar,C++,2019,embedded,embedded,embedded
GITHUB,cross-platform,Rust,2019,other,other,other
GITHUB,ar,C#,2019,game,game,game
GITHUB,awsome,TypeScript,2019,other,other,other
GITHUB,arduino,C++,2019,embedded,embedded,embedded
GITHUB,card,TypeScript,2019,web frontend,web frontend,web frontend
GITHUB,react-native,C++,2019,mobile,mobile,mobile
GITHUB,async,Rust,2019,developer tools,developer tools,developer tools
GITHUB,ecs,Rust,2019,game,game,game
GITHUB,android,Python,2019,mobile,mobile,mobile
GITHUB,antifraud,Python,2019,security,security,security
GITHUB,postgres,Rust,2019,developer tools,developer tools,developer tools
GITHUB,computer-vision,TypeScript,2019,data_ai,data_ai,data_ai
GITHUB,domain-driven-design,TypeScript,2019,enterprise,enterprise,enterprise
GITHUB,animation,Kotlin,2019,mobile,mobile,mobile
GITHUB,csharp-library,C#,2019,developer tools,developer tools,developer tools
GITHUB,devops,Kotlin,2019,devops_cloud,devops_cloud,devops_cloud
GITHUB,android,Kotlin,2019,mobile,mobile,mobile
GITHUB,computer-vision,Python,2019,data_ai,data_ai,data_ai
GITHUB,proxy,Rust,2019,devops_cloud,devops_cloud,devops_cloud
GITHUB,deep-learning,Python,2019,data_ai,data_ai,data_ai
GITHUB,android,Kotlin,2019,mobile,mobile,mobile
GITHUB,2d-mot-evaluation,Python,2019,data_ai,data_ai,data_ai
GITHUB,emulator,C++,2019,game,game,game
GITHUB,android,Kotlin,2019,mobile,mobile,mobile
GITHUB,coroutines,Kotlin,2019,mobile,mobile,mobile
GITHUB,nest,TypeScript,2019,web backend,web backend,web backend
GITHUB,css,TypeScript,2019,web frontend,web frontend,web frontend
GITHUB,archive,Python,2019,other,other,other
GITHUB,android,C++,2019,mobile,mobile,mobile
GITHUB,deep-learning,Python,2019,data_ai,data_ai,data_ai
GITHUB,aerial-robotics,C++,2019,embedded,embedded,embedded
GITHUB,amsi,C#,2019,security,security,security
GITHUB,android,Kotlin,2019,mobile,mobile,mobile
GITHUB,android,Kotlin,2019,mobile,mobile,mobile
GITHUB,3d,C#,2019,game,game,game
GITHUB,luci,TypeScript,2019,embedded,embedded,embedded
GITHUB,emulator,C++,2019,game,game,game
GITHUB,code-review,Rust,2019,developer tools,developer tools,developer tools
GITHUB,c-plus-plus,C++,2019,other,other,other
GITHUB,cargo,Rust,2019,developer tools,developer tools,developer tools
GITHUB,android,Kotlin,2019,mobile,mobile,mobile
GITHUB,hacktoberfest,Rust,2019,other,other,other
GITHUB,app,Kotlin,2019,mobile,mobile,mobile
GITHUB,app,C#,2019,other,other,other
GITHUB,android,Kotlin,2019,mobile,mobile,mobile
GITHUB,draggable,TypeScript,2019,web frontend,web frontend,web frontend
GITHUB,boilerplate-application,JavaScript,2019,web frontend,web frontend,web frontend
GITHUB,carbon,Rust,2019,other,other,other
GITHUB,desktop,TypeScript,2019,other,other,other
GITHUB,games,Rust,2019,game,game,game
GITHUB,cuda,C++,2019,data_ai,data_ai,data_ai
GITHUB,framework,C#,2019,developer tools,developer tools,developer tools
GITHUB,actix-web,Rust,2019,web backend,web backend,web backend
GITHUB,csharp,C#,2019,other,other,other
GITHUB,agplv3,TypeScript,2019,other,other,other
GITHUB,adsorption-alignment,JavaScript,2019,data_ai,data_ai,data_ai
GITHUB,android-library,Kotlin,2019,mobile,mobile,mobile
GITHUB,cargo,Rust,2019,developer tools,developer tools,developer tools
GITHUB,database,JavaScript,2019,web backend,web backend,web backend
GITHUB,cplusplus,C++,2019,other,other,other
GITHUB,anime-images,Python,2019,data_ai,data_ai,data_ai
GITHUB,dtd,Kotlin,2019,developer tools,developer tools,developer tools
GITHUB,android-jetpack-components,Kotlin,2019,mobile,mobile,mobile
GITHUB,cuda,C++,2019,data_ai,data_ai,data_ai
GITHUB,camera,C++,2019,embedded,embedded,embedded
GITHUB,auto-sklearn,Python,2019,data_ai,data_ai,data_ai
GITHUB,awesome,C++,2019,other,other,other
GITHUB,audio,Rust,2019,other,other,other
GITHUB,collision-detection,C#,2019,game,game,game
GITHUB,actor,Rust,2019,developer tools,developer tools,developer tools
GITHUB,fe-interview,JavaScript,2019,web frontend,web frontend,web frontend
GITHUB,3d,JavaScript,2019,web frontend,web frontend,web frontend
GITHUB,android,TypeScript,2019,mobile,mobile,mobile
GITHUB,3d-convolutional-network,Python,2019,data_ai,data_ai,data_ai
GITHUB,autoplay,TypeScript,2019,web frontend,web frontend,web frontend
GITHUB,blog,TypeScript,2019,web frontend,web frontend,web frontend
GITHUB,gtk,Rust,2019,other,other,other
GITHUB,3d-lidar,C++,2019,embedded,embedded,embedded
GITHUB,docker,TypeScript,2019,devops_cloud,devops_cloud,devops_cloud
GITHUB,appcode,Kotlin,2019,developer tools,developer tools,developer tools
GITHUB,android,Kotlin,2019,mobile,mobile,mobile
GITHUB,libevent,C++,2019,developer tools,developer tools,developer tools
GITHUB,asm,C++,2019,embedded,embedded,embedded
GITHUB,javascript,JavaScript,2019,other,other,other
GITHUB,arduino,C++,2019,embedded,embedded,embedded
GITHUB,auth0,TypeScript,2019,security,security,security
GITHUB,cas,Python,2019,security,security,security
GITHUB,add-image-to-video,Kotlin,2019,mobile,mobile,mobile
GITHUB,android,Kotlin,2019,mobile,mobile,mobile
GITHUB,cms,TypeScript,2019,web backend,web backend,web backend
GITHUB,chatbot,Kotlin,2019,mobile,mobile,mobile
GITHUB,arduino,C++,2019,embedded,embedded,embedded
GITHUB,console,C#,2019,other,other,other
GITHUB,kinect,C#,2019,game,game,game
GITHUB,creative-commons,Rust,2019,other,other,other
GITHUB,kotlin-multiplatform,Kotlin,2019,mobile,mobile,mobile
GITHUB,android,Kotlin,2019,mobile,mobile,mobile
GITHUB,hacktoberfest,JavaScript,2019,web frontend,web frontend,web frontend
GITHUB,a11y,JavaScript,2019,web frontend,web frontend,web frontend
GITHUB,retrogaming,Rust,2019,game,game,game
GITHUB,csharp,C#,2019,other,other,other
GITHUB,8bit,Rust,2019,embedded,embedded,embedded
GITHUB,bvh,JavaScript,2019,web frontend,web frontend,web frontend
GITHUB,coyote,C#,2019,testing_qa,testing_qa,testing_qa
GITHUB,android,Kotlin,2019,mobile,mobile,mobile
GITHUB,cli,Rust,2019,developer tools,developer tools,developer tools
GITHUB,statelayout,Kotlin,2019,mobile,mobile,mobile
GITHUB,ambassador,Python,2019,devops_cloud,devops_cloud,devops_cloud
GITHUB,image-effects,C#,2019,developer tools,developer tools,developer tools
GITHUB,dark-theme,Python,2019,other,other,other
GITHUB,android,Kotlin,2019,mobile,mobile,mobile
GITHUB,behaviortree,C#,2019,game,game,game
GITHUB,localization,C++,2019,developer tools,developer tools,developer tools
GITHUB,lockstep,C#,2019,game,game,game
GITHUB,android,Kotlin,2019,mobile,mobile,mobile
GITHUB,magic-move,TypeScript,2019,web frontend,web frontend,web frontend
GITHUB,android,Kotlin,2019,mobile,mobile,mobile
GITHUB,deep-learning,C++,2019,data_ai,data_ai,data_ai
GITHUB,android,Kotlin,2019,mobile,mobile,mobile
GITHUB,architecture,C#,2019,enterprise,enterprise,enterprise
GITHUB,license,C++,2019,other,other,other
GITHUB,esp32-arduino,C++,2019,embedded,embedded,embedded
GITHUB,rust,Rust,2019,other,other,other
GITHUB,cli,Rust,2019,developer tools,developer tools,developer tools
GITHUB,markdown-editor,C++,2019,developer tools,developer tools,developer tools
GITHUB,android,Kotlin,2019,mobile,mobile,mobile
GITHUB,cobaltstrike,Python,2019,security,security,security
GITHUB,android,Kotlin,2019,mobile,mobile,mobile
GITHUB,data-processing,Python,2019,data_ai,data_ai,data_ai
GITHUB,alive,Kotlin,2019,mobile,mobile,mobile
GITHUB,figma,Rust,2019,developer tools,developer tools,developer tools
GITHUB,code,C#,2019,other,other,other
GITHUB,android,Kotlin,2019,mobile,mobile,mobile
GITHUB,book,Kotlin,2019,mobile,mobile,mobile
GITHUB,c,C++,2019,other,other,other
GITHUB,language-server,Kotlin,2019,developer tools,developer tools,developer tools
GITHUB,language-server-protocol,Rust,2019,developer tools,developer tools,developer tools
GITHUB,alto,C#,2019,other,other,other
GITHUB,docker,JavaScript,2019,devops_cloud,devops_cloud,devops_cloud
GITHUB,antlr4,Rust,2019,developer tools,developer tools,developer tools
GITHUB,converter,C#,2019,developer tools,developer tools,developer tools
GITHUB,driver,Rust,2019,embedded,embedded,embedded
GITHUB,android,Kotlin,2019,mobile,mobile,mobile
GITHUB,airtable,TypeScript,2019,developer tools,developer tools,developer tools
GITHUB,ai,Python,2019,data_ai,data_ai,data_ai
GITHUB,browser,TypeScript,2019,web frontend,web frontend,web frontend
GITHUB,cargo-guppy,Rust,2019,developer tools,developer tools,developer tools
GITHUB,android,Kotlin,2019,mobile,mobile,mobile
GITHUB,dotnet-core,C#,2019,web backend,web backend,web backend
GITHUB,adversary-simulation,C#,2019,security,security,security
GITHUB,cryptography,Rust,2019,security,security,security
GITHUB,anchor-free,C++,2019,data_ai,data_ai,data_ai
GITHUB,android,Kotlin,2019,mobile,mobile,mobile
GITHUB,cross-platform-soundboard,C++,2019,other,other,other
GITHUB,okhttp,Kotlin,2019,mobile,mobile,mobile
GITHUB,android,Kotlin,2019,mobile,mobile,mobile
GITHUB,ekf-mono-slam,C++,2019,embedded,embedded,embedded
GITHUB,components,JavaScript,2019,web frontend,web frontend,web frontend
GITHUB,dpdk,Rust,2019,developer tools,developer tools,developer tools
GITHUB,android,Kotlin,2019,mobile,mobile,mobile
GITHUB,kubernetes,Rust,2019,devops_cloud,devops_cloud,devops_cloud
GITHUB,compiler,C++,2019,developer tools,developer tools,developer tools
GITHUB,android,Kotlin,2019,mobile,mobile,mobile
GITHUB,android,Kotlin,2019,mobile,mobile,mobile
GITHUB,android,C++,2019,mobile,mobile,mobile
GITHUB,android,Kotlin,2019,mobile,mobile,mobile
GITHUB,github-sync,TypeScript,2019,devops_cloud,devops_cloud,devops_cloud
GITHUB,multithreading,C++,2019,developer tools,developer tools,developer tools
GITHUB,operating-systems-learning,Rust,2019,other,other,other
GITHUB,android,Kotlin,2019,mobile,mobile,mobile
GITHUB,amd64,Python,2019,other,other,other
GITHUB,community,TypeScript,2019,other,other,other
GITHUB,ddd,TypeScript,2019,enterprise,enterprise,enterprise
GITHUB,animation,TypeScript,2019,web frontend,web frontend,web frontend
GITHUB,data-visualization,TypeScript,2019,data_ai,data_ai,data_ai
GITHUB,android,TypeScript,2019,mobile,mobile,mobile
GITHUB,benchmark,C++,2019,developer tools,developer tools,developer tools
GITHUB,enso,Rust,2019,developer tools,developer tools,developer tools
GITHUB,gui,C++,2019,other,other,other
GITHUB,aspnet,C#,2019,web backend,web backend,web backend
GITHUB,actix,Rust,2019,web backend,web backend,web backend
GITHUB,linux,Rust,2019,other,other,other
GITHUB,maryam,Python,2019,security,security,security
GITHUB,2kb,TypeScript,2019,developer tools,developer tools,developer tools
GITHUB,ruby,Rust,2019,developer tools,developer tools,developer tools
GITHUB,contributions-welcome,TypeScript,2019,other,other,other
GITHUB,artifact,C++,2019,developer tools,developer tools,developer tools
GITHUB,react,TypeScript,2019,web frontend,web frontend,web frontend
GITHUB,deep-neural-networks,Python,2019,data_ai,data_ai,data_ai
GITHUB,cpp,C++,2019,other,other,other
GITHUB,aspnetcore,C#,2019,web backend,web backend,web backend
GITHUB,b-tree,C++,2019,developer tools,developer tools,developer tools
GITHUB,admin,TypeScript,2019,web frontend,web frontend,web frontend
GITHUB,csharp,C#,2019,other,other,other
GITHUB,architecture,C#,2019,enterprise,enterprise,enterprise
GITHUB,aspnet,C#,2019,web backend,web backend,web backend
GITHUB,deno,TypeScript,2019,web backend,web backend,web backend
GITHUB,anti,C++,2019,security,security,security
GITHUB,cplusplus,C++,2019,other,other,other
GITHUB,bar-chart-race,JavaScript,2019,web frontend,web frontend,web frontend
GITHUB,animation,JavaScript,2019,web frontend,web frontend,web frontend
GITHUB,breakpoint,TypeScript,2019,developer tools,developer tools,developer tools
GITHUB,dotnet,C#,2019,other,other,other
GITHUB,emulator,Rust,2019,game,game,game
GITHUB,live2d,C#,2019,game,game,game
GITHUB,aaai2020,C++,2019,data_ai,data_ai,data_ai
GITHUB,boxes,Python,2019,other,other,other
GITHUB,fiddler-web-debugger,C#,2019,developer tools,developer tools,developer tools
GITHUB,cross-platform,C#,2019,other,other,other
GITHUB,preview-themes,TypeScript,2019,developer tools,developer tools,developer tools
GITHUB,hacktoberfest,Rust,2019,other,other,other
GITHUB,api,TypeScript,2019,web backend,web backend,web backend
GITHUB,git,TypeScript,2019,developer tools,developer tools,developer tools
GITHUB,controller,C++,2019,embedded,embedded,embedded
GITHUB,gossip-protocol,Rust,2019,devops_cloud,devops_cloud,devops_cloud
GITHUB,busybox,Rust,2019,embedded,embedded,embedded
GITHUB,musescore,TypeScript,2019,web frontend,web frontend,web frontend
GITHUB,api-hooking,C++,2019,security,security,security
GITHUB,async,Rust,2019,developer tools,developer tools,developer tools
GITHUB,compression,Rust,2019,developer tools,developer tools,developer tools
GITHUB,api,Python,2019,web backend,web backend,web backend
GITHUB,ast,JavaScript,2019,developer tools,developer tools,developer tools
GITHUB,graph-computing,C++,2019,data_ai,data_ai,data_ai
GITHUB,censorship-circumvention,Python,2019,security,security,security
GITHUB,emulator,Rust,2019,game,game,game
GITHUB,aws,Python,2019,devops_cloud,devops_cloud,devops_cloud
GITHUB,blazor,C#,2019,web frontend,web frontend,web frontend
GITHUB,android-style,TypeScript,2019,mobile,mobile,mobile
GITHUB,intel-bluetooth,C++,2019,embedded,embedded,embedded
GITHUB,filesystem,Rust,2019,developer tools,developer tools,developer tools
GITHUB,chain,JavaScript,2019,blockchain,blockchain,blockchain
GITHUB,procedural-algorithms,C#,2019,other,other,other
GITHUB,microkernel,Rust,2019,embedded,embedded,embedded
GITHUB,gui,C#,2019,other,other,other
GITHUB,css,TypeScript,2019,web frontend,web frontend,web frontend
GITHUB,jamstack,Rust,2019,web frontend,web frontend,web frontend
GITHUB,hotupdate,C++,2019,game,game,game
GITHUB,design-system,TypeScript,2019,web frontend,web frontend,web frontend
GITHUB,cookie,JavaScript,2019,web frontend,web frontend,web frontend
GITHUB,dialogue-systems,C#,2019,data_ai,data_ai,data_ai
GITHUB,animation,TypeScript,2019,web frontend,web frontend,web frontend
GITHUB,backend,C#,2019,web backend,web backend,web backend
GITHUB,ansii,Python,2019,developer tools,developer tools,developer tools
GITHUB,async,Rust,2019,developer tools,developer tools,developer tools
GITHUB,editor,TypeScript,2019,developer tools,developer tools,developer tools
GITHUB,actor-model,Rust,2019,developer tools,developer tools,developer tools
GITHUB,knowledge-distillation,Python,2019,data_ai,data_ai,data_ai
GITHUB,apm,C#,2019,devops_cloud,devops_cloud,devops_cloud
GITHUB,candlestick,Python,2019,data_ai,data_ai,data_ai
GITHUB,2vec,Python,2019,data_ai,data_ai,data_ai
GITHUB,accelerate,C++,2019,data_ai,data_ai,data_ai
GITHUB,classical-chinese,TypeScript,2019,other,other,other
GITHUB,chichat,Python,2019,other,other,other
GITHUB,procedural-meshes,C#,2019,game,game,game
GITHUB,krustlet,Rust,2019,devops_cloud,devops_cloud,devops_cloud
GITHUB,java,Rust,2019,developer tools,developer tools,developer tools
GITHUB,3d-graphics,C++,2019,game,game,game
GITHUB,database,Rust,2019,web backend,web backend,web backend
GITHUB,codec,C++,2019,other,other,other
GITHUB,awesome,C#,2019,other,other,other
GITHUB,api,TypeScript,2019,web backend,web backend,web backend
GITHUB,android,JavaScript,2019,mobile,mobile,mobile
GITHUB,dongle,C++,2019,embedded,embedded,embedded
GITHUB,asr,C++,2019,data_ai,data_ai,data_ai
GITHUB,cpp,C++,2019,other,other,other
GITHUB,c,C++,2019,other,other,other
GITHUB,chrome,TypeScript,2019,web frontend,web frontend,web frontend
GITHUB,advanced,C#,2019,other,other,other
GITHUB,ai,Python,2019,data_ai,data_ai,data_ai
GITHUB,angular,TypeScript,2019,web frontend,web frontend,web frontend
GITHUB,airplay,Python,2019,iot,iot,iot
GITHUB,angular,TypeScript,2019,web frontend,web frontend,web frontend
GITHUB,addressables,C#,2019,game,game,game
GITHUB,bvh,C++,2019,game,game,game
GITHUB,algorithms,TypeScript,2019,other,other,other
GITHUB,darknet,C++,2019,data_ai,data_ai,data_ai
GITHUB,db,C#,2019,web backend,web backend,web backend
GITHUB,aria2c,C#,2020,developer tools,developer tools,developer tools
GITHUB,electron,TypeScript,2020,other,other,other
GITHUB,css,JavaScript,2020,web frontend,web frontend,web frontend
GITHUB,dotnet-core,C#,2020,web backend,web backend,web backend
GITHUB,nextjs,TypeScript,2020,web frontend,web frontend,web frontend
GITHUB,bios,Rust,2020,embedded,embedded,embedded
GITHUB,acceleration,Python,2020,other,other,other
GITHUB,capsule,JavaScript,2020,web frontend,web frontend,web frontend
GITHUB,data-science,Python,2020,data_ai,data_ai,data_ai
GITHUB,isobmff,Rust,2020,developer tools,developer tools,developer tools
GITHUB,celery,Rust,2020,web backend,web backend,web backend
GITHUB,artificial-intelligence,Python,2020,data_ai,data_ai,data_ai
GITHUB,daemon,TypeScript,2020,web backend,web backend,web backend
GITHUB,cli,C#,2020,developer tools,developer tools,developer tools
GITHUB,appsync,TypeScript,2020,web backend,web backend,web backend
GITHUB,2048,C#,2020,game,game,game
GITHUB,authentication,TypeScript,2020,security,security,security
GITHUB,cve-2016-0638,Python,2020,security,security,security
GITHUB,compiler,Rust,2020,developer tools,developer tools,developer tools
GITHUB,debugger,Rust,2020,developer tools,developer tools,developer tools
GITHUB,classification,Python,2020,data_ai,data_ai,data_ai
GITHUB,hacktoberfest,TypeScript,2020,web frontend,web frontend,web frontend
GITHUB,actor-model,Rust,2020,developer tools,developer tools,developer tools
GITHUB,adult,C#,2020,other,other,other
GITHUB,cpu,Rust,2020,embedded,embedded,embedded
GITHUB,pdf-viewer,TypeScript,2020,web frontend,web frontend,web frontend
GITHUB,clean-architecture,TypeScript,2020,web backend,web backend,web backend
GITHUB,atcoder,C++,2020,other,other,other
GITHUB,unity,C#,2020,game,game,game
GITHUB,3d,C++,2020,game,game,game
GITHUB,beginner,Rust,2020,other,other,other
GITHUB,ios,C++,2020,mobile,mobile,mobile
GITHUB,game-theory,C++,2020,game,game,game
GITHUB,automation,Python,2020,devops_cloud,devops_cloud,devops_cloud
GITHUB,cobaltstrike,C#,2020,security,security,security
GITHUB,actions,TypeScript,2020,devops_cloud,devops_cloud,devops_cloud
GITHUB,avalonia,C#,2020,other,other,other
GITHUB,ai,Python,2020,data_ai,data_ai,data_ai
GITHUB,finance,Rust,2020,other,other,other
GITHUB,clothbone,C#,2020,game,game,game
GITHUB,csharp,C#,2020,other,other,other
GITHUB,api,C#,2020,web backend,web backend,web backend
GITHUB,adversarial-learning,Python,2020,data_ai,data_ai,data_ai
GITHUB,angular,TypeScript,2020,web frontend,web frontend,web frontend
GITHUB,book,Rust,2020,other,other,other
GITHUB,bruteforce,C#,2020,security,security,security
GITHUB,interpreter,Rust,2020,developer tools,developer tools,developer tools
GITHUB,babel,TypeScript,2020,developer tools,developer tools,developer tools
GITHUB,formatter,Rust,2020,developer tools,developer tools,developer tools
GITHUB,amd,C++,2020,other,other,other
GITHUB,chinese,Python,2020,other,other,other
GITHUB,cli,Rust,2020,developer tools,developer tools,developer tools
GITHUB,react,TypeScript,2020,web frontend,web frontend,web frontend
GITHUB,global-illumination,C++,2020,game,game,game
GITHUB,awsome-rust,Rust,2020,other,other,other
GITHUB,bittorrent,Rust,2020,other,other,other
GITHUB,audio,TypeScript,2020,web frontend,web frontend,web frontend
GITHUB,ncnn,C++,2020,data_ai,data_ai,data_ai
GITHUB,inline,JavaScript,2020,web frontend,web frontend,web frontend
GITHUB,material,TypeScript,2020,web frontend,web frontend,web frontend
GITHUB,markdown,TypeScript,2020,developer tools,developer tools,developer tools
GITHUB,cannon-js,TypeScript,2020,game,game,game
GITHUB,chatbot,Rust,2020,data_ai,data_ai,data_ai
GITHUB,cli,Rust,2020,developer tools,developer tools,developer tools
GITHUB,coronavirus,Python,2020,data_ai,data_ai,data_ai
GITHUB,django,TypeScript,2020,web backend,web backend,web backend
GITHUB,animated,TypeScript,2020,web frontend,web frontend,web frontend
GITHUB,2d,C#,2020,game,game,game
GITHUB,aom,C#,2020,other,other,other
GITHUB,devops,TypeScript,2020,devops_cloud,devops_cloud,devops_cloud
GITHUB,cpp,C++,2020,other,other,other
GITHUB,discord,C#,2020,web backend,web backend,web backend
GITHUB,deep-learning,Python,2020,data_ai,data_ai,data_ai
GITHUB,2019-ncov,TypeScript,2020,web frontend,web frontend,web frontend
GITHUB,aax,C++,2020,developer tools,developer tools,developer tools
GITHUB,2019-ncov,JavaScript,2020,web frontend,web frontend,web frontend
GITHUB,deep-learning,Python,2020,data_ai,data_ai,data_ai
GITHUB,gantt,TypeScript,2020,web frontend,web frontend,web frontend
GITHUB,apic,Rust,2020,embedded,embedded,embedded
GITHUB,deep-learning,Python,2020,data_ai,data_ai,data_ai
GITHUB,autograd,C++,2020,data_ai,data_ai,data_ai
GITHUB,design-system,TypeScript,2020,web frontend,web frontend,web frontend
GITHUB,anime,C#,2020,other,other,other
GITHUB,corona,JavaScript,2020,web frontend,web frontend,web frontend
GITHUB,cubism,TypeScript,2020,web frontend,web frontend,web frontend
GITHUB,bert,Python,2020,data_ai,data_ai,data_ai
GITHUB,lit,TypeScript,2020,web frontend,web frontend,web frontend
GITHUB,chinese-tts,Python,2020,data_ai,data_ai,data_ai
GITHUB,async-io,Rust,2020,developer tools,developer tools,developer tools
GITHUB,covid-19,Python,2020,data_ai,data_ai,data_ai
GITHUB,chec,JavaScript,2020,web frontend,web frontend,web frontend
GITHUB,atomic-design,JavaScript,2020,web frontend,web frontend,web frontend
GITHUB,arduino,C++,2020,embedded,embedded,embedded
GITHUB,memory-augmentation,TypeScript,2020,data_ai,data_ai,data_ai
GITHUB,3d-reconstruction,C++,2020,data_ai,data_ai,data_ai
GITHUB,axelspringerai,Python,2020,data_ai,data_ai,data_ai
GITHUB,create-react-app,TypeScript,2020,web frontend,web frontend,web frontend
GITHUB,catalina,Rust,2020,other,other,other
GITHUB,animation,TypeScript,2020,web frontend,web frontend,web frontend
GITHUB,dwm,C++,2020,other,other,other
GITHUB,afm,Python,2020,data_ai,data_ai,data_ai
GITHUB,react,TypeScript,2020,web frontend,web frontend,web frontend
GITHUB,certbot,JavaScript,2020,security,security,security
GITHUB,graphics,C#,2020,game,game,game
GITHUB,control,C++,2020,embedded,embedded,embedded
GITHUB,compiler,C++,2020,developer tools,developer tools,developer tools
GITHUB,javascript,JavaScript,2020,web frontend,web frontend,web frontend
GITHUB,animations,TypeScript,2020,web frontend,web frontend,web frontend
GITHUB,dockerfile,Rust,2020,devops_cloud,devops_cloud,devops_cloud
GITHUB,computer-vision,C#,2020,data_ai,data_ai,data_ai
GITHUB,joint-detection-and-tracking,Python,2020,data_ai,data_ai,data_ai
GITHUB,2d,Rust,2020,game,game,game
GITHUB,algorithm,C++,2020,other,other,other
GITHUB,blur,C#,2020,other,other,other
GITHUB,cli,Rust,2020,developer tools,developer tools,developer tools
GITHUB,gui,C++,2020,other,other,other
GITHUB,javascript,Rust,2020,developer tools,developer tools,developer tools
GITHUB,computational-art,TypeScript,2020,other,other,other
GITHUB,il2cpp,C#,2020,game,game,game
GITHUB,3d,Python,2020,game,game,game
GITHUB,sharp,C#,2020,other,other,other
GITHUB,golang,TypeScript,2020,developer tools,developer tools,developer tools
GITHUB,flowchart,TypeScript,2020,web frontend,web frontend,web frontend
GITHUB,open-data-structures,Rust,2020,developer tools,developer tools,developer tools
GITHUB,fat32,Rust,2020,embedded,embedded,embedded
GITHUB,emulator,Rust,2020,game,game,game
GITHUB,fonts,TypeScript,2020,web frontend,web frontend,web frontend
GITHUB,code,C++,2020,other,other,other
GITHUB,3d-engine,C++,2020,game,game,game
GITHUB,actionscript,TypeScript,2020,web frontend,web frontend,web frontend
GITHUB,headless-cms,TypeScript,2020,web backend,web backend,web backend
GITHUB,animated-png,Rust,2020,other,other,other
GITHUB,danmaku,TypeScript,2020,web frontend,web frontend,web frontend
GITHUB,reolink,Rust,2020,iot,iot,iot
GITHUB,algorithms,C++,2020,other,other,other
GITHUB,filter,TypeScript,2020,web frontend,web frontend,web frontend
GITHUB,algorithms,Python,2020,other,other,other
GITHUB,avatar-generator,Python,2020,web backend,web backend,web backend
GITHUB,bypass,C#,2020,security,security,security
GITHUB,game,TypeScript,2020,game,game,game
GITHUB,custom-hook,JavaScript,2020,web frontend,web frontend,web frontend
GITHUB,assertion-library,Rust,2020,testing_qa,testing_qa,testing_qa
GITHUB,gazebo,C++,2020,iot,iot,iot
GITHUB,deep-learning,Python,2020,data_ai,data_ai,data_ai
GITHUB,gameframework,C#,2020,game,game,game
GITHUB,cplusplus,C++,2020,other,other,other
GITHUB,android,Python,2020,mobile,mobile,mobile
GITHUB,darknet2onnx,Python,2020,data_ai,data_ai,data_ai
GITHUB,api,Python,2020,web backend,web backend,web backend
GITHUB,client,Rust,2020,other,other,other
GITHUB,graphics,C#,2020,game,game,game
GITHUB,relay-server,Rust,2020,web backend,web backend,web backend
GITHUB,analysis,TypeScript,2020,data_ai,data_ai,data_ai
GITHUB,composition-api,TypeScript,2020,web frontend,web frontend,web frontend
GITHUB,dark-theme,C#,2020,other,other,other
GITHUB,codeberg,JavaScript,2020,web frontend,web frontend,web frontend
GITHUB,automated-market-maker,TypeScript,2020,blockchain,blockchain,blockchain
GITHUB,aloam,C++,2020,data_ai,data_ai,data_ai
GITHUB,algorithm,C++,2020,other,other,other
GITHUB,analyzer,C#,2020,developer tools,developer tools,developer tools
GITHUB,facebook-stories,TypeScript,2020,web frontend,web frontend,web frontend
GITHUB,advanced-locomotion-system,C++,2020,game,game,game
GITHUB,android,TypeScript,2020,mobile,mobile,mobile
GITHUB,bugbounty,Python,2020,security,security,security
GITHUB,game,Rust,2020,game,game,game
GITHUB,crypto,C++,2020,blockchain,blockchain,blockchain
GITHUB,gazebo,C++,2020,embedded,embedded,embedded
GITHUB,blog,C++,2020,other,other,other
GITHUB,fiber,TypeScript,2020,web frontend,web frontend,web frontend
GITHUB,enumeration,Python,2020,security,security,security
GITHUB,account,C#,2020,enterprise,enterprise,enterprise
GITHUB,compile-time-garbage-collection,Rust,2020,developer tools,developer tools,developer tools
GITHUB,advanced,Python,2020,other,other,other
GITHUB,technical-analysis,Python,2020,data_ai,data_ai,data_ai
GITHUB,data-analysis,Python,2020,data_ai,data_ai,data_ai
GITHUB,faust,Rust,2020,other,other,other
GITHUB,badpotato,C#,2020,security,security,security
GITHUB,unpacker,C++,2020,security,security,security
GITHUB,cli,Rust,2020,developer tools,developer tools,developer tools
GITHUB,crypto,Rust,2020,security,security,security
GITHUB,decal,C#,2020,game,game,game
GITHUB,dnd,TypeScript,2020,web frontend,web frontend,web frontend
GITHUB,io-uring,Rust,2020,developer tools,developer tools,developer tools
GITHUB,clean-architecture,TypeScript,2020,web backend,web backend,web backend
GITHUB,computer-algebra,TypeScript,2020,developer tools,developer tools,developer tools
GITHUB,database,TypeScript,2020,web backend,web backend,web backend
GITHUB,daemon,Rust,2020,devops_cloud,devops_cloud,devops_cloud
GITHUB,asp-net-core,C#,2020,web backend,web backend,web backend
GITHUB,energy-kites,C++,2020,embedded,embedded,embedded
GITHUB,deep-learning,Python,2020,data_ai,data_ai,data_ai
GITHUB,calculator,Rust,2020,other,other,other
GITHUB,airflow,TypeScript,2020,data_ai,data_ai,data_ai
GITHUB,compiler,TypeScript,2020,developer tools,developer tools,developer tools
GITHUB,automation,Rust,2020,developer tools,developer tools,developer tools
GITHUB,autonomous-driving,Python,2020,data_ai,data_ai,data_ai
GITHUB,celo,Rust,2020,blockchain,blockchain,blockchain
GITHUB,colorpicker,JavaScript,2020,web frontend,web frontend,web frontend
GITHUB,icons,JavaScript,2020,web frontend,web frontend,web frontend
GITHUB,deauther,Rust,2020,security,security,security
GITHUB,artificial-intelligence,JavaScript,2020,data_ai,data_ai,data_ai
GITHUB,faces,Python,2020,data_ai,data_ai,data_ai
GITHUB,appindicator,C++,2020,other,other,other
GITHUB,datadog,Rust,2020,devops_cloud,devops_cloud,devops_cloud
GITHUB,asp-net-core,C#,2020,web backend,web backend,web backend
GITHUB,auto-complete,C#,2020,developer tools,developer tools,developer tools
GITHUB,android,TypeScript,2020,mobile,mobile,mobile
GITHUB,browser,C++,2020,web frontend,web frontend,web frontend
GITHUB,lmdb,Rust,2020,developer tools,developer tools,developer tools
GITHUB,debloat,C#,2020,other,other,other
GITHUB,golang,TypeScript,2020,developer tools,developer tools,developer tools
GITHUB,awk,Rust,2020,developer tools,developer tools,developer tools
GITHUB,4max,C++,2020,other,other,other
GITHUB,animation,TypeScript,2020,web frontend,web frontend,web frontend
GITHUB,rust,Rust,2020,other,other,other
GITHUB,cli,Python,2020,developer tools,developer tools,developer tools
GITHUB,learn-rust,Rust,2020,other,other,other
GITHUB,google-translator,Python,2020,data_ai,data_ai,data_ai
GITHUB,access-control,C#,2020,security,security,security
GITHUB,book,Rust,2020,other,other,other
GITHUB,fcitx,Python,2020,other,other,other
GITHUB,bert,Python,2020,data_ai,data_ai,data_ai
GITHUB,redteam,C#,2020,security,security,security
GITHUB,graph-algorithms,C++,2020,data_ai,data_ai,data_ai
GITHUB,component-library,TypeScript,2020,web frontend,web frontend,web frontend
GITHUB,aec,C#,2020,enterprise,enterprise,enterprise
GITHUB,artificial-intelligence,Python,2020,data_ai,data_ai,data_ai
GITHUB,anytime-dstar,Python,2020,data_ai,data_ai,data_ai
GITHUB,ar,C#,2020,game,game,game
GITHUB,admin-dashboard,JavaScript,2020,web frontend,web frontend,web frontend
GITHUB,airplane-mode,C#,2020,mobile,mobile,mobile
GITHUB,asp-net-core,C#,2020,web backend,web backend,web backend
GITHUB,quadremesh,C++,2020,other,other,other
GITHUB,active-directory,C#,2020,security,security,security
GITHUB,memory,Rust,2020,developer tools,developer tools,developer tools
GITHUB,biggan,Python,2020,data_ai,data_ai,data_ai
GITHUB,competitive-programming,C++,2020,other,other,other
GITHUB,aws,TypeScript,2020,devops_cloud,devops_cloud,devops_cloud
GITHUB,mini-vue,TypeScript,2020,web frontend,web frontend,web frontend
GITHUB,base16,Rust,2020,developer tools,developer tools,developer tools
GITHUB,asp-net-core,C#,2020,web backend,web backend,web backend
GITHUB,android,C++,2020,mobile,mobile,mobile
GITHUB,angular,JavaScript,2020,web frontend,web frontend,web frontend
GITHUB,chatbot,TypeScript,2020,data_ai,data_ai,data_ai
GITHUB,algorithms,C++,2020,other,other,other
GITHUB,addon,Rust,2020,other,other,other
GITHUB,compiler,Rust,2020,developer tools,developer tools,developer tools
GITHUB,architecture,TypeScript,2020,web frontend,web frontend,web frontend
GITHUB,greetd,Rust,2020,other,other,other
GITHUB,kernel,Rust,2020,embedded,embedded,embedded
GITHUB,ai,C++,2020,data_ai,data_ai,data_ai
GITHUB,rust,Rust,2020,other,other,other
GITHUB,block-storage,C++,2020,devops_cloud,devops_cloud,devops_cloud
GITHUB,android,C#,2020,mobile,mobile,mobile
GITHUB,invoice,TypeScript,2020,web frontend,web frontend,web frontend
GITHUB,3d-engine,C++,2020,game,game,game
GITHUB,screenrecord,C#,2020,other,other,other
GITHUB,3d-reconstruction,C++,2020,data_ai,data_ai,data_ai
GITHUB,back-end,TypeScript,2020,web backend,web backend,web backend
GITHUB,android,C++,2020,mobile,mobile,mobile
GITHUB,chrome-extension,TypeScript,2020,web frontend,web frontend,web frontend
GITHUB,business-rules,C#,2020,enterprise,enterprise,enterprise
GITHUB,antivirus,C++,2020,security,security,security
GITHUB,cli,JavaScript,2020,developer tools,developer tools,developer tools
GITHUB,custom-wsl-distro,C#,2020,developer tools,developer tools,developer tools
GITHUB,earth-observation,Python,2020,data_ai,data_ai,data_ai
GITHUB,debugger,Rust,2020,developer tools,developer tools,developer tools
GITHUB,dropbox,Rust,2020,developer tools,developer tools,developer tools
GITHUB,mobile,C#,2020,mobile,mobile,mobile
GITHUB,amazon,C++,2020,devops_cloud,devops_cloud,devops_cloud
GITHUB,dotnet,C#,2020,other,other,other
GITHUB,context-api,JavaScript,2020,web frontend,web frontend,web frontend
GITHUB,aws,JavaScript,2020,devops_cloud,devops_cloud,devops_cloud
GITHUB,slam-algorithms,C++,2020,data_ai,data_ai,data_ai
GITHUB,react,TypeScript,2020,web frontend,web frontend,web frontend
GITHUB,music,C#,2020,other,other,other
GITHUB,grammar,Rust,2020,developer tools,developer tools,developer tools
GITHUB,guitar,TypeScript,2020,web frontend,web frontend,web frontend
GITHUB,ai,C++,2020,data_ai,data_ai,data_ai
GITHUB,mini-monitor,TypeScript,2020,developer tools,developer tools,developer tools
GITHUB,api-client,TypeScript,2020,web frontend,web frontend,web frontend
GITHUB,i3wm,C++,2020,developer tools,developer tools,developer tools
GITHUB,c-sharp,C#,2020,other,other,other
GITHUB,a11y,TypeScript,2020,web frontend,web frontend,web frontend
GITHUB,algorithms-and-data-structures,C++,2020,other,other,other
GITHUB,literate-programming,TypeScript,2020,developer tools,developer tools,developer tools
GITHUB,cloudbase,TypeScript,2020,devops_cloud,devops_cloud,devops_cloud
GITHUB,element-ui,JavaScript,2020,web frontend,web frontend,web frontend
GITHUB,grass,C#,2020,game,game,game
GITHUB,c,Rust,2020,other,other,other
GITHUB,fill,TypeScript,2020,other,other,other
GITHUB,shader,C#,2020,game,game,game
GITHUB,markdown,JavaScript,2020,developer tools,developer tools,developer tools
GITHUB,dapper,C#,2020,web backend,web backend,web backend
GITHUB,408,C++,2020,other,other,other
GITHUB,ethereum,Rust,2020,blockchain,blockchain,blockchain
GITHUB,avalonia,C#,2020,other,other,other
GITHUB,face-recognition,C#,2020,data_ai,data_ai,data_ai
GITHUB,analytics,Rust,2020,data_ai,data_ai,data_ai
GITHUB,coolq,TypeScript,2020,developer tools,developer tools,developer tools
GITHUB,emcascript,TypeScript,2020,web frontend,web frontend,web frontend
GITHUB,hackernews,JavaScript,2020,web frontend,web frontend,web frontend
GITHUB,frontend,TypeScript,2020,web frontend,web frontend,web frontend
GITHUB,android,Rust,2020,mobile,mobile,mobile
GITHUB,3d,C++,2020,game,game,game
GITHUB,bepinex,C#,2020,game,game,game
GITHUB,gradual-upgrades,JavaScript,2020,developer tools,developer tools,developer tools
GITHUB,animegan,Python,2020,data_ai,data_ai,data_ai
GITHUB,fetch,Rust,2020,developer tools,developer tools,developer tools
GITHUB,data-generation,Rust,2020,data_ai,data_ai,data_ai
GITHUB,game,C#,2020,game,game,game
GITHUB,clean-architecture,C#,2020,enterprise,enterprise,enterprise
GITHUB,accessibility,TypeScript,2020,web frontend,web frontend,web frontend
GITHUB,ascii,Rust,2020,other,other,other
GITHUB,multiplexer,Rust,2020,embedded,embedded,embedded
GITHUB,cargo-runner,Rust,2020,developer tools,developer tools,developer tools
GITHUB,github-actions,JavaScript,2020,devops_cloud,devops_cloud,devops_cloud
GITHUB,devirtualization,C++,2020,security,security,security
GITHUB,eventsource,TypeScript,2020,web frontend,web frontend,web frontend
GITHUB,chat,Rust,2020,web backend,web backend,web backend
GITHUB,3d,TypeScript,2020,web frontend,web frontend,web frontend
GITHUB,clean-design,C#,2020,enterprise,enterprise,enterprise
GITHUB,mooc,C#,2020,other,other,other
GITHUB,obsidian-md,TypeScript,2020,other,other,other
GITHUB,bot,JavaScript,2020,other,other,other
GITHUB,book,Rust,2020,other,other,other
GITHUB,active-directory-exploitation,C#,2020,security,security,security
GITHUB,vroid,C#,2020,game,game,game
GITHUB,backups,Rust,2020,devops_cloud,devops_cloud,devops_cloud
GITHUB,research,Python,2020,data_ai,data_ai,data_ai
GITHUB,docker,Python,2020,devops_cloud,devops_cloud,devops_cloud
GITHUB,afl,Rust,2020,testing_qa,testing_qa,testing_qa
GITHUB,compression,TypeScript,2020,developer tools,developer tools,developer tools
GITHUB,multi-object-tracking,Python,2020,data_ai,data_ai,data_ai
GITHUB,add-flashcards,Python,2020,other,other,other
GITHUB,aws,TypeScript,2020,devops_cloud,devops_cloud,devops_cloud
GITHUB,blit,C#,2020,game,game,game
GITHUB,minecraft,JavaScript,2020,game,game,game
GITHUB,machine-learning,Python,2020,data_ai,data_ai,data_ai
GITHUB,cli,Rust,2020,developer tools,developer tools,developer tools
GITHUB,animation,C#,2020,game,game,game
GITHUB,default-shortcuts,TypeScript,2020,developer tools,developer tools,developer tools
GITHUB,audio-processing,C++,2020,other,other,other
GITHUB,cli,Rust,2020,developer tools,developer tools,developer tools
GITHUB,3d-graphics,Rust,2020,game,game,game
GITHUB,3d,TypeScript,2020,web frontend,web frontend,web frontend
GITHUB,awesome-lists,Rust,2020,other,other,other
GITHUB,research,Python,2020,other,other,other
GITHUB,anichart,TypeScript,2020,web frontend,web frontend,web frontend
GITHUB,cpp,C++,2020,other,other,other
GITHUB,cplusplus,C++,2020,other,other,other
GITHUB,api,TypeScript,2020,web backend,web backend,web backend
GITHUB,cli,Rust,2020,developer tools,developer tools,developer tools
GITHUB,development,JavaScript,2020,developer tools,developer tools,developer tools
GITHUB,charmve,Python,2020,other,other,other
GITHUB,cybersecurity,Python,2020,security,security,security
GITHUB,actix,Rust,2020,web backend,web backend,web backend
GITHUB,artificial-intelligence,Python,2020,data_ai,data_ai,data_ai
GITHUB,cmake,C++,2020,developer tools,developer tools,developer tools
GITHUB,cgi,Rust,2020,web backend,web backend,web backend
GITHUB,hooks,JavaScript,2020,web frontend,web frontend,web frontend
GITHUB,automl,Python,2020,data_ai,data_ai,data_ai
GITHUB,deep-learning,Python,2020,data_ai,data_ai,data_ai
GITHUB,atk,Rust,2020,developer tools,developer tools,developer tools
GITHUB,china,Rust,2020,other,other,other
GITHUB,faka,Python,2020,other,other,other
GITHUB,anchor-free,Python,2020,data_ai,data_ai,data_ai
GITHUB,cargo,Rust,2020,developer tools,developer tools,developer tools
GITHUB,dynamic-sky-replacement,Python,2020,data_ai,data_ai,data_ai
GITHUB,cargo-registry,Rust,2020,developer tools,developer tools,developer tools
GITHUB,keyboard,Rust,2020,embedded,embedded,embedded
GITHUB,downloader,Python,2020,other,other,other
GITHUB,3d-graph,Python,2020,data_ai,data_ai,data_ai
GITHUB,3d-graphics,Rust,2020,game,game,game
GITHUB,best-practices,Python,2020,other,other,other
GITHUB,arbitrage,Rust,2020,blockchain,blockchain,blockchain
GITHUB,deep-learning,Python,2020,data_ai,data_ai,data_ai
GITHUB,audio,Rust,2020,other,other,other
GITHUB,esp32,Rust,2020,embedded,embedded,embedded
GITHUB,distributed-file-system,Rust,2020,devops_cloud,devops_cloud,devops_cloud
GITHUB,ip,Python,2020,other,other,other
GITHUB,bot,Rust,2020,other,other,other
GITHUB,database,Rust,2020,developer tools,developer tools,developer tools
GITHUB,fuzzer,Rust,2020,testing_qa,testing_qa,testing_qa
GITHUB,calendars,Rust,2020,other,other,other
GITHUB,cgroup,Rust,2020,devops_cloud,devops_cloud,devops_cloud
GITHUB,rust,Rust,2020,other,other,other
GITHUB,javascript,Rust,2021,developer tools,developer tools,developer tools
GITHUB,gtk,Rust,2021,other,other,other
GITHUB,blockchain,Rust,2021,blockchain,blockchain,blockchain
GITHUB,adam-softmax,Python,2021,data_ai,data_ai,data_ai
GITHUB,cli,Rust,2021,developer tools,developer tools,developer tools
GITHUB,computer-science,Rust,2021,other,other,other
GITHUB,artificial-intelligence,Python,2021,data_ai,data_ai,data_ai
GITHUB,3d,Python,2021,game,game,game
GITHUB,benchmark,Rust,2021,developer tools,developer tools,developer tools
GITHUB,ai,Rust,2021,data_ai,data_ai,data_ai
GITHUB,12306,Python,2021,other,other,other
GITHUB,blind-watermark,Python,2021,data_ai,data_ai,data_ai
GITHUB,bytecode,Rust,2021,developer tools,developer tools,developer tools
GITHUB,c2,Rust,2021,security,security,security
GITHUB,clubhouse,JavaScript,2021,web frontend,web frontend,web frontend
GITHUB,assembler,Rust,2021,developer tools,developer tools,developer tools
GITHUB,babel,JavaScript,2021,developer tools,developer tools,developer tools
GITHUB,aria2,Python,2021,other,other,other
GITHUB,calculator,Rust,2021,other,other,other
GITHUB,autodifferentiation,Rust,2021,data_ai,data_ai,data_ai
GITHUB,article,Rust,2021,other,other,other
GITHUB,actix-web,Rust,2021,web backend,web backend,web backend
GITHUB,algorithms,Python,2021,other,other,other
GITHUB,backbone,Python,2021,web frontend,web frontend,web frontend
GITHUB,playwright,Rust,2021,testing_qa,testing_qa,testing_qa
GITHUB,3d-reconstruction,Python,2021,data_ai,data_ai,data_ai
GITHUB,farm,Rust,2021,other,other,other
GITHUB,async,Rust,2021,developer tools,developer tools,developer tools
GITHUB,risc-v,Rust,2021,embedded,embedded,embedded
GITHUB,owo,Rust,2021,other,other,other
GITHUB,aerial-imagery,Python,2021,data_ai,data_ai,data_ai
GITHUB,cyber,Python,2021,security,security,security
GITHUB,database,Rust,2021,developer tools,developer tools,developer tools
GITHUB,aws,Rust,2021,devops_cloud,devops_cloud,devops_cloud
GITHUB,game-dev,Rust,2021,game,game,game
GITHUB,ade20k,Python,2021,data_ai,data_ai,data_ai
GITHUB,animation,JavaScript,2021,web frontend,web frontend,web frontend
GITHUB,vite,JavaScript,2021,web frontend,web frontend,web frontend
GITHUB,abcnet,Python,2021,data_ai,data_ai,data_ai
GITHUB,darknet,Python,2021,data_ai,data_ai,data_ai
GITHUB,electron,Rust,2021,other,other,other
GITHUB,diffusion-models,Python,2021,data_ai,data_ai,data_ai
GITHUB,algorithm,Rust,2021,other,other,other
GITHUB,core,Rust,2021,other,other,other
GITHUB,automl,Rust,2021,data_ai,data_ai,data_ai
GITHUB,arcface,Python,2021,data_ai,data_ai,data_ai
GITHUB,aggregation,Rust,2021,other,other,other
GITHUB,bugbounty,Rust,2021,security,security,security
GITHUB,rust,Rust,2021,other,other,other
GITHUB,browser,Rust,2021,other,other,other
GITHUB,hacktoberfest,JavaScript,2021,other,other,other
GITHUB,fast,Rust,2021,other,other,other
GITHUB,algorithm,Rust,2021,other,other,other
GITHUB,operating-system,Rust,2021,other,other,other
GITHUB,machine-learning,Python,2021,data_ai,data_ai,data_ai
GITHUB,bert,Python,2021,data_ai,data_ai,data_ai
GITHUB,cybersecurity,Python,2021,security,security,security
GITHUB,ctf,Rust,2021,security,security,security
GITHUB,reverse-engineering,Rust,2021,security,security,security
GITHUB,audio,JavaScript,2021,web frontend,web frontend,web frontend
GITHUB,game-networking,Rust,2021,game,game,game
GITHUB,ai-music,Python,2021,data_ai,data_ai,data_ai
GITHUB,easy-to-use,Rust,2021,other,other,other
GITHUB,rust,Rust,2021,other,other,other
GITHUB,deepfacelab,Python,2021,data_ai,data_ai,data_ai
GITHUB,macos,Rust,2021,other,other,other
GITHUB,ade20k,Python,2021,data_ai,data_ai,data_ai
GITHUB,algorithms,Rust,2021,other,other,other
GITHUB,database,Rust,2021,developer tools,developer tools,developer tools
GITHUB,algorithm,JavaScript,2021,other,other,other
GITHUB,hacktoberfest,JavaScript,2021,other,other,other
GITHUB,mootdx,Python,2021,data_ai,data_ai,data_ai
GITHUB,bash,Rust,2021,developer tools,developer tools,developer tools
GITHUB,curso,JavaScript,2021,other,other,other
GITHUB,computer-vision,Python,2021,data_ai,data_ai,data_ai
GITHUB,networking,Rust,2021,developer tools,developer tools,developer tools
GITHUB,eleventy,JavaScript,2021,web frontend,web frontend,web frontend
GITHUB,cache,Rust,2021,developer tools,developer tools,developer tools
GITHUB,egui,Rust,2021,other,other,other
GITHUB,ddpm,Python,2021,data_ai,data_ai,data_ai
GITHUB,anomaly-detection,Python,2021,data_ai,data_ai,data_ai
GITHUB,backtrader,Python,2021,data_ai,data_ai,data_ai
GITHUB,alerting,Python,2021,devops_cloud,devops_cloud,devops_cloud
GITHUB,anime,Rust,2021,other,other,other
GITHUB,code-generation,Python,2021,developer tools,developer tools,developer tools
GITHUB,computer-vision,Rust,2021,data_ai,data_ai,data_ai
GITHUB,cli,Rust,2021,developer tools,developer tools,developer tools
GITHUB,cli,Rust,2021,developer tools,developer tools,developer tools
GITHUB,onnx,Rust,2021,data_ai,data_ai,data_ai
GITHUB,blockchain,Rust,2021,blockchain,blockchain,blockchain
GITHUB,qr,Rust,2021,developer tools,developer tools,developer tools
GITHUB,mitm,Rust,2021,security,security,security
GITHUB,backend,Rust,2021,web backend,web backend,web backend
GITHUB,async,Rust,2021,developer tools,developer tools,developer tools
GITHUB,databend,Rust,2021,data_ai,data_ai,data_ai
GITHUB,clap,Rust,2021,developer tools,developer tools,developer tools
GITHUB,dinvoke,Rust,2021,security,security,security
GITHUB,clustering,Rust,2021,data_ai,data_ai,data_ai
GITHUB,benchmarking,Python,2021,testing_qa,testing_qa,testing_qa
GITHUB,no-std,Rust,2021,embedded,embedded,embedded
GITHUB,adb,Rust,2021,mobile,mobile,mobile
GITHUB,team-core,JavaScript,2021,web frontend,web frontend,web frontend
GITHUB,antivirus,Rust,2021,security,security,security
GITHUB,autodiff,Rust,2021,data_ai,data_ai,data_ai
GITHUB,data-science,Python,2021,data_ai,data_ai,data_ai
GITHUB,natural-language-processing,Python,2021,data_ai,data_ai,data_ai
GITHUB,ast,Rust,2021,developer tools,developer tools,developer tools
GITHUB,ade20k,Python,2021,data_ai,data_ai,data_ai
GITHUB,bot,Rust,2021,other,other,other
GITHUB,charts,Rust,2021,developer tools,developer tools,developer tools
GITHUB,apple-silicon,Python,2021,developer tools,developer tools,developer tools
GITHUB,component-based,Rust,2021,web frontend,web frontend,web frontend
GITHUB,jmap,Rust,2021,web backend,web backend,web backend
GITHUB,database,Rust,2021,developer tools,developer tools,developer tools
GITHUB,api,Rust,2021,web backend,web backend,web backend
GITHUB,content-management,Rust,2021,web backend,web backend,web backend
GITHUB,containers,Rust,2021,devops_cloud,devops_cloud,devops_cloud
GITHUB,mlnlp,Python,2021,data_ai,data_ai,data_ai
GITHUB,deep-learning,Python,2021,data_ai,data_ai,data_ai
GITHUB,deep-learning,Python,2021,data_ai,data_ai,data_ai
GITHUB,cve,Python,2021,security,security,security
GITHUB,algo,Rust,2021,other,other,other
GITHUB,ebook,Rust,2021,other,other,other
GITHUB,ebpf,Rust,2021,devops_cloud,devops_cloud,devops_cloud
GITHUB,gpt-3,JavaScript,2021,data_ai,data_ai,data_ai
GITHUB,cve-2021-4104,Python,2021,security,security,security
GITHUB,blockchain,Rust,2021,blockchain,blockchain,blockchain
GITHUB,live-coding,JavaScript,2021,developer tools,developer tools,developer tools
GITHUB,cve,Rust,2021,security,security,security
GITHUB,computer-vision,Python,2021,data_ai,data_ai,data_ai
GITHUB,filesearch,Rust,2021,developer tools,developer tools,developer tools
GITHUB,git,Rust,2021,developer tools,developer tools,developer tools
GITHUB,hacktoberfest,Rust,2022,other,other,other
GITHUB,forward-warp,Python,2022,data_ai,data_ai,data_ai
GITHUB,d-nerf,Python,2022,data_ai,data_ai,data_ai
GITHUB,design,Rust,2022,other,other,other
GITHUB,attack,Rust,2022,security,security,security
GITHUB,bootstrap,Rust,2022,web frontend,web frontend,web frontend
GITHUB,javascript,JavaScript,2022,web frontend,web frontend,web frontend
GITHUB,3blue1brown,Python,2022,other,other,other
GITHUB,ai,Rust,2022,data_ai,data_ai,data_ai
GITHUB,autocomplete,Rust,2022,developer tools,developer tools,developer tools
GITHUB,ai,Python,2022,data_ai,data_ai,data_ai
GITHUB,compiler,Rust,2022,developer tools,developer tools,developer tools
GITHUB,detection,Python,2022,data_ai,data_ai,data_ai
GITHUB,homomorphic-encryption,Rust,2022,security,security,security
GITHUB,bash,Rust,2022,developer tools,developer tools,developer tools
GITHUB,magazine,Rust,2022,other,other,other
GITHUB,cli,Rust,2022,developer tools,developer tools,developer tools
GITHUB,remote-control,Rust,2022,iot,iot,iot
GITHUB,cybersecurity,Rust,2022,security,security,security
GITHUB,blueteam,JavaScript,2022,security,security,security
GITHUB,arp,Rust,2022,security,security,security
GITHUB,autonomous-driving,Python,2022,data_ai,data_ai,data_ai
GITHUB,database,Rust,2022,developer tools,developer tools,developer tools
GITHUB,bert,Python,2022,data_ai,data_ai,data_ai
GITHUB,fastapi,Python,2022,web backend,web backend,web backend
GITHUB,crack,Python,2022,security,security,security
GITHUB,ddpm,Python,2022,data_ai,data_ai,data_ai
GITHUB,3d-perception,Python,2022,data_ai,data_ai,data_ai
GITHUB,fluent,Python,2022,devops_cloud,devops_cloud,devops_cloud
GITHUB,clip-guided-diffusion,Python,2022,data_ai,data_ai,data_ai
GITHUB,computer-vision,Python,2022,data_ai,data_ai,data_ai
GITHUB,artificial-intelligence,Python,2022,data_ai,data_ai,data_ai
GITHUB,ai,Python,2022,data_ai,data_ai,data_ai
GITHUB,app,JavaScript,2022,web frontend,web frontend,web frontend
GITHUB,nerf,Python,2022,data_ai,data_ai,data_ai
GITHUB,diffusion-models,Python,2022,data_ai,data_ai,data_ai
GITHUB,dialogue-generation,Python,2022,data_ai,data_ai,data_ai
GITHUB,gui,Python,2022,other,other,other
GITHUB,argument-parser,Python,2022,developer tools,developer tools,developer tools
GITHUB,change,Python,2022,other,other,other
GITHUB,ffmpeg,Python,2022,other,other,other
GITHUB,machine-learning,Python,2022,data_ai,data_ai,data_ai
GITHUB,animations,Python,2022,other,other,other
GITHUB,audit,JavaScript,2022,security,security,security
GITHUB,depthmap,Python,2022,data_ai,data_ai,data_ai
GITHUB,autoevaluation,Python,2022,testing_qa,testing_qa,testing_qa
GITHUB,go1,Python,2022,other,other,other
GITHUB,computer-vision,Python,2022,data_ai,data_ai,data_ai
GITHUB,chatbot,Python,2022,data_ai,data_ai,data_ai
GITHUB,ai,Python,2022,data_ai,data_ai,data_ai
GITHUB,damo-yolo,Python,2022,data_ai,data_ai,data_ai
GITHUB,browser-extension,JavaScript,2022,web frontend,web frontend,web frontend
GITHUB,database,JavaScript,2022,web backend,web backend,web backend
GITHUB,ai-bot,JavaScript,2022,data_ai,data_ai,data_ai
GITHUB,aws-waf-captcha,JavaScript,2023,security,security,security
GITHUB,ai,JavaScript,2023,data_ai,data_ai,data_ai
GITHUB,ai,JavaScript,2023,data_ai,data_ai,data_ai
GITHUB,automation,JavaScript,2024,developer tools,developer tools,developer tools
